residual_z_egt,residual_z_cht,residual_z_oil_pressure,residual_z_oil_temp,residual_z_vibration,residual_z_fuel_flow
-0.3881457809976971,-0.657579837754045,0.16444510033956844,0.271355804027229,-0.33711479971914393,-0.40139965357776936
0.34276892763670647,0.7061087904817408,0.22859642284912102,0.7010069897037875,-0.2922320364249188,0.4435868916143269
0.8630354756475811,-0.048324862778255005,-0.22644545785610373,-0.13311520095088122,0.7237489143181096,0.4279186205262989
-1.0091877832118572,0.6574949686661598,-0.5016662623423378,0.3186810420062329,-0.8454480744175568,-1.4001314050685263
0.058855884907904416,0.21367813566742946,0.08618461560285783,0.3020763991689953,0.37807777708222284,0.5501722202952608
-0.3516473644064236,-0.40759187732131374,-1.3923037292864011,1.0233484403534658,0.9110177379209571,-1.999128751940988
0.43150953224450056,0.36596763110055464,-0.2555882138945066,0.327749061151289,-1.3293202919973663,-0.7850691541597726
0.2029294457238263,0.12262370783340192,-0.14971461535927466,-0.4761657662613513,-0.3392151648866334,0.30086902926899506
0.6904502620627635,0.02201140414984076,-0.15150406516854542,0.06978432124673634,0.4035580758657871,0.09727342646093123
-0.47279453674305155,-0.9541043480418323,-0.001209414305529137,0.8158464315508721,0.5460444734614971,-0.9708179671383872
-0.22318081536125506,0.01779219806659148,-0.8376508208753385,-0.2650282495543807,0.09677862926029944,-1.325062652341064
0.16464768323797602,-0.06070564614611862,1.0075025368738666,1.5219539226410577,0.49618060981173245,0.6448782821410266
-0.46153101159898574,-0.20040824756937842,-0.16765140770744622,-0.8590215463513605,-0.011185120609336635,0.01366530009194694
0.6786779910039915,-0.45214612776653534,-0.2854449372456715,-0.7448488909616267,-0.12437390240647993,0.7489347583688594
0.4879639176194762,0.3284554942569123,0.560598272324351,-0.1999806022287284,-0.14323424412439023,-1.0800719770454639
-0.9967809473562043,0.6625871139390513,-0.08510812610026068,0.4322159618008733,0.013453098568953775,-0.15494670111312345
0.9651074113754766,-0.14792682017749345,0.4554809353573639,0.31770437968489407,0.7864116709655535,0.16926763902351433
-0.9203487116527871,-0.8059693965297572,1.0798831130926756,0.8483571131569766,-0.6511058381125742,-0.15522449653271467
0.30140186734545926,0.08576223399685506,0.6823916300237578,0.3580159094922069,-0.1680107177491111,0.5347666783304518
-1.065073248424119,0.9300358788571338,-0.06635062379455536,-1.3013043236089348,-1.4810414019095774,0.042093369931642026
-1.0767087598284484,-0.27155481221749717,-0.8632690556236787,0.14597366593231476,-0.9548668872027691,-1.3551292242320694
-0.34044948389647395,-0.11444798570080354,-0.2875757621170313,1.1031179579677075,-0.3396245668558674,-1.193031957291143
-0.8503988835723685,-0.212512196055339,-0.3641857638839154,1.3056868536854445,-0.5621925971109656,0.9879073793278486
0.004338016240528155,0.2748950170334021,0.273019489189073,0.1519332428166603,0.020591784336708847,-0.38194093932093287
0.14863586288985017,0.7405959505501546,0.148027880170459,0.1476613826915777,0.35946896759343755,0.05144598500869037
0.5022470959348229,-0.48645344619635444,0.6063677057971087,-1.2566130304738876,0.04556778059464217,0.5610947773109192
0.07057345210487896,-0.45167934778319446,0.2508734114144839,0.31740280406724497,-0.932078157676849,0.12662223322149566
-0.10448437603314296,-1.008097253475032,1.201770122357788,0.16679621729332192,-0.5531001441197327,0.252614051974654
0.6820368081183248,1.286542627351482,-0.26321326395403805,1.1608738388687134,0.8816967818607615,0.2419909587598798
-0.22790175863436543,0.7337235751243271,0.8158582022358442,-0.02336242674625341,0.5787796102650014,1.2806329907666734
0.8864541988830521,0.16382967069243665,-0.17457155350896517,-0.5653934145994323,-0.07401842911321667,-0.38587781334771926
0.3365217466194267,-0.09053713053647149,1.214711157528811,0.6802937249198198,-1.301043080570521,-0.31749155555520986
-0.5516884462273544,1.016099196046719,0.19802976020953855,0.7208099941372701,-0.2169417460714815,0.2313035375381273
-1.2736700142301924,0.13142988604739084,-0.9037456651248398,0.9453026072326955,-0.49349826684754744,-0.5147957099970344
0.07049139631218278,1.1130601082587832,-1.0533827410157406,0.25788727093855884,0.8765660799020762,-0.10624498273877121
-1.2600815749596836,0.2710334735348001,0.5140886893806895,0.45684970961415045,-0.9985648630741463,-1.8624633932728503
0.5489423123651118,-0.2113058425918764,-0.3092394839779195,0.4047490632310656,0.33095261537710685,0.46784083558047274
0.5987720600764358,-1.637344960724635,-0.7311508645565657,-1.437959579631082,-1.610358099943328,-0.4526772007787309
-0.2849742976476931,0.020528215804493943,-0.49972878263889187,0.16634523724124883,-0.4432205872491848,-1.5045999191094572
0.8351036838138199,-0.6438391282875122,0.030151776133445458,0.17123961584312164,-1.774671873124529,0.6504304662797651
-0.785339580736663,0.044667409229074924,1.1327811426261,-0.08206038560879002,0.15092183514099583,-0.9103415149401997
-0.10489465499662388,1.2517705496308642,0.2417831675043693,2.308381514353832,0.4580506643621241,1.5357055575973213
-2.4742884914160403,-1.4553937190769088,-0.20255524554597323,-1.6554910527817546,-0.41039253079709354,1.9135616684754326
-0.26298881559127474,0.5816947490325599,0.45385663454568836,-0.18740019550025028,-0.9087068905324608,0.10300928398800387
-0.4666567634493667,0.06409232689109773,0.1290297034109428,-0.7037626714943243,-0.4309126148835906,0.5587633949108165
0.6141821379447896,-0.9197970296120133,-1.8867296178928674,0.3056648723440106,-1.3125595187774985,1.4809537901670982
2.4771112106848197,0.6356048060704355,0.4256282400305342,-0.5943737247550104,-1.641963311857782,0.15494297686009254
-0.3912912530510509,0.48258584062005044,-0.8953069541503472,1.4433035549106144,-0.4726772031972079,1.1368072477854487
-0.16245952876607775,1.5054786050824136,-0.4255386164891546,-0.21562794998611912,-0.43641311142103706,0.35317243889695854
-0.9689148001565592,-1.6257825578470577,0.4278829266500857,-0.6901239833553248,-0.05605532021106812,-0.878533177618267
0.499528314003479,0.6291971899353878,2.256345158575647,0.6227259829362347,-0.63541124546021,-0.2848620204389862
-0.3568551720495517,0.3790495947897289,1.1742677792283829,-0.8439925669475712,0.7937879041839024,-0.48041374454346586
-0.15701649451723076,-0.9765118079351127,-0.5258636115077452,0.44822022015162666,1.3291064077825043,0.598172932677827
-1.1008605148120256,0.475190105818946,-1.0126594150242751,1.3011258683122535,-0.49174362392256116,0.5894576727225025
-0.7722653577670708,-1.041020397495355,1.323775958340668,-0.7518916499955621,0.5729792861046678,-1.4628676324380052
0.5852820877571523,0.4307591176204019,-1.4847760908707248,0.21721468041470743,0.3973458197724396,-0.46871654289645803
0.6112390701800456,-0.16907942998569472,1.2951689295383566,-0.2443938371108073,-0.9035461196850595,0.2450780259576958
1.4646466661512743,-1.252021115509379,1.1651865983730179,-1.173847123924763,2.068660554913857,-0.06410015040154966
0.18163323232608644,-0.49086663876620135,0.14160720938605167,-1.6990701129049544,1.9297325998261492,0.44120971783030755
0.0504369605772554,1.0208700512011943,0.8494801213308731,0.2791663358491898,-0.977800072277842,-0.2336064801877835
-2.2838205854096647,0.3191299980527874,-1.2117102794018433,0.08901737543036693,-0.017795366920382222,-1.9273838950475417
-0.25147365268291005,-1.3598331468148859,0.0769392927559861,-0.49062064529212557,0.4255789237030197,1.7402222358947126
0.8196990763316254,-0.27381394650919694,-0.9132729496749259,-0.4294256956505284,1.2415940023450698,0.6683852594472446
-1.8939133400621302,-0.3608674030573811,-1.5586742252564285,-0.8340101373288411,-1.0983176423980345,-1.1387291316359045
1.0034657592678127,-0.5612130091571401,0.049993823990409046,-0.27686855098269025,-0.26143724188813094,-0.12735658820637416
-0.7047224996057404,-1.2680290420378937,-0.7155704664423218,0.17080800303255345,-0.7636839943103484,0.4534438890513197
0.4609894433671705,1.7626157758228944,-1.340735954788451,-0.7243030144791872,0.2625527621323186,0.1252114184580294
0.7212430658685725,-1.4685403449282635,0.8541314824276766,-1.4832969086075745,1.1308106778161349,-0.8382521646409853
-0.6795313712480114,-0.719683803157644,-0.4154776187151541,-0.24031841614951036,-1.0064051777768679,1.9308840157638263
0.4185556577708729,1.2187483916746908,0.3267462847287016,0.7440050325819952,0.7387896351391072,0.4303051049429034
1.900226165713526,1.2082468523956325,1.3055733163866232,0.2173571679771672,-0.06404562408585396,0.3213630858696516
0.5275695135608351,1.7766959616409497,-0.19817174806722018,0.6653325308612718,0.6127183746471878,0.3338379792641238
0.16587304974225944,0.3836971876975268,-0.41983594104183525,-1.2895857591271924,0.8520468982112638,0.8224008973015393
0.6928736431404315,1.2147231720780205,-0.36359968634368023,1.3170180733371792,-1.8672146217019587,-0.41777400918444657
-0.6599802110415799,0.07474945949794268,0.13285028448936495,-0.3322187438145449,0.13409556277363854,-1.438649999938958
0.11328622739637417,0.21882281894709732,1.6477096750799016,-0.27005404872357314,-2.9587036765315036,0.5917299749267309
-0.7304497258090743,1.3157476970455664,-0.47502088138946497,1.3903645836454745,1.9118905739141119,-0.05944669623392165
0.2992957686662572,-0.9658506339431456,-0.4793056922720981,-0.38051372724293625,-0.2094101838426136,0.9051136793839939
-2.3063366949255286,0.3669092738375183,-1.6327777888830328,-1.2042661434488802,-0.2465742537143955,0.6289909572608315
0.4422150779982731,0.3067694216106287,1.027532894868339,-1.3484787737791142,-0.03674161974890748,-1.75766849923865
-0.23331744095231366,0.797092494075867,-1.5059715549030857,-0.39022778222945054,-1.336421275921843,0.4816904861976621
-0.5126408296763396,-0.6321110286193239,-0.4044317689920943,-0.35267470096144987,0.9898880239206724,-0.43303599812316745
-0.6907073702132217,1.339300889625251,2.140003731808929,-0.525087418289696,-0.3675430724813847,-0.8687152001960294
0.5097798177043429,0.49779559358396497,1.3791159776250643,1.6675056593835567,0.22161484755940394,1.5996658792258138
0.36953552721419203,1.7707025874824665,0.3105918931472188,-0.3180889577661006,-0.15275722159099633,-0.3838000187224755
0.13936355831518119,-1.3197466476388298,0.8607595964651523,-0.2606526363498352,0.6819750674136229,0.1816104907194649
0.22484381275991813,-2.2058728769801355,-3.649088949520257,0.40558047124116925,-0.6333863378082955,0.7161542217204778
2.135808346544275,-0.040015774936136055,1.8724603416985286,0.534378160711994,0.7702014932256611,-0.8438219543395278
1.5855804934269229,0.33630184350083137,-0.19480129870783564,-0.36681832075383547,0.6509269750559644,0.7840944155699001
0.3195416679174757,0.6258852748154321,0.3072325208547515,-1.456253322601983,0.8894122778396115,0.5952035180190764
1.2034247852960982,1.41829380351727,1.8496909271586455,1.936594112780918,0.06816418980978108,0.35203298675238015
-0.717944423002196,-0.17056059763848044,-0.034101253990483124,0.34594873466346665,0.9753487096242127,0.8973528439110814
-0.7121239321069261,-1.501425095789794,-1.3142899610399854,-1.7335078350402675,0.2554126768101287,-0.39646874255900816
0.29895660472310276,-2.0606517641519964,-1.8409078201038078,-0.41954701911126124,0.7980185849837612,-0.3166954118268004
-0.283136247891268,-0.08591378593950065,-0.7672510256215465,0.5298199420875912,1.132097525054598,0.6046189375450457
-0.7049030223496618,-0.7062219492655752,-1.4419984724701944,0.07550042423794745,0.9803188719235629,-0.9983835338319539
0.2266216882683355,0.435683545410084,0.3436529098540939,0.26625668601523156,0.05897230385894625,1.18716490448669
0.5006770951012256,1.4446961726186918,-0.524365186456429,-0.23726392549011271,-0.8155386487812557,-0.03974167342407089
-0.6206262528645199,1.6106192808122173,0.1397170589684934,0.20028771134394113,0.7745878260101419,0.2779342326563893
-0.5473230780559274,-0.740701026563726,0.742383010404948,-0.3397553675067392,0.6304444528573045,-1.191514154895021
1.2171171619039916,0.31155240092050823,0.8534396692487395,0.447843942316772,-1.6557167440423801,0.36725350105503063
-0.7029008610078953,-1.272050220249423,0.20200944824906247,-0.6041486482148019,-0.3391215023976174,1.090843532528972
-1.730720779547946,0.3416364718819559,0.3512699038649549,-0.46729971977765733,1.7686405794194422,-0.3704724406671432
2.0847532323287186,-0.32760074130039496,-0.3171595868197315,0.9494416634160708,-0.009866718801296779,0.011299383709144696
0.18203257051719768,0.7688230050410442,-0.5899323595185001,0.06189078696120521,0.7351483497744395,0.8345637998621945
-0.19306633944175497,-0.2973752218591636,-2.1042701209581094,1.1075807237590123,-1.625692694897965,-1.0028247055765682
1.8867307230081343,2.1914410906551347,-0.14789696937968524,-0.21110016559836142,-1.2982192211214942,-1.9668919562357643
-0.4014388194144792,0.661999092401594,-0.9432404436951978,0.01366358887806809,0.6873245089644732,-0.6470904884439985
0.8027463495606241,-0.3661959693608035,0.7877889146817822,1.1995197859070565,-0.5117346764331635,0.6345612548120572
-0.7157507981440874,-1.0565251715742787,0.4095554159417605,-0.6623043243153433,-0.10360016522760156,-0.6281919357005246
1.3653536866027305,0.13792237127032386,-0.5647501584040429,-0.09186020980764997,-3.3488577351257436,-0.6524005961354448
1.0100466338420875,0.42074052386522953,-0.8690210743690627,0.8021012235836342,0.5563163632713154,1.1167089777119148
-1.405063219881525,-0.27898287809969186,-0.7796976208058816,-0.23877595370149546,0.15869557411589097,0.4397230637323043
-0.44429929513278676,0.5856694513149964,-0.3891343395871438,-0.5123811244914747,-1.5804012078801195,-0.32520245218060023
-1.143004369940807,-0.790567677771825,0.027190171243704424,0.3753980087382222,1.7608207520404695,-0.3982543526052124
-0.5719452862509424,-0.4113705724246103,0.8795493229655209,0.2761146119385933,0.3260612156949584,1.7212300689726725
-0.30022026393060364,1.04805240763411,-0.2398064145636875,0.9025743223611042,1.4804147567948418,-2.3201933897151297
0.31322337187986937,1.3186655771146247,0.2233771103215817,1.233159301017712,-0.49370140679067936,-0.6189048336200539
-0.6623543586436099,-0.7527968922794235,-1.3023871491404029,0.8684409425922028,0.9608075974385946,1.2519147677586713
-1.093174622229483,-0.6837154754364256,-0.5885175159720607,0.28352949868420746,0.5045937729099214,0.3461454505562335
-0.7578618309558106,-0.535172344025488,-1.579918025580756,0.7736175448350903,0.11187531072703207,1.2391434576794376
-1.0653960012087444,-0.1338809861331083,0.5002776009540587,0.292186655634588,1.3356244019247714,0.4953417356986109
0.3977408383569405,-0.6915557626026237,2.1045822928438005,-0.7166073027318295,0.12325650891251316,-0.9047314355951862
0.07761930950443219,1.8430070089723938,-0.015396116001079796,0.6239807035105418,-0.410892591596212,-0.45402453395636794
-0.19578512137309878,0.30477297735282916,0.7747552349511329,-1.0578096798534724,1.6440159414532844,1.0645709587755734
1.2956390851280308,0.35688461800466265,-0.030645209114054214,0.39006869417427414,1.5275824649547391,1.1076561650042165
1.2899717650458347,-1.273313153104803,-0.6694687209622152,0.2858591011617526,-0.9729727075939301,1.217181198961723
0.1136965063598551,0.5405433448728625,0.5794323070923605,-0.7934329996381135,0.15790000278102348,-0.7610299472379634
-0.632163297317573,0.20831925897547787,1.826171293087011,-0.17604960860701066,-1.396167145813637,1.0542373415921742
0.4966180685558441,-0.4881993245756391,0.7739798402673191,0.22185866825146872,1.2888355746816507,-0.3705173009877943
-0.07770683568328773,-0.972458298642493,-1.5510380981299892,-0.6410985782475173,0.5430693760072148,-0.4081136353792953
-0.2737764171377435,-1.3616699563597392,-0.12943754087450718,1.4285567838829563,0.6519948996836061,1.778462866061324
-0.8370949043832168,-0.30829908588504973,-0.15196426694842116,1.7542639844304209,3.059271480996884,-0.8420250022499899
0.5004911019710939,1.1374781572578472,-1.3063044028027866,0.11867415566403536,-1.1607209216534906,-1.2556148131492617
-0.747457156441924,-0.15531447220833478,-1.6692988784906628,2.1450188323035375,-0.3162075342814994,0.6307401711978287
-1.1406192815664071,0.20812729318146012,-0.08020199246450113,-1.4238643779424585,0.5231205254456858,-0.9387783875598047
-0.36402684833117793,-0.9347986512413461,-0.5609517314594458,0.7869477404844766,-0.40957341465033276,-0.830108577526582
0.3148918396646918,1.9026598742902565,0.13282913736162832,-0.013591653409637913,0.12162243221907841,0.9784540401346147
-0.11519539217307485,-1.334418896379502,-2.424128484079946,-1.4183156632527758,-0.48563876748328366,0.03326045743725213
0.8263018324505887,0.43685352640731545,0.8964196958719242,0.2769363363279445,-1.2577192486624535,2.2409189396054208
-0.40990697722071534,0.7836953023459975,-0.28117523145428147,0.16438084560341823,0.8060952090696881,0.1629320074735243
-0.679175796146328,-0.7270856000364506,-1.5494550845677078,-0.3972221231596367,-0.7934379509806868,-0.5950123961246805
-0.19279829051897798,-0.42916681187632394,-0.7494602491553918,-0.7757769922623059,-1.7508851320978256,0.24292236058716657
0.22553855180475604,-1.408416658241919,-0.6614106582870569,-1.589078014930368,1.052518633879357,-1.9940395601682324
0.7136282883063563,-0.5218377937652565,0.9251606564832654,-2.08280986923198,-1.0890881084329367,-0.1887343096391037
-0.01789363319392782,-0.24682355587029906,0.7718177982073846,0.43052824504161036,-1.0848050627656547,0.1608232338343946
0.6838146836267421,0.08031242613931612,-0.5775200025409865,-0.0838352549547992,0.08689613855711564,-0.1773868492089602
-2.1131445366015984,1.4649334086932986,0.06984191388387552,-0.7534520963106813,-0.21873755742842194,0.8894552267812421
-0.21538551505511744,0.9128135160948935,-0.5297325288781528,-1.1201680473594418,-0.3083732376628436,0.3365179178914915
-0.444999504563784,-0.9587539616421913,-1.257215877280886,0.5684534387563935,0.21316867650819057,-1.6755900251618046
-0.4434185629578171,1.1017240229488936,-0.2726368268775805,0.3056136874914859,-0.448574378184581,-1.6970747330698472
-1.4570318885891091,-0.3222256990678983,0.6904940009665663,2.1337692317409727,-1.129909838456256,0.1333492499086534
-0.16651855531145926,0.8633813137890451,-1.3538099147624152,-0.007730296107178763,1.29606574824615,0.009429131548501484
1.281416081060692,-0.20594090382222274,-0.34117768890238903,0.48398044820650094,0.4114793817069976,-0.7686028772168197
-1.599524507799115,0.9839903911315414,2.956911234383131,-0.020288568845363765,-2.2106584111200154,0.07991569876869668
1.7433081381475206,-0.575764016343696,0.5904459326207664,0.0646865866091266,-0.21574118674674905,-0.41145496748888627
-0.7939554389697625,-1.203932673761655,-1.7019460156974706,0.48795764958591153,1.2813594778715658,-0.562731586519939
-0.5828696474519048,0.028671606855983287,-0.102189970284077,0.20093651393417464,0.17548774041828155,0.020686871337342837
-0.9012515934992642,0.006443988601297731,1.8874778234124419,-0.6636600312203249,0.08231152120680592,-1.490678830547678
0.855327701520299,-0.9813533873295082,-0.896075299791579,-0.40958672348282427,-0.9496597049771898,1.0578940502201706
-1.116358118859235,-0.25843041398438965,-0.9141289048453697,-0.5244565995665668,-1.0514289084999624,-0.4818226971804167
-0.2645971091281404,-1.7317436347597086,0.9506993377510549,1.994239323730497,0.741937642160754,-1.2651446688139407
-2.2680439916673087,-0.9991758957846288,1.4453830199147428,0.5422703116231373,1.7764274526744062,-1.3085960368296452
-0.1801179353542867,-2.0938578051319245,-0.46993952869528144,-0.7125470988888486,-0.5483097276728676,-0.7394897141028443
-0.07842892665902436,-1.9495763143481881,0.06515631458025997,0.2225683393149923,0.29964283863777597,1.1008074329564965
-0.7151490556643153,0.8144441811625058,0.7087520282551695,1.2056315339746142,-0.5394127709044017,-2.3645081072981116
0.8558637993659549,1.827718448998296,-0.7061056162693757,-1.0076734251082182,0.3625790574557389,0.04504297833561511
-0.2459047995519391,1.674442855591694,-0.23536652474429723,-1.153551638207422,0.15530840477314867,0.9412125254868412
-0.41648785179493925,0.36740636420940714,0.5017478298350563,-0.7762999077828092,-0.10572776787752947,1.0146255091716514
-1.7480454925792108,0.9506792741380421,0.82577117011566,-1.1864372142739805,1.1357352577041642,0.09271477146147644
1.0974087011326263,-0.5724015839095252,-1.3156745944039385,-1.0962730214719454,-1.29158764775404,-1.4522689161521884
1.115646968655868,-0.5608917190387428,-2.2728973175598655,0.29269020391358636,0.5307604454851221,-0.9000109448729232
-1.1930146403960014,-2.147573875683221,-0.11407264206200213,-0.32574731840484916,-1.750001001264725,0.2832898778053948
-0.32048804472656145,0.7717812989614935,0.5302017937127689,-1.1309182497661971,-0.014324687241171197,-0.5471901093193444
0.829961520804859,-2.763024294074374,0.8329732776203841,-0.31050944946773346,-0.06750109168495293,-1.6486413301982683
-1.1208985393884239,-1.0202032226535538,0.9788592558525754,-0.9093182725261917,0.353710145604961,-1.9098186248907068
-0.269006240388995,-0.6612837672322993,-0.6762529209425461,-0.5570212327739842,-1.1776095387879644,0.10223040725093235
-0.6119283388387242,-0.6376558090275724,-0.08455024473035355,1.7536635999439238,0.18438014325193722,-1.99578758911563
-0.31224417275372546,-0.4182389064652968,-0.7889802028778216,0.44031146874776655,-0.3859677759673339,-0.8114795252754804
0.7074576926956132,-0.14898970446859242,0.2586897926297616,0.01976980344804934,1.3832553948995945,-1.0667096957232147
0.007669481424013668,-0.735511888047545,0.010273476057492738,0.0244041076640582,-1.1169758884557346,-0.6537215209733759
0.9287402840524864,0.20111548996839113,-0.4877756204351655,1.1500406339984006,0.5507602505938369,0.3208041093458963
0.40611052921195145,0.411014930532524,1.2319359965763879,-0.9698422855872623,0.8542960467808494,-1.1080433180356544
-0.31078905002988255,1.6206540401079348,-0.20357030767751874,-0.04972815929936686,-1.1043323998291976,0.6100213051412257
-1.5981350297094392,-1.5363406426827753,-3.0847355515128703,0.406212673338699,0.057728724384085765,-0.4677238601783156
0.82217716127104,-0.23391335104947528,-0.9719844253247858,0.6262480541403963,0.09632183622478373,0.5941449837359061
0.9794835862558381,0.7001457267117679,-0.4950401623170202,0.29198468297323876,0.867503308230641,-1.2952845407760594
-2.137066535365616,-0.9533385055583224,-1.775016391083049,-1.289396236835371,2.1314725794245435,0.48600960401325616
0.6065235972931456,-0.2826625592671379,-0.8625430042379296,-0.1368489284371574,-1.547655865095055,-0.2042898374306964
-1.1653399567126985,0.21597566311794025,-0.9019813904676409,0.28802823220972074,0.13500238792017016,1.022498749372533
-0.15437976837858317,0.4821109778664276,0.22265810797841457,0.5436287852769073,0.37957067103071873,0.9150103739726582
-1.826124314522711,-0.6465387735591834,-0.3218018848617853,0.959718751780473,-1.0487039329545678,1.332036485433919
0.783074840858228,0.1791647065956086,-0.21638848810642913,0.35340097251769004,0.2725364729184578,0.5689724189017559
0.5721531609257626,0.025931547732939847,1.6642809671796985,0.11151934330428512,-0.9841225701973423,0.4580895561444121
-0.9014430570155553,-0.29434014162111094,0.26520915001029816,0.019823755049375193,-0.33899149455654237,1.2649278157167472
-0.8470072441409262,-1.2867042827569706,-0.44171314819229485,0.9357213561879015,-0.07391533578047972,0.005832349537528338
0.5803095067197941,-0.8175115924816486,-0.6010446716430259,0.8981364573088682,-0.07541879098204651,-0.46909777097989147
-2.0646605038905226,-0.2995211973670288,-1.083150847831605,-0.7376332101285735,-1.7736197634619872,-0.48496207320495344
0.5501457973246558,-0.6010105492958704,0.13221184263282784,2.2631839061910113,-1.4652620823849638,-0.8210249550892229
0.7541529091259022,0.6817776312631232,-0.9219462930667265,-1.1590782189068116,0.08071080773790627,0.30345653870739603
-0.3296454711914762,-0.03272713684116404,0.7051157292899115,-0.04667920213754573,1.2630097474400424,-0.31786161087953485
0.909982329842169,1.4808564661339279,-1.1667172476189878,1.51809154133625,0.12122790859005352,-0.07593819652698114
-0.015656245246442397,-0.3924286002864735,0.44545618980234314,-1.557591030374964,-0.020088429201771257,0.011415343405927663
1.0291875150849872,-1.1749135077838673,0.1740569734006104,-0.7099684890205925,-0.19154329969067374,-1.048152419985161
0.41097370252576576,-0.16352050472944343,-0.9337192011816146,-1.3426865851962968,-0.2731475076183579,1.3144549639911123
-1.240399125484969,0.7925439151039384,1.430550827320073,-0.060508795942754434,0.5640750731847526,-2.896488367221231
0.3676373032098101,0.19786823701063466,-0.4375360869605312,-0.7794789021375494,0.11042601828204188,-1.024924761656584
1.5189128970543517,-0.5438593013779404,1.753859193281845,-2.380018173912584,0.1454227058605715,1.1524646846828341
0.6312825651426544,-1.4744852224651113,0.5795924210595413,0.1062542203651342,0.5965503988563687,-0.7063013717470983
-0.2983329806985914,-0.6524654648629064,-2.667909551652743,-0.9768393932662366,0.10938411460106287,0.11496515193673376
1.1694974502093052,0.5580768942906571,-0.599382104600203,1.4708672896879207,0.17832306544786236,0.4862774116633382
0.9825798248335538,1.7032357040017938,-2.289951972579433,-0.24726295560155945,0.06304207896215677,-2.8195537637230683
0.3592840235133282,0.2003314612517751,0.001156042983138637,-0.485269753140629,1.9612038528497036,0.9006963767156537
-0.6877807136070577,1.4185888246322793,-0.008847555444136096,-1.3733712126038546,-0.5549036637918614,1.2474548054646537
-1.0773269134667494,-1.5851807820660253,0.5647280042702271,0.1546308228826953,1.158712970141831,1.1904124531334819
1.6140757350372386,0.8941544409163805,-0.9454326959376186,-0.20192424325066646,0.6378289326810064,-0.8481793303908445
0.4746763495889045,-0.9917740989058222,-0.15300349722595005,0.12938839033656926,0.16548762254785976,0.8783391778919735
0.5109176580297198,0.9002225806999059,-1.9706273226815199,-0.6824877567068565,0.7850064860168284,-2.160686171476028
-1.0502375611046384,0.17184777880468738,0.5234478039149243,-0.33578093287610394,0.2766073246020028,-0.8625595177813427
-0.49925479469449174,-1.256953626069343,-1.3923681776756995,1.4912692952335127,-1.171163729357061,0.9815510951019398
-2.1298128032912937,-0.5769986595031079,-0.27374654758091066,0.9421734143561052,0.14714908855180278,0.9611851866625489
1.566959298871099,-1.0105928087972627,-0.4424261084989685,0.019238587681207103,-0.7923534900791213,-0.7303150167503508
-0.8037146079143983,0.7965630726228881,3.477604876661392,0.39042698814201154,-1.1893447165871067,-0.6381719181297955
-0.814803080700753,-0.5680187017282073,1.409927342742793,-0.21870180788700877,-0.41310341390592104,-2.459340793747078
-0.6596465174846358,-0.9392219472740361,1.8095687837986583,-0.22011699989087996,0.7624340522457167,-0.3440558060349651
-0.5242052260602915,-2.3615126806920084,0.5844230292390947,0.1312808465059826,-0.2503711372346646,1.600385337198545
-0.5966659613972337,0.8034960688257926,-0.20272240855573612,1.3653158235143459,0.36222764010327024,-0.1553323305865118
-1.8519718892220096,-0.539625950446707,0.25355204759493144,1.4416753232502537,0.39910678222398177,1.1126351527439686
1.2521221630681536,-0.44718936889574423,1.6522271043676846,-0.8844991525442691,0.30386248448921727,0.8561756402261287
-1.5866034556425455,-0.19989499165696334,-0.2979257706368188,1.663283600736611,-2.024617072116041,2.625987574339107
1.090423017981081,0.6089478297053579,0.23822742902574137,0.2862948640954967,-0.5080287101220587,0.5880255281462015
0.31092580968437616,0.16901072643835452,-0.031775069939041854,0.3149431643967807,-0.8627981138829772,-0.09412287767727813
-0.5901944945466047,-1.938405925828928,-0.47018121015517145,0.5166031831384202,-1.3538387416135522,0.8427630814878994
1.9085575638653196,0.8157273209435717,0.028167974150181685,-0.45485765048846305,0.4579367298654263,-1.4499295773933252
-0.023697712930668583,0.9349481824914306,-1.2012394301521108,-1.3891098630711676,1.3793169733628758,1.6132820868913877
0.8796216865445803,0.7961407478760603,0.09188326302585126,1.182490447131215,-0.053759760263307,-0.7319992255434533
0.7188689182665424,0.36205961167285966,1.0791459846400093,-1.943665922677111,-0.5054351635037816,1.7210431791839906
-0.01091342042859268,0.6768289551626141,-1.6115631917351032,-1.1429079556289305,0.328934393289064,-0.8422738500664357
-0.4174123470593366,1.4597422494845564,-0.8527186528933954,-0.7955495624591564,1.6440594568303668,0.09961615090436741
-0.11597218701060893,0.1169051478642419,0.10989558083022909,-0.8466859968904302,-0.07403339357985404,1.0586463493333034
0.7731187380110908,-0.40353836802867527,-0.681448065324102,-1.407623562570535,1.51371133024228,0.17515348237737063
-2.22971299570582,1.8182414008515255,0.2613442606642164,-0.9710001699540706,-0.926906179628176,-0.24642400486150054
-0.3263796506421578,-2.0274234955538026,-0.19016806372053147,-0.4382613078975774,-0.7193035956971546,-0.16638286647920278
0.6431642439250722,-0.5317694977399637,2.1612545811758386,0.7310524981418384,0.3436675458745759,-1.7838606629833318
-1.6216193975790774,0.2962375719430412,-0.14662814171526273,-2.525648762995465,1.0274211239991813,-2.4006098312328485
0.6126285482697215,0.5325090712200666,0.04377858244691198,0.03370315033272093,-0.8863795079768642,1.3142905890048724
0.18402926147280488,-3.1858602761332535,0.2352255438926947,0.2254761922887413,-0.019339656814002747,0.7483615619698809
0.09566064312522332,1.0951870824894474,0.4370658151198267,-1.0626805410906517,1.3909244364370534,-2.2332901458310377
1.4257412796409636,-1.439868738072299,-1.2015072937701519,-1.3180334701415277,2.078930076246942,-0.3350727384295586
1.562293059459735,-0.8673176229126893,-1.1099120344840085,0.8472974483720546,-1.4229816829019488,1.4424717606901025
0.7266095147108826,-0.4166587248766418,-0.14269779697380344,-2.068294121727928,1.1445912936541531,-1.1139694510359897
-1.6511485421773855,0.061398743697147325,-0.9248686247192317,0.7562755634464724,-0.9442306826080855,-2.1558861171661974
-0.36160346725356074,-0.20945690889160026,3.130776876627995,-0.5744614337444884,0.9725632948588935,-0.6231944959798194
1.009592591789128,0.2828706906017007,-0.33816976173283947,0.2624842240459585,0.15472858013711963,-0.28918096897034723
1.0388427466922383,0.8332830979796323,-0.5846506126138207,0.7442955412044913,0.8090165205705071,-0.4003224980294209
0.2534429917076185,2.2203632633896144,0.7194071596180756,-2.0060699415380543,-1.5967980215866329,-0.880027449506573
-1.528458720938008,0.71627691548696,1.240021248415795,0.17719919272746715,-1.5988598882413967,0.19853011082735733
1.9104393767111214,-1.6375611748294612,-1.175319093578908,2.464942144514537,1.2319500064831732,1.1876629386880477
1.035483929577905,0.11265159000732253,1.336151056093123,-0.31369674406883846,0.66162190710784,0.44565918450213293
1.3491996362139516,0.0048476414720975865,2.03590850601606,1.1942007113665927,0.20271834350808873,-1.0433891003529876
-1.6927344179157715,0.6504548757571416,3.1565793934894995,-0.5716601005989905,-1.117963500190496,-1.1026423047133067
-0.6825838467362993,-0.991422498398877,0.1331413092473196,-2.2174149644039507,-2.3883607526449766,-2.3439718989244684
0.6421850447988773,1.4158932207457677,0.3453769042679778,0.012209662391187133,-0.1185622203236283,-0.015194613815627764
-0.8422917712539753,-1.0642199688755334,0.743126180894108,-1.1803808011821364,0.22739065798554076,-0.794011254981792
-0.5631051421844938,-0.1294536487152962,-0.0837144296815673,1.5105106496634952,-0.819280723596745,0.5329566913552901
1.7318148567838951,1.2220623274872078,-0.5715454354512909,1.4999831705339945,1.1280278899068312,-0.6975360036600265
0.3766634404063905,0.7784233154344923,-0.0766835132109321,-0.42167879905063305,-0.5443597221317615,0.926921720169195
1.2076588641991908,-0.45647647194105806,1.3556215187055112,-0.5419853364982178,0.7246928814861499,0.2249888972325219
1.0269337159789218,1.0292741115940416,0.8474379129948044,-1.6769292057475749,-0.2387809855722501,-2.2641399958490616
1.3867702484964348,-0.7401029015634256,0.4602712632936022,0.13200850143661047,-0.8279713537442908,-0.3213590230481548
0.6719494160029043,0.06574323271965404,-0.6169060244543958,-0.28964401350055347,0.1731181332751804,0.38249026664364494
1.775419305022628,0.0077210663046427905,-1.7557201405229963,0.5969883023574751,-0.5743991556091401,-0.14692093582202642
-0.10349970652078873,1.482212350847475,-0.8913997705487922,-0.5417446293538587,-0.9552837714053193,2.251818135397496
-1.9107511887233772,-0.266058528430884,-1.762715811780731,-0.340961669977284,0.5413356510381087,-0.18478829426395724
1.2368379040819748,-0.5108108744183602,1.25614744382695,-0.4557928115780296,0.4293515949315871,-2.201476729982234
0.10086845076835142,0.4499435728667529,-0.5222383896093952,-1.0449525982464267,0.5761773325802171,0.06871399205961487
0.07078679716590942,-0.21643233963843808,0.07153871913351992,-0.9312419899038932,1.0795014620054049,-0.4620386186356812
0.21692269357165656,0.8443302242522148,1.3950236527162427,1.7573862604350599,-1.2738836502065634,-0.9737096803360853
-0.1985640775523994,-0.2572543709094562,0.020776549501879106,1.2602319378855609,2.004221462247705,-0.28467072926035725
-1.101451316519428,1.1814160964696623,-1.6642326308877222,0.6164233292024679,0.8231280126082299,1.117879070301921
-0.7723692951044554,-1.1963672007847799,-0.7772465680001694,0.15385751659710634,-0.3800123919415636,0.743794104190524
-0.4571765841998776,0.6560885666384163,1.7015573113494846,-0.5800018481878064,-1.6005283401448807,1.1553227103189738
1.1876208396227925,0.9703385921380159,-0.3976636811090951,0.378747158143279,1.0595262136940973,0.2475260451914975
0.7072935811102209,0.32973863403797826,-0.849773160100986,1.2899233024790502,-0.25615408538841455,-1.1670046763853843
0.6096088950984917,0.5719489487741495,0.7770572508565814,-0.22950872864386543,-0.7331899855529412,0.007406185013410053
-1.266717153395756,1.216624643785073,0.5758493794494931,0.8386734924071073,0.5880480195459431,-0.4770807073610858
0.6389793984975667,-0.5546558617720079,0.2513658373890135,1.5743519945186026,0.056627737974401626,-1.6724768881927408
-0.3610947213388546,-1.7846635524389851,0.3188493430267939,-0.716532600514611,0.873967376464001,0.054672711695338536
-0.7491256242267464,-1.155389576185994,0.6940688725607727,0.9273062897562677,0.5927533107858353,0.07001341780048607
0.3211718429990297,-1.4015564069714956,-0.7616722119224189,-2.089769625802358,0.21322023394036163,0.4916589572993665
-1.8287063367995613,-1.1521685922316258,-1.2289663356379859,0.5697939285430592,-0.009467232136935488,1.2038476959583864
1.3520442370274193,-0.2667718329075988,0.8022021927459705,1.5260791450805045,-0.6279182571046908,0.7194750704383751
0.4255905743980565,-0.7613302769966503,0.06743516934580424,0.931074601602352,-1.0361366985130551,0.9312790962205117
-2.089621876028692,0.25982671254929013,-0.8582279831728102,-0.5197517432565154,-0.046097296631683674,0.7758257274103537
-0.4890032909936279,0.6111503846051404,0.8845662272704061,1.3567333687811838,0.6874494999411963,-1.1989013800747947
0.42306325598300376,-0.7189583745255064,0.9105590682815777,-1.4212705509558865,-0.26026619163034204,1.112515807362613
-0.5146594021766353,1.2895595213564095,0.03470646464628726,-0.30519590842484606,0.21714488601461343,-0.581277350930434
0.5781104114755261,-0.24297817791224222,-0.012091122037082134,-0.2907935976209971,-0.15572146711551504,-0.22014212047551654
-0.2425788047546639,0.080037611949993,0.5643886432202964,2.124478489318675,-0.14463137625221903,1.8566555899485044
-0.8277241328573226,0.10898807438042157,-0.7294772204468256,0.07992445554624228,0.940142078114841,-0.77377400255635
0.9293693784631571,2.144957078806874,0.846726966700289,0.025059827126268783,3.1544388247694077,0.7745845354442236
0.6643893423024855,0.08966621203940905,1.1038125986400327,0.20971679120552295,0.49953931437045546,0.09430333466526454
0.06464355348606518,1.2494467531769653,0.43608599820119115,1.0064449886473803,1.047261056928367,-0.46557327333464954
-0.8494525067632827,-0.3173881610586626,-0.7479165088303462,-0.04233540654403295,0.5836555610193632,-0.7975770579788792
-2.006652528840479,-0.11894200597339477,-0.11245740430506686,0.5929350153864584,0.5174424146848132,-0.9562183873872717
-1.779790143580265,0.1604369278697555,-1.3947376629887118,-1.0068849017043005,-0.04170750802433487,-0.25153469573133197
0.06052435269272686,-0.5683804056979957,0.3757038994598379,0.2560833507302923,-0.23334040073036363,-2.0382892726073276
-0.21749708412052984,-0.9560886681442089,0.2658767950432424,-0.048664344391268925,0.1155878226465623,2.1079407607264664
-1.5332945423209237,-0.632905160798783,-2.06585082488426,-1.1118940851158798,-0.976533873850174,-1.0936688863089434
-0.9667977607049875,0.2206636698771103,-1.1254078440872872,0.9843372824754211,0.8493008755203505,-1.5199969968628224
-2.7633655786985427,-1.977383064784811,-0.4602571652084382,0.5488856079696934,-1.3771642540937656,0.4123135770977587
-0.2341270581069568,0.7242586511329607,2.1725239862492987,-1.168673303695547,-0.11689180904393713,0.7499746713868595
-0.47544767404022825,-0.06271421455930346,0.2306879744832543,-1.1410805180559833,-0.47813752175660645,0.3014102309487213
-0.564516501818858,0.7516552009781601,-0.5981334170574379,0.04528614412395482,0.6211952174721025,-0.47177618604919386
1.1784852947026172,-1.1206417467762033,-0.9354703847597379,0.301878576630822,0.0027280976283622803,0.7394932690716501
2.3181910217769968,1.7440072179585966,1.7248966913322712,-2.096888470427899,0.5451080854190039,-1.1163335052922685
-1.4719222797703362,-0.2925336424647869,-0.0613689647025708,1.1544369978188387,-0.6527013516984628,0.9929076968804434
-0.16261816996531075,0.15211571587223244,-1.0683710195532465,-0.43039959122307897,-0.6372976618180194,-0.25670023469130787
0.3464012640600271,0.7719732647555113,1.4766928530434946,-0.01757992178418863,0.5523536217848617,-0.9399706563837948
-1.02353660616132,0.4741615733015171,-0.8616155516355961,-1.3582868982243388,1.5325154852325833,0.3332613971805646
-0.9394677113509983,-0.28714849676944715,-1.6563125280459103,-0.6974060661592315,-0.6898072862322354,1.533754726143728
-0.4829694550373786,1.3467734107439588,0.22812312999016976,0.5147204105897594,-0.7119049265446573,1.2153757826607414
-0.3009587660648693,0.7294538517268626,-0.5169828248628667,-0.1815789560551886,1.513946466152925,0.9259676342552411
-1.4787547921088589,1.3167438984818862,-0.305271880011392,0.13532444985624684,0.2892298629752496,0.50410862734374
1.851567080644688,2.3173605480679287,-1.3504515494760272,0.4314495723872485,0.7624257625771483,0.9968488030129518
-1.67578169114477,0.5039890163067478,0.47884951851655766,-0.12144782132167647,-1.2860492555888532,0.4603391742619733
-1.3459775787540609,0.6175438558922229,-0.5321412874283917,-1.5561454041344478,-0.2640921212880105,1.199420236236312
-0.8244528419218449,-1.686928714973129,0.5196866361953861,1.242120800334517,1.9901378644064238,-1.6726140084181256
0.33128658704539987,-0.3271400233947562,-0.7071327624739083,0.9512096158901158,-0.8949236693700343,-0.2039367105292592
-0.040147164173174106,0.42666721516897116,-0.4373578468838604,-0.5925947052858253,0.9543441643876301,0.09931533282965099
0.7976698311857793,1.1006207248064412,-0.7313643498461277,-0.2233167448615256,0.2739171548987936,-1.0018029059710631
2.176212618867907,-0.07327637461542008,-0.3223859483898528,-0.2970921012316009,-1.1957601341551964,1.3931597726706486
1.166663790168207,0.7800479522596604,0.46519552303886097,0.2203438732913106,-0.24774639131832152,1.88150837687431
0.3582938836148146,0.37700869529543507,0.29674757351985503,-1.4785962024207118,-1.065958522807619,-1.5563944603454125
-1.3468090774533925,2.0035126403894705,0.4362249650406261,-1.0028080973686029,-0.3891170210563666,0.04100030166577998
0.38111086437051356,-0.6642097300716585,2.48825161041918,0.9379029376054103,1.615446427700086,1.0867724161086827
-0.7776153954508519,0.15497499585681243,-1.2719675093889165,-1.2327456720742482,-0.2033272358131249,-1.0014934544006777
0.8050657933008056,-0.024048262258993633,0.635567861182228,-0.2659578771463707,0.5470628107989751,-0.0617608116426863
0.18071420744789934,0.5814462038466061,1.4749336134167101,0.5793253781097162,1.0049909064901275,1.1848294592650905
0.26297787481890506,-0.8177075996608073,2.901022396783568,0.8918282700775247,-0.4391539342289394,0.08057150587137361
-1.4938639987373268,-0.42092440688898414,0.8246775615096615,-1.7828721668743204,2.540605166725707,-0.14660742143014416
-0.6255714819709794,-0.008963792234336574,-0.5010540026439516,0.8247705797590807,-0.17649622704570997,-0.2615607234708533
0.36060785696883685,0.577057259587605,0.9099810467900038,-0.16182021960227938,0.9200715955072309,0.4350066358315302
0.3778723957520939,1.528702424773438,-0.3084530122271979,-0.6194722863642761,0.7561271862726572,0.07471410226796378
2.0387418141708977,-1.4051875915172876,0.456448668203003,0.29488146895183476,2.1549970224187867,-0.3318341618468937
-0.08718701493277685,-1.4558503955974067,1.142245992799046,-0.9741722474368466,0.044247214860130675,-0.3257290954166373
-1.1503292170354558,0.22245198280032819,0.2157017099579065,-0.1238548927652154,0.23626054952442227,-0.5413379535270307
0.013314919961521425,1.7848393526924389,0.9614148894789241,-0.1555798177161902,1.1784762936144841,0.08788441527466782
0.07773965800034582,-0.6953061680099523,2.3073882829044137,-1.2496352900364183,-0.4729483399542038,-0.5098791881377295
0.21975635361275464,-1.206264552985817,-0.07650325912209371,-0.21094384429197324,1.3741961867090633,0.08611454866175207
0.9037789119143169,-0.5262125931762923,-0.6608326367954829,-1.2023515532891995,0.09611110639029964,-2.2982023526785107
0.7462482010961696,-0.7470177115332052,-1.6256330807250345,1.5895040942433598,-1.3868448213895934,0.6515645013290143
-0.5259283977069115,-0.7728219556343265,0.17325640356472477,-1.1277102045491996,-0.6816247266414889,0.5053440636460909
1.3472795306648302,-0.11052582142514338,-0.6927466735739596,0.05139512544273721,0.3136160224000529,-0.4180111763891008
0.9046377625445472,-1.6413540147807417,1.2043712190698521,-1.4194112957719065,-0.4317140320496673,0.6883233866402606
1.6476256134776088,-0.99528808328262,-0.8529986005844421,-0.6322574325028918,-0.797508081355408,0.7791932985754255
-0.2935463927913139,-0.36225157746687736,0.34157747031728286,0.2349716741211897,0.43156011335938327,-0.5316972166924319
-1.3071870703535045,-1.382485110508979,-1.3104764290041453,-0.4064298631183643,0.8530973176426832,0.6913567907375235
-0.10447890564698359,1.7382765338340136,-0.6328459237402188,-0.26671734968804417,-1.2552341890443834,0.28470898749607987
0.20557711263484357,-1.1137431023469877,0.17152435310217976,2.8744403320362273,0.3139416879509436,0.0656882057526546
1.5139676679478922,1.209715895893014,-0.29829232085098906,0.40562473922174264,-0.08255052204084758,-1.1803114324805648
0.06400898868918412,-0.09792680325987389,-0.9948525264607888,1.9163968466454766,0.14706241306915105,0.5051112978313838
-0.3384692040993958,-1.667724052801073,-0.5048534365946372,-0.8458172377717174,-1.1180528994213916,0.18378139167059154
-0.5088717335984745,0.5445342126958629,0.588185203964712,-0.8635285801232385,-0.3243275876180805,-1.202801688708149
0.9261801433203756,-0.19157175896686035,0.08934258667875011,-0.4097126105525803,-1.2594624583042962,1.8864325165239098
-0.0257600485204429,1.611063833177311,-0.18860216926166082,0.2749733280645016,0.7544045931441995,-0.2965004804585778
-0.8248576504991154,0.42851210748410634,0.3751822703089105,-0.5596952954753384,-0.8578559426722996,-0.5555950712831343
0.2342802289199795,-1.2431280475149438,0.4506432781352286,-0.1677023275206311,-0.07231588191056873,-0.265311215561641
-0.14875621138581477,0.24016133247159546,-0.1225365281885666,1.0256185577321215,0.23555098619240059,-0.9813725002404688
-0.07100014222693989,0.5197888115006807,-0.3803018892342414,0.5968458147950153,-0.22018887384443753,-0.2151086232140623
-0.4383967484448208,-0.4041405344141166,1.4116724842844135,-0.26410968895754366,-0.7732394199082065,-0.9970517748033724
0.2824305680741114,-0.26172212217864044,1.005493559738531,-0.052118630250189146,0.22669721106111163,-0.5946768747830393
-1.1682228502294345,-1.3793025197134219,-1.818283414439853,0.6930761043096472,0.7463320492977361,0.7905008079275561
1.8641106761548858,-0.5771562735234556,-2.8273780279307505,0.9677008220271509,1.2256558979870666,1.208664340122647
-0.5213879771777225,-0.3739554288242574,1.0053505648747607,1.107298515382868,-1.2214891445274108,-0.9500657520886996
-0.05482421029342164,1.5119185522985705,-0.2025925047710415,-0.3935063795404777,-0.9550764973937057,0.8193957636704978
1.3377610587120727,0.19532014368162778,0.08839398694868934,-1.3929044590307338,0.014926151141904143,3.264475715408441
2.472516086293833,0.05079414909709747,-0.23054900764381941,-2.103655937957668,1.1139810895813507,-0.15335881504625148
1.205842695987505,0.7076869513778159,-1.434958492944819,-1.6108205102626127,0.10453348501614254,-1.5754595887701
0.7408653410953304,0.9747437019375809,0.1523882165093078,0.6791884087799367,-0.7805829789134314,-1.4586531322758605
0.8238620402144425,0.17773809764217904,2.6830408250540287,-1.575020164350341,0.2452528374814215,0.48591243486587643
0.711790238549982,0.6986322279778919,0.8790629390274942,-0.7399448287390143,0.015493950375606793,0.25293806198872854
0.8600212928625616,2.4861934535602495,-0.29668715315488253,1.1528309001487584,0.16185266747555307,0.9394942905637301
-0.2353414838388196,-0.16383371207757763,1.798630683726468,1.8000495267101981,0.5649109516873067,1.0386059744660443
-0.6029897278209994,0.8191321879216759,1.9637988144335388,0.4534521421053443,-0.023692012723155426,1.3430721243144708
0.26481045418911986,0.14308524078311674,0.2409372823947543,0.2488400024093953,0.5833328022353731,-0.3055394118595109
0.29691068029185747,0.38743344825687126,0.8735787839001512,-0.6069126302517034,-0.6740620189435705,-0.4016617055640721
1.599759734404834,1.509200720793793,0.5527879331455762,-0.5401661991716352,0.7899124841283011,-0.5787997069565786
1.121658923067429,-0.08743334675109746,-1.0128104659367063,-1.5356258117654775,0.280358259673638,2.059814270161841
-1.2574174968901883,0.9385753256520816,1.0307502793031247,-2.8490830794154984,-0.568217474397263,-0.4016754175866121
-0.6639353002495768,-1.80123525219413,1.1923173562578382,-1.2064228241273205,-0.07210053354645629,0.4064780111598747
0.7762642100644446,-0.2145349093165267,0.3493334311675881,-0.8699253033157159,0.34682877330271955,0.1712890620005484
-0.12909564345583927,0.2011356968940772,0.08198640724334814,0.07910826465446759,0.5543452954018797,-0.6122820960178874
0.06665665560020141,-0.3193987501644273,0.49163849576907026,0.08915017937208715,0.6763189404231623,0.21083318072951998
1.1439835690669509,-0.8632156169984155,-0.35524858489839967,0.015504860194930933,0.06887784414706893,-0.11953023973688402
0.35825012052538685,-0.5429217000260987,0.5218617693343961,-1.712227386755236,1.0038535208993664,-0.30510485924398245
0.10986723603403312,-0.4675943224535418,1.6281838271329552,-0.6757106055563357,0.6661731181703991,0.15495110250307836
-0.46748826214869826,0.13071658157067606,-0.8518808238324509,0.1614840596248222,-0.21764563582514548,-0.9123031805844354
-0.036739113583151774,-1.3145110331935745,0.25280283506927803,1.6928559951323214,0.5582778711073866,-1.024251348994111
1.8692200168467377,0.138730648297767,-1.4883590185136015,1.4086140586358022,-0.8112522764807417,-1.3395628622498341
0.3387810161116515,-0.4017318688723512,1.6187703342702415,-0.7004287392075836,-0.6975885397378571,1.4831013298946414
0.0932646139785049,1.0752771986109588,0.011025709601402247,-0.5796822887030659,-0.6369371904249457,1.479869016828447
-1.6990308324086894,-0.6591175847987669,0.9120877035153802,-1.1895899245152646,-0.22218947231242198,-1.4616943234476512
0.7016645537312421,1.8494530182662525,-0.5981183119661948,0.9016543783898666,0.9796841416905232,-1.4649488127478296
0.4970009955884263,-0.9208093965888782,0.2887771203738993,0.5297037386386004,2.1854788012236033,-0.08915083059090467
2.155003931649023,-0.4708274305633143,-0.28772580602338343,-0.09270406818728144,0.4117169937524095,0.8268466397203338
-0.16732817246605142,0.15218846080469478,-0.8988435595134061,2.0556279457871045,0.10514037488175598,-0.6351759258471139
-0.7815704846587979,0.940486900821977,0.5493137621596574,0.2588597831367217,-0.3886928376391568,0.9622222218486515
0.11560567113655579,-0.27415746424586024,-0.8198439323118615,1.6654402814150513,-0.9462902238493289,-1.328827872159766
-0.6148878177619462,-1.6900203746030988,-0.9080425600804694,0.7437394246985677,0.36940919529990707,-1.0331641636445346
-0.03213304841984665,0.15106495573655637,-0.7657203763755764,1.0426838642421716,-0.025994635037906527,0.9468011057347869
0.6044339097724726,-0.030211374593247357,1.1898914786041885,0.19655951735524146,-1.0764698010204,-0.10069313716849079
1.8450518507046312,-2.0063597962186464,0.45830256640158157,0.06427987453762693,-0.7971208138778322,0.5688266651806941
-1.2604097981304685,0.40094784015571633,-2.695021176421985,-0.11131875401732355,1.3122635130147975,0.1974813950294553
2.159052017422035,1.7465088353585294,0.821300063107695,0.48857463456511235,0.906778885876366,-1.425471561289268
0.31410957444099835,-2.5893962851167505,0.9111894540894537,0.1690123830706517,0.40423210128099946,-0.009309109030229544
-0.5218037265274137,-2.207574300122907,0.4772775820211935,-0.6959217054357055,-0.648841595886715,1.202370352492968
1.9631957810286094,-1.8592675220719843,0.47917780249958053,-0.5488966749648336,1.1477551587041153,0.2120833447597852
1.7222909144449783,2.415368179030547,-0.5534072418865443,0.6119315125489188,-0.28099981542599306,0.8571392060569006
-0.7702249037220359,0.03593599664012825,-0.015736484057089675,1.2754725735714518,-0.7244919808301102,-0.4497903968236709
-1.2508256815435947,-0.2544051943877192,1.0003789758436143,0.5385642516247309,1.4693276265274644,0.2538957028714882
-2.0385503506546065,-0.870051619958012,0.40154770357074593,-1.5573572401025821,-1.5688928440256436,-2.8456035594312694
0.8914596022375194,-0.006702637250075762,-0.952607614278103,0.22055829632220056,0.402039268628662,-0.7297074556529056
-0.5512179930159166,0.2523178189643511,-0.9883462601593371,-0.026263362848038246,-0.24123323102175476,-0.8713399521647788
3.155231222298467,0.6325818499878058,0.6110653891737208,1.529562481801669,1.8616879104333903,-0.36434553657136093
1.7936411613873913,-0.11238687928082361,-0.8650303092626309,1.0976771464806765,-1.3986972064896475,1.490259344228522
-1.0686618217580628,-1.5088046650503535,-0.7286132092277208,-0.5773333189840288,1.381267295529283,-0.015694848711958937
-0.266046761465773,1.5309656004502787,0.7335505600520551,-0.29628282721179044,-1.309717562013064,-2.17873203955865
-0.9833073861954498,0.8916225131279,-0.9018786758471952,0.5205458001580098,0.8300097186503743,-1.0020361796384536
-0.13261857215556494,-3.225261760528544,-0.026578918551406795,-0.9725924338802225,-0.2361695138914195,0.19875966024171676
-0.15303952376454547,-0.334111412756453,-2.530115874302541,2.5189988822891003,-0.27129891152766306,-0.243262960455663
-0.16399670728261687,0.2334950676877697,-0.17391095751859353,-0.2675376907029948,0.4489214999815191,0.5411598665182509
0.03745573417272903,-1.576485741943291,-0.3947624965843266,1.9044749261279972,0.15966280618493695,1.2477280302100648
1.518349447277848,1.0844046669433638,-0.8648238730156416,-0.13158518887240706,0.5168434484504548,-1.3412286190619915
-0.3603179265013205,0.6818119830367934,-1.257524021142242,-0.5857442352924866,-0.11756069917095652,0.2318660690306884
-0.96631636672118,-1.2466763836654116,1.415358126547736,-0.3703279415884692,0.2012357847307943,-1.5961804862374513
0.045344031043932524,0.9853988138518648,-0.8042373520394664,-0.2052941432716158,-0.2918384709523949,0.433002818414308
-1.2668812649811483,-0.8392037272056531,0.11889015916247056,0.2807489161546022,0.14438490395066378,0.3892083112666677
0.9251681218771226,-1.7749217935657158,-0.9723258003868748,-0.38976711855662505,1.7163520092451092,-0.34015245028549623
-1.9061013604705934,-0.5833234272428502,-1.0288520728369053,-2.174419688274531,-0.7776571888384254,-2.112738445057099
0.28163736207804824,-1.3261340568482103,-1.1821053075713972,-1.9175879319977183,-0.217730534950249,1.3889787907858213
-0.4896816188799368,1.915578161881362,-0.16676826337276296,-2.1497098548696476,0.7234555784746348,-1.910236249083355
0.9825743544473944,0.7096227748585384,0.13361258809410323,-0.8104941560249878,-0.08616869322575328,-0.6966044325485147
-1.390079832135181,-0.9782778932400834,1.113905820608687,-0.07919265049242558,0.8446459467084588,0.22937081949702906
0.3175012138724407,-0.7008731760364667,1.722738677296672,-0.38566541348185895,0.0003782780317911847,0.7759015667448907
-0.3373423045463886,0.9651918881657869,0.2571430312864693,1.4164370408273037,-0.6187959828382218,-1.635037988134093
0.16241576567664998,-1.2788336852022433,-0.10308620569783576,-0.8165256683777635,-0.9296091929347664,0.6335506279656526
-0.09173837623433546,0.13496407734987456,-0.4820991271459972,1.3251412477719293,0.7983382216847837,0.4561329690270396
1.8771192544903108,1.142067150081148,-1.060092422545935,0.7431501072072108,1.2608272607247113,0.7353994685647014
-1.3576623236340284,0.5047326311719917,-0.029306898029909573,-0.536164097053156,-0.5592932370831458,-0.05922476460986487
0.6447725374618869,-0.37702284014340026,-1.685524767504026,0.4912957319958282,0.33298620026650805,1.484246029850316
0.620391026258801,0.6228178634962892,-0.332746026970469,-0.5356882162620145,-0.21666125383138532,-0.24651270979743636
0.7813297876669196,-1.5209752963910743,-0.15761558508551762,-0.49185046512736413,-0.3503335052178818,0.05154196916647078
2.06836942572038,-1.4257137866292016,0.6635223500428383,0.7443785436680617,0.06936828031800726,-0.3994452671553703
0.8463125050960882,0.7107442592341157,0.5802963183114748,0.055835757243748674,0.2105819446434238,-1.0233935858063876
-0.5421645038884374,-0.8936351229262446,-0.3313885827707554,0.25126505772003854,-0.10291090620066949,1.0477016160836532
-0.7737915955111893,-0.3277017759288254,1.074330481551699,-1.1936349112399165,-0.6925125818891334,1.4033628717135755
0.265603660185183,-0.20027488185985784,0.8107657724747434,-1.4977573211359252,0.8969045125888965,1.3952373980116672
-0.8399996794446923,-0.6707466705311046,-0.9408588743091983,0.36906215401902204,-0.07096087637119008,-1.9086317731620457
1.3749323328034448,0.06919053424169139,1.048434313124489,0.4780042708294388,-0.8149495547885547,-0.11200217007868657
-0.6260856982718959,0.16878845025580766,-0.2478805893361775,-0.4031941504135229,-0.3179777122606981,0.5350639414363624
0.265603660185183,0.852653456942299,0.8335059838382287,0.037874024127128904,0.09465577432964103,0.30049000188054303
0.5317270070574419,-0.15695325388146816,0.730617151332642,0.9825859304940927,-0.6220498500040674,-0.5769126956572727
0.6001451270075315,0.6798155387790126,0.8969654931688442,-0.763420692185483,1.864508593970434,-0.5697924317064397
-0.03055210681387976,-1.2521605432966205,-0.236329222559522,1.2503601782182578,-0.1659666792646699,0.6432685584086208
0.7045310360894493,0.4540496201661676,-0.20710691304056827,0.5745098518482378,0.7073117719123045,0.6141818036343593
0.7585620403868079,2.1853749715641704,0.5097666192729882,0.5222266000453085,-0.860473550861032,0.1433862811230502
0.11184204544490094,0.14031891265668517,-0.11142119504578472,-0.18045565604820119,-2.7572709098970845,-0.6560432541724431
-0.0262469128904097,-1.082351643293666,0.05233511313309345,0.8030986365208657,0.2081838619505008,0.5923001242095945
-1.6976413543190136,-0.13602089956327149,1.0636199648542441,-1.4307632660395337,-0.23222264119908365,-0.887505072464565
-0.07148700659690668,-0.4487836953323833,-0.873287759142206,-0.5565259847413377,1.744442358623464,-0.7298169825489932
0.3583485874766121,-0.24726002546512962,-0.9606475508437808,2.2143867578580347,0.035951409784102425,0.5005925939099419
0.8232602977346705,0.4325090373848087,1.2586428049003124,1.936606563150459,0.056833397115515855,-1.371242543557818
-0.9582913101954829,-1.3060948486453232,-1.4287321743344046,0.19004105721618406,-1.0967908254032286,0.10697899915519166
0.575862082755671,-0.30690884939785135,0.9656201468810157,-0.9370549291026029,0.7492621026308623,0.7079498615679098
0.4158532869981091,0.06208982055561495,0.35689906786822617,-0.3864082855308158,-0.3793527927028214,0.8910522541964742
-1.1917181588714425,0.2161332771382879,-0.06063787828639792,-0.5324538869315607,0.6976892861254682,-0.3896696107903601
0.844107939465661,-0.057333110249104716,-0.4752555138067824,-1.0697399006173036,0.7584627088823993,2.01682301668023
-1.018662492075187,0.22631554699151002,1.248839600683524,0.6923608997485471,0.5236967435375979,0.897445442384281
0.1779790143580265,0.9463509506560805,-0.3442440224247434,0.9165477871031604,0.594996365910732,-0.6949535727484967
-1.513617563232368,0.6928752748499208,0.6889291135137748,-0.9187017010328125,0.17369429753807708,0.31545134202877256
-1.3093205209636054,0.5417577811065882,-0.19013785353804522,1.6241424056656473,1.3269797955864828,-0.7201781078409096
1.183435994195287,1.0630277602600546,1.4011220815541394,1.1177927935269483,0.28560729934258505,-0.7006051267295805
-0.03805747665250106,0.09004408154972365,0.34700825412223535,1.0293301512281046,1.4308324834971156,-2.0466104388778197
-0.02667907339862999,1.431771822949884,-0.9477971462202072,1.9936638399830813,0.5851458388776509,1.1295520643042043
-1.2858853865695543,0.545352593186149,0.40422633975119343,0.5294422808783489,0.7458520667218378,0.35573963422789096
-0.5802055693823585,0.8825233344914629,0.06806656215976875,0.23791411145474678,-0.4070753499418353,0.2937954877653365
0.06982947958445392,-0.3160120694194294,-0.47912040315285476,-0.23313178617871452,0.054499144870567465,2.3417759439074683
0.23715218166434598,1.5620034383040942,-0.0546663322149491,0.7220010794894989,-0.22554711105661307,-0.8413961113397099
1.3656545578426165,1.0521160203895727,-0.5005988358944903,-0.45892477120340813,0.4702548974467806,1.7788809981066558
2.2207798550743054,-0.7933905852901738,-0.8635560523572982,-0.7881747935709268,-0.014661506164315635,0.4713358777698861
0.793424811510317,-1.0832569135643983,0.26167254464723927,0.11489616019719866,1.2362282613679705,-1.9782235039483942
-0.7121950471272527,1.602475889760728,-1.6928970590367596,1.5695765861145217,0.6901047453783892,1.2272517484534453
-0.25113448873975563,0.7631206106124293,0.12166043289646535,-0.3546432427224564,-0.02267340624059251,0.6340957231826428
-0.7863625429522857,-0.5450979859224931,-0.13980668250987305,-0.47524582229011375,0.06060818920734201,0.4289775780200438
-1.0056046802641239,-1.0198233324506594,0.7946476331122496,0.40572572555241726,-0.20538003766147864,-0.3504957166699386
-2.1305348942670306,1.41490106069457,1.0517584402040556,0.8351445043309687,0.6620896166679372,-0.18259640206844593
2.0212037560786023,0.8447646731544655,-0.5261133490162963,1.729958096348249,-0.8182586612913114,0.34582194839485
0.5438384420594192,-0.947551242041841,-0.0954812957599618,0.15758709396019366,-0.0274236339436072,0.8126074660924922
-0.5653808228352476,-0.3212982011789186,-0.5504355669359745,-2.042650510607879,-0.8570449762386635,0.36278355099150383
-0.469145789161151,-2.317590907020757,-1.121060598827514,-0.5670769812355193,-0.21820385349388088,-0.6589970946821303
0.009584116586924664,-0.9564079375700452,0.013227024898563271,-0.7545421953322355,-0.4584670425719173,0.16489570452850846
-0.8323630203377368,0.38108645289888177,-1.3913500945259165,-0.3112523215166903,0.3007027319761316,0.4144335234959968
-0.29433412840121764,0.0494503885389733,-0.520410673568977,-1.565393261950573,-2.033530080697279,0.20358832358622714
-0.49901409770256255,1.105450180045414,0.5234800281095782,1.4392433510676335,0.4140643156826085,-0.6410922403621651
0.42251074697881885,-0.03959951226701038,-0.2315952869639303,0.4712215861813544,-0.756288318051175,0.7824655627196331
0.9849758539802722,-0.9037224202287384,0.02662725484338292,-0.671079068089115,0.24738803002270152,-0.8139930575058598
-1.1578127053293377,-1.51776845728469,0.29826110366241426,0.666529149711077,-0.03454783970587669,1.4346582778220192
-0.336209934607171,-0.6514046012643873,0.21292338017525997,0.22538488957881914,0.27346396840739473,0.9481910985381015
-0.5641609267171745,0.9919478784667151,0.6070403858604674,0.3278555809795401,0.012026737285068931,-0.40539459209505585
0.8639107374363404,-0.6956658512871607,1.06438428247115,-0.5364601391732222,-0.0708294366782699,-0.30884316287029534
0.44860448905620587,0.8286819810009086,-0.3717957088522037,-2.201378888442171,1.40117295368783,0.1316956815609708
-3.2025391219808976,0.9113283070569668,-1.9869811014674101,0.05992639532337459,0.12717075045494036,1.4379921614255404
2.712737154604996,1.0797065567213509,-0.7954179927656491,-2.1960113957979575,-0.5904640380672223,-1.676715257431152
-0.19949404320295616,-0.5581112460643273,-0.2584682512915291,-2.2375734960563953,-0.09653808891637916,0.7312355843869871
-0.07867509403711291,0.48678888116275465,-0.7038448876133214,-0.11470110440781359,0.12233672173876439,-0.7386761340988559
-1.6200493967455312,-0.6314159103757153,0.8182649467739154,0.09762196415382218,-0.21232014818671716,1.5875747531782065
1.103902049527944,0.057543262276247446,1.170767426084313,-0.7340378200815877,-0.1743314500768657,-0.647507774068189
-0.2503358123575331,-1.3434776611645671,1.012527497227413,-0.47958131763727463,0.3411191940987011,-0.006814198065020414
-0.6936668491364947,0.8259681908812722,0.7582896784900474,-3.147018347339524,2.3680830067915584,-1.7786062498031872
-0.054681980252717685,0.6855078297447844,1.5979323573973108,-0.1616002630738129,0.19994100309527338,-0.24031301348323972
0.1631323862661763,1.1483898971283293,-0.19386075502643602,0.8693263022036194,-1.7988554308963651,0.5635377180178577
0.9125698225051785,0.5913455767402231,0.9817040480366973,0.48946137755092956,-2.3042501042138035,-1.0444417096881535
0.7711001655107952,-0.3833758975791106,-0.47983034244128164,0.10244994078482841,-0.14404702997879,0.2508357211502943
-0.5596259765741449,0.1007517314707838,0.6610924443648628,-0.23666492437801623,0.10085731844867131,0.059799315282675666
0.22389743595083234,-0.1565632602157306,1.3296780209924042,0.11025078898604967,-0.49308000462217005,-0.05430621133981936
0.40456788030925295,-0.7251315903226031,1.2734186051543448,-0.84862687116358,0.8407586627375826,0.20319135206951308
-0.18133783147241075,-0.5432611763776399,-0.00854847463752972,0.5830853897094486,-1.7682858677311522,0.8058990706705206
-0.7200942847708258,-1.3410407059268337,0.5735664966596136,2.144746307548146,0.6272500236916747,1.2311180309567908
0.35422938668327375,-0.17343604316360556,0.3076131691540764,-1.2805564744651396,-0.2128558976238913,-2.069717397551201
-1.2439220541847456,0.2768409439769676,-0.9377139943123816,0.06565771543290178,-0.33570928103051595,-2.370913314666168
-0.3659250723355599,-0.18046603260979954,0.4494509829331102,0.16088782526150108,0.9545677593571006,0.7672348913632562
0.6969764327752409,-1.3113001527020494,-0.9382174973538191,-0.3017319389451734,0.6454288792926617,-0.1102627746269657
0.3384473225547074,-0.8700091854140787,-0.547489067137486,-1.081539392501022,1.3139003672854919,0.17866155945240794
-1.4556259993409042,0.9115748315503407,-0.8077729503964369,-0.6278417014409489,1.9913433437032797,0.9591040063527245
1.2253282115597695,0.04270733743752538,0.35519521357600914,1.7753383099309272,-0.6812913850728203,0.20491906690943446
0.9839036582890625,2.0931000454186965,0.5649596156692883,0.1112454351744928,0.24857512132746235,-0.6293076880530616
-1.1852029289313346,0.8740020739296401,1.547479338633105,1.4617563859366918,0.4196574088945415,0.8068712699969695
0.3910614968314914,-0.3000061635834947,1.3514726536440662,-0.19490223483262356,1.6757715085771212,-1.461787260489309
0.02953461498446744,0.2576463852677736,-0.7937322645829125,-0.9261428718918893,-0.19022807379461948,-1.1992670340091727
-0.9781652231864888,-0.13675239027309244,-1.0810915203921256,0.617329439429777,0.18263877456246336,-0.5539145867430627
0.9417050992984837,-1.4064666899132126,-0.41161172236299315,0.6266492327143195,-0.5304197508727759,-0.8827512327492175
1.688516750171208,-0.08936917023181995,1.4730233228774943,1.7761807849361582,-0.43525901730350064,0.0128385159181017
-0.5161199952866375,1.2888058030283225,-0.4083832608612996,0.07959106231757336,0.18923296906073697,0.11221834603896402
-2.3350288704382947,0.31118059348789573,-0.2028301582066056,-0.029345520995279768,0.6291741634243704,-0.8644680281777085
-1.275387715490653,0.526079227466753,-0.3927021621387681,1.8195288215357515,-1.8683096007933797,-0.037930501459309866
-1.0945750410914774,-1.7204439219160501,0.33687273789809835,-0.04474386136197245,-1.6254659886113323,0.9737232230743923
-1.5123210817077581,1.0962701737062326,-0.19720300821549255,-0.19560637239857062,-1.209722778196005,-0.20500286260273218
0.9611796740983785,-2.0316568464850358,1.0515640880300627,0.6461658786484948,0.9781240153001975,0.08014863386763683
1.1165878750787945,2.429670641031149,-1.121363707658465,-0.06727626347252277,-1.5026929180975879,1.0115975221697098
-0.8453934802179012,-0.921270114494517,1.4515952404399932,-1.0969591751707946,0.061442948066348646,0.30930056885672386
-0.4690473222099258,-0.3277159207768094,0.9026631335857492,0.6896702365544763,0.35015705370121847,0.22553026819647326
0.3669097418479141,0.4366393329950506,-1.3506529506926022,-0.34066977798040027,1.4430193621067962,-0.9794463842842991
-1.2600049895531977,-1.0087842889483587,0.8493461895218526,-1.9055235239177728,0.743318474862336,1.816402508868994
0.04536044220246157,0.31408432870898884,-0.8966351951736631,0.7651499101765311,0.45707925516138115,0.5141769761404807
0.163176149355655,-0.489237960555911,1.4978782470150172,2.828517835691554,-1.3868795088079402,-0.19591246879621957
-1.5035301711169475,-1.1550177687533627,-0.48902632199009816,-0.7175742814324158,2.175075331765421,1.2537863741931468
0.37939316311010396,0.6291305070806275,-0.06301139162373619,0.37148582595526475,-0.03607039344256243,0.24116925311290563
-0.3202582885070529,1.2573314955796766,0.15143558875491178,2.221400466029726,0.815388778033025,0.5940622037479826
0.9123345958994595,-0.3472216661415765,-0.8803831240021396,-0.5931466716685602,-0.18058001922486447,1.41660174483298
0.24738180382047045,-0.16137250852901713,-0.08504569172312994,0.20050628449800703,1.0372338738283582,0.10083008810965052
-1.515958888517289,-0.1969710495101841,1.5936022312409481,-0.9522305461920344,0.32005546924118505,-0.4682797895859482
-1.2616461054071215,-0.5308561446989493,-0.9290325948719198,0.7637181176799434,-0.1163194558754217,0.7250639892547868
-0.4280467777927317,-0.4158706547748848,0.5732502967495965,-0.6126522506075824,1.0104070744900504,-0.595362475909995
0.0,-1.9278821589316224,-0.977510874707602,1.4381421850509393,2.127971540179924,-0.6287959418291639
-0.5083192245943405,-0.4896420990696326,0.8108856061986092,-0.13941785468465456,-0.6141378242853315,1.5780689358740267
0.035541099009818035,0.7760368775109739,-0.11686406292372416,-0.9689998105820249,-0.051071409980858816,0.7841155760985098
-1.5424246168549396,-0.5477572173427923,1.5477512302754812,-0.4248674770261257,-0.0766178969233286,-0.8719006215308244
1.7603921541869072,-0.02964153928891502,0.014797954387848289,-0.4942865874331475,0.447168568819263,-0.43805595264631464
-0.5990838720886915,-0.2605218307928987,-0.37534641230041726,0.06288266640086008,-0.5675078572362259,0.1819790224857325
0.835388143895126,-1.697066529589838,2.8195646677337196,0.30466330928360325,-0.31980029817053285,-0.4503475112209107
2.620276687394924,0.2594569258092387,0.5821522305222115,-1.4231367230118177,-1.4331513944723107,1.6236102869794578
-0.3217134112308449,-0.5195746180884158,-2.1606393004592057,-1.0937621969489437,-1.3378061673312784,0.1372563299111532
-1.0315507219146476,0.606118860109307,-1.485651179156747,2.2142442702955623,0.09176960241090795,1.3318605991201127
1.3904627591677632,1.7886726064950917,-0.17798731814207908,-0.3501071580883468,-1.2242157457091098,0.9458752902870544
1.6124400895694742,0.062116089559003086,0.4976885883149815,0.24185949522312467,-0.2588190846434287,0.6303459082287712
0.6366326028264354,-1.1399434021915487,-0.4744901891837974,1.0733090065508268,-0.2169622872242457,-0.6862100423269509
-0.3182944198685038,0.5620051206440382,0.31716059382582,-0.47044551314696426,-0.7835615967854047,1.7632570794865956
1.190241154602911,-0.7767178509065986,1.469012417649405,1.10585565589114,-0.219721024328899,-0.36723724976905114
1.5937258984485845,0.48919956739709997,-0.4463997545019989,2.286594751041014,0.06725054990973668,-0.7612969084669042
-0.38075528926883007,-0.6670366789751295,-0.28747808252699053,0.9812758749440721,0.11321674058840561,1.6759858116889192
-0.6809536716547453,0.46712350108505996,0.8807214780459912,0.19537258212618863,-0.11883737272526976,1.193888535489267
0.3416037353803799,-0.7707224560555356,0.4280098094165336,0.08906441015972859,0.18889559031581757,-0.3650115007277642
-0.13607038583501505,-1.965972213849879,1.0391718711742066,-1.373830492902273,-0.2078015359766563,1.7809354315083161
-0.060792401615503824,0.8400544387770295,-1.0700003553953366,0.693359696060179,0.932532732956875,-0.33426846905816326
0.15714231339935472,0.68067029173553,0.489648651749313,1.0841933962736774,1.0826593843319243,0.5776297836508053
1.8328091264343707,-0.34217195541263695,1.5276070805936552,-0.6365915444756521,0.8306551070287158,0.15338302269098386
0.6577592342526235,-0.46322356442764695,1.2747206640195003,0.7219457445137853,0.8506043559249659,-0.5150724897112514
3.0735364750901244,1.5418753196281807,-0.055188968371964985,0.16079652255157892,-0.4006252987844168,-0.8689134320280448
-0.31044441570056874,-0.6580001418083117,-0.6514946693889848,-0.8976937775031663,1.7194295863813378,0.681793586079752
0.915584005290198,-0.5460275045040527,0.015109119267460417,-0.6478508286589695,0.02746283223355144,-2.09954223156338
1.504722715304122,3.2528684624008672,0.3605967942045451,0.9083941784317653,1.0330483878708991,-0.2755737333689083
0.7031087356827154,-0.18755058075533088,-1.327520006956805,-2.0101813302335727,-1.024658155933818,-0.5384492874454632
-0.15317081303287974,0.1895328801651276,0.1291978734267848,0.8121528219219933,-0.16062321273467003,0.8222981417746132
-1.280245418418257,1.76070622134556,-1.3175496397302537,-1.3624619221419227,0.13345249980881763,-0.8899429346446405
-0.38559658103790506,-0.22550726996406692,-3.1285584422274235,1.9946114514421758,-1.0463100812223571,-0.040488047589199105
0.3766196773169627,-0.43569364887292705,-0.23073832478739803,-0.08248784829616938,0.13260068791732765,-1.6745020354228057
-0.6073550959924262,-0.03569553422445639,-0.4839701444479771,-0.7048278697768035,1.2355443421794932,1.492009066018202
-2.073177895172397,0.18185424840441802,-0.3818708047113682,-2.0789073700697873,-0.3112126106344777,0.11458426242175838
-0.2097838396070884,0.14105444475166592,0.6156855330819494,1.6073772913988327,1.2631513177538995,-0.5176100603021302
0.4729586483284439,-0.17149011622004004,0.3307007976161536,0.14898803873431493,0.12855073265805744,-1.3754778656801143
-1.2423520533511483,-0.2428811846689528,2.585583783359464,0.18102145617487725,0.6510787836487948,0.0886854682457233
1.233626787394454,0.48201600531569927,-0.33936709196537224,-0.6928851986434316,0.9716078836419095,-0.2981611587438641
-1.5907390675944129,-0.10392017741835703,-0.3745710176166035,-0.4696666733637988,-0.7048434423526176,0.945962810233383
-0.6549802780733229,0.03982582983469822,-0.012589590048105264,-0.7137976693399668,-1.1469138219392705,-1.7747118661178531
0.5608841653954865,0.12220542447169634,0.6752509498900854,0.010051598338359129,-1.88854744857964,1.0307037866620252
-0.7553782756301857,0.47320982710171033,-0.8996260032398019,0.2672651659476031,-0.41162568897432433,0.02118287412795206
-1.0587111892970849,0.47734618478965424,1.0876803611923749,1.8972855294084132,-0.9308674892627846,-1.4916396878307854
1.5006035145107837,1.2637956911066603,0.006343131316033446,-0.442789092285348,-1.4399703681784202,0.14124043423779717
0.8311540649920334,-0.8728159273918824,-0.8853849232157817,2.0544631445483317,1.2977030654463884,-0.6524962417247592
1.6258042430065829,-0.5927156063017354,-0.8505072675354056,0.3711136982435989,-0.2094645834468673,-0.8243664564830468
1.0343242077077888,-0.2783847530993915,0.4695709644689529,-1.7729492223544927,-1.592771105146499,1.0293071917737822
-0.1520275023212925,-1.5676937085772862,0.23306652285100693,0.39873415137100654,1.1096865998651224,0.2310927786731711
1.603829701722585,0.09010066094165972,-0.3968510272002131,0.37323302781343,0.7840349260948417,0.050218674349325275
-0.08550213598942537,0.4126577535907984,-0.7872199562449579,-0.139946303702715,1.7948459658234381,0.7486799856044012
-0.8698679879861039,2.0710987447316986,1.3766397496672802,0.17132953517865612,-1.8722458476378239,0.5537172013321885
-0.5366831769363221,-0.0038494193431978167,0.897323987334344,-0.529371037097119,0.6544852776085206,-0.0864392358127428
-0.3589886226596525,-1.2058907248606245,0.7967029325273938,-0.7461713968811751,0.03125578623560325,0.19902949930254726
-1.9197499739890589,1.3842229061179818,1.1713555176367063,-0.38485890621083674,-0.05603542500650464,0.6658057063676044
-0.39027376122158763,0.2402542843297627,0.48842916738294573,-0.3262730006741278,-1.1214388737599634,0.22519542399174827
-0.7084095398909094,-0.781783727176102,0.36128961438956125,1.8742841633786984,-0.07573256032025207,0.8313155740784864
0.15003081136568533,0.39517270079463906,0.29817349413321165,-1.1396833099192165,0.05969255763368,0.37232153229917664
0.13167219534647912,0.08665335941960357,0.4192397934407714,-0.2981393156469693,-0.12311870662982169,-0.8354332436617095
-0.9472192485677081,-0.7861969197459301,-1.3916511893447,-0.6388920960909399,1.6934666889316645,2.026869866379903
-0.43870856045707646,0.09360050047047334,0.22595001086332736,-0.515881061705356,-2.0042411421362014,1.1579853819549957
0.32674616651621097,-0.9643654249052188,0.2916098284850248,-0.9218502611509076,-0.1859032783420031,-2.3149856989821593
-0.07299683318254706,-0.8513763792389539,1.5360729807323779,0.1439663896883113,-1.3653348755154402,-0.7921919573740451
-1.431917345637866,-1.696015769454162,-0.722975989175779,-1.3307065629543158,1.153039660929246,-0.8136164000966063
-0.29686144681627036,1.897616225639019,-0.9712986541823423,0.6099283864280912,0.6937978896177206,2.413348808024372
-1.0597177403541787,0.9361363497217682,-0.46472625820423563,-1.8942158216307123,1.233999998456857,-0.42595145314462546
-1.4660634961718488,0.84438074156643,0.02146433465648086,0.03570627645354845,1.4074561779567654,-0.2160141245543263
-0.8954529841487338,-0.044843209482547566,-0.22460968576702448,0.49418283435368465,0.7405786425083375,0.9725758145710611
0.6424530937217052,-0.13943182861907763,0.07203517313238479,-0.10431196271759673,-0.04067131021912134,0.8302272457710295
0.4898566712376988,1.7577964240467647,1.209035671245731,0.545829733935921,-1.5689735337216397,2.3025780114265473
1.0887819021271572,-1.7771384933134822,0.4139308573718524,0.5477858253273868,1.4728583147944663,-1.0806241822000655
0.6295758046545634,-0.9180309443070426,-0.5161691639479056,0.8976232254091302,-0.8636984472500989,-0.30058547818562453
0.15473534348026663,-0.6240545273482809,0.5226472340790387,0.33841487772007356,-0.7308430834890735,-0.5925821517349078
-1.0584103180571989,-1.021797549090193,-1.3126012118390116,-0.3001687258812659,-0.9690973090699364,-0.486294340086226
-0.8596657177608781,0.3814804879497603,1.1659317828743454,0.5563807304300897,-0.21822828110164946,0.5350549693722274
0.42906426962219496,-0.2799831209211527,0.17780505004107308,1.5874829842554279,-0.07364005418919713,-0.5998185446667488
-0.008468157806236162,0.9334084147541477,1.5784377266389296,-3.065713975836425,-0.0875440891966498,0.30672152362976685
1.8264798896243946,0.4244949706577178,0.9247226088372148,1.7787690784251666,-1.7894872549159158,2.2529325334762005
0.6600403852895876,0.2451120292646845,0.7452439146864016,1.5451295938442777,0.9356159406082486,-2.424811551014382
0.08628440121311881,1.3194172747501505,0.7577096429863057,-1.6728696935917877,-0.1708325639929152,-0.8533084732416211
0.595894636945859,-0.13270292236561373,-0.7491047760081387,-0.6100764074881211,1.0054815687429353,-0.026719991970326092
1.6935385646842043,-1.7867812382508823,-0.46661942964004066,-0.2466570376174859,0.5147667680503024,1.1364906862774518
0.43661887293640345,0.4213083384770196,0.6590965583086026,0.4522638235018909,-0.7943585671212928,0.815484112993818
-1.001950462296064,-0.32598822863064975,0.9520316067986966,-1.5803904237433426,-0.1520132938147282,-1.651427410037135
-1.0221799503887534,-0.13102978891881026,0.10322114451293539,0.21551589666030438,-0.47746799644718896,-0.44247934954689216
-0.03555751016834708,-1.1943000322870978,-1.2569570767175853,0.05246724059718701,0.6900554595307182,-0.44972234456366167
-0.5910314636320956,1.0048702074429618,0.1394884685876789,0.9651484962723639,1.8856849398966389,1.0637604258877076
0.3584634655863663,-0.364508691066016,0.0879126380410676,0.36231820385393454,0.970654377972115,0.004720152153804976
-0.5636193584853593,-0.8387915059216496,1.7239229164501386,1.9162737263245218,0.329764329068178,-0.06862427141831272
0.3742017666255049,0.44017352429753426,-0.775924369013347,-0.029427140084462393,0.3769460758356245,-0.8267266172020619
-0.017931925897196232,1.3789428364361946,-0.28162234215507237,-0.9564152537303773,-0.7247932187732349,1.2126426887855037
-0.6957455958847981,1.0697526251283964,-0.8010260096411743,0.7722632213044962,-0.3798328937025558,-0.12294571833872951
-1.702931217754838,-0.5126092908044211,-0.7492346797928334,0.0628300981739348,1.0537694372082564,0.15634922094937878
0.30251782612609684,-0.6845762904706449,-0.3988015979827439,0.7935353693431759,0.9514191925136763,-1.2508833189521231
2.005219287661426,-0.32110623538490085,-0.7837719674171995,1.2624135193030568,0.939923726091597,-2.2774911044122104
-0.31750668425860007,-0.562977073769531,-0.691510070104191,-0.3890297800052447,0.35418205382835793,-0.031345514240182934
0.3183381829579316,0.8985575300233656,-0.8788111875067754,1.5111580688793411,0.5022382797349926,0.47964570199704476
0.7454987581895852,-1.4386037845243393,-0.7725136394106569,0.6410363263998395,-0.45820822189393534,2.070801155184478
1.8163049713300676,0.5244788389524306,0.4122239820613793,-1.6034817091085984,0.13646325360374523,1.536127752464142
0.06623543586435081,-1.4588693102949142,-0.2591661065069596,0.34151086961124344,-0.8965913030724659,0.6850071085965432
0.2585413916271517,-0.49389363623397203,-1.7642243068928756,-0.06242615285122339,-0.5885830799717037,-0.279534645756202
-0.48998796050598215,-0.45809302599594426,-1.2035625931853053,0.12530881925209636,0.15337000035103437,-2.1104300853121214
0.27466261969887246,-0.3875607518886898,0.8743058422919888,-0.4527763637144414,0.32612523992739223,0.8899530916983668
-0.8147374360665859,0.12530112548680722,-0.6145184130318935,-0.18700247536231565,1.0618766684730665,0.15915070565308367
0.39805812075535557,0.6083699116307436,-0.34431149183228854,1.2853484833619309,-2.146576689295577,0.018873667961833384
0.6747940168163721,-0.0017014231427715126,-0.5618378968123758,-0.48604444280061854,1.5568160995840823,-0.02805733737846185
0.5192545265676216,0.7007600172526322,-0.8484197439256076,-1.7225999279527426,-0.13090121973443444,-0.6180856672365113
-0.9035382149224387,-0.3201241787965462,1.3118197751186949,-0.9458919247240525,-0.41989055313156887,0.5641273349870408
-0.3617292861356847,0.3535403718036168,0.5155679813164273,-0.6958041186123207,-0.10471290789452718,0.8163664223947317
-1.1336007760978037,2.1039733921303863,-2.651438960161243,0.0734156790279373,-0.8649106659398444,-2.772329558098367
-1.7788601779297082,-1.3231535353095139,-0.9284646434411746,-0.5916332600828026,0.17800215838204617,-1.3499941564332882
-1.2992550103928733,0.4355724073188106,0.14656167931379674,-0.27695985369261245,0.2450048579673979,0.11043324384544295
1.3034562669789078,-0.46976050488709314,0.938000991046001,-1.4140465698764815,-0.5185229030049485,-0.6605512931874596
0.6485689854706508,1.531038345382741,-1.3409464190597755,0.0319891494600018,-0.7535867581280375,0.3330354027350109
-0.5335212937244392,0.3834425804338709,0.024729048377163523,-0.06421623931556152,0.908182380593966,-0.43717279682425175
0.6062117852808899,0.15507400979266292,-0.5873221997516862,-0.142888741036285,-1.065418951510261,1.0624838535177366
1.1608815919762057,-0.6644946477238246,-2.3693836053905346,0.31399970306086233,-0.09161163577857061,0.6940387607756396
-0.4040864863254455,-0.5980118415240677,-0.8465154954228853,-1.4044611687084985,1.1141214971884477,-0.17413828485679403
-0.7146950136114066,0.014959187085399615,-1.0461866755475102,0.33491909062936814,-1.9143913408392457,-0.3652016069167938
0.0371658037052127,0.6962114382806848,0.648221899619641,0.08447160717550489,-0.020479830747826024,0.7395266180647425
-0.03956730323809049,1.0374862061928525,0.2481252918143236,-0.45924986418572517,0.4274986171589385,1.321350757054457
0.3576921411350426,3.3900957154275826,-1.3230801171374051,0.311804287899438,0.0514101667486054,-0.496662660536542
0.5841934809074135,-0.34879376495994957,0.47197468798876807,0.7192799820587831,0.9650447484862582,0.6532639457027223
1.5740270378152896,-0.8754872829675668,0.5277054256333273,0.29871203264560964,-0.5004282467518463,-1.139257975566915
1.2936095718553655,0.5215185243394203,1.122220669834988,-2.653709805602116,-0.6940191053446524,0.4624327123205056
0.03169541752546699,0.8668912567807207,0.41593379247069456,0.5654722669398267,-1.7051419873326572,1.6996092565446113
-0.5915785022500701,1.2628116138257446,0.029211232452036447,0.22064959903212275,-0.5508871040545366,-0.9555608874423044
-0.9303704591340913,0.6918184526365427,-0.4124304183083687,-0.11567915010354007,0.34302226515427037,-0.09421801541390944
0.848790590035503,-0.6588548947648478,-1.0705562227530854,-1.5738429127420341,1.4487689685676162,0.6837268119735334
-0.043604448238732635,-0.3161818075952,0.1483843603238005,0.5094608211481978,-1.3068162856722523,-0.6287287359902959
0.8446659188560052,0.05300882815228407,0.5805118176132044,1.8355939483597818,-0.0424892022387021,0.13330049605073055
0.500255875365375,-2.0073782252732135,0.8744407811070979,1.3625269407383886,-1.5377529839603532,-3.3402964286805816
-0.9393309516965046,-0.7036213179297733,-0.4044589581563338,0.4676497134990429,-1.3104986425766434,1.1193227262057965
-0.6579671089274437,0.8882317909977798,0.38687663194933614,1.8178936730034136,1.444277120144647,1.256544691418483
-0.23481632676558437,-0.43954913029384574,-0.4729242947249267,0.014407844301412606,-0.1960958349470447,-1.8680744883232379
-0.901913510227044,0.17383209890704515,-0.9587483373714729,-0.41193845995064965,1.1959268856830565,1.1975763924153668
-0.9784387424954761,-0.42004338492905985,0.16750539182542934,-2.427987372671452,-0.2330634612053689,-0.8108249031624106
0.804042831085183,1.8119974608145275,-0.4642831755277706,-0.9828888894861231,-1.0596160650887345,0.7710505578821635
0.7640378969527128,-2.365810693785441,1.6125571067389026,-0.5947417023435003,-0.4896971846639762,1.2366014856986038
-1.3731708684536075,1.9013423827355205,1.0589756528000227,-1.4588236322238743,-0.5668288149566593,-0.2354188371421517
-2.2953412187042397,-0.23969657318081566,0.8215588636709958,1.1125539547012664,-0.8658877594847452,-0.81684498890977
-0.5917426138354626,0.6635125911354888,-0.795752318785156,0.23951467562726347,-1.3051360882773295,-0.10331771985301506
0.4991070942676284,-1.6049471967721316,-0.36326334631199625,0.2577890513566596,0.5268618789523511,-0.5989954847459423
-1.0502594426493779,-0.36689108760441214,0.4499272968103082,0.3601808904169991,0.07300098533741403,-0.540857524885477
-0.24204270690900806,-0.38208265433520167,-1.3194508672147198,-0.34322625385836314,-0.05620825921324849,-0.34614392699817614
-0.44949069161733485,0.9612171858833317,0.3872462031817531,1.052435270337295,-1.0617504178973522,-1.7323957181409975
0.3332613964562677,-0.7204658111816991,-0.06862847155401113,0.35374059093113575,-0.3028673905211398,-0.428804400253902
0.8146553802738897,-0.13110253385127263,-0.7914936900606833,0.9024283763626559,-0.3507237978861943,-0.08490332000413353
0.5135981472577952,0.2008911930932832,-1.4544480886727857,1.3783762611571415,-0.8910842501607864,1.63400213793759
-0.8409460562537782,0.30136811037472505,0.11503735388939451,-0.04846168004271938,0.02670380003520468,-0.8299787365230339
0.20821930915965056,-0.35457092501360676,0.14040182310484842,0.7802867927829658,0.2551619412504507,0.27884362753391717
0.3462371524746347,-0.4671821011695571,0.9591309996829654,-0.9344548769312605,-0.3279669997329666,0.67494976327467
-0.6090782676390462,0.3325170863198139,0.5815017045926687,-0.7744164435469545,-0.5355290611802346,0.4141386303692927
-0.954369043304595,-1.2458377962494394,0.2289448469538014,0.9903584195202505,-0.3105893136845816,-0.6239698177480772
-0.13743251199374115,1.9744530605603297,1.2149709650981908,-0.8487755839108102,0.968246466100745,-0.7048380788726782
-1.6235723254452568,0.9126781296927929,0.7014834583489795,-1.0928187356130317,-1.786791045597033,-0.9340411376988867
0.6183560425999254,1.2645473887421863,-1.1496857537393246,-0.5045519171152028,-0.18011236349378518,-1.5450128045010276
-1.2283095720277308,0.577028969891637,1.6417361149962946,-0.9673798791680097,-0.4145866078656136,-0.6291382345399507
0.4268761151502967,0.10155192572794494,-1.1724430842062115,-0.02376844713055279,0.4941054366240458,-0.39178295510366984
0.35008283395898576,-0.31011972988937664,0.22232680297714494,-1.249640131846788,0.519071302261042,0.3597340648924943
1.8303201007225862,-1.1423116538819607,0.799538661656766,-0.13402615298856665,-0.8297677033913985,1.1526319375009637
-0.028194370370429742,1.8685748320429842,0.961736124419365,-0.5572854572830112,0.6326149895309348,-1.7897830717306205
-0.5667429489940247,-0.16291833834400207,-0.30867656757759804,0.03830909537367917,0.12768357949681428,-0.5721442974982438
-1.222565666538998,0.35489019443944303,0.07384577006939219,0.7200560550931732,1.1800592758052892,0.6575927127193595
-0.3620137462170417,-2.0214705352466917,-2.0720257861844518,0.5177084992782969,-0.21680885299511093,-1.132227093688934
-1.3139758196025486,1.6663237128510318,0.272979208945758,-1.944266998850802,-0.4622002355996555,-0.7078035999941571
1.3299219953165073,0.31924113614406086,-0.4390999674072342,0.8414229490128737,1.252565184910529,-1.2882937792603164
0.3606297385135762,0.5096611003468148,-0.7624486136123212,-2.507016784985525,-0.15876517503445417,-2.7881991081345254
-0.20569746113080817,0.35571665770001115,-0.3532446427934784,0.11079860524560856,-0.46944140104935955,0.5786082464937167
0.3061009290738303,0.24081199547869092,-0.2545520046352244,-0.6603779754733157,-1.16709589209845,-0.42712916352492647
2.5147091748982016,-0.9749962885086568,0.738496973931139,-0.24844366564584192,0.7964674911024331,2.3282015494464305
-0.9513220382025174,0.37204183296178206,-0.30468378845899863,1.3276202546838984,-0.2731298194034764,0.3863416521348432
-0.3176872070025724,-0.7054076101604301,2.232947372240046,0.3484893017359197,0.6779556978016283,-0.35331463764921445
1.218927859729467,-2.5890426639172444,-0.5273529735043211,-0.3707581710246368,0.07597573828598818,-0.7970830865990184
-1.6136599856875473,0.9420105030187148,0.46209092328534984,0.11537757448590387,0.05608593815575397,-1.1738613647918572
-0.7288359618860493,-0.6420508153642943,-1.3940267166941964,-0.23448472633490797,-0.40676983797478783,0.5927229962133314
0.8091302902323465,1.1539185119960325,0.7893094938669236,0.2529223402426564,-1.2796421815183499,-0.17153164630052387
0.01206220152633928,-0.35212790769815244,-0.0614565742317828,1.0153566864860355,-1.6263913632370128,-0.1445763492520669
-1.024548627604573,1.195332606189649,0.7238712175834586,2.282988293998894,-0.33629963462220563,-1.2961345168892549
-0.2968669172024297,0.27053436247035023,-0.5067798392311845,-1.6512025921639553,-0.4729947836297922,0.01996910620690193
-0.5748555316985774,-1.737587477668126,-1.0135637064866951,1.8588706058936897,0.4932304136605655,0.0834840410292155
-0.3980909430724646,0.1016610431266573,-0.7650074160689028,-1.0865257655000107,0.003091185111644083,0.6269300910584678
-1.201854784462501,-0.18891050685400015,1.2821916421483446,-1.2235033477556996,0.17277312157569602,0.0667108517793009
-0.9731379382873331,0.7684895907672239,-1.1380115322205566,0.6254014290119895,-0.9253371714500993,-0.8983350310070315
-0.664175997241455,-0.16682635777169705,-0.23623859201206324,0.25570292277226175,-0.5209094555224996,0.0753098134693922
0.10862545837122065,-1.4361648085940448,0.5088149985246713,-1.4847204008578103,0.98882622503513,0.24811955569794455
-0.15601541384634748,-0.2460718582347732,1.3117442496624794,-0.4635424749267003,0.8730957231969656,-0.05582384445170855
0.22542914408116113,-0.22331481852712748,-0.23817506470943,-0.6834270679195988,0.7935061308132073,1.059179933222727
2.9659722716377948,0.5066239994162011,-0.1852881122429229,0.8926195602302309,-0.9491409762750886,-0.6787268329893966
-0.5288003504512779,0.5997354922850864,-1.0655614725820253,0.6905597462890688,1.3398597658490816,-1.1401621226333547
-0.011925441871845636,-1.0006893945185047,-0.05373585859437822,-0.1425926989162124,-0.4085295515931439,-0.7270744087569375
0.12045243329184105,-1.1714217510253169,-0.6293848438333755,0.21769609470341264,-0.6477121769904244,-1.7088002051830766
0.3864280797372366,-2.4791937745025847,0.5299812593806248,2.2112464979862914,0.6046407601073521,-0.2920462738283394
-0.34280722033992395,-0.8634136448701354,-1.433105601752329,1.079036176537178,2.3469464835718883,2.327392201548164
-1.5972652383068902,2.0696438460823012,-0.21193550720795395,1.3843275377951352,-1.6883093200781185,-0.5046147871880834
-1.2423411125787787,-0.2526714401638575,1.085559606381844,-0.6979206814333572,-0.9733159859990766,-0.8822467657471564
-0.7402362466846597,-0.5841054352669052,-0.6590562780652877,0.8550415782231746,-0.33721193956263823,0.2610247696022232
-0.8135120695623534,-0.07733594598576063,-0.26454855401992655,1.4560762506797023,0.6897637062603349,-1.9290201964038785
1.1556573731745485,-0.9810280558259511,0.25553484257211606,-0.25384643433706994,0.3356905592985154,1.4926977142612725
-1.5938298357859693,0.47237730176344017,-0.9596848530285467,-0.47741495333809475,0.21527471525403774,-1.2229971279290546
-0.22350903853203982,0.9321212335879407,-2.1051794474509435,-0.01961486551606174,1.2319849522807997,-0.7990836876158929
-0.44046455442075444,1.0295691327090508,0.9637914238345091,-0.7451366328353345,0.3865567192387886,0.07040615721147818
-0.19457069564118504,0.14175764576553768,1.1807851225967518,2.081928659743752,-0.20535969029317613,0.02176758185449711
-0.6670205980549229,0.7715044640795905,-1.3559306695729556,-0.2882357383686465,1.3176212011710031,1.565528190914519
-0.8756283046333659,2.3472870050090098,-0.44636249527693067,1.5130076404425687,-1.0452334147624056,0.12569590992107996
0.3613190071722038,-0.037710164715362114,-0.6043798757895098,0.3205568976829167,0.020841335658018833,0.9583461208600376
0.46285484505444346,-0.4311753802895276,1.2485133307126783,-0.09162780290965569,0.46095665612479747,-1.8109640837320649
0.1387891677663079,0.04766207561575542,-0.07410356362660445,1.1742386188779337,1.7300508480409917,-0.2468362119588199
0.612398792050162,0.5599379521463562,-0.2578580056053106,-0.9119563674933244,0.905967779487286,2.1479712330450123
-1.062983560903446,-1.7000611959764997,-0.4190696094127711,-0.5827589133527439,-2.0402880445958886,-0.2030962143328818
0.39745637827558356,-2.1508534597220867,-0.057971326178946764,-1.5439288248712966,-0.2660926659269745,0.18516512095744364
-0.007510840224780663,0.07819474032741894,0.011573520910480627,2.936823600281278,0.930059472659262,1.0450795726625683
0.8610114327610752,2.218423398523751,0.6682723977357616,1.6805273625433426,1.37089878263453,-0.4616821060496633
2.2775515228476966,0.3593821940194543,0.1784827651348461,1.7869697218259104,0.08574880536407403,-0.1283067805830642
-0.11718114235631236,-0.39473218981468633,1.611173480381038,1.4794359106771673,-0.583319054304514,0.3288765970841678
-0.669175930209763,-0.7582002242078694,-1.6682646832435482,0.3978474083852022,-1.3772531042686917,-2.0129003625286668
-1.5168997949402154,0.6752406908036771,-0.6898464960552796,-0.8578304609991317,0.14363417218668795,1.4614412435254833
-1.182166864601576,0.2524370398258877,0.09576426446924592,0.16381504547675502,-0.32234325627893745,-0.2558673562852331
-0.14035369821374574,-0.16079256976182293,-1.1032325631363005,0.7501458315117975,1.980223776070453,-1.5271343585207682
-0.12481780146326793,-0.10945889574892224,-0.7285608449114094,-0.3599055989128191,-4.280434184835564,0.24896157545238723
-1.0551773198249896,0.7269542550194911,-1.2770116028580412,-1.2240138129066491,-0.31594971482322626,1.9318093233588678
-0.023582834820863353,0.12152849246121274,-0.3357247509636208,0.6137202156388564,-1.1506915423296025,0.8290530903595265
-0.013353212664738887,0.34520097357296875,-0.2930528682017922,-0.7281557121632424,-0.12113192068751692,1.5901790217552703
-1.2573518522560212,0.46757613622043565,-0.043554020090423355,0.1866448730817656,0.1080668970313885,-0.029450546582124176
-0.1010325623537438,-0.15808282102732743,0.17180228678105888,0.7761989214521217,1.6087714143161749,0.9084942854346817
0.48937527725389135,-0.13671197642172028,1.2647825209876031,0.16404883574913698,-0.24627994894861963,2.436601181850357
-1.1473095638642261,-0.23647760991902725,-0.25300322927976454,-0.1121183444163816,1.0613853925694683,0.5476717229505054
-1.2032497329383363,0.3780614761236722,-0.513537857053355,1.477807679016794,-0.5265017628307881,-0.013754174312107861
1.3463550354004838,-0.43388108763890093,0.7575011927271487,-0.4899234245981299,-0.759086576419873,1.7124042664158863
-0.33267059474886534,1.2856090673847813,1.3786044185349657,-0.04797404056925026,-0.6000700952381658,0.6365984212223719
-0.4404700248069648,-0.8218884125852456,1.1946616664187695,0.9690841964199893,-0.6087778860762284,0.7807749211258271
-1.9944645084320156,1.0359060246042162,-0.013503951571353898,0.17102795956100703,-2.640312116024795,-2.011013859082052
0.20193383543915333,1.5188778175048632,-0.8945255174300399,-0.3853112696372975,1.690363693733761,-0.4199640392534424
-0.011186939737579966,-0.7402403086580872,-0.7994450100910605,-0.10795853761711376,1.3188048043554808,-0.17592524917682265
0.40029550870289193,-0.01172203759048619,0.8056854267866389,0.5528226914917195,-0.04662656505525049,-2.8482799430898234
-0.40100665890625886,-2.4687568973857252,0.692872549334319,1.2753370028809563,0.5518062129826744,-0.045706064660128755
1.0083726956710548,0.7199889277354963,-0.4677654025623505,-0.2984533416341463,1.0927433355129201,1.564073531535768
1.9621947003577263,0.5960376248845342,1.298897873063241,0.7005933607603236,-0.2167111533298442,0.1934118021672311
-0.2919599807991876,-0.08580062715564732,-1.2388208971650063,0.7085532970167213,0.046802930445490595,1.187928037790473
1.1702414227297302,-0.6582587904571086,0.02088933418316298,-1.9410886961832554,-0.763211009506617,-1.8262333518926224
0.8560224405651369,1.11740459728129,-2.410070679163011,0.1047255916610477,0.7094464153976122,1.1548434666670273
-1.4344118417358607,-0.9690109971204557,-0.7861777049491823,0.9262092738627494,-0.6922265990893363,1.7932334228836158
1.6314934446335183,1.3508107544960521,-0.4956735691431523,-0.7715743008568653,1.5766477859079149,1.4283136742079021
-0.826575351759576,-0.583266847850933,-0.25355204759493144,-0.8108538333671258,-0.510103851012335,-0.551202991964893
1.6115812389392439,-0.3586082687656813,0.9353535720541188,-0.31558643348945065,-1.259757850416209,0.8808633750287703
-1.000478928413692,2.3989278242923424,-1.7453661039788735,-1.0233000222497164,0.6059966807400139,1.333272429588953
0.34864412239372283,-1.5259623656503944,0.05392718975012447,-1.0293260011049286,0.9191476312017878,-0.5425281909402725
0.7099631295659266,0.8117910118199275,-1.2330608223709612,0.48415337000560577,0.7687981384635023,0.38316367930611794
-0.6110585474361243,-0.4106411024073316,0.5838993860759997,1.266215032134587,-1.8716715566247113,1.4778968555620189
1.5312212659587796,-1.1155152497296417,-2.150062715570771,2.1540467335911964,-0.922275172431296,-0.8182121283421845
0.31751215464481036,-1.2607181763246744,0.78938401231706,-1.5901141623505963,-0.4707808069397052,-1.6171818876720427
0.5643359790749366,-0.2123262923390233,0.3194001753541284,-0.18088173536120572,-0.8979276407088619,0.1182924334553266
-0.13720275577418165,0.09240020908473161,-0.2717154163117499,-1.965422251753284,0.29046269817838005,0.21309888084881987
-2.337381136495585,-1.3114294770264476,0.46577656554867236,-0.5219139574325193,-2.53807185477709,-0.5850093910402765
0.5391776730342657,-0.5119909588784346,-1.0727051737339444,0.5038069700046645,0.5197948288399897,-0.49600803842347224
-1.7597411782314971,1.9595827839479376,-0.723982995258654,-0.9645093773028699,0.7442138451941188,1.5513917728136113
0.3566472973746806,0.19612235863136884,0.4666969691084239,2.255829887918687,1.1187823579579768,-1.2314960426398764
3.2696826419510656,0.9864354291395567,0.6109012471822046,0.8314744120667708,1.9200565756993293,-1.6252780752023634
-1.1658377618550348,-0.7590529564718256,-0.46610484953169523,0.09742690836443711,0.9877465333844417,4.278039473896574
0.8814980290042228,0.16498348614912298,1.785305979237864,-0.1204877594930543,-0.8152291104037601,-0.1317271684275399
-0.2118844679000802,0.9436977813135022,1.2542280902329939,1.02032023380755,-1.0392844471554246,-0.7477925976766243
-0.23877688635974065,-0.9016896035047076,-0.4272908070733571,-1.034214846209212,-0.6238711763149111,-0.4124921719592217
-0.46262508883493486,-0.5813451692181757,-1.7315519945339959,-2.388119214357041,-1.6080606129167698,0.48814867952935564
1.0002929352835601,-0.7963387757477801,1.1602371634756872,-0.18477178415385717,0.13737432047679188,-0.634769812982032
0.25402832302886147,-0.8136641938310119,0.8346197325658847,0.2975057301750519,0.2530346185114078,-0.20069694895699502
-1.2778986227471256,0.6412950763436462,-0.7912419385399645,-2.5063410065946288,0.9738805124285653,-1.3363051565493
-0.002921186220004585,-0.47959723631107204,0.4040803238691766,-0.7160788537137626,-1.0286765781551193,-0.23907673075973968
0.9917810143878962,-1.8434838924185777,1.5580670005884567,0.3024277762647686,0.8874624616659612,0.004488063476013945
-1.1255264860965193,0.12508491138196243,0.23969866491281802,0.4777096120837668,0.21669363736781927,1.7502819511957843
-0.18862438586379127,2.150439217745522,-1.3215806850800005,0.36118107010301875,-0.26890664236854145,0.9849642037245709
2.476071837310668,0.19433000432300998,1.3779055563134561,-0.31038909589555397,-0.48639278281727605,0.49513165397057085
-0.5229251556942616,0.4982078148679496,-0.026785354798396173,-0.8243099160862681,0.7025717501908502,-1.1383372386460535
-1.0295376198005113,2.2168492790128167,-1.3815670304307859,1.9796544075068037,0.11307914285597845,-0.648065227033879
0.6237060802837066,-2.8274439731615897,0.3717413305237247,-0.3221284109931889,-0.7695413341651439,0.9618819605486052
0.39578244010460173,-0.7379569260555604,-0.23003543454155315,-0.243316188458781,0.7677107277318257,-1.0879005262099275
0.4623351583673676,0.35278665347552984,2.2622945505132703,0.1884321927973155,-2.3609522123576454,0.7933886275879823
-0.6069065243257279,0.22513748322399663,0.35813768535016244,-1.6322752637211368,0.27585478418306847,-0.26774856988902535
-0.465759620115919,0.5741070484374377,-0.7482739959897668,0.5276881621482322,-1.1329864789675965,-0.07309337506069044
1.068618058668584,-1.408673286198136,-1.7960255589900684,2.101622377600195,-2.0708991422303664,0.32342107424011796
0.7408161076196924,-0.28216546889524907,-0.14621426221520487,1.4163429713685933,-0.8458303573281883,-1.8916810047560422
1.0622450587691803,0.33658474046043646,-1.1527349681582684,0.33628309778071463,0.6174240319243932,0.05422326206766286
-0.0977722121905848,0.37950627131022674,-1.2179063878297713,1.3725162872290702,0.8759793866835189,-0.13697074741703422
-0.07894314295988988,-0.38916316109561083,-1.377595398439923,-0.7594255069389553,0.4289395230431295,-0.8212015185399454
-1.1627798159805875,0.10654909845012704,0.6897951387450474,-1.9694354208669034,-1.5693812885229617,-0.9868437665178073
-1.764090135244395,-0.08624517952074104,-1.005597281365065,-0.7048264864024093,0.18157482251625434,-0.3693836045069952
0.6376008611802606,-1.2035265145553535,-0.4470240982733814,0.16690135374717247,-0.9371325946847071,-0.5276135732392095
2.1169081622932535,0.09075738602645725,-0.1727831107057735,-0.5509717365540913,-1.25080739837097,-0.8649007186667215
-0.8255195672268952,2.6515366229865807,-2.390350479042071,-0.4816563792265323,-1.717812842631274,0.7602040094852672
-0.17545716632918412,0.3109179034539767,-0.15498025016663183,0.4965179703287934,-0.5537131274300351,-0.21437917747182186
0.04648734175546881,1.4036518651651455,-0.31171772594788055,0.814981822555348,-0.9410869173129514,0.5883546166871392
-0.6585524402486866,0.15847079400050387,-1.138745639654967,2.682036471357078,-1.1205736261459096,-0.013506342201028344
-1.8894604457117967,-0.28529552168403005,1.3490930982702343,-1.8993287733866382,-1.769992947337005,-1.3222461013409867
-0.006947390448277045,-0.2138539359209021,0.584244789162424,0.856448469980681,-0.7966417679268246,-0.3752787584934445
0.1738488727923185,-1.2698719136604677,-1.294401590903204,-2.0108923846714966,-1.333119457867943,-0.39018118773002486
0.6014142566012428,0.1339153379067784,-1.4115335174449786,0.07773042375920564,-1.1881796628817758,-1.665157038136052
-0.970129225888473,0.4691179246502796,2.120570528421609,-0.5825998252975674,0.9510380830756101,1.178518712496749
0.7925550201077171,-0.09844814194257093,2.2125847022382246,0.0914092297555898,-1.583560368274025,2.130489250728784
-0.5528208161665719,-0.2048234608317864,-0.6468221611644448,0.958605135394238,0.21336002789667075,-0.2991814347913118
0.38942585136372704,0.4852672996585967,0.5407542104552199,-0.13678944333825505,-0.6854562222194817,-1.1490449739752666
0.24848135144257896,-1.3942111894846063,-0.20952674865772444,0.5164357948368791,1.8475116082595893,1.2428622936194234
0.07770683568328773,0.8910688433641127,-0.08789350492549859,-0.28426130373802416,-0.23880906278734848,1.1985130420537498
-2.34845319812336,0.8391713961245629,0.32677750191727634,-0.1412743431198399,-0.5022600481893351,-0.5940291933233561
0.3743987005279554,-0.2536474346744913,-1.44755211101725,0.042944091276881875,0.15684693496198573,-1.3111173561345522
0.723704739649458,2.6092617137587264,-0.8904441217761494,0.46487743121578945,-0.8660507968104548,-0.045895662996475205
-0.7809960941099245,-0.29609612346323866,1.1509414903246717,0.5052069448902196,3.4084040285553097,-0.39915223615518164
-2.4843540019867723,0.0788150929459853,1.1283815330500153,-0.2916333058774526,0.4767788989073083,-0.9220595385473592
1.0059274330486982,-2.3152630691817175,-0.41965770096516447,-0.7522776114511692,1.2523152029570852,0.8406424579527451
-1.4242095715106349,0.5036778296511747,-0.01899515574126946,-1.200723321628826,0.6337487470459713,1.4771558984922197
0.05990072866821547,-0.22687325814043824,-0.28645295033462564,-0.038811951965470805,1.1861596213729695,-0.524787542322322
-0.01519126242116401,0.9777363476317003,0.9153020669319191,0.8455474797651139,0.5517257493685476,1.1644092105882304
1.4029242988852137,2.3382888610010033,0.3192924257032589,0.8762971257691375,-1.9578485072216227,-0.06117847389534775
1.1707884613477049,-2.6750776914108614,1.0772910794353516,0.36265574720577937,2.1508871446981517,0.9223412275042143
-0.7771832349426316,-0.4304277240391427,0.5808179474624021,-0.7178357391926674,0.16898323582759633,-0.2986131476349714
0.6962598121856636,-1.51258133946107,1.3025865363448197,0.3620747299607872,1.5522230849071732,0.5431868758748392
-0.41884011785222985,1.4838349669800632,0.4439779048726845,0.4688117479890272,-0.22818728436913507,-0.6050844691744601
0.7872323343548346,-1.2272292383851227,0.45168754344317186,-1.136566567412154,2.8605607723751536,1.227040820304264
0.24970671794686236,0.012647514786923608,0.7744269509681194,-0.26705350966550134,-0.7248649943840698,-1.4514192786074511
0.6573161329720845,1.164230106173653,-0.5545733549305117,2.721527660149427,0.05056310257638492,-0.6904025355393367
0.48706130389981817,-0.017287024924439537,0.34645137975839796,0.8624965828261734,0.396027730172695,-0.0068949466421955085
-0.4582925429805661,0.598597842368964,-1.6740610102565825,0.47464682117801726,-0.1812623881376606,0.32243567074382007
-0.9383900452735782,-1.712102502992841,1.2517095680197179,-0.08920966447097663,-0.9816906075213245,3.0405714222303453
-1.481287580910071,2.6493825647084335,-0.14997643694082216,-0.5941413178570162,1.0709765929318105,1.8830051880260474
-1.513251047358315,-1.2479049647471212,0.5342872173909946,0.07045525782726299,-0.25073971527764993,1.9937727682235244
1.5698968962495816,1.7437728176206269,1.4236115484029852,0.7711662054109779,-3.015859218780219,0.009737228845062496
0.6418458808557229,-1.94050946679286,1.4587328995554187,1.6006084404946768,-0.19485715391270253,0.7778473196716129
-1.8776170596326474,0.011414892320072863,0.45167344535800785,-0.4389488449708207,-0.9201360826692089,2.730613522712887
0.20679700875291668,0.8094490291329036,-1.9297046094856471,-1.9120613512983287,0.19801820908799467,-0.15046066904785793
-1.7131334879800637,0.41617982073789683,0.5435345542500339,-1.476659478270738,-1.564078882766885,-0.18137857132589896
-1.0468678032179355,0.17421198910995847,0.49420837529256917,0.550145862041577,0.658259090012243,-0.07885005454791476
0.33036209178100245,-0.32128203563835467,-1.629336849097847,3.4785032110386704,0.17621553025535197,-1.57746797686151
-0.2732403192921386,-1.3759885839009052,-0.7674151676130532,-0.9980977075609878,0.4412582935094692,0.6963772531133539
0.9144352241924514,1.3192657228075049,-1.4797853687240001,-0.4068545590569683,-0.16095019171356742,0.4337102572067895
-1.441791392692307,0.42743103695990114,0.5549771643697409,-0.7103157159931898,0.3492939269504234,-1.6604114933479235
1.1809907315729304,0.5117282688445156,-0.6701313309647545,-0.17199217151281804,0.08465684069758471,0.5155194000754876
-0.8561263779025725,1.4607889682350916,0.36372153407970437,1.7085171766336407,-0.7685616460616378,-0.17015587337244037
-0.7042793983252014,0.1531583932376265,-0.9860774754546217,0.4209041093906435,-0.2380033392999362,0.6564251593927849
-1.1275997624586125,-0.029492008038830515,0.003406701578364287,0.6504294385272127,-0.11179469639165646,-1.392934455362011
-1.0286240653084835,0.9757924413806959,0.5392920376228835,0.6201280058264866,-0.36452147752249864,-1.5589454043903734
-1.2660169439647078,0.5332526860853106,0.31899535890881076,0.9960475467107986,-0.18923777060902444,1.4920764411412952
0.29187245462033207,0.47940931190219527,0.39440400241882684,0.06304452120482476,0.5120354729783493,-0.48551224694880674
0.864173315972958,-0.31681630506173153,-0.3054360220028987,-1.0101150809115782,1.4000933804609803,-0.15643674089570742
2.6828469645188453,0.9153616094239192,-0.8199285208228267,2.9739326183691697,-1.697988595477547,0.13574631458955877
0.8648789957901656,-0.3525401289821559,0.7292506440781787,-0.23885342266748927,1.5459752155363906,1.3467731854104272
-0.4947143741653028,-0.25020215384501504,-1.3105167092474603,-1.101574112145305,1.4207468097875868,-0.6531818428517149
0.6150300478026502,1.400630929775077,-2.4847079560135388,0.26514583637777195,-0.6685799965246475,0.8462489823289527
-0.5579520384031631,-0.2679498966750934,-1.1957069387327919,0.46680447174502376,-0.5215002505121256,1.005554075198767
1.103809052962929,-0.09124841432062518,0.36092709219972624,0.11969785271473582,-0.5383553429350129,-0.6460757987761051
0.4554151198499893,-0.2553347129692788,1.0527604112565163,-1.101107914974916,-0.6005851097381165,-0.24405063997263649
1.027524517686375,2.1606477566021134,-1.93392698599114,-0.8541866528483901,-1.105826251934192,-0.28053613125423854
2.2651501573782027,0.05783020062099352,0.7525829750183928,-1.2863707970382436,-2.230857232869183,-0.8980533420501764
1.077430850804185,0.0447037816953061,-1.3155769148139072,-0.9561427289749855,-1.1931193902550967,0.43399177687941165
0.4808578859720171,-0.7867869619759673,0.08905861096338685,-0.49166509295871863,2.19845321987886,0.4697598415990309
1.756464416909809,1.0765805453177109,0.15568716843681196,0.389801702916446,-1.8562948996764421,-0.3430458563254847
0.14930325000378933,-2.1810244204639617,-1.4588990555590933,-1.1393803509271925,-0.35362348088811185,0.29553183610093475
3.200471316004964,-0.4050033701409159,-0.362804151538209,-0.7567791117254579,-0.5582898749781052,-1.773011744607229
1.6191413126396628,2.032378233732033,-0.18240102580331838,-0.7890712201774835,-1.0922878236080034,-1.043935211275352
-0.4517171387925016,-0.35715943219398577,0.9952674129669352,-0.8445805010645275,-2.015341202133388,-1.5728114755777596
0.004518538984449573,0.9569151314047583,-2.577845948618649,-0.845963875457366,0.4696029742258138,-0.5414151471354001
0.5995379141416002,-0.8107058999105814,-0.39833132614203937,-0.00826289524842157,-0.07376085726842073,3.257936942783805
1.1109971404030843,0.29368139584375236,1.0710526767519408,1.1327844218221284,0.5878287739610187,0.08587077937216941
1.0840664292402062,-1.113547095167829,-0.7150085570480794,-0.25785683670191384,0.09440640602698767,-0.5226735208720962
-2.3597933086739626,-0.3017035453411252,0.17712733494730007,-0.4943861903894345,-1.4810537718176093,-0.4298763079911543
1.146724232543034,-1.3050582333576313,0.16004347675132552,-0.09391175403222685,-0.4690092832350896,3.0925516682653753
-0.3594536054849309,-0.021213230585240685,-0.6330966682548583,-1.05658401014141,0.38938128923083676,-0.25603206983993104
-0.2558390208543369,0.02426043497869745,-1.327205821058946,-0.9926582794483444,-0.3723773272794301,0.4157778095575191
-0.2514463007520113,2.108855385376135,-1.2175035853966214,-0.1742221710340762,-0.00828091597001654,-0.49406126979137593
1.0082687583336702,-0.14426532524319122,0.7371052915246039,0.6818818387227957,-0.29087532988861264,-0.8234646793958137
0.08637739777818468,-0.5706557055302406,0.9334684566669843,0.4654210973521853,-2.3890707789065426,-0.031863016127867856
2.0438839771798585,0.911665762715928,-0.08473150582527106,0.7396197357566973,0.21361400396315236,2.399455651360364
-1.9249140185427591,0.4269965880576505,0.5091442895137732,-0.2257584006648855,0.254642179031228,-0.9054942303305111
-0.33782916891635534,1.187306415307154,-1.1340388932236145,1.1067368653793808,-4.001341800615492,1.1832625644425954
0.512329017664084,1.4342431299612874,-0.4530329035698891,1.0348166140700967,-0.3531988453071606,0.3710552862671649
-0.44368661188064507,-1.3826164555259386,-0.5925717224617212,-1.3211875637571995,0.9121657601254123,1.3556460489828381
0.10347782497604938,-1.4447527520106278,-0.5689151355628195,0.2562313717903286,-0.09746318363117239,-0.445017427990462
0.6997280370236427,0.2328625909137992,-0.33722216900884844,-0.23809256675142812,0.7059026036163443,0.9584363493540308
-0.2940496683198607,1.013702654660339,-0.517685715108721,0.880106938847007,1.1793388067144888,0.24870138559259994
0.9718250456041941,-0.4459809947397206,-1.2215416797889502,1.7776277945510748,-0.11864349137300471,-0.022356521686764105
-1.5172827219727978,-1.5589784615288844,-0.28997445060644145,-0.40070545988080136,0.07914795759933908,-2.0218221492432256
-1.179606723869465,0.3959425846632899,1.4472077149369142,-0.7531892551760421,0.10940855297463406,0.5016328454964001
-0.5596533285050437,1.3695587401475915,0.19682034590400005,0.359829513321213,-0.602421508173631,0.7894014761452236
-0.7727795740679363,-0.7954739193284197,-0.29017182379868117,-2.005573310131033,0.16876082509649393,1.012433278407682
-0.7577031897565776,0.4355643245485475,-0.3993715634256474,0.7241632936655028,1.1721851134168833,-1.6016292377123398
1.4744331870268599,0.1029522656780052,0.4317266688684215,0.9406613861447225,-0.38302302731265514,0.4051073167586544
-0.3555641609111011,-2.3833684915140627,0.25931615041331174,2.1386511599733047,-0.24274769964013398,-0.9879331105306384
0.6504179759993947,1.3262047810881115,0.27169729020225997,1.5953709850433826,0.9478056183267963,-1.1375427877599265
-0.3970187473812039,0.3639853316907579,-2.0327918221895622,2.1675830520251207,-1.487791603663981,-1.0545809885768012
0.2516377642683024,-0.6732907224749706,-0.19666728097941055,0.15066192174964949,-0.4234958699472909,-0.7643640001257176
-0.6123003250989367,1.4003055982715198,2.9202713180577238,0.7850262334528316,0.38841438013588864,0.7525374653278448
1.161472393683608,0.15809494518273154,-0.47698454325107126,-0.2661294155710878,-1.3277840872220523,1.798066656902306
-1.1296402165036474,-0.7218257372803683,0.1945978834791024,2.0818000059252078,1.1625407299860657,1.711453058333822
0.8411320493838589,-0.10381308071222457,-0.28482361449253574,-0.44910557976304327,2.617622431889561,-1.907098735185326
0.6936942010673934,0.19516252966128014,1.147872135784061,1.406299673276586,0.9873153198976523,-0.4731010044243968
-0.11150835188795682,0.1445664084359025,0.9267497120820404,-2.0267168043511683,0.002657936888026651,1.37653792352135
-1.5204719571155794,-0.059103236939216416,1.5610799627884206,-0.6721608668643173,-0.07497607961729537,1.6877547898489753
-0.1821474486270029,-1.114860545337424,-1.694165886701182,0.5813824558318695,0.009521868588863797,0.351238366582028
-1.1930146403960014,-1.1098189173787476,0.434398256006287,0.5040089426660137,0.8702379729990364,-0.028876673046229522
-0.434222843789685,1.2207205876216445,0.45142370784945673,-1.1372319704951042,-2.1035691674553,-0.9017540645776828
-0.820404756148833,-0.28198966864177644,-1.1873789984274155,0.264372530092183,-0.33637305740095264,1.604489633327694
-0.7300066245285353,1.9883069288106971,0.560015215802372,1.3143509275077891,-0.7049849911348698,-1.038902391150806
0.7290164846299707,-0.3070624220330768,0.3800471166952759,-1.3395103575903449,-0.04845121799932606,0.330283010457687
0.2015892011097886,0.8692433429305688,1.2845017141024635,0.9223648764250462,0.1299009258833435,-0.4060490449239005
0.8793208153046943,-1.2071314300977574,1.2966230463220318,-0.8197586143338296,0.05958310171116926,-0.4207192161984647
0.7580040609964636,-0.3160747108890675,1.0073706190770138,-0.8982498940090834,0.7794393383909325,-0.5296060486131061
1.8693020726394338,0.6460780556535258,-0.10960657008445146,1.5855836112140504,1.464845467327496,-1.0201465450122789
0.26931258201504044,-1.9575742155347526,0.9472382578442116,-2.2253998013994165,-0.1813483638430961,-0.17887722756000224
0.8193817939332104,-0.23763344606827466,0.857077982226165,-1.698865373494817,-2.7463733869580444,-0.869690615922826
-0.5981484360519244,-0.07750568416151239,0.009188930506234476,-1.5949165465553403,-0.21577060968726433,-1.7669842103538
1.9609638634672835,-0.07831598188153541,-0.5567474810634426,0.4460254966773897,0.6047498392267445,-0.6051965353339752
-0.19612975570241256,1.127041280140988,1.0318600000064455,-0.30172433038601537,0.2154299150749181,0.19522145057393475
0.9499435008852113,1.3698537612626007,-1.9887796143314211,-1.352240860440441,-0.5247897847844193,0.9232541773505559
0.3370851963959303,-0.23507120789128375,0.3021813783430542,0.21605195423752926,-0.9351432141837994,0.6433244222041553
0.01702384179137882,0.06228784842733475,-0.8564687435460256,-0.05057478442778013,-1.5962800680223712,-1.8375486483192807
-0.6006210506051797,-1.4893959129288756,-1.441652062377691,-1.7103515310785522,-0.03733374969814786,0.1658563925273908
-1.609064861296561,-1.4390523782745739,0.03587056367808702,0.02566228667434736,-1.9274335840555163,0.01915688047674587
-0.606529067679305,0.2065794426739141,0.017395023075586692,0.5938037745051584,0.13209547029841107,-1.2288176275705662
0.43909148748965865,0.6863322723127727,1.35571214925297,-0.06714899302837907,-0.2924165515282835,-0.34999361964709197
-0.7146676616805079,0.7468176629689055,-1.8157699272570007,1.738977005702362,1.0060319489068412,-2.6980127659155717
-1.9865215076990146,-0.2107622762909322,1.9071899674847201,-0.36250011758658507,-1.3919255161917863,-0.37123642039206745
-0.4575978039357282,-0.5128295462944068,-1.9980269511904605,-0.4650247605886319,-0.16925521231725218,-0.49248100151479873
2.035935506060698,1.898707399626067,-0.7450435204759057,-0.6780907011992181,-1.1721273871794002,1.2159520261758425
0.5652440631807539,-0.5581415564528563,-0.7856359356765974,0.9639373519914299,1.3606046937382352,-0.8630054124402046
-0.9717265786529689,-0.59598912826288,0.14222047609051694,0.9216455217407701,-1.1216455233549814,-0.445815941698078
-1.5247662102666797,0.1301972635805401,1.2526017754091507,-0.1966957797329309,0.9299982798331057,2.1172693374430156
0.15785346360272168,-1.3473230391226239,0.2730345942803161,-0.0292791190244261,0.05917770462077819,-1.1377042849142767
0.09280510153938588,-1.7083460355077915,-1.3514897727474768,-0.9790182079349572,-0.5918556581037449,0.5069690229590862
-0.6804503961261985,-0.39671246853192194,0.4494147307141211,1.390431677303535,-1.115048228305348,-0.37548680881073615
-0.2758606342722062,0.5345297637886745,2.5095024597860895,0.1890747702027851,0.2679343073087128,1.5968665952170902
0.9250532437673683,-0.8723875405673338,0.47955945780498455,-0.1792306780233453,-0.6908678685820021,0.7170890092323453
1.8916376594113253,0.7538921076515939,-1.038693543284841,1.3204481501442247,-0.16077980134418268,1.472289315480437
-1.2919356336843837,2.1887232591503576,0.4045223995395531,0.7206142466606783,-0.2783079985548692,0.08469036044420382
0.3247713571053431,-0.8028878403626304,-0.5001829423822648,-0.5090036159113608,0.08586907015313038,1.7579732108506303
0.840754592737487,0.24125856853636454,-1.596022066858095,-0.06276853801345736,0.10722010200425289,0.8407855031261422
0.1575088292734079,0.47284408174678105,0.3069525731637141,0.06601047590307559,-2.247499270044067,0.14631252830343214
-1.2258424278606859,-1.3391311514494992,-0.5156616328821422,2.0849838420903306,-1.9463637527738593,0.9173497127315215
-1.767448952358779,0.47762504036411835,0.15600135433466147,0.335459298329769,-0.15132877174126552,-0.41334646482025567
-0.5089975524805984,0.5529221075481462,-0.8849186793994124,1.8704508329361353,0.4564474424610473,0.8571906684624802
-0.09927656839001486,0.1424628674719893,0.45322322771955625,-0.3649659824418196,0.03297991887393713,-0.3893165685310315
0.648558044698281,-0.24937569058444692,2.2201594019936124,-0.5406227127212719,-0.33023700166361164,0.5646604110237734
-1.0622669403139198,2.032121605775816,-0.6772710040923383,0.7268726324138847,1.2108039555275538,-0.4429793305168817
2.371762513635287,-0.34356017120725546,0.2759357788050753,1.1084439493801357,-1.4337713970863877,0.046746654815041006
-0.6639900041113743,0.3345640478918287,0.7776755525914705,-0.22289965748207968,1.2420397389005602,0.5250205620633748
1.0560197592966398,0.3807772869358885,-1.2224288521479687,0.8691077290495535,-0.07631852146418289,-0.437537688979601
-0.362746777965097,-0.39065039082609865,1.6110878848639936,1.9342520599338453,0.36898220200802495,0.01229155857460006
-0.4107165943753075,0.4509983743875699,0.6223368082593389,1.2474377998133865,0.6077383616377855,-0.33665520740110927
1.2714216855103373,-0.21060466227058455,-0.13045361001212244,-1.047344452571643,0.023787236253655256,-1.5610503691343518
1.3006171365515993,0.8891794958124645,0.005352237330480684,-0.1795329453281818,0.268113504105228,-0.00947416115338554
0.9791717742435824,0.07833012672951942,-0.6930981186968774,-0.861225261759156,-0.543014513473417,0.09646661782609642
0.5612123885662712,-0.0846649979321048,0.4240472404804204,-0.4331359057721173,0.4832050822787307,-1.1117184786445962
-0.8361321164156019,-1.5385149078865898,2.008203754664001,-0.3794838050074655,-1.382015960259018,-0.2469029099450008
1.9779439421691836,-0.8099744092007416,-1.1859842950026336,-0.6621812039943819,0.15125168858938365,-0.8701253378225835
-2.2699695676025384,0.004649613600358969,-0.47925936999228963,-1.0387958905111017,2.492581394182002,0.4395185683838185
-0.009967043619506863,-2.0809738693144886,0.19122844112579698,0.4218337369826206,-0.3744104384734872,1.4572597537879652
-0.30029684933714046,0.287619318137929,0.19524538839038916,1.635064146497107,-0.5916616583276437,-0.23789580397909094
-0.6983166773892786,-0.9585761406961576,-3.155744585446802,0.49074376561309335,-0.7288307179980449,-0.701106546615519
-0.3458761069867919,-0.3104430407003539,-1.2506079033650583,-0.2699938719374769,-0.4411808120228638,-0.8525154612714388
1.1021132332472077,0.2196735305184925,1.9881754106816962,-0.09417459516686615,-1.1016277608863052,-0.3401830060888115
-0.8312087688538308,1.1144483240534206,-1.9709465436097933,-1.1073241078091367,2.3644239255539783,0.44773410129549096
0.8730079896532473,-2.3233316946081644,-0.36971624129106684,-0.12196381997021553,-0.7074843908029815,-0.50464847474963
-0.34048777659974233,-0.4797993055679328,-1.6174128900705278,-0.41371332929666527,0.6860674722354462,-1.0799068402801952
0.6354181770945216,-0.1328908467744905,-1.8975811154419342,0.5188248824133136,-0.10782107067803397,-0.097044554183484
-0.527963381365787,0.1681256630933081,-1.875720020388797,-1.5484289417711976,-2.607322324909199,0.5563017482965872
1.9263144374047536,1.572088714914008,-0.11119059065281198,0.9545214141865762,1.3721547212516199,-0.21167867081064803
2.0384737652480696,0.38524099681993185,-2.030483764247611,0.8046051312346718,2.1066938342153176,-1.1135347291362283
-0.5711247283239806,-0.9025362736909619,0.5971354740293032,1.2284170935990515,0.8907045402771551,0.8414064376776693
-0.40132941169088426,0.4851541408747434,0.38687159691892176,0.8716586714299399,-0.32479895755131016,0.40460200333545215
2.59820367915965,-2.01099324427846,0.19634806005113728,-1.2657087171068004,2.4547209060240696,0.024023548130641236
0.637037411403757,-1.7984386136791692,-0.28073013476564884,1.3683979816616003,-0.5078552299671166,-1.4462092178952743
-0.15631628508623352,-1.6232263817477688,0.5618630719644477,0.05089157716373885,0.7130002070785735,-0.7454150006820344
-0.5827985324315783,0.8499679565186306,0.8659094255729789,-0.7567611278583536,0.9498050648538231,-0.06203742207267034
0.6139633224975998,-1.5763604590040523,-0.6222673248396168,-0.3211033305680879,0.1476620575491204,-0.31794337516208415
-0.21335600178245218,-1.6399375092901551,1.7045128742027227,-0.8673356264523197,-0.8878112629282192,1.6953638620106932
-1.1419649965666552,1.471248072970198,1.780783514919676,-0.6994105756544468,-0.2801135314322231,0.9440321236030332
0.5954734172100593,-0.5146219006027468,0.44964634211318233,-0.7601005936426708,-1.0695138324668485,1.2678835183529575
-0.6418349400834041,0.554409337278634,-1.0180982548778794,-0.6909042065128908,0.569080073623696,-0.3019251089308542
0.3536878184514585,1.6460278766919276,-0.4724610719268042,0.40338367270534436,1.677046158160404,-1.0772776022793784
0.9796422274550202,-1.6973696334751291,-0.4251438701046657,-0.3746509865660894,1.2184030839381546,0.07751016987634346
0.7799184280325044,-1.6566324712919964,1.3231002572590627,-0.24150673475295087,-0.9951955972623523,0.647810792837875
-1.0971133002788998,-0.7287870231792221,0.04704128215542702,-0.38009871492508474,-0.4045675314155166,-0.30475350982694815
-0.2993176502109456,-2.277397311138569,-0.738328803915297,-0.9656354440586392,-1.5665308160080895,-2.113614490941542
-0.55630545216308,0.2739291259856113,-0.29106201717594643,0.2613055890632575,0.46048003247953884,0.4579563294562872
0.20585610232999024,-1.416444869816994,0.29887537737296804,-0.6487984401180639,0.8241906835238451,0.345608142413779
0.31435027143292754,-0.43046813789051486,1.2514517744625056,0.2303844046345296,-0.2035464921638494,-0.2261785421509601
1.1398971905906705,0.5127770082876117,0.4573942469148264,-0.31114580168843914,0.45080484808537885,1.20160637276804
0.6824252055371173,0.8284354565075347,0.1700188790082816,1.2350144060785033,-0.9265331014793984,0.7580100858790114
-0.45020184182070183,0.30364947228469075,-0.7817750743548508,0.7241715939118676,1.2783349976773843,0.3285261787303912
1.0053968055893037,1.9178170892473947,1.5936042452531158,1.2767259107713713,1.2220146449198117,1.0953773027467784
1.5144162396146414,-0.28232510360817664,0.9979923714272007,0.033834570900040585,-0.9321676860973859,-0.8415520221145059
1.0638916450093143,-0.2544718772424795,0.014654959524078161,-1.5892260359904045,0.32911747654058354,0.6151998789868295
-0.5469073287062362,2.470805879650301,0.1911629857304101,0.0005879341169563474,0.19424080090595788,-0.24787223143955608
1.1601157379110412,0.22961937934118373,-1.3326940042106148,0.3013598112335076,-0.8185619447370692,0.6766980461484094
0.6191273670512492,-0.20714321590054438,-1.5401040260821341,-0.8896591390295566,0.283714875666515,0.4058424335225537
-1.4970094707906805,-0.08258166389385889,0.3435673143370495,-0.806410434817326,0.34144664677294523,-0.8918455200929979
0.627590054471326,0.23988045620457027,0.05964698430085453,-1.1491345237710915,0.18534607265878167,0.3017853647999134
-0.5671477575712953,-1.0947566749723379,-0.5837704892973935,-2.119780549880594,-0.7551270754402254,-0.866505025303798
0.19955421745096394,0.6064542950757073,2.2151797569137957,0.6586300819279695,-0.84919738385289,-2.4821482039774585
0.09084670328704711,-1.2493093460823037,-0.4571505514427688,1.1012365687934473,-0.4327349424141456,-0.8215190957533167
-1.3198291328148766,-0.5370495674217322,2.573101942962228,0.08864939784187705,-1.227574880899964,-0.4239398486528676
1.5751812892992467,2.53423946076404,-0.2576586184008938,2.1768890115657475,0.3190300372393068,0.01982860029693245
-1.2872201607974327,0.5481835834747609,-0.8384242015469846,-2.046741148687505,-0.36801995450592306,0.3933650008646499
1.8544116814581557,-0.6684491430805939,0.6055057085901622,-0.3482465195299791,0.2271671814399089,0.11285976398217688
-0.03451266640803603,-1.8793996821330199,-1.0912622818291633,-0.43932373943128766,0.632091039414215,-0.5755999811044438
-0.3494099764588872,-0.41435109396330677,-1.6433342336498098,1.47652529095463,0.6976568595258239,-0.38994190447250965
0.09434228005587404,0.0062035261856258775,1.7609787262877714,-0.8232184336903134,-0.2811554889422201,0.13354104893996943
1.1520633294544453,0.606135025649871,2.017050303102058,-0.20396748722889144,0.8499032760459743,0.9020748581914058
-0.4347534712491305,-1.3889897198873162,0.2571208771526442,0.2625132749082029,1.1050544622588923,-0.8334042028943807
0.7467733581694558,1.1801127497629103,-0.5019965603375283,-0.7393236936366248,-0.6786953192565633,-0.9141060576219895
-0.11308929349387277,1.136100044926053,-0.28823635810739356,-0.9844700864171413,-0.6786520407271556,-1.7453516326718308
-1.466495656680069,0.37800085534661393,-0.5829699194615079,0.8499632108270568,-0.27196231109498387,-1.5488442144532233
-0.06435362301854886,0.08730402242669903,0.8853526990211278,-1.715559935667589,1.6371073532002123,0.05921511540881773
-0.20785826367180774,0.23410935822861517,0.01469826078563991,-0.17569269801366091,-0.8424123008956779,-0.16541693066922822
0.24473413690945314,0.12428471712478245,0.9072540743175801,-0.10079127488781639,-1.0158860609524316,0.8417137731951977
-0.2580435864847643,0.9328385794497965,0.6039277300582951,0.7621002613275162,0.9445362484041511,0.26790151818981905
-0.24198253266105124,0.05164081928333284,0.4814113419913954,-0.70319410461886,0.3528562559134276,0.6165429800587484
-1.778367843173531,-0.11284961787904232,0.823972657251649,-0.21076746405688634,-0.8646683600041786,-1.3916065052285769
0.6768454116337767,0.407620167017263,0.011065989844717248,-1.611416744625921,0.011054692901930393,1.0514315401406387
-0.2535086363417856,0.6971126671662952,0.982861098025915,-0.7783929532391712,2.3873328552741366,0.24491051921322074
-0.1881211103352954,-1.9676453472966826,2.1165566021752635,1.6756329839414825,1.7653526923150582,0.8017573627267942
-0.05090194340253378,1.2633531594341276,-0.6172504205347316,1.1982083469826483,-0.1519990291253095,-0.46154634009810286
1.5958648194448448,0.2740180364586188,0.21593936339347064,-0.6084716931924286,0.23294052649708394,-1.0906792421848448
0.09240029296206433,0.4891672363160097,0.31360384834110355,0.39444499906601344,-0.5140885332059854,-0.7300762413455187
-0.20353665858980863,2.063114988393137,-0.33290412692548227,0.02464135637243515,-0.7378911750217646,-1.1304877828793256
-2.134998729389683,-0.6835720062640431,0.44829393294388303,0.8490377333582556,1.2302873142844728,0.6113643215710282
2.156836511019238,-0.08950253594134053,0.7191211698905353,-0.7198146562616202,-1.1348475418585517,0.26970388737468204
-0.24231075583183598,3.73316687903325,-0.2091481143705578,0.344506566858939,-1.078396169274385,1.3853110786829492
-0.16958197157211685,0.17152244730113023,-0.20956803590711856,0.07162559256360562,0.6635454762529605,0.9563571158128343
-1.7598122932518234,1.4739881320932413,-2.162851692823284,2.1006457152788562,0.5962587747756241,-0.6983093786596564
-0.012089553457238007,-1.4394302477849075,-1.1069292824665309,1.0127158247701145,-0.08106700510705714,0.056096984554999334
-0.46839087586835626,-1.3723129441186002,0.3882229990821419,-2.048645363539252,-0.15278787183309248,-1.759022688427557
-0.21722356481154256,-1.634560446365088,0.4707612456589037,-1.3386118559221938,-0.9728962380928385,-1.536776364987087
1.0848268129192113,1.4446214069936683,0.12997931014709205,0.5437512139106748,1.5331956794531076,-0.386595239909706
-1.1415109545136957,1.5156588542430747,1.5035909925231652,0.10744599740456968,-1.1982058016988604,0.9239583997426858
0.35169659788201074,0.05991757604436159,0.9298986201031924,0.10962342869889614,0.36005879366076504,-0.3596170048482285
-0.003495576768877884,0.23489136625267013,-0.26413970955028304,-0.1986491043756214,0.1749491272774221,-0.4806107913858781
-0.3045035763093853,-0.37634792882549656,-0.8698488333691878,0.9539099627049391,-1.7572945531134574,0.20508191833761694
-0.1894613549493331,1.7748571314035166,-0.6960919477812723,-0.3799451603674784,-0.21568337438284016,-0.721261442263612
-0.5697188390757758,-0.26262941314195287,-0.15976352906028812,-0.16041747796794245,-0.3855373806815992,0.5123273766557641
0.14404620888507408,0.7066341705495788,-0.6230548035964268,-0.4659896642276367,-1.0570919363703617,0.5499732266842128
0.6808989677929479,-0.19525952290456955,-0.29438110922509875,-0.10041914717614413,0.4490024911200105,-0.33253178215409906
-0.6075848522119858,1.0106796985777091,0.2954978789710109,-0.5342107724104656,0.9139290049272647,0.003716296676557979
2.2442095190821463,-0.7022815987567901,-1.3800414162152301,-0.7105868573741939,-0.24218597231951253,0.01457520282216589
-0.38211194504139684,1.1529607037185237,0.4074638643076366,-0.4830784881023677,0.1405399295868943,-0.07091231705582954
-0.6214413404052714,0.5885893520766345,-0.27686625242565555,-1.283832305027385,-0.47518530163441414,0.7997865557341944
-0.4123905325462893,0.5196918182573913,0.5368611249388194,0.2596427730430631,-0.8700932375389986,0.05065254982794543
-0.0139330735998225,-1.6967351360085787,1.1893849545445043,0.25180319035884496,0.24585789716046874,0.1474582439644809
-1.7973774351481475,-0.10233797513714091,-0.6050565838772036,0.7126494685939109,-1.488965377670014,-1.0442812282391776
0.317933374380661,-0.19945448067699179,0.11442811520925514,-1.0389612037510485,0.5473289091600114,-0.2892896494452935
-0.5175094733763134,-0.8317170612389613,0.5344654574676654,-1.0847827137650343,0.3125062726264537,-0.39738203097380786
-0.46864251363265513,-0.9013622513085895,-0.22183034897828943,-0.02828170608719472,-0.4497562803721334,0.081983167055989
0.25871097359870343,-0.030674113191466065,-0.6720788807290291,0.06612114585450266,0.02371553600344351,-0.21618577876241074
0.5610537473670891,1.6194274797187862,0.2626412844989669,-1.4862504129362846,-0.6760501613770947,-0.422437958974259
0.052909575130510644,-0.051499370803530294,0.5217369005801252,0.5537025176055596,-0.35826129207269963,2.0808041602688743
-0.34195931048206335,0.8959690228429865,-0.15013554390191453,-1.1156056786118629,-1.5931953423927268,-0.7103939872644477
-1.0127052415254236,0.08672206296694376,0.2648808660272753,-0.3443661543580672,-0.6223377491168566,-0.5697250565833465
0.2311292864804154,-0.9732443480516889,0.41232971770008114,-0.43583763596133474,0.9432618141369327,0.5052348753184615
-0.8225382067589339,-1.076849297429332,1.0527896144329234,0.5286288567353624,-1.8637619316801193,0.2765202014925674
0.3911544933965572,0.9531707880751318,-0.011322776395850376,0.47114688396413595,0.5254898849753097,-0.24794993290060852
-0.5867207993224662,1.0046721795712419,1.568021255717676,-1.065387804777439,0.37678080998862507,0.25848178191602317
-0.8029049907598061,0.22761081092798008,0.25755791779260634,-1.037237519257564,-0.18358232186417484,0.1185185971851132
-1.1717020158397324,-0.33454788235126476,-1.2063258178767087,-0.33606729137542407,-0.5828126847446422,-0.8640112993281961
0.07101655338546893,1.2128520107594785,1.0152534626937575,1.287754171431082,-1.053624970893301,0.2793899077405066
-0.3050779668582586,-0.8732584590643963,-0.8966362021797423,0.317528691137001,-0.5361637268184537,0.3975596101299046
-0.4160338097420305,-0.4819675086940452,-0.5868801240813097,-0.41511883767979046,-0.6314370706906152,-0.8071211335187894
-0.9560375110894175,-0.21605244943554358,0.25067704522832324,0.8517256298035382,-0.060409743154464096,0.38325390780011115
-0.8105799425699791,1.2198638139725473,-1.2038757720770759,0.244819916423799,0.9565770996573898,-0.46196684212263317
0.20843812460684039,-0.6745071794012762,-0.20941497098251968,-0.3875730867695884,0.07144127881341965,0.508025525831516
-0.2800071869964433,0.03459829815970614,0.6211163168868925,-0.8515596248763976,-0.22090521963256168,1.3735913622334994
0.07173864436120556,-0.46060676755129987,0.3850851681278977,0.8647251989730438,-0.17191380591928215,0.5785119237674861
0.18114636795611963,-0.9087074687954787,1.4388717185828674,0.03385255476714491,-0.04144037614617687,0.63528325204822
0.11801811144185421,-0.5026008005121105,0.4306884455969811,-0.667432493189598,1.4070013981264748,0.1407214087920549
0.6887599127332527,0.1992827218086601,0.6640449861998542,-0.02488967207595223,0.8772923409950706,-0.4821658363123526
-0.9532202622068484,-0.6393370252446579,0.22292496459037645,-0.7544467424991373,-0.8889496497386916,-0.6376845488348553
0.4160009874249215,-0.06147553001475066,0.6346766607988836,0.9034278643614753,-0.12932829280394312,-0.5792007412947895
0.9969012958521178,0.5116252135235053,0.17138236524449812,-0.34521831298405053,-0.8205354564438591,0.4541162860084185
-0.15932499748509366,-0.3931641323814542,0.22411826679858335,-0.32534752320532656,0.17406296170748822,-0.017475210947067013
-0.5140521893107038,1.815307355241922,-2.4112730444259673,1.206857203686664,0.1506500309041915,-0.9861938843631426
-0.8683636317866738,-1.3256511113243055,0.4340447968712017,-0.13285097644185423,1.1079634684464974,1.151718141233481
-0.1627056961441663,0.488712580488073,-0.28276831507738226,1.6893781919087203,-1.212053649978706,0.9538213227063584
1.1963625167380159,-0.9780010583581804,1.3297052101566436,-0.11596965872603615,-0.6673629009259938,0.4935979388569351
2.499999306460845,0.13374357903844675,0.58938656222158,2.061602739789766,1.350654496897875,0.049734182886282584
-0.5919012550346446,-1.257723509937994,1.2388450653109897,0.8562617144376478,-0.38492416052362477,-0.5931795557786187
-0.3556133943867392,0.3306358215384476,0.3374497523835838,-0.29772845345230664,0.3004965883738681,-1.436665311639589
-0.6879174732615514,-0.32583263530286316,-0.9412536206936872,-0.2725344390099299,0.7602078025398287,0.6899976076638619
-2.274996852501745,-0.486627225757266,-0.4763702695405175,0.5772904343778431,-0.5989105536241413,-1.1655241165196184
0.6668619568557408,-0.8368132478969939,-0.6083605708351129,-0.5587421505186675,1.139037064992259,0.2629784788877061
-0.2001067264550979,-0.013199163858149768,1.1544116332862553,-0.4222266153101919,0.09009590756120024,-1.0105885881656034
0.5505451355157671,-1.3191424605608273,-1.7995551153105454,0.8891749579920631,0.6587461026577186,-0.05453982357566777
0.17108632777154692,-0.6866353761980638,-1.7496337957580959,0.7714719311518029,-3.093600451920955,0.5022598742801646
-0.7290930700365075,-0.9353503003125723,-1.4410045574664043,0.7644609897288873,0.05304129361192657,-0.5667060416455398
-0.4140425891725827,-1.192733995546427,-0.5635347020620202,0.5348277573896664,-1.5192343380745006,0.06877002513937441
-0.7464779573157292,-0.6420467739791533,-1.2029301933652523,1.4441750807781026,0.8858764219870089,0.0789602585809105
0.4291353846425215,0.7821676587641375,-0.04361544746148435,1.2382888532663545,1.6791583118825477,-0.22727186434316765
-0.3724129503447179,0.2684692146652293,-0.7679237056849051,-0.091446580864199,1.5841549312948193,-0.21114923438483385
-0.20586704310235993,-0.6430066029492421,-0.5587071149007137,-0.8386043236874654,-0.3115868622558208,-2.615085331430909
-0.43347887126920903,-1.0024777074417226,-0.17475684262820854,-0.06273602871522437,0.9270287913623606,0.608969711511434
-0.5850304499929044,0.8383348294011518,1.599559679227233,-0.6982485411644624,1.847975592851731,-2.417501350158753
0.06511400669750293,0.6013722532656587,0.9642576676508877,0.6017913782494129,-1.105053547165609,1.7632687600983874
0.004436483191753388,-0.16798017322836456,1.660822908291102,-1.3049937831146248,2.2233070027373323,0.9510911066630106
-0.4659729651768985,-0.41813989252944633,-0.012596639090687265,0.3347005174753023,0.7980054076404797,1.3669701481893983
-0.457056235703913,-0.34814310195287296,0.41134385874495216,0.08652176802569407,1.217940035970901,-0.6252577321613819
-0.25394079684995496,-0.052016668101105175,-1.3235654940693529,1.8377423287918704,-0.42099186251535337,1.0877761023017007
1.6925812471027488,-1.0741456107725385,-0.021003125870525982,-0.08915156274647484,0.2011255644362493,0.8846109892876683
0.03382886813556782,-0.7963670654437293,1.1223294264919366,0.587805463137816,-0.7173150333973016,0.9251183352789538
-0.6974632971452077,-0.6511964699298244,-0.3098668487675488,1.702343176718405,0.7240054957089993,0.33531532272954195
0.5455944360230972,-0.18843564410037733,-0.6191053257393891,1.7782599966485917,-1.4332525822578608,0.762857370488704
1.5009590896124672,0.40737970460160994,-0.9565137908735789,-0.43440446009034633,0.10207959239873084,-0.06272691673688989
-0.3981948804098492,-1.2729170973613446,-0.2554814712497256,0.11290686782029953,-0.32565764879113346,-0.1432334174643769
0.21926401885657754,-0.04047043076407281,-0.9600010529385732,0.015937856379886796,-1.2057795981742143,-0.6403284299214738
-0.10182576834980693,-0.20544987552805483,1.2193363364674539,-1.0565743265206575,-0.45886748739277455,0.436371066716288
-0.025316947239852932,-0.706161328488517,-0.2201496558259673,-1.6061073537062096,0.6692250834604938,-0.49765585110736765
-0.27907175095972714,0.2322563831432169,-0.8740943710145851,0.5381035879519181,-1.2837938090243195,-2.8612948531744222
0.34131927529907385,-0.24894932445247822,-1.2716462744484849,0.07192163468367177,-0.4786335346136716,-0.5713435830956464
0.0928433942426543,-2.5133111478309655,1.1999816795545961,-1.020179129619478,0.3652886809655777,-0.8031832437866289
0.5622681730990029,0.20718362975191654,-0.7265871129889744,0.915539307170776,1.2748277035010294,-0.4192965515389738
0.2541267899800867,-1.6753521672475675,-0.3044270019078655,0.2860776743158185,0.6402875191886747,-1.9176180571677999
0.05493361801701656,1.3653556996048872,2.047069154432562,-0.9682541717842863,-0.05722821142122832,0.5266997769717267
0.1383405960996095,-0.9276191305450864,2.3547266318542888,0.2743148418535156,0.8258582849288639,-1.1219120977707129
-1.0154076122982383,-0.19532216437418887,-0.6875535432045713,0.735255189547292,1.068990129963606,-1.1973224660720498
-0.14056704327472525,0.17499803851913562,-0.6322175519445103,-0.521306656074071,-1.171715099974873,-0.38851069095946233
-0.19612975570241256,-0.4913738326009144,-0.12323941843441148,-0.059504466133558864,1.8078307627131118,-0.2285877106542356
0.47694655985349893,0.28225842075341634,-0.22212036673015556,-1.074758782914519,0.7183204194733677,-0.024699584698666253
3.0788591608430065,0.6195200932243176,3.0005750181365913,0.3614660452279383,-0.7017605253779342,-1.7461856114253962
-1.3966661770956152,-0.4587699580064279,-1.6937973224748442,-1.2622322972576,0.4427930771987431,0.10637194591042967
0.3327143578382931,-0.42926582581219325,-1.1591777930765008,0.6327125626781408,-0.13092264368307147,-0.6831642804809723
0.42660259584130944,2.249996719908247,2.111959619406939,0.446860363123469,-1.1748715043231241,-0.6572333223014519
0.4915141982501516,0.948038228950868,-1.5127668319503242,1.3663298369443069,-0.9998849874107214,0.617049817040008
-0.4988171638001121,-0.6787789234913205,-0.01702947986749556,1.3976798674348019,-1.786586742947141,-0.5021340960981054
-0.3472218219869889,-0.16541793505137367,-0.5091654366415098,0.30128095889311324,0.14754369830725342,0.5043403774530729
0.8163238480587122,-0.4179155956543196,-0.7293201274978915,0.024056880691460895,-0.18755596910940503,-1.0403523105711519
0.6152871559530575,-0.1882113472252694,-0.40406421177184493,1.1809535181807638,1.522414481019104,0.41880156445373096
0.4210720354135559,-0.2410463958166607,0.006806354114155951,-1.018051499803295,-0.204216480402811,0.9508383653093008
-1.127134779633334,0.500402286997469,-0.8182719958164973,1.5277585615934026,-0.8006511038101131,0.1415268631530574
0.4368322179974339,0.21372865298164465,0.5609809346358435,0.455917315273385,-2.3051722813958935,-2.0606176931120954
-0.492580923555202,0.0003212901184161643,2.200399928635437,1.140856411404341,0.18911107863537624,0.24481935965596588
0.21963053473063068,0.9275504269977463,1.4121759873258508,0.3113616080937297,-0.939469559912097,1.000770949311824
0.6704067671002057,0.39511208001758086,-0.7089665205508293,0.03770386907681235,-0.8105869606004289,-1.163381824603171
-0.48340708593175824,-0.812682137242676,-1.066408364697729,-1.5754282597962284,-0.1878894936967303,-1.571649847199205
0.07597819365050847,-1.4831176211182076,-0.20624088780929578,1.277293094272435,1.589149252056853,1.4163774432297167
1.1277748148163744,0.3877931315340797,0.4630163618755157,1.0650848457854023,-0.7490875781929961,-0.36881243951876513
0.4658197943638758,1.4160488140735543,0.2361560175132656,0.5401385316837785,-1.4007011638882716,0.5493232598874316
0.31308114183921637,2.1700015425022063,-0.12538534839701437,0.41404672252534064,2.5952705894287877,1.0812935320410495
-0.9812122282886173,-0.17095665338192007,2.2115545350154453,0.3348872730183355,0.2123525532547563,0.09318199593318115
0.7193448418641905,-0.5156767021235639,-0.8440221483616905,0.05851812019145473,0.1397220084443041,0.9544629099338042
-0.5347794825457807,1.1169701483790393,0.3664787167346237,-0.5399171917809242,-0.6296710267798981,0.49450648731332175
-1.8138706494800807,-0.16028335523453,0.6078711658788393,0.052940354639540346,0.681582632350449,-1.0195328896825964
-0.6678575671404138,0.6305975298854292,1.4256557707512214,0.32274539597238966,-0.3690130029713674,0.23524853720789954
-0.08812245096954394,-0.6758650848073844,1.6894400071542421,-0.2537980162333206,-0.7848005039016164,1.540437728931376
0.27772603595953005,-0.680939043847151,-0.701202503651863,0.6631232819559062,0.8204499651995754,-0.37971756025885245
-1.5435405756355771,-0.9302864447356487,1.4327128693800077,-1.1553583251644768,0.3526592309465898,1.4705018433077173
-1.0554070760444982,-1.4603868504139312,1.5664513332344703,0.3134048520719418,0.8478851185527494,0.3628944321614236
0.47311181914146666,1.7641858539487063,0.3546766054433285,0.639113435993794,-0.9083090402702064,1.2971409116299295
0.5112239996557651,-0.7582325552889784,1.7836121950064663,0.4036437470911954,1.2092887010055302,0.7140693171576223
0.7760399242310954,-0.4619202177208949,-0.8831362786327236,-0.8113573816461113,-0.03160018428429724,-2.0560906942634425
0.7209476650148458,0.8908667741072519,0.19445186759708552,-0.013143440106353097,-0.550059472157338,0.5376351995887838
0.35059157987374284,-0.7939543585168229,2.0536297990624925,1.6020443831144404,1.2530763452528857,1.5027907785554366
0.9126847006149328,0.20068104106614046,-0.9264153860625239,1.947721976396916,-0.7357384449868519,1.0452761116522935
1.095975459953523,0.9811876905388787,0.09306850918538764,-0.41910987280312945,-0.6602314713096854,0.9808145394220878
-0.8742716488607991,-0.40845067166297205,-0.7206689382399161,0.35058718900266433,-0.09409683535208176,0.1818261588270513
-0.04677180183682578,-0.32725924425631153,0.8909204356533474,0.019300839528884832,-0.3408019474060173,-1.9528985833082537
1.0913529836316378,-0.31337102423225527,-0.21824037229284002,0.8578055602600633,-1.6563423018109762,0.5718802141011926
1.0936997793027181,-0.2851480111265255,0.40005129253158805,-1.0474620393950407,0.2981879695066615,-1.125427792636045
-1.3569894661338788,0.541426387525329,-0.6631809749807493,1.4725314890825156,-1.020588510020246,-1.8327706009592009
-0.02087499366188923,0.4574120526003385,0.6820311218460811,-1.890520828627433,0.0012110452171801953,0.9570595607205652
-1.096626435908882,-0.6294275488881977,-1.8182340711417977,-0.06446247995748419,0.31672108463219717,1.8237397952012535
1.6370513569921705,2.173800444531189,-0.7546543865308686,0.6060660051232837,0.5400594511791446,-1.660012659704686
1.2481780146325774,1.1976523612584258,-1.392038886686607,0.5039245568280557,-0.4421194501182543,0.7068816780836884
-1.6052629429016376,-0.3557712163993673,-0.12006130723685232,0.4318313837196668,-1.7570875805443364,-0.2817636111978366
-0.6649418513066194,-0.42677633256766473,0.8478246033306228,0.31873914373073464,-0.008637156402380285,-0.39722628948323696
1.0258122868120738,1.8094756364889089,1.3411176100938642,-0.2939988760892064,0.34752430879299717,0.08990363755672835
1.0598873223257304,1.8667925811974684,-0.882160489738414,0.43467283472256213,1.1559425844379698,0.7478025854461255
1.2033810222066195,-0.9407920253998481,0.5583717818751182,-0.7193200999161805,1.9751201501071547,2.698754400122291
-0.9696806542217236,1.2225311281631097,0.05706502070435925,-2.495208992855455,0.3307636970601807,-2.2376155271630944
-1.295704729762198,0.0356773479913314,0.8342511683395561,1.0479033358263485,-0.8209966957561516,0.18130019272793035
-1.0713641925308266,-0.34640530634387023,-0.2531421961191994,0.6030225814590391,-0.16859760475212762,-0.1398467171814438
0.12044696290563074,0.668477432776543,0.2823272464130849,-0.30738717346309447,1.6471057916053167,-0.9710334659617484
0.6692798675471476,0.6388985349572661,0.3781307841195667,-1.1567140320694584,1.7088281015024114,-1.1892354198900972
-0.416230743644481,1.375925942431267,-0.8256483153735569,0.10407125557323768,0.29910572194357976,2.3072676924191575
1.192122967448713,1.6046622791199654,-0.6912190453462363,0.37267691130750635,0.09502410475914923,1.9626498627443143
0.7702194333358255,-0.5094448862419888,-2.0851380123895633,-0.33305845207100043,-0.5208744774274626,-0.34288402060267636
-0.4912844420305921,-0.014417641477016494,-0.06356020993890307,-0.46705347913573464,-0.13141976541787892,-0.5756789521972121
1.0892250034076962,-1.6082045531927311,2.4843534898723743,-0.9328660714410778,-0.3214373569914915,1.0920178572247004
-2.7575232062585844,-0.22903741988140963,-2.596063695663946,-0.6481634712717459,-1.3226462475357563,-2.2557795556374725
1.6069751737759388,0.2183459355009134,-0.44308972550758685,0.016083110691134835,0.3951599956580742,-0.36050515455503807
-0.6528741793941208,-1.4161377245465618,-0.32960819601623426,-0.060391209119363166,0.11292213438013708,-0.3337127089347557
1.3751949113401134,-0.40574294362103763,1.6374774862718124,0.4640833743143079,-0.71826783928988,-1.8179003357261057
0.15710949108229663,1.3827195108469301,-0.46991233953104194,-1.5235475699416101,0.5013015794842042,-0.9826319749033192
0.5262894431948052,0.6434673208548997,-0.4000704256471664,-0.0899442362735687,-1.2263050651623766,1.439203051514701
0.05515790385036575,-1.8198054168996354,-0.07178543562382429,-2.2937813810118097,0.7596215507192078,-0.4879829502692835
0.7583869880290458,0.4423538515790696,-1.6507598965049337,0.3603399784721755,1.6149135850298124,-0.49772678119926655
1.9256634614493435,0.7431965818859566,-0.9802005879549575,-0.15972855752030504,-1.356168827492609,-0.9064244471681907
-1.5456521447009894,0.6161778677158516,-0.7646549639398965,0.20083276085471174,-0.1806813684974635,0.5442315288512443
0.7046240326545151,1.7417824354405482,0.8804677125131048,0.018919028196453684,1.2931984057174508,-0.2697275025246148
-1.4368352228134778,0.4733937101254461,-0.8378622921527422,-0.23320372164713182,0.8068093478681279,0.6613017301740769
0.41990137277112094,0.9009318437914797,0.7673648173089095,-0.4673813388668271,-2.2913018356948456,-0.4837853785300266
-0.03544810244475217,-0.8767138433567155,0.44185614305606496,0.23446950921657903,0.12345789402970209,-0.275242444132997
-0.21770495879535,-0.6908323546630659,0.11548043656585952,0.05914202204263261,-1.9818591554260918,0.382976450948978
0.8277350736296922,2.128559158612622,0.019138150605039584,0.01959134815138091,-0.18735634958396422,1.0823153316465546
1.4084220369958582,1.0297610985030685,-0.7530774150050806,0.46725268504829565,0.5846592891617169,-0.35861712755035796
-0.17898009502890977,0.7287789404089401,0.1519320427537673,-1.7289399327951251,-0.962420885365788,-1.3524186451592817
-0.6192422451610544,-0.5535828740180847,1.0584993389228248,0.33973738363962197,0.1363429134540632,0.22002023583072128
1.7489262247541295,1.5496287170139325,0.6124973518235615,0.617123316645239,-1.2316880637222236,-1.3197318919736911
-1.0772120353569952,0.005148724664808853,-0.4055364546650101,-1.6454394544433955,1.0633823306643178,-1.0692145944579252
-0.33462352261504474,0.7862454163675843,0.3212560875648652,1.1199273402150955,1.1825097664288484,-1.0109288494656419
-1.361879991378592,0.24581725097113616,-1.1518669289148282,2.050152549940252,-1.0765707304266676,0.2131996049650054
1.017792700672587,0.39504337647025944,-0.9740306616851897,-1.2859986693265648,1.6586425341173863,0.1869928827766344
0.9999701824989857,1.5619872727635302,-0.5038615356030053,-1.5136578264072027,-0.3926244982513781,-0.3986120501808375
-0.97835668670278,-0.7029140755307606,-1.918008233833054,-2.4606398501528095,1.7832171326296415,-1.1290178032778646
-0.42699099326005097,-0.6705870358181771,-0.09211185340665638,1.7626499999998102,-2.433201206332095,0.4359597060401178
-1.3687398556480135,3.5766117015877823,1.017558499617462,-2.4683120445354993,0.07575541612073425,-0.683341521068611
-1.336387991780977,1.3981050640643173,0.24968413723061225,-0.25047930106490884,0.7751804296547289,0.666530920004115
0.39123654918925344,0.8739657014634089,-1.6294536618034663,0.5769362905332815,-1.2383857714195654,1.7535256063053204
0.9228213262060423,0.7777766938125378,0.6885273180867133,-0.8451075667081939,-1.0185777916971273,0.6756125110307335
0.21631548070567422,-0.9408061702478132,0.7811104503401534,-1.4609277446753763,-0.15426379887553326,0.07310607137785628
0.9171977692132229,0.1059247044464197,0.11207675600574199,1.2523370202256292,-0.8839271979325414,0.1592295921037354
1.116374530017764,-0.5999739340081783,0.18020172451831562,-0.7308532922292774,-0.12698649373085796,0.766426389886131
0.7158820874124217,0.6109806464293887,-0.07212781769200179,2.3118537840798568,0.1137887707828182,0.5160128636026652
0.12317668560934422,-0.5820645357726113,-0.018100934339678323,0.06103032808885711,-0.10538409113765936,-0.21017686577415987
-0.423161722934229,0.20437082569642956,-0.16495363841142033,-0.24601653527360426,-0.2196050120321578,0.4325372867848936
0.41115969565584654,-1.302099939437182,-0.6351771428220744,0.4591170602440178,2.101323162500292,1.3987971067765093
-0.37381336920676334,0.06727693837923487,-0.6138306278772918,1.1337915183801253,0.015268977383309219,-1.9850999986096445
0.31858982072223047,-0.05865262249640183,-0.8404684238952209,-0.5329602019593345,0.7452937952240869,-0.84904301852658
0.2503303419713228,-0.4592266345269445,-0.5369809586626852,0.7630222803603353,0.1894200679568995,-0.1210551520706178
-0.6816155883824742,-0.2696614232807079,0.2768733014682376,-2.1390703224143324,-1.186793016646395,-2.135804944799776
-0.10551827902113528,0.08900948695461153,-0.17722501453734082,-0.7164689652925456,2.8705933060794195,-0.6384751061837184
-1.3607366806670047,2.1030479149339487,-1.5840397014779708,0.8993372262818622,-0.10032213959907473,1.2347203993473104
-1.2451255391442895,-0.05752507604312245,-0.4886406386603495,1.2830686823625357,0.47624150230222206,-0.6945723446650632
-0.6138757963186933,-0.4144319216660511,0.7353772690863847,-0.04817047973302301,1.378517644762645,0.6226058947160105
0.16842772008821089,1.9112377142439965,-0.3527592658615308,-2.4007411223173043,-0.5037902348805859,-0.14862478158568135
-2.312184537751646,-0.01919051732407183,0.7636801820516754,-0.31433171291514356,-0.7909154586644207,-1.530881464926983
-0.5722625686493575,0.5450838410745091,1.3653159662653507,0.9039383295124378,-0.8372920632978351,0.36969745746733557
-0.9689968559492554,0.481664404808754,-0.250386020470378,-0.3016171188705704,0.6583091617635559,-0.2526907377303322
-0.0941344053810539,-2.1496430648734832,1.2555059809521567,1.2522747683779514,-0.42053796548093575,-1.0057776996651142
1.491369502639332,-0.019782580246670144,-0.36798519783460093,-0.12283534583770377,-0.2180075713674721,2.0836002278772576
-1.0043027283533545,0.7381913263935114,0.30826168107145163,1.6906605799708843,0.26617645617433316,-0.6336709890523906
0.9111311109399155,0.26836211795909687,-0.1332631569833437,-1.543349191000692,-1.1131865087003894,0.4536118190063654
1.809838974865598,1.3300137865799373,-0.13013136806560244,-0.5172990204580153,0.3707423785559252,0.39150583682099477
-0.4527018083048558,-0.7056197828801339,0.28658184711323176,-1.324564380650113,1.1647758937771178,1.1293148970995424
1.0387497501271725,-0.893489633061301,0.091542894969832,1.0128347949678935,0.31207413328057604,-0.24700634260884696
0.16163350045295652,-0.45524182878164626,0.5850262258827312,-1.8842098746473144,-0.83530072342072,-0.37205067753297194
0.51498762534742,1.7979496060775813,-0.8748647306679845,-0.09246612779171065,-1.0171776882075771,0.17846789829457252
0.6540174901056571,-0.23090453981481077,0.11388332491841413,-2.2433241834074273,0.6383300592946543,0.010750902807581732
0.46258132574545613,-1.8985740339165278,-0.4350316628324192,0.017620039641586097,-0.757590280477522,0.7812155679736008
1.0256372344543627,-0.05006063769469661,0.3160025368305137,-1.9944592802589634,-0.6517964428649231,0.7588473656750372
-0.5075861928462343,1.0613829165092192,-0.20574946884085463,0.9941384900486816,-0.28251367039358183,-0.4109472840864854
1.7011150495431522,0.6625729690910862,0.216313969656302,-0.7187833506517618,0.5557402313058291,0.4562946354656227
-1.924815551591483,0.8509601165698094,-0.21807220227699803,-1.6491178469539451,-1.1249570198660794,0.48269078670609933
1.413706430045523,-0.16927139577971245,-0.09896654381278847,0.22415091962040465,-0.4388920991260232,0.6859041457253634
0.3492950983491329,1.0159173337155443,0.35244810098191864,-2.2116615103041433,-2.2205092180639814,-0.6700462763009969
-0.8127954489727761,0.5855663959940048,-0.10223729956996462,0.9693373539338762,-0.2477516557961531,1.6913977864544238
0.838714138692452,-0.10585398020651843,-1.3546265966956326,-0.32158474485680594,-1.1231180268719618,-0.5401621052732452
0.13421045453390149,1.4768696396960685,0.2969026524566215,-2.940688748334861,1.1369677268699814,0.2032370588113054
-0.679334437345561,-1.415430482147549,-1.3640783557894935,-0.6711662206758613,-0.24992606815898258,0.6672278631744042
-2.1167659322526005,1.4522778111361119,-0.4487068054378618,1.6356327133725583,-0.34636467028674167,-0.7838833181364858
1.029028873885805,-0.45606020927193236,-0.2621720196643415,-0.7477193928267665,1.565686916982052,0.5679934482061534
0.025770989292761635,-1.4744407672285982,-1.1437907401301706,-0.1680952058481895,0.1765728580338503,-1.0727257186490773
-2.168690837870757,-1.1762289786460423,0.1721577599283119,-0.7081438181964335,-0.36473339159534823,0.2973570586566939
0.6608773543750786,0.13658063140476076,0.7745296655885652,0.9523398327690674,-0.44473116941255963,-1.0021214988898086
0.43518563175729985,-0.1924911740855769,0.40662905626492946,1.1007108865241686,0.45059876907793595,-1.6301360247184695
0.35790001580986275,1.0320808535718267,-0.8213332943084374,1.0010041771603364,-1.1375027334667265,1.8767206803131788
-0.37157051087306764,-0.03651593540730362,-0.59983223631925,0.6646878783942013,-0.4635717881787605,-0.30597481089618844
1.4028586542510466,1.112457941873342,1.3950931361359649,0.7297770269516516,-1.2548082400354257,1.3034756967587784
-0.5808127822483409,-2.5991744164562514,0.6921736871128,-0.31067130427169815,-0.8039129053730139,-0.7405805816737329
1.5154282610578944,-1.2130843904048683,1.3503055335940102,0.568164313508298,-0.5015513676531863,0.4867485296723068
0.34046042466884363,0.021508251700268714,1.1148242101562709,1.345165592108266,-1.4325358704324234,3.4501573225481876
-0.2114687185504399,-0.7407353783373961,-0.25661536009903907,-1.4754241249379358,-0.4155766096087135,-1.4977706547480645
0.7381957926396248,-3.807976959308232,0.14637437618237636,2.3513339058770786,-0.3713626503150845,0.5671109695210146
0.7999947453121712,-0.7315392064576697,-1.3505109628349206,0.633488635712518,-1.578010316743825,0.0061644851945887565
-0.08311704761507661,0.4476884799601941,-1.6782793587377403,-0.5142223958083375,-0.474595238719412,1.2937418535982965
0.33841450023759834,2.1745036455450606,1.545303198488016,1.2863749471614194,-0.42734908015061074,-0.5076927130375394
0.953942353182585,1.330478545870717,0.5263640935309359,0.07177361362363548,-0.6035816419068384,0.2779780772716661
-0.04308476155165679,1.0951567721009183,0.5796165892055342,1.2628880167198107,1.2487721232504438,-1.7279112096337972
-0.3836381827855663,-0.18666349671770455,-0.6064442382594035,-1.8981183207929047,1.354005191698917,0.23970071242738947
-0.8581668319476075,0.8397553762768792,-1.2873142820919314,1.9356631018145405,-0.6920398769962895,-0.29275218906275574
0.5765568218004579,-0.5914203423652653,-0.7183800134135431,1.3694424293281933,-0.5124210717564077,-1.6830627388771586
-1.7793032792102472,-0.6096186996381395,0.021976900752667995,-0.4785949716951834,-1.5489835685571745,0.10478524483315702
-0.7537590413210012,0.8868900511322356,-0.22597015098498485,-1.3933969403145792,-1.1396364080297356,-0.04192814852426094
-1.0105170870535254,-0.12261360437055888,1.488766855977166,-2.5229124484464327,1.8966686969203943,-1.2592148115605746
0.7449845418886688,0.7996991874893711,-1.062366242281065,1.5302029841455507,0.08055491890561231,-1.1393959422134567
0.5049111740043691,-1.23433601414892,-1.703224913422722,0.550919168327166,0.13451226395753213,-0.7670522336802963
-0.36841956843350354,0.317996389521806,0.8010169465864341,-0.3885787999531845,1.1585391562469836,2.0992495391316495
1.437787070008723,1.1154404841046184,-0.6504020677890654,-1.8917589487090236,1.2919090177494001,-2.5777100822423153
-1.3836740099187192,1.327091865125719,1.6682697182739625,-0.41337716931920165,-1.4981448183521937,-0.7505333093421567
-0.15178133494320395,-0.664337033703477,1.262438210826672,-0.4113519092080939,-0.8687191549961087,-0.3167858096050187
-1.0775183769830405,-1.182117276790954,1.5266151796020233,-0.19692472819494308,0.5637353690263126,0.32960282642605254
-1.3733513911975288,-0.008307067149539046,0.249338734144188,0.9958262068079445,-1.506018044115709,0.3251936494006983
-0.438653856595279,1.5413863120265738,0.16914479772834798,0.023853524655711066,1.6556753925917693,0.47376104363278776
-0.40560725368340467,-0.520886047565431,1.2069713087758374,0.6478923298907546,-0.23635583764974266,0.6063048391804386
-0.3297548789150711,0.18879734807016565,-2.1864206701929736,-1.8443562417640258,-0.4347495902554793,1.3141121634276345
-1.2252133334500153,0.0985511972635624,1.1209176039637532,-0.11199107397223788,1.1266467772943642,0.3562559511259687
-1.4094395288253214,-0.9798419092881934,0.8226595213195763,0.2099118469949209,-0.7643451222931642,0.6006994997938303
1.476604930340229,-0.6106957287772037,1.2875418654666668,0.014049550333662291,2.100042763978026,-0.4702504272943189
0.5531435689511462,-0.7520270084107726,-0.1067507008334123,-0.36835663307867444,0.36998812637425815,-0.6074180522695363
1.036162257464163,-0.750580192531657,2.21979486579161,0.22784867937245928,-1.6760768159939043,-1.2142742501834354
-1.124142478393003,-0.11974017953799485,-0.10063313887994661,-0.5540566614501211,0.06638476400551808,-0.2283469884807756
0.9352008101307966,0.1780553463754354,-0.8175580285037353,-0.818142833042984,-0.08914549167696303,1.763955038362259
1.2797257317311812,-0.6783667022073171,0.5453381021444688,0.1824698491641817,0.10613131324974916,-0.913157896656044
1.1032838958896427,-1.404561176821019,-0.47109355766625244,1.7695101536138884,-0.6622925520608048,-0.6811740058020571
-1.3311528322069501,-0.17094048784137494,0.2576364642670781,0.6007109628485983,-0.5630323943659318,0.4072450380009216
-0.852209581397844,0.5070362207002046,1.2207834042085473,0.3354862741304319,-0.09394899934068152,0.9424818186349677
-0.5534663217357717,0.1354187331778113,1.2361926112887025,-0.1329561128957048,0.27413348295100964,-0.23406117762654743
1.3273180914949687,2.1808870133693,-0.18995457843096009,-0.6171163997732748,-0.4317868519434265,-2.299668354100595
-1.8673491447732544,0.016529265211211622,0.03751299059926179,3.2191813808547485,-0.050159858646660394,-0.6100951130650143
0.9257972162877934,-2.3754696042633863,0.5979914291997469,-0.4986248495290838,-1.085240162707446,-1.4993363645809525
-0.4057057206346808,1.0983777560552868,0.029791267955778078,-0.3674920240831504,-0.03069968943012662,-0.22866727424181138
0.28373799037104,0.29450179702659957,0.1617785482321173,-0.6569603490358108,-1.2628614269674927,0.179290788931146
0.45366459627247063,1.4528213774370748,0.16238577290008904,0.8973935852599242,-1.031801750907894,2.0329099276662728
-0.9556600544430456,-1.4518817553926724,0.8806288334863648,-2.233372188025342,0.9779548845298015,1.6290468499898714
-1.5858977758253379,-1.0496265271450629,-0.8083842030887439,-0.1052319066888343,1.3598454892870344,-0.6731810816513536
-0.5287456465894804,-1.8616438565326594,0.6690820306263968,-0.8488786453030792,0.05045532611919655,0.603334916669005
-1.3353814407238833,-0.2678973586683171,0.18880457748431495,-0.3147730093464642,0.7124558880619435,0.14908421898285829
1.4501993762505863,-1.5485031912532143,0.34988728451316936,1.4102381401729998,-1.133633159242337,-0.07953226999028971
0.014594990327551351,-1.81137710819598,1.1665591476639745,-0.4524298284290315,0.06301396944964813,-0.641199566563279
-0.19855313678002973,1.2423399774131867,0.5869304743854534,0.5547884665039378,0.5910087877159835,0.027022333603099892
-1.3154747054158193,-0.511534282357918,0.012178731566294135,0.6783459337746929,0.4112433630004798,-0.2537345442855961
-0.1581707460011877,-0.10244103045813237,-2.2274289789058908,0.1868260951272223,-1.532841441460164,1.264828445874394
-0.24401204593371653,0.4824241852145618,0.22399541205647072,1.5589329035360173,-1.2655267599624098,0.1381318679429055
-0.6806090373254315,0.2318865964031466,-0.6678494551809541,0.04715784967747556,-0.7271388397065038,0.8217686207066865
0.04513615636906143,-0.8631145823699852,-0.7353309468065762,0.03660823655768171,0.338703466254112,0.13448920990591495
-1.939328486126389,-2.6608156432616314,-0.013564371936326399,1.6551742600457893,-0.18120739641422415,0.25637046901345395
-0.6709756872628688,-0.76721453375644,0.12060005549119045,-0.40322320127576733,0.5541710508748984,-0.9249350004590857
0.15102095126424986,1.5608597263102508,1.0390047081644438,0.6818915223435482,0.42363654669947276,-0.7342251438689732
0.804628162406426,0.6103825214290695,1.8002690826233076,-0.24793665893086148,-0.3028161345314614,-0.6141239084280842
0.26442205677037833,-0.051747915989484104,0.12201489903762984,0.07781480959716362,-0.5900216819739793,-0.6550956010591847
1.5062708345929798,2.467180757182211,-0.18675934812999956,-0.12696471840032658,0.06856123263678325,-1.3114906278592329
-1.7654632021754906,0.7662264150903833,-0.9858106188426597,0.9056039122814205,0.20973633385465368,0.637826578302886
0.44483539297839164,-0.7210477706414543,-0.8393647452283937,0.5543886713044023,-0.2742110613298434,1.6736705112905554
-1.9437977916352007,-0.16422774712845614,1.3263226767242626,1.2050034820002604,1.3108861038386783,0.36944810179819865
-1.401660639677713,-0.5583577705577011,-1.0138154580074137,0.6323155342273935,-0.09963585193386143,0.007963468694874984
0.24728880725540459,-0.6370496012569901,-0.24587463321909797,0.19040626805589855,0.42025645048952304,0.7209153406576699
-1.6886808617566003,-1.4914186261900446,-0.25570804761837246,1.611412594502745,0.5741783489827345,-1.0141704731644294
-0.6513041785605236,0.18920754866158926,-0.23491639302525022,0.41751484212818923,-0.9582509452283464,0.8898889329756293
1.5895793457243474,0.33888024721836735,-1.3329618678286559,0.5721027804046989,1.3973629358874922,0.19975386651791663
0.8298138203779957,0.6277705809819394,-1.2040086968800172,-0.817904892647426,0.12655603385030018,-0.4747872446282478
2.771800914187721,1.3631773930159319,-0.0838956907764848,1.1591487710008541,-1.366858075200324,0.22731215398963872
0.0464490490522004,-1.1044176061428628,1.4432330619278049,0.16021135518341081,-0.3374197841618268,0.5381389894539287
-1.3141672831188398,1.4896828512736218,1.762738972920635,-1.4297506359839862,0.05948847029985468,0.11334696399289201
-0.39355599292943505,-0.7441745970891703,-1.157282607628528,-0.6403432558290326,-0.6513968270109232,1.2895192277931582
-0.9458899447259892,-1.1833438371801028,1.1629631289420317,-0.5548728523418958,0.598932235952058,1.2926597888073021
0.08485116003401524,0.992750093416456,-0.8518616907168725,1.7850509815430409,0.04432184340885082,-1.416009250031907
-1.2978819434617266,-0.6576424792236832,-0.5520075034313481,-0.39501287425427106,-1.4226636610714256,0.23216502497888147
0.7052640678375556,1.7404447369601261,0.9759047000054164,1.477634757217689,0.4619069535851962,-1.7554632335890568
0.8700485107300253,-1.389983900631075,-0.019689989938453216,-0.20341413747175605,0.20905037992934583,0.050745825438053394
0.2881197697010469,-1.2772575449987291,0.7272326038880935,0.9165657709702647,0.6204692578216008,0.07338014254440874
0.4743864191213881,-0.18163399291445106,0.9218113542516175,-2.5287170873987908,-1.325153097139774,0.007015477013158497
0.5556325946629306,-1.3097886746607343,0.09341794029614715,-0.37639818842424183,-0.5632263618446225,-0.7395743562172833
0.5693030897261355,2.6415059050760044,0.4901763229367339,1.0069222528129096,1.1305377324041779,1.6307779505143811
0.256440763334109,0.7556602136491256,0.433331836564528,-0.15212414848286943,0.0045035400853900304,0.19447219857692477
0.7347220974154862,0.6885550341382413,-0.7257442488976061,-1.0962010860035152,0.15326999680385475,-0.7943672597151268
0.9223016395189665,-1.4766493842061015,-1.389624086099865,-0.7047642345547316,0.9986692698348923,-1.355502665240975
0.9528537463328463,-0.5552620695425903,0.10174890161977024,-0.2840275134656293,1.0915218797639155,1.4995701461010338
1.1317134928657915,-1.79185923867579,0.4782966721770649,0.6473154627689385,-0.0009208314566730166,-0.7460174832526124
0.3421835963154635,-0.7805793944052005,1.9788807445367598,0.3188345965638328,-1.646635003025467,-0.9570213024848347
-0.8891948623591353,-1.598099069657131,0.14356180819290834,-1.7921739762917712,-0.45571584152959815,-0.720317259477043
-0.410344608115095,1.5201245848196978,1.1053321708190949,0.03924771489921492,0.6757812962046015,0.4488219217502608
0.9322085088904656,0.18753239452220588,2.332538259824217,-0.2151285518303096,-0.2919209908349574,0.29838495249444424
0.4383146926521246,0.19234972560577435,-0.15414040709351032,-0.11344361708471827,0.07913205650781342,-0.32324247937865486
-1.0897611012533013,0.4581900192392525,0.6967485157472993,-0.021450603335348074,0.1518892825261112,-0.004274426779168087
-0.3600279960338042,-0.8078668268516874,-0.18180286419008687,0.8698104832411129,-0.02686501794014828,0.32505348205919077
-0.28930684350201097,0.7290719408313883,1.9662085799898663,0.03553888815202015,-0.20377609445158043,0.4977633465927067
-0.8027135272435151,-0.3954657012170872,0.44229620471428327,-0.04397193845075827,0.044632307645432134,0.13577881716150209
0.2371084185749182,-1.4142928322314265,-1.4761168455640883,0.056023896161169554,0.7592957882760861,0.4190878240847661
0.1916495094212314,0.2693179055440446,0.9326447256911851,-0.6266962674436811,-0.501496623543227,0.8170496535424808
-0.25695497963502545,-1.4452498423824978,1.625916049434328,-0.3519511961539979,0.5442362060700964,0.25742324763284496
0.7764502031945762,-0.516523372309818,-1.3876221580071113,-0.20084521122425245,1.167838517212514,1.2180389621494463
1.1494430144743268,-0.2618090119591056,0.5833646658459875,-1.313215177131274,0.6102261127066867,0.13960413288146045
-0.6721955833809928,0.24945247690206906,-0.328120848031826,-0.701196511995609,-0.035243256772315726,0.572399578115393
-1.7354800155243248,1.108319563492837,0.31288283198575945,0.8715217173650567,-0.055235967216632764,-0.12836806147391988
-0.42530064393048916,-1.59756358612645,0.5753811216209562,-0.9858769781746477,-1.7689274988441304,1.7958261801331128
1.2444800335750896,-1.2384380200631937,-0.24345580460803032,-0.11338689873461705,-1.3678448579682279,-2.216048377835586
-1.179305852629579,-0.10832932860306296,-0.15228449488277354,1.089165243841544,2.3457387972853505,-1.2047462566452638
-0.19658926814153158,0.22192458203991028,1.2834957150256676,1.9258107093887424,-0.21274854103303162,1.6142146737082737
-0.0026257853662779384,-1.187841898837835,1.3599375467767096,-0.5820561591611716,-0.6991412054264716,0.16400120666311993
0.9938761722947287,0.9951628003433625,0.8263300584916558,0.22317287392466525,-0.3682186051090628,0.8565357077809523
1.7328487597718876,-1.1125852455051604,-2.20120251248349,2.064885487223982,-0.17697637110865974,1.2220323771086834
-2.8523578210706355,0.2445078421866821,0.07516696205012607,-0.28629901421867265,0.8225912511855418,1.7734273373891214
-0.9508297034463403,0.7212094260469429,-0.4327175628539743,-0.47087020908556826,0.4989040673788562,0.84285940421413
-1.4095325253903364,-0.5145936109067977,-0.21911546057885278,-0.08287104300298821,-1.3977252267013296,1.2701710561377835
-0.4880842661154408,-2.042982828332083,-0.8008397135158425,0.02479975274041773,0.9098610277132101,0.7066820919778407
0.7422055857093681,-0.7570464087512019,-0.11286624877471037,-0.13067354514752136,-0.5441808913725596,1.5647811396124824
-0.7611550034359768,-0.7823798314838413,-0.8903192530218692,0.17457493150425002,-0.2632549616548577,-0.29597332936984966
-0.4108260020989024,-0.8449323906376561,1.1701350262642694,-2.2653931550963766,-1.5937843933222149,0.6670636574723974
0.3267242849714716,0.42872832158895113,-0.8490783259038022,-3.539743812035242,2.9871798938329994,0.2539183869581554
-0.3915264796567698,0.3407635326923136,0.3251834112880777,-1.470226787344039,-1.099670354821303,-1.2441466530639222
-1.602894265685818,1.0078891221404693,-0.3241653281382948,0.4698741795227246,1.3085515716828424,0.09380343833739145
0.4409842411078303,1.20162100146316,-1.0941533962930936,-0.9733532897962837,-0.07220764252383625,1.0136900445228756
-0.3293938334272282,2.0718059871307113,-1.2768877411098494,0.12803130005719987,-1.079427490170688,0.326049381177681
1.5178078790460838,-0.5142864656363655,-1.0410992808168238,-0.2387676534551307,-0.4938456577895679,0.36752452510546046
-1.5865925148701758,-0.5707223883850197,0.8411028377274321,-1.06874387105446,0.9564906287250025,-0.9366108722932508
-0.4386647973676487,0.7360352474228219,0.48092999308378304,-0.9756234071749393,1.3911885323586695,0.028952173812308454
-1.1777467925683516,-1.041818571059955,-0.831281507401154,-0.6766056487885047,-0.7621484677806429,-1.3801467247125727
-1.7872025168538204,-0.9039244894855991,-0.30592643396526076,-0.5517090751054845,-0.09385880344034117,-0.7130001179680268
1.0539738348654455,0.5575919280741912,-0.3723586252525252,-1.1524407885699754,-0.24360532506542537,0.6554136861252392
0.5105839644727247,-0.07465650763977542,-0.27913201611212435,-1.2056343007234025,0.06684686458207575,-1.1686509655112223
-0.6388918723186602,-0.9431602770902413,-0.9606767540201786,-0.16200559177092488,-0.6784248930425837,0.14812302313128492
-1.8095982778737199,0.007601845443106224,0.7999495201385866,0.2906497266841496,1.1759837625289005,-0.9522178624904231
-1.3328267703779828,0.6555369175671901,0.12958557076869168,0.1517146696625944,-0.5255433587204752,0.42436221280391334
-0.10847775794435732,0.7033586278958542,0.3732820498305235,2.2844795715943715,-0.6832306615250047,-0.14376801705917472
-0.06644331053917095,-1.8561273658203603,0.5513237463010722,0.671105352202584,1.3703415338880955,-0.8278447395337976
-0.5234393719951271,1.7262918062096084,-0.35729884928312944,1.3829289462839678,0.08262082273662694,1.9430448869137251
-1.9687865157043198,0.8471713180036698,2.6328909151207647,0.6509703379148203,0.7426913129890408,-0.36865398948053757
-0.35169112749585135,0.3573574600657244,-0.9079791186972501,0.38401643120560586,-1.988815027087412,-1.0931618800434508
1.0378416660213552,1.174048651364507,0.9645789025913193,-1.6628063365710817,0.8374227063213082,-0.4434011021731357
-1.506938221706919,0.5994485539403402,0.27132973298201063,1.0911877372038763,0.39930500219499016,-0.5894591962805678
-0.0719465190360257,-0.4574827768402398,0.0837214787241493,0.880806926289791,-0.3786907065635072,0.8927384944003252
0.6532680471990727,-0.12680047937269914,0.40132012019601054,0.29687352807752215,-1.1120270747443983,1.8839172914512399
-0.222420431682301,0.6460437038798745,0.531103064156942,-1.4386318995860092,-0.048948673474038966,0.5178125242398676
0.2556694388827852,1.1280233367293238,-0.5641479687664854,0.3873337629996299,-1.5454429649852999,-0.536654874619357
-1.0098551703257965,0.07427661743688092,0.41303260794593544,2.256745681766749,0.9762425727435297,-0.8163036179458186
1.5014459539824339,0.4149552810413092,2.566371114304288,-0.573268965017872,1.156954042427117,-0.2202056020613458
-0.16980625740546604,0.8390360097224624,1.2453342125090399,-0.12292664854762594,-0.7766641619045862,-0.5669897620131354
1.7114103163334438,-0.9974522450236102,0.3543966577522818,1.4713279533607462,-0.3369239758550259,0.4817492278250783
0.4673186801771465,-0.8294437820992775,0.933699061059957,-0.21684808620060522,-1.1276482553838205,0.859080896162126
0.34120439718926865,-1.3049592194217619,0.875965388316565,-0.8009322722216857,-0.8511010685592472,-1.8058180124584005
0.33025268405740754,1.1024918861249646,2.121086115536043,-1.632243446110104,1.0244120496695734,0.04023733764622992
-0.3310021269640429,-1.6944497327134909,-0.05055573338466081,-4.245560794502931,0.8875773112559422,-2.355524193271556
-0.05874100679809919,0.48349717296848504,0.7172078583330728,0.9189396414283832,-0.4280149989159113,-1.0336933461440032
0.6838092132405827,0.611095825905803,-0.9636877022079748,0.2821654915328739,0.34827087419108116,-1.4421233737470784
0.3701974439419209,-2.1030277080082627,-0.24367935995843043,0.36240950656385673,0.2563460504276851,1.6859754433192335
0.6397671341074195,0.16029547938995295,1.2467933643231297,-0.800839586137363,-0.7459034841985677,-0.642095757270958
-0.7206686753196991,0.12107989871097805,0.015273261258967169,-1.4529525913006627,-1.3896246056397679,1.520815993962132
2.2584379935356447,-1.6686798403860208,0.3911644638502161,0.6845766520400425,-0.37587541669393365,-1.9140756153943037
0.6504836206335618,2.0175766606669807,0.5136053264609095,1.056434605706986,-1.3020433851874145,2.577283655269773
-1.8350410439956966,-0.8697323505321757,0.13709380812260402,1.0823106237250293,-2.2517280883599478,-1.485499240996696
-0.39956247695478564,-1.1440332839504184,0.5616254185288836,1.5524310438896767,-2.05394097800635,-0.5636294700699083
-0.4086323772408448,1.5320992089812602,-1.9462054111596332,-2.795778897310644,-1.0033184281761955,-1.2283414310347345
-0.8780079226215552,-1.0094753658068265,0.7534479932435768,0.6752969766128847,0.7268102243254995,-1.8133189966399839
0.7572710292483573,0.24459473196712844,-3.523207147124387,-1.369168521198401,0.9102745637509231,-0.3478955109143797
1.482917755991625,2.0479052354292224,-0.7013777227102775,1.1012393355422354,-2.0827478238940755,1.104744645551741
0.4667005265388454,1.3705145277325392,-0.2890852642352647,0.0884156075694822,0.3045838256100881,-0.5572466082200686
-0.976349054974854,0.9065756381355975,1.067296544062817,-1.8456303295798249,0.4531584249473132,1.3486778022695372
-0.7508980293489536,0.7723228445698767,-0.2703096358200601,2.9583779566960886,1.050334144724606,-0.05439813267609504
0.0806717849927201,1.0465692192887444,2.387545967101264,0.055877258475533834,-0.4797107070663776,-2.183112268980867
1.0589737678337026,-1.8294319962964904,-1.9451118025536347,1.9329074200240037,0.22586870713384283,-1.3545389301259778
-0.39045975435171937,-1.417505733415513,-0.1345249356051936,1.1426409643711024,0.5162753047110441,1.4292403360767758
-1.4010041933361435,-1.4395615928018668,-0.17100876598775525,-0.24871273196525157,0.9345406521711267,-0.04507717374984877
0.5937775974943381,-0.43067020714737564,0.3575667129011798,0.11138792273696546,0.08068465760160495,0.7433465166893718
-0.4992000908326943,0.2701342653417697,0.9329095682909887,1.3202192016822125,0.8555680049132984,0.7677364805334196
1.1719919463072488,0.25646630080769917,-1.9583760866772568,-2.1781036142826573,-0.7424019066637833,0.2245457111213166
0.23606904520076652,-0.2503597678653627,1.3200661479313622,0.19113392298652643,-1.5435743337346004,1.4234211907090966
-2.2536896983316352,-0.06340731211035099,0.7406539809606498,-0.47332431525846885,0.9027313421570421,-0.4530721408847044
1.14378116477829,-0.13839117194624465,-1.0722550420148975,0.23032215278685186,0.08182619879245534,-1.3612278578616301
-1.258599100304993,0.4820847088630395,-1.437309852148332,-0.461461879839879,-0.9758863646085763,1.7140945694412342
-0.8078994533419037,-0.6465327114814626,-0.5335974182242252,-0.30464809216527433,-0.4505518947702138,-0.6546617255805646
0.5519893174672403,0.8331355874221277,-0.09856776940397372,-0.2782214911388837,1.3172396072717851,0.36381178339771225
-0.1666224926488948,0.9489394578364596,-2.319430061643431,0.3679914222389599,0.8670536529227385,-0.872920220441356
-1.7958074343145503,-0.8008610857163205,-1.8710062249148627,-0.8069679346976374,1.2584281660462744,0.0025517904661099128
-0.3628507153025326,2.9258537219453498,1.483970486004425,1.3321660229387604,-1.0305435837695145,1.360196239770849
-1.778077912706015,-0.2564885284259463,1.4590581625201855,0.36517072185195715,1.4233759912149042,-0.205930032324297
1.9761223035713384,0.20644405627181361,0.3206257017569892,-0.8278472044087457,-1.094324455219749,0.5455802163027136
0.6858989007612558,0.8616435181800425,0.4805261836445445,0.7031650537566155,0.020193568037141292,-0.5813008814382502
1.2200438185101554,2.020060091833807,0.28950518577181605,-2.0624590485389382,-0.06361016887255201,0.7167721091558823
-2.7740109502043073,0.22912633035443591,1.1265518029974388,-1.8450769798226896,-1.0721106626551447,0.6539573339042057
1.2536757527432218,0.09079577918524952,-0.10484745933677853,0.10017567328300972,-0.3340432083695682,-0.15110056343302128
-0.6746408460032984,0.9914669536353902,0.9054324003136555,1.1263475807722536,-1.908261647691676,0.7620121343339136
0.7388139462779258,0.23277165974821187,0.264568694141584,-1.6475449502692852,0.2186901771279428,-0.7198828761457475
1.3798009765034185,0.2986482581773865,-0.20127131279030758,-0.05870487573448792,-0.7117005808315522,-1.3907869156344677
-0.6077817861144872,0.5872556949813534,1.5072393755614195,0.108225528874929,-1.7449604090799542,0.2442468403939035
0.4529370349105747,-2.5265264772296607,-0.37373620957389636,0.3139070169765525,1.0042165330220274,-1.0720804071686005
0.9478264614336395,1.7336592513147449,-0.07425159352078894,0.6655414203945852,1.221919367560294,1.0055354539335968
-2.635041259694078,-1.2682735458386876,1.1628594073154974,-0.7402505544798265,-0.09147690174982878,1.2602496460517036
1.0058617884145822,-0.4839639529518447,-2.822178855524869,-0.9957349040980223,1.6927808964934081,-1.010404237640353
-0.2707348824217743,0.4678044744806846,-0.6535640668892929,-0.23297823162110173,0.9445115301196924,-1.113583313709918
0.04371385596232755,-1.9056121061330036,-0.4515294434881586,0.5357601517304447,0.13243088966712313,0.0044509902298906215
1.5869809122889682,-1.005472373828403,0.9379143885228775,1.0635866513179608,-1.2108208147755755,1.4187088256298193
-0.491393849754187,-0.8517279797458803,-0.2965894735648418,1.1185232152063644,1.3705390217844775,0.6256120440524262
0.8024181263898393,0.593645124883295,-2.687001379977974,0.013215375574783273,-0.9074141759311781,1.6135084199053915
-1.1531245843733364,-0.8620112842275328,0.0007049042580125077,0.1434849753995932,-1.5043391601487928,-1.0022027553196748
2.4428830043581407,-1.7666450368047057,-0.012109248146572008,0.6383013952252081,-2.1230572846972957,-0.6380491870638589
-1.2200766408272135,0.6755599602295134,-1.0601749970447325,-0.8840827568520299,-0.29846528583477205,-0.5632638161355303
1.5692459202942226,-0.19056747476025854,-0.9140241762127469,0.46612938504130824,0.573786925905072,-0.5171995460471012
-1.2446441451604822,0.0577817039993394,1.0112234243500897,1.0336573463289005,-0.36115048918216947,-0.02282510043230109
-2.343371209362407,1.196377304247623,1.3845991257463188,0.43519021674547603,-0.5439368844399661,-0.22146693885071156
-0.22296199991406523,-1.2573759508161897,-2.39026186250678,0.9481565086051316,-0.3103701219286752,0.2500373767269034
0.015366314778926063,0.42502237141811694,-0.62895082421166,0.8105716249909816,-1.4777230368159513,-0.7719284658931223
-0.20647972635450162,-0.9645917424729067,0.04050379866540057,0.5303055064994852,1.1855880218106882,-1.007551967667985
0.28882544951820355,-0.5912910180408669,2.1538853106613614,-1.9431762081420538,-1.2956250070234088,2.159330204802722
-0.696741206169471,-1.031187707456517,-0.5170764764285816,-0.6821917145867838,2.9215213693888704,1.1364145083744566
-0.5582036761674111,-0.3283605217062028,-0.24671346928613097,1.329794919229443,1.6036751521623593,0.21606778765487936
-0.48038196237436903,-0.1796112796532634,1.1192187847019412,-1.0402532754339517,-0.8886268694230939,-0.39451638754736545
-1.2420566524974217,0.22777044564090762,-0.38169759966511185,0.7871206622835814,0.5031613289471502,-1.3841040821310528
1.6435994092493362,0.340607939364527,-1.134157719941392,-0.5119605786760466,-0.9960208391512123,0.06892034953461615
-0.13935261754286246,-0.28890447861155605,-1.68948632943406,0.5480431329644626,-0.5012453389275792,0.7555994784597871
0.8459514596082455,0.6153473630701425,0.8801434565544172,-0.9712381103496414,-2.1525602366628713,-0.398060691447377
0.8471658853401592,-2.013781800023139,1.5946253494211455,0.1741972702950077,-0.3071905388058441,-0.04141572516344709
0.7034916627152976,0.8409475848923579,-0.8593951032228567,1.3455446366919088,-2.546231989199491,1.9305760877514981
1.827688844970098,-0.21269203769395262,-0.08894481927601448,-0.6067936600539116,0.1493874928496583,-2.163991784613328
-0.07660728806117922,-0.9576951187362521,0.37836239551862794,-1.2046963728850606,0.7390591677914065,0.920175574364176
0.9293967303940559,1.0756873992023823,-0.28336849070278136,-1.19993203147612,-0.4977350303262901,0.2314120487288327
0.04996650736581765,0.4939966915549823,1.4835354593766303,-0.18045703942260174,-1.4412316035707493,-0.06426723393545408
-0.1271208340449205,-0.11915417869309859,0.49006756627978526,-1.0244482229957723,0.503209021455927,-0.767211868708131
-1.1221348466650771,0.4630033089376612,-1.4094510288655948,0.6452473180516449,0.6811084202451367,-1.0748964503159788
0.16351531329875849,0.026887335317887562,1.879572825661873,-1.0060507269454213,1.3439838974933331,-0.60249611331491
-1.8093138177923627,1.0053430495040234,0.11750955382285266,-0.7760536671408736,2.028762207842598,0.402116064434378
3.3748453458705177,-0.11931785479114829,1.1261268464304637,0.9904670144100961,-1.7652828653146255,-0.3462223055961447
-0.5403592764491213,-1.6490710397002624,0.12943754087450718,0.22368748919880374,0.26482743642161,-0.6828739580284482
-0.31956354946221505,-0.5232320716375959,0.16621239601501409,-0.2790030976708374,1.3013794796273368,1.8767699420237849
0.000858850630230265,-0.007654383449882498,0.1618268845240934,0.4389239442317522,0.26142431215832657,0.23513325464803272
-0.22437335954842944,-0.6990626354950017,0.4908057017385308,0.9365887319322138,-1.3651221432415357,-1.6015515362512873
-0.8016905650278924,-0.19526356428971053,-0.5871359036263544,-0.2697607733522888,1.2720297250432189,0.25610333850028805
-0.6575458891915931,0.323963494676901,-0.7473938726733397,1.7883600130907131,-0.23936407224669048,0.05673510145575979
-0.13590627424962268,-1.2396605390672015,-0.9929241098120832,1.6123270049764062,0.6852968345011042,-0.3913937706614757
0.0025218480288423913,1.1455649689174192,-0.06797291059406325,0.05371366092512932,-1.1285783023681475,0.45933498021627217
0.9678973083271469,0.1254041808077987,0.500407504738744,-2.012043352166328,0.8678632951625654,0.6381756423828343
1.2637522040863236,-2.480654735229684,-0.746846061364252,-0.35573887524158704,0.48399111511184384,1.968813501517762
-0.13435815496071388,-0.744839404944231,0.4274388369675416,1.700369101459822,-1.9104966392298712,-0.41095134690797436
0.05514696307799607,-0.39739344192754655,1.1495135556991474,-1.7323831516588923,-1.1976362153418043,-1.5063716478488884
-1.7177778458466881,-0.10628034633848715,-1.9994196406030842,0.7942796247665204,-0.19433013554203313,-0.9900166608196614
-1.9708543216802534,1.4557917955129283,0.5260086203836829,-0.6748778141718572,1.1558578683315228,0.7931306384231687
-0.9257808051292643,0.2861987712622015,-0.9368358850081127,-1.7817696174832256,0.7110051745309157,1.203622547933974
0.2590227856109591,1.1875367742599638,-0.43519076979351157,-2.3177912269739216,-0.30274697501083464,-1.0078990003371846
0.6040947458293182,-1.193556417421854,1.004185458836882,-0.8300993379202971,-0.9162505965874911,-0.8486870137932532
-2.125288793920634,-0.6908303339704861,1.192449274054691,-0.17688516674029026,1.173031284027426,0.6170963702029495
0.34269781261632903,2.838060691917063,-1.39424725102635,-0.05741833754914815,0.3958486087368055,0.234768447134796
0.02897663559412319,-0.6961003001894114,0.8913826514453814,-1.5487761687438077,-0.17323127110243122,-1.6733407456127014
-0.5003652830889699,0.292297221434256,0.7385664573508518,0.5359054060416927,-0.7590989570937074,-0.4746081419140936
0.5364534207167625,0.7150968310269044,-0.14809232855976676,0.7238783185405833,0.554755300256099,0.7356511942130369
0.656074355309272,-0.9007176503792148,-0.572988475168049,-1.0555492460955693,1.0403826990510596,0.3596184437641773
0.7469921736166456,-0.43916924009093244,-1.0256628845724383,-1.7397648374190862,-0.18592033137448644,0.144719563709697
1.0553140794794833,-1.2832610226200554,-0.9852184992659311,-0.8724112270996491,-0.18855715652217134,0.3981272201493289
-0.0078117114646666765,-1.1349300639288402,0.37673406668261716,0.9781065642100844,-1.7149333455106075,-0.3629836449500347
-0.4139714741522562,1.080013701991783,-0.5755150534299767,-0.7466458942979162,-1.1391780862501488,0.9192842928991352
-1.6825157365320167,-0.41750539506289597,1.4389361669721752,1.3357365122466842,-2.2302604843903118,1.3634229664574893
1.0053475721136655,0.5387186594833946,0.41603348607290297,-0.7184568742950441,-0.5932455125485192,-0.04372476204534067
1.0409488453714404,-0.19439668717777028,0.16235254169935603,0.43246358581719657,-2.120391058140701,-0.7772279086781511
-2.796663819374665,2.155862756599654,2.0597161438273837,-1.304556636806493,-0.7402023992133793,0.11009636822997743
-0.3110242766356014,0.8104351271063804,-0.1796992284829666,0.4485536133802956,1.3594499752041034,-1.6161685522779816
-1.0769385160480078,-0.7148381823781264,0.07138968223325629,1.5829012482663443,-0.20907965214861476,0.8614029679296434
-0.39405379807182245,0.08791225088984245,0.4321546464536434,0.8290521235049158,1.2155798489057181,-0.7786163779234082
-1.6450217096560702,-0.9171862948133682,2.6385231001422826,-0.9166792076704801,-1.4436844303736343,1.0574417227606054
-0.3990427902677098,-1.0783122788490114,-0.4634987177892166,-0.8600272595349566,1.444044998658936,-1.3514378123371638
0.27762756900825386,0.045348382624699514,-0.5055784809743072,-1.1496436055476533,-3.2863658856062465,-0.6522687237211482
0.9069845582156785,0.019119793084170555,-0.21423047407082985,-1.0524477207068228,-0.38741219150341344,0.0379807788752822
-0.004781117521118125,-0.9460175363822603,-1.2028828640793647,-0.5858189375096922,0.5449497850467636,-0.10946036738207794
-1.495373825322916,-0.32968003395349993,-0.01762059243814507,-2.4674059343081898,-2.4090597105538887,1.219001342990619
2.6067812446894814,0.6707022152945915,0.08088977761910289,2.3387562658973886,-0.4437245883323231,-0.04971437663150513
-0.4497095070645247,-0.7029383238415876,0.410395259014882,-0.3857401156990774,-1.637809821867836,-1.819824928124218
0.8115536713100147,-0.2984219406096987,0.2786637582835874,-1.4158684739518523,0.1630182594710537,0.4489211223083811
-0.31988630224678943,1.005484497983826,-0.4791616904022489,1.0427295155971326,0.7807829321787777,0.03540427291176462
0.6654834195384347,0.017703287593565212,-0.8514870844540411,0.8288971855729153,0.08440614820111962,0.06783777689094642
-0.07688080737016652,-0.17875854738932598,-0.1434127712926447,0.9408135573279347,0.9957814722798574,0.22328843715343982
-0.8994518364461584,-1.8261382674096598,2.189633019597345,-0.09193214527608015,-0.9642581558313726,-1.238234570654585
0.6443567881122465,-1.3048137295568183,-1.9819752742294328,-0.015789835319863384,1.376767814151749,-1.5739546519753767
1.4002109873400803,-0.9645149561553034,-0.20687832265976316,1.1094939305443052,1.5288163121433835,1.1030111750480325
-1.193895372570971,0.6769724243349777,-0.2500708275664306,0.32748345326786144,-0.8485170819743322,-0.7083586829806484
0.7121950471272527,0.6167234547093757,-0.6970012742741065,-0.12913108269950646,0.7402935532702182,1.5145863343394237
-0.4288946876505923,-0.8627629818630588,0.12553942032769239,-0.5093211003345134,-0.7028150358146197,-0.15196205087378334
-0.018265619454191286,-1.0012511470525927,-0.052296846901946074,-0.3135348892648738,-0.7061663765638626,0.30198207307386754
-1.4663424858669956,-0.5637671645638679,1.0724564432314725,-0.8312724394054215,0.08844377661557078,-0.7948986429095768
-0.6729669078323166,0.5688108132151054,-0.05760779698303264,-0.6787844634572253,-1.301766542554648,0.05052694093011926
0.21903426263701803,-1.6423906300684337,0.4388180057040292,0.6010429727028795,0.002967292246863151,-0.9567778717637101
-0.6057030393661837,0.607406041275514,-1.1832925677431105,-1.6341940040040064,-1.5817948411218647,-0.6762012815787676
0.9639531598915196,1.025727796136135,0.22897606414236676,-1.2421408592632093,-2.245974724633765,0.6969308125417879
-0.6607023020173165,0.6883994408104547,0.23397484233776208,-0.3068435073267115,0.6473417364634625,-0.3761128218891265
-0.39317306589685286,-0.623826189088032,0.31797626875294877,-0.44821330327966247,0.47848622612663605,1.3718501046552631
0.34826666574735093,-2.3412431135363114,-0.11058739400916609,-0.5950474280843253,-0.0284969307071139,1.9703145447752213
-0.6686617139088465,1.2019281467335923,-0.7504007928368007,-0.1289678445211541,-2.4027126773685863,0.5695782871569106
0.049610932264134176,-0.4717811974557009,0.518477221889857,1.363107957983381,-2.0276643219842736,-2.9294339559927685
0.7546452438820793,0.7442493627142126,-1.0399613639431748,-0.2531685808845791,-2.433253119035777,-1.116968659719019
-0.23112381609425603,0.46371459272181487,-0.3738610783281766,-1.073807713019449,0.8963082485711771,0.8991357454096289
-0.9032756363857701,-0.321643739608143,-1.6286007276512693,-0.4105620024297754,-0.6323101988727087,0.46357047162279363
-0.3982769362025454,-0.8280919387708714,2.018508447910059,1.2029823720123287,0.9810692161186179,-1.6474842724938858
-1.8454894815990108,-0.12165579609303126,-0.06310000815902732,-0.5141393933447737,-0.4618009750171662,0.6895550986895728
-0.7106852205416633,0.5565472300162361,0.879414384150412,-1.2548658286157353,-0.018970012956485437,1.0098340883574894
0.9258026866740037,1.2824870973662823,1.0162322726063138,-1.5696180873463068,0.7463365386377283,0.5835493145662042
-0.1379576690670273,0.3023643118110637,1.0882311935197095,-1.004873475337108,0.35795388532426536,-1.2509080344495387
0.44345685566108556,0.5257538959632146,-0.3883841200554019,-0.330596045651748,2.3541274035861295,-1.7227817282145623
0.7397275007699535,-0.5407312692817392,-0.09148851664136239,-0.1495545305481784,0.21872555355770323,-0.8508389549107515
2.079972114807651,-0.1701847488207081,0.7582685313623013,-0.36840228443363554,0.839614731538396,-0.24016319694068117
0.36800381908386326,-0.03381629013565116,-0.8769593033203645,-0.11157467827999866,-0.928057916034784,-0.148484614244166
-0.6764679549873538,0.85787896792473,-0.2785268054563202,1.2443452663581986,-0.7936785774510328,-0.35571491873047545
-1.0856966043217604,-0.2052397235009309,-0.19191723328648724,0.5976730726819302,0.0723690111500287,-0.5557081531480277
1.723521751335421,0.21875613609233704,0.18368596556506314,1.007529554171358,0.24093965833060535,-0.18089154059941678
-0.050672187182974275,-0.27813418722087657,-0.4451510669592339,1.9913854223580738,-1.2971288605597016,1.2108958448277132
-0.6397835452659996,-0.35085487137992954,0.8303278726406695,-0.30384296826865265,-1.3768030936892786,0.29415944885742407
-0.3462754451779031,0.13956115294345725,0.3512104905060709,-0.48042240926811786,-0.5607405378545184,-1.8244011886834768
-1.4541380543000033,0.5155493984917454,-1.0372132443430147,1.4303122859874735,0.05370982846743781,0.17913098461908616
-0.7703561929903192,0.4424488241297979,1.9538898745780489,1.0517532667616154,1.8258661855162626,0.45749045925841875
-1.1911382979363587,-0.8375083661405837,-0.5237992490378514,0.15225556905018908,-0.38857803111238876,-0.09976055035160472
1.136089801809588,0.6946049876886417,-0.1517779708230893,-0.44315015300187366,0.23307003911120708,-1.2167720389805263
1.1227584706895375,-1.1342733388440427,-0.042491628672990216,-2.071152173223534,0.5950422928277582,-0.8605118557488356
0.151070184739837,0.5460962080513929,-1.0600984645824285,1.145967979785879,1.2616948122206781,0.8313088027093251
-0.9863270393666796,0.33180580253567904,0.48835062090848336,-0.9944248485480017,-0.13046116752310682,-0.5463105084660953
-0.5392980215302303,0.7114151291668972,-1.1387053594116519,0.6935201674897432,-0.7297839868201673,0.34125279777320283
0.7508378551009967,-1.1216702792936324,1.7566032848576794,-0.6944484117073391,0.6741668132732375,-1.0209712977753678
0.43089684899240976,0.5088386784714065,0.5191589650079652,-0.2775477878095688,0.1207313897402339,-0.19539649046659202
0.20286927147586944,0.1934004857414504,1.595271847326353,0.257439057635274,0.1644916888471199,0.28953189517681094
0.24095957044542862,0.7586973145797582,0.8103428299199358,0.5741985926098491,-2.0405710560339645,0.6230655013974125
0.42015301053536885,0.4933884630918201,-1.0529054201324541,0.5786143236717921,-0.053314852674673924,1.4154758354267085
-1.4619224138337712,-0.8098895401128563,-0.10898927535564157,-0.8930096718090139,-0.9816716166442415,-0.8119044286899656
2.999812080545681,-1.0362475216482996,0.4250451835085458,0.9428388174390554,0.8784297050542266,0.26535489089269276
0.23221789333020518,1.3085257418053546,-0.18889722204394133,-0.26641715744479566,0.30188820841039066,1.4149671363189336
0.20092728438205973,-0.7532677136479053,0.7311035352706688,0.5856238817203071,0.09406550686437713,-0.3942316514743877
-0.49888827882043857,-0.1980137268755782,1.6092702388844042,1.6792200737421101,-0.7192706631047533,0.24159280225355856
-1.8616818246910583,-0.7437401481869196,0.562416925310029,-0.032023733819822764,-1.0995187184813267,-0.8871768303447685
0.0257600485204429,-0.64014126088696,-2.313556195162023,0.3223483675216425,0.05207364167654939,0.6121402358340896
1.2457710447134893,-0.10637531888921548,-1.258523978182535,-0.8274086747262198,-1.5060332238984107,-1.76403934190824
0.7875714982979891,-1.2210620846657467,1.4536797430315445,0.41664608300947636,-0.9429442982991665,0.65931213263207
-0.20340536932147435,-0.41110990308325235,0.5097716543034024,-0.2965235343561366,-0.5136375537042736,-0.0204754353354705
-2.2490562812373804,-1.2530839998004593,-1.5737128540980876,-0.45137984726487484,-0.6305514541766536,0.26317061648748413
1.711541605601778,-0.6015601776745354,1.1318426129568586,0.4871760430539578,-0.8976512179424267,-0.8555973653002791
-1.1236282620921374,-0.5409878972379562,0.5988896786256733,-1.1821224695427124,-0.6462553377172975,-0.03673349267691455
-2.0063899503038614,-0.21139071167976167,0.8176839042640947,1.6456331268583928,-1.7870306923792756,0.0738297614563095
0.38244563859839187,-0.9046074835737848,0.6838105015945231,0.32270251136621686,-0.04663109745845559,1.8869611911706952
-0.6487495082145721,-1.491309508791351,0.4798565245994327,-1.8313829567079893,-0.3110714063579336,0.9667167181253609
-0.19054996179907194,0.4652644639219408,0.464375820087397,0.5532847385389198,1.431187098293175,-0.4456111077811341
0.3488027635929558,1.079997536451238,1.0187689209290702,0.5590395760131278,-1.3700647020211343,-0.5157343910461578
0.1007535726585462,2.170391536167944,0.5857935645178838,-0.08154300358586328,0.6718694446705153,0.8374756578831203
0.21232756918067017,-0.8387995886919316,-0.2767423906774638,1.9391035539295323,-1.0734302379357474,-0.8256188212082856
0.47973645680516924,-0.21770739664924088,-2.0019190297007725,0.6420143720955789,1.7974976585455296,1.8126515089255153
0.02597886396763273,-0.3581839233262737,1.06287175933467,0.015641814259827094,0.28334123769596237,-0.523708186079
-1.5672656404971443,0.5246627219761665,1.7470014818574662,0.9467869679562215,1.4000831637136149,2.3788199038601423
1.266558512196523,-1.3136583009296183,0.6291683375255573,-0.5822788824384263,0.4857503012058378,-1.9324026645810897
-0.24178012837239046,0.23293937723140254,0.025318146935645405,0.6434765988288117,-0.8078216671215426,-1.2032357334709862
-1.4482355076120372,-0.37361797316529616,0.10773152475813631,-0.34477424980395455,-1.2875927488130243,-0.5416727977317557
0.6963473383645701,-0.07062522596540291,1.820418267335548,2.0999401943385085,0.2894704356165802,1.0272696867950015
0.16840583854347152,-1.700703776213332,1.136875629359066,0.4460068211230851,-1.0290290074931019,-1.3781412144530523
-0.44068336986794426,0.15114578343930068,-0.9776911287964404,0.7043768897247369,-0.5416693155808776,-0.8565003273771116
1.7782693762223059,-1.0790862041027844,-0.4935074990588919,-2.494609991743352,0.20761604118519042,-0.496042572406164
0.21080133143650073,-1.8965250516519707,-1.227989539737597,0.4405992106214744,1.299758903251284,-0.8241409698901764
0.9131442130540518,-0.009034516474237846,-1.5868321293457814,-0.16252850729141524,0.7122368039640731,0.015292629384148725
-0.4869081330867955,1.069837494216263,0.5728847535415147,0.06501582971461957,0.11195041297109891,1.176996847279138
1.3468583109290306,-0.7986645928942401,-0.5038383744631011,0.9406074345434096,-0.36322150676976933,0.009101397281395992
-1.8377160628376126,-0.9733352792172764,0.9394389957323446,-0.022450783021380594,0.8388976752072531,1.355364529310216
0.27710788232117806,-1.0928390377247403,-0.15846952624379373,-1.0078421967841407,-0.3226865777472994,-0.8575889942530265
0.5771804458249693,-0.26672131559338363,-0.07823128156031287,0.9996401700090027,0.02079051030047424,-0.5658653761649294
1.3705560238596481,-0.4724257983850943,1.847874288185135,-0.44092983710136796,-0.7325516595415897,2.1253174482523294
0.341226278734008,0.4663152240576169,0.08972021395982824,0.5311867159877258,1.1149635229647061,-0.7599184269911483
1.0244282791086083,0.018226646968842155,-0.7868826092071948,0.19883931835463667,0.19864724421106902,-0.6774897038447554
-0.23513907955020974,0.40289578779186175,0.07720514236185948,-1.3956518405749057,0.23883414710912038,-0.3085824651578249
1.6621604295572032,-0.7172710962307188,0.7079585074618658,-0.695451358142147,0.5843167966602149,-0.7359051205563538
1.551248349762859,0.37773816531269494,-0.19882730902717743,-0.5673716399811913,-0.013493039699327086,0.044985252413565206
-0.9348944685047003,1.0910042488724294,0.4696414548947542,-0.2209041399204102,0.15064475566055732,1.0690915248235306
0.6142368418065871,-0.5361746075395287,0.7707866239785263,0.4372472944676294,1.8906232031207069,-0.21620473859604697
-0.46155289314367415,0.385548142090364,0.514376693120388,1.0606082462501822,0.1469229420869448,0.7062742862704763
-0.6844054853341445,1.0776737399973388,0.0341989335805145,-1.0145404955942672,-0.1168320265380158,-0.8654649430015728
-0.8418103772701677,-1.3230868524547534,0.49092352145022905,-1.003274294538992,1.8124610808985784,-1.6620836829607764
0.0751193430202782,-1.884348358233529,1.0495520898764803,0.3087802314766854,-1.2563279408342263,-1.0363201295235012
1.1878560662285114,0.4665253760847596,0.8593165567483944,-0.8106366435874476,0.6456572542788119,-0.2589823553808124
-0.16376695106305736,1.4428169285298864,0.5160886034612756,0.8390525369907373,0.23872062171295114,-0.4433640289270045
-1.7851401812640462,-1.461221396444781,0.3377417841476176,-0.5377798783439889,0.7365266309806291,0.24320235670172344
-0.41476468014831935,1.1954983029802786,-0.3729225486589352,0.017422217103412775,1.212659301776936,0.3279724500177281
-0.17665518090251786,-0.3600853950333449,-0.35784968161046393,0.5440617814618631,0.7053551625167492,-0.4203061626800041
-2.4454486154764616,-1.2025040441156454,-0.11700504377532667,-0.2664780259180857,-2.0609549096450563,-0.13836869657910952
-1.4893071670496087,2.5033814645488195,0.3295568387060114,-0.40243467787184944,0.05451399091336629,-0.30583498212313115
1.2043328694019155,-1.4551977118977502,0.6992307857415861,-0.07151630598657267,0.8950774588706797,0.8232877773766332
1.027032182930198,-0.15124681806773108,0.11855079811253981,-0.18462514646822145,0.8587856666825263,0.34031580956636975
-0.5603480675498815,-0.13534800893791002,1.1085948705276099,-0.2359262024522482,-0.2922343941358497,0.2924693151163013
-0.3473148185520548,0.15717957144915598,-0.7830016077638001,-0.6263130727368623,0.21342703425662846,0.2737044969136393
0.5652495335669643,-2.163361546721769,-0.15461168594029395,0.7023322623721242,-1.1221970985230605,-0.479339128258549
-1.606630539446574,0.2893914655206018,-2.459053469046219,0.03826275233152424,2.14283171847899,0.5818163519151867
1.1160134845299212,1.5346169919217378,-0.06478372232959621,1.4010442339581874,-0.4425375508565803,-0.887321737644689
-1.1906897262696094,0.0541444573758454,0.5598007235067122,0.3870861389833067,0.7896803411109826,-1.2720319976658414
0.015940705327799363,0.0203685810915664,0.1022221944787215,-0.667327356735741,-0.31287134101755054,-0.49574717142676883
-0.7824621576060863,2.1702844394618115,0.7146923571380529,-0.8646186791447927,-0.5451923062984965,-0.3852357182675903
-0.6518457467923388,0.11110373949975767,2.353193968596151,2.4300700428198674,-2.3792128557665713,-0.24410396450473146
2.8530252081845746,1.0246164152234007,-0.26819190202776644,1.1866779214183396,-1.0465423103661013,0.020432267857109776
0.4286704018172431,-0.06456314825957958,-1.186358901265465,-0.7549018726743799,-0.29048694276749204,-0.6080394946737465
0.3994749507759301,-1.2204942700539567,0.5603001985238238,-0.5236487089211439,-0.943755706130739,-0.1422072164689169
-0.9953969396526878,-2.1829804508703705,0.39027930550337453,-0.7226152977199243,-1.81067285943299,0.8921302561659717
-0.7325995875777042,-1.7372722496274118,-0.06108398198111905,0.43399774801885954,0.3040328640928019,-0.9515463119544655
-1.1054611095891713,-0.7239555472476696,-0.21574601822555675,2.327838675189105,-0.37493302133318235,0.50144104646508
2.227699893591684,1.6699528767042437,-0.21119334372488258,-2.0469721722111114,-0.050324230931984404,-1.2152560987109275
1.8791597085353458,-0.6105219492163109,-1.0691826664560495,-0.02751808342234531,0.5286994293288233,2.9733686304819162
-0.6137937405259971,-0.09913921880103856,0.9500105455903646,-0.26533950879276935,-0.7616333348568561,1.3395476266692288
-0.805815236207441,0.94541739068938,-0.7857597974247892,0.12339837921557871,0.31650238810324516,0.3093547398099601
1.2462962017867245,-1.2745033410277016,0.9668204981318046,0.011542875933849301,-0.9055921929063312,0.22913856153500506
-0.5610373362085601,-0.5737776755487396,-1.2266250464953015,1.656614352788742,-0.3698436385276976,1.9529197438368635
-0.24530305707216707,-0.1427437437390145,0.39835045925761775,-0.3582455496414129,-0.7279407198021246,-0.2321225346374369
0.5436524489292875,-0.4431378802956856,-0.20089267850315035,-0.36718768171672594,0.6551986950981363,-0.33250198812982035
-0.2609866542495082,0.5804924369542382,-1.2624170636989354,-0.2976523678607005,-0.7440734268212192,-0.26968433504624617
1.048076758563639,-1.1520978679917244,0.08108715081134264,0.9252671959012186,0.17543843303900788,1.2352531368155926
-0.9074604818132755,-0.6428651544694395,-0.2516719672382019,-1.8138901875105469,-0.7615287666090612,-0.8901674055321288
0.9879462736759149,1.241374086365377,1.355427166531518,0.6105038701755069,0.18721132344723385,-0.5359494672376238
-1.3874266948380043,0.22885353685767387,0.1267891148765459,0.3280879878775344,-0.08928997952352365,0.07561740291326216
0.7474352748971846,-1.3875267384676555,-0.3796886225297762,0.8308159258557848,0.019905022976151376,-1.4686986277017091
-0.8107878172448503,-3.211242195487547,-0.4880152878828879,-0.4737282605811738,0.3567351425577021,-1.2898809881902722
0.38568410721681157,1.0936998527589596,0.4784900173449694,-0.5208957938793953,-1.1510109098855426,0.04876164499137565
1.587325546618282,-0.9331174350242607,2.029408281751102,-1.685323521563316,-1.2805144161387656,0.05804519210304052
0.6784208828535333,-0.2622899367904305,0.021752338396179363,0.28842941078364387,-0.3405798919464256,-0.4157371813425821
-0.1544837057160187,-2.0825156577443327,1.4323725013239978,-1.100250222851356,0.3423626120865102,-0.2090854903505803
-1.9234753069774453,-1.1399050090327376,1.2696685145017146,-1.2004106790160431,0.9112123082846357,0.2212436529528225
-0.19081801072189986,0.21604638735784154,0.6621427517092996,-0.3711607329729541,0.8973809747471062,-1.4831343403192758
0.3011009961055733,0.8491172449472354,-0.9883744563296557,0.47365355836396184,-1.1322603685958486,-1.347007474783192
1.1687753592335686,-0.07873426524324098,-0.8366277026951412,-0.01992335800566214,-0.6215366549248803,-0.01592676810552487
-1.5749405923073174,1.094043370495623,1.3524957718242634,-0.3146830900109297,1.5899461152881196,-2.302586306353766
0.6942521804576868,-1.8075438543933273,0.6868607230195551,0.4112689067445236,-0.30160300074843277,-1.0169101691245874
0.08621328619279231,-0.5499193583912025,0.9447962680932397,-0.0965290983834798,0.8286639609360599,-0.470902510143957
-0.20547317529740802,0.11165942995612482,-0.6393370849504366,1.1552365882178968,2.1720374804434988,-0.6701605431554896
0.5732691197064511,-0.08650584886209896,0.13679271330382062,0.8583768938843029,0.3967241053956325,1.418101772385065
-1.032239990573275,1.0172125976520143,0.7258610616032158,-1.3827041479451316,0.39333123017712474,0.548164678624992
0.7681297458151525,-0.3990544512189459,0.7500845929267742,-0.16595374228807813,1.1232567657795443,1.5991918833849554
-0.018205445206183515,-0.22960119310805874,-1.088734696561147,0.8943612285908197,-0.10199213101243466,0.8067688530384935
-1.0964130908479026,-0.09754691305697939,0.8152519845739514,-1.8235115564127384,-0.3565391511079834,2.066107242086154
-0.25605783630152673,-0.7622739404261939,-0.6757917121565912,0.9019144527757177,-0.008248101801451274,0.07397500732468804
0.23260082036278737,-0.04875931168050567,0.39702926727688387,0.9377756671612666,0.0993945472179069,0.609821719035378
-0.36593601310792956,0.3887044638825331,1.8651484705307768,-0.022420348784735568,-1.2268593317812895,-1.7922632549679152
-1.7779138011206224,-0.7234281464872705,0.1474176344842405,-0.11880280948257964,0.11848540631683131,0.0796768387217521
-0.9217436601286222,-0.36690523245239615,0.29098044968322795,-1.385273765879829,-0.8486703331848103,-0.7345361189974239
-1.481621274467066,0.992176216726964,0.24655637633719685,1.0757050109992257,-1.3639273436215869,0.27288380697203934
0.2095048499118908,-0.5712417063751368,-0.10291803568199376,1.544941454926857,0.8381152919814697,-2.0056480568793122
1.1913133502941209,-0.8219369092068997,-1.0130209302080218,1.1245906952933489,0.786709377725182,1.3016428564127165
1.4321142795403674,0.3686854626053321,-0.28310465510906624,-0.213998334951358,-0.2895002784234242,-0.7370051294756024
0.5241778741293928,0.3372717759337631,0.28244909414911834,0.04339230458016669,-0.02728225741420911,-0.3949583886689636
0.5173180098600223,1.1637714089605753,0.0025295992801839034,0.4752430555413384,0.08375899423103252,0.37131615326386835
0.1520056207766041,1.4215754082486967,-0.879208954909511,-0.05623416906888358,0.6554611976808609,-1.5634656318698725
-1.5813628256823593,-1.1400020022760458,0.42478034090875155,0.43701903769281103,0.09337282431198478,1.8749653721439445
0.0025491999597411197,0.4062420546854687,0.8251750225146056,0.6878220483656363,0.7266797750864855,-0.2286838640962411
-0.14165565012451503,0.49272567592932054,0.3856067972788345,1.9887238100262603,-0.6226359834008497,0.4426146076457694
-0.03619207496517721,0.19180009722710928,-0.4166397037347862,-1.6937856227243115,0.2784850314249152,-0.8579108035721276
-0.668147497607981,-0.3822362269704083,0.23628894231620698,0.39257260182531173,2.8268825511994846,1.0836833175001184
-0.3014784527519451,0.4689461657819479,1.0134418587506615,-0.6745831554261787,0.7374475377979253,0.36071980695725026
-0.7263469361742649,1.2196354757122985,0.4365794311817999,-1.2434038800838747,-1.0615227426884208,0.8285156129328389
-0.1398285411404596,-0.030031532954652555,0.697233892679247,-0.04302017686848799,-1.2420992737930043,-0.48765386172834574
0.7802138288862311,-0.34587386419831134,1.2243492127480038,-1.3396182607929839,-0.382316004710221,-0.3662653890110682
-0.022357468316630883,-1.5924997305495077,-0.8277670561719203,-0.5371186253842146,-0.19563330373835322,1.969201670254574
0.8122484103548016,-0.2632578485307824,0.48539707206741284,0.4149030312744999,-0.04489820145620669,1.0739357623170964
0.9071869625042883,1.1538538498338522,-0.4822813952469938,-0.269798124460898,0.6232523041101841,0.9687874028130009
0.4233805383814188,1.365569893017152,0.496313018005778,1.3797859196634363,0.2753956764998373,-1.0281340520676532
-0.21947189353139768,-0.250988203254211,-0.8068293856967811,1.1246211295299937,0.24121131184616335,0.5422426084461615
-0.6978845168810582,0.6211366472792038,1.569914427153481,-0.4762494604121219,0.3405495646784298,-0.7542015292977119
2.5913711668211783,0.7429540987777237,0.2063305113506754,0.3218434358682564,0.9711311954018303,0.5385212332427364
-0.32190487474713597,-0.3955849220786426,-0.7618282978652645,1.7282994304512307,0.1269161930350786,1.220393875057373
-1.0032907069101016,1.8040399734793537,0.9614390576249169,1.0513866725475132,1.5041797616646104,1.2896219833200921
0.4201092474459411,-0.08667356634528965,1.526169075907302,-1.0558757224522806,-0.31870319821585313,-0.6219671853204543
-0.2409322185145299,-0.7455304818026987,-0.7495820968914253,0.9228642745808556,0.857075217380231,0.4622818800725728
0.9581600209271995,-0.11922692362556095,-0.5963228201204306,1.4289648793288436,-1.0128571237156707,0.363654349064851
0.15325286882557593,-0.9990950680818845,0.9998654027413482,-2.1472751159382586,-0.48288023492889465,-0.23935638830584638
1.0446960599045663,-0.3029745609667682,0.48360661525206294,0.5841851723517552,0.896267995232506,-0.32020518174412804
-1.2468268292461702,2.701455812201456,-0.44122877826643575,0.26122535334847546,-1.414933792745121,0.5050440919925157
1.4046146482147754,-0.27991037598869034,0.08198137221293378,-0.23238476400658176,-1.309543360549298,-0.36195896751263995
-1.537545032382596,0.8942817445481991,0.47039973047515715,0.7376650277396063,-0.2361857594886532,0.326847725601064
-1.00095485201134,0.4876294892712879,2.7629034564685897,0.9246654280403339,-0.8868691474783529,-1.6370027008944514
0.8686699734127191,1.1574527032985351,-0.36229863448460387,0.8719616304219767,-0.44677817925872215,2.8890911542719477
1.0019066992065853,-0.19005421884784346,1.510280533931702,0.5255660658296128,1.2687702381280361,-1.6168445042038941
-0.7513903641051306,0.01851964739129028,-0.5167340943604041,-0.9483778485079793,0.43411637800071057,-0.6207578187893512
2.1394297421952766,-0.17392505076521242,-0.013903732986257154,1.1619003026682022,0.9021772047277703,0.9783746458312719
0.5304524070775714,-0.5750244428635743,0.48919449200593074,1.2505621508796199,-1.2067838323093252,0.4504372318622129
-0.35429503131738993,-1.4290257017491383,1.3544403005703007,1.4542322126140381,-0.021915655172842077,0.6742880312239887
-0.4106564201273507,0.6987797385353965,-0.5031767714666503,-0.44161045730264703,1.3456710172997994,-0.04661055029502645
-1.8688425602003658,2.374527961526404,-1.5696938928213278,-1.0614438043834553,0.26820638069060204,1.8142468434984647
-0.09258628609219605,-1.1724341180022007,0.004586912707495675,-0.10524989055593863,-0.028771211078685133,0.082946732886761
-0.028856287098158594,-0.14556867194994322,0.8232174026894928,-0.05086944317345859,-0.3739122832215581,-0.6115215019775438
0.2652152627664414,0.2929943603704257,0.5269964933509795,-0.7780235922762807,0.16636781309694076,-0.10786249354570471
1.3163609079769483,-1.2749782037813244,0.38167947355562193,-0.5708300759632874,-0.23555620760701929,-0.43303091959629636
1.5101110456911715,-2.3945146317225143,-1.2740137457493204,1.2845392093421204,0.5481968805223094,-0.47791155435642
0.4169200123031595,0.14773283369091464,-2.2071639884941106,-1.3547558350866187,0.9913047821079823,1.0503847711113685
-1.720562272412148,0.9466277855379835,0.47081360997521504,-0.6295059008355374,-0.17785856409716094,0.028586519877930518
-1.288204830309787,0.14139190041062719,0.39053206403017243,-0.6255224742713564,-0.8687973900889457,-0.6716634485394645
-1.2539985055278473,-0.27139315681200854,2.4007911181093173,-1.2774390402708768,0.6962869756462361,0.05143599723918909
0.3905691620753143,0.04184248101816502,0.5609215212769596,-1.074732498801063,0.2220105446609892,0.8993685112243361
0.291555172221917,0.8637955557656097,-0.3476920112525018,0.30518276636811154,-1.4191590475800993,0.565327898738242
0.12400271392246544,-0.679393214032166,0.4235689125910548,-1.237559814961326,-0.09612087097392602,-0.31309101202553247
0.6192969490228518,-0.9155535752179369,-0.8013331464964512,0.7024083479637303,0.23939362437684691,0.07425584986039402
0.43879061624977267,-1.521945228824006,0.03656338386311253,-0.1814945702172306,0.9747706075167164,0.4972446597154225
0.042225910921477476,-1.7351161706567224,1.2995433639623695,2.6521887854571875,0.5853231408927768,-0.2843497663624053
-2.014699466910915,-0.08717873948744159,-0.9987234578433641,0.2067522198816727,-1.5176607328983982,0.8308646008927534
-0.5651073035262604,-0.24568590595417666,-0.27222999642009527,-0.12123408997798679,-2.021860068305723,1.499097335249775
1.3251791704986575,0.795544643568321,-0.16403826988209255,0.7813796585533082,0.31658152752356267,0.07003610188715319
0.4035996219554787,-1.227101934753304,0.08090588971642514,-0.07710375515924595,1.7905781968310885,-0.3013012119053249
-1.1530261174220602,0.35619354114619506,0.5753730655722951,-0.2860382481456213,-0.6724694982510109,0.8696948480285479
-0.3362701088551278,-0.41289417462132927,-1.24280058520453,-0.6253502441594518,-1.4173253405954211,0.0756664953396352
-2.7711007047567233,-2.0299998785787774,-1.9958447690088779,0.39504538355250407,-0.11260786981497715,0.759662977089774
0.14941265772738424,-0.9932815355619962,-2.2129794486227135,0.1558087661782024,-1.820727366141863,-0.43011872300691256
-0.05990619905437483,0.0343558150514732,-0.6967172985587339,-1.7999824330521441,2.0854522367550983,-2.1507048347729327
0.9579083831629006,-1.3652041476622416,0.4697955268254322,-1.5098514717653089,-1.9448034325990733,-0.44666422496898317
-0.14334599945407683,-1.6543046334529563,0.8015476387921017,0.13163499035054407,0.7245047921360785,1.8085037067495475
0.3950220564255967,0.9105321541849466,1.0127933468332957,0.942932195210572,-0.09771029111512576,-0.5561445678900715
1.0347837201468568,0.34779150144592763,0.8136387608291838,-0.24968870259939654,-1.2438618511150483,-0.8280197794264627
-0.7478291427021365,-0.43200992632035884,-0.05117806314387569,-2.2311497970632486,-0.38207415093829405,-1.1343891918601587
-2.002604443067467,0.3720196053435349,0.934643632765692,0.571847547829224,-0.09463881818938855,0.9273711697968628
-3.2921987514669295,0.44103231863919257,-0.06549164760585546,1.2345509756569024,-0.5315510322530456,0.41344930498929827
-0.1307859927853501,-0.5581779289190875,-0.7522667751083663,0.6428001287507086,-0.4421504233344483,0.375620374067323
1.1177694784935992,-0.9023503699746461,-1.0635132222094632,-0.8085138555816344,-0.2771076007171882,0.6555882181652133
0.0012253665042834165,0.7170124475819408,-0.6255451296393749,0.5638730861417105,-1.1161453820890457,0.5836138118574077
-0.47563366717036,0.09407738391667607,1.257432383588704,-0.4101124057521029,0.5482960874000419,0.8128151778413257
1.9402310998460472,-0.6475349749955034,-0.11814698867331068,-0.8153304329023459,-0.4321823014315371,0.4317760156076261
0.8978708948401916,0.08453971499284736,0.09170703696134813,3.3972202818386714,-0.011168519740592282,0.19500950671937925
-2.012970824878085,-0.5394056949567213,0.6268189923342118,-0.9913191730360794,1.7087582852677814,-0.323479477299084
-0.6152652744083691,-0.5898805746279825,-0.8504146229757792,-2.7598734149445217,-0.7955825743656877,0.782184043047011
0.7495468439625971,-1.3931988225077225,0.7238712175834586,-1.535816717431693,-0.45863142562304393,0.044270872967705016
-0.8107659357001109,2.1128705015099625,-2.350843616398717,-0.33328117534825513,-0.6773251124028727,1.8175385753289917
-0.5542540573456755,-0.6091155471885674,0.6322588391939045,-0.37638297130591286,2.877285835425358,-0.5805736363909911
-0.29349168892951644,-0.7626255409331204,1.149833783633509,-0.6051529780240104,0.8169346074365216,0.08283652885375736
0.5408570815914578,-0.3230683278690115,0.20610897001244288,2.019620093715907,-2.419398606723667,-0.9299977838921355
1.3939200432333727,-0.05133973609062157,0.8789884205773577,0.5708079419730072,1.0287169176202162,0.11237002470803803
-0.48264670225280415,1.9083137720972172,0.8039030260199501,-0.5801512526222433,-1.1523267386665845,0.2654158332150904
-1.498393478494146,-0.49614872914054964,-1.9919698096019673,0.10116201922510096,-1.0352489288384246,-1.7388346130706045
0.14203310677093786,-1.3581701168309066,0.9561764438358158,0.7080455986145471,0.8661004702270443,-0.23119451849473086
-1.9560569270640413,-1.915586244651644,0.6612122780887286,-0.7537993232832916,-0.3120862448093282,1.0052095817930067
0.29934500214184434,-0.6025058617966401,0.026511449143852294,-1.1682541412545067,-0.8383003346091966,-2.138959048552235
0.20766680015551664,-0.6815270653846272,-1.777694020257408,0.8395519351465597,1.686790319056534,-0.8920713452543225
0.5650799515953616,1.4507926020981852,2.1502681448116725,-0.36172611961378937,1.0364321121565734,-0.12066275122807589
-0.25638058908615213,-0.4365484018294632,1.2642417587210975,0.8201750100260687,0.6384185326664644,-0.5884521244029691
-1.6593486510607935,-0.8265784400369954,0.1024648829447,-0.9505566631767064,-2.267635370223006,0.1911432242160337
0.8291847259673248,-0.4216518562136829,-0.21202513074933357,0.6440866669360483,0.16821169376577141,0.17153604769047878
-0.14442913591765627,0.14124236916054267,-0.14485581100940273,0.23597047043280875,-0.2017959940731473,-0.2539238040534845
0.94910106141351,0.834251009720003,-0.2181235595872209,0.4721276964086636,1.6001460357026438,-0.5583349365275254
0.09430945773881595,-0.17484446588392893,1.4715561150147436,-0.6107072262112567,1.1322948406981284,-1.6820500806200136
0.24594309225520752,-0.2802943075767258,-1.6177814542968563,0.8724485782082584,-1.700755600719161,0.0003917237056257698
0.5896748078595289,-0.46145141704497417,-0.04841886647679816,0.6731458294320208,0.38515309533154735,0.6794176819274484
-0.04895995630872406,1.598078862731445,0.5032855281236083,-0.4401938819243753,-1.5223772744027773,-0.1530441156647699
0.5778423625526982,-0.00010709670613244839,-0.1544606350278627,1.3723696495434343,-2.916810802905344,-1.257619646271858
-0.6843288999276587,-1.8001420575145206,0.8121161676318749,0.44380587246408426,2.1810439900267036,-0.2577321913505472
1.2425106945503812,-0.6185259124805588,0.813949925708796,1.9802976765994735,2.1067183156521017,0.7606499041441293
-0.5173836544941893,-1.2516210183807985,0.3285649377143795,-2.265322603002347,1.0946217421130489,-0.347602479914191
0.7248699319057337,-0.3709627831301568,-0.03253032450119811,-1.280898167940167,-0.6511024576503293,-1.6344830744318268
-0.5418800438070804,0.9811048421435732,-0.36093716226055494,-0.7250472699025318,-1.2242383861935227,-0.013698479800806386
-0.9456930108235387,-1.6291227626629625,0.3015046702553603,-1.3885025617127191,-0.7137742575725731,0.4525185814562704
1.240656233635427,-1.2412184930376093,0.7377950906913733,-0.31318351216908763,1.152970695193081,0.8569243843704555
0.44176103594536437,-1.3952073909209262,0.025911273518453157,0.05576105502653025,-0.10783077066683726,-0.02929649793384367
-0.5618305422046233,2.2452986096862344,0.5840997802864861,0.114649919555276,-0.5016710187914547,0.38670544394270573
0.22594336038202664,0.33393359181041926,1.0734966805150805,1.28690892967705,-0.8136136908475053,-0.5262471109437111
-0.6690993448032262,-2.0395577544282926,1.9660776691990924,1.673707326786649,-1.269886361257209,-0.3286446776906018
0.9306385080568683,-0.45940849685811924,-2.3463171240561937,0.8760273677625341,-0.42721530427836735,1.0779212209175728
0.8749445063608977,-2.66769003938002,-1.6269834758821757,0.7006016610066884,-0.4145475602969157,1.0150013201597636
0.7281631043859508,-0.1526633235583176,-1.6912838352919919,0.1973549576311236,-0.9843850835458694,0.9095658546034838
0.48910175794490407,-1.2992244939120567,1.4383108161947136,-0.5302501715237716,0.5675629458518907,-0.3007781236380936
-1.1992344694823824,-0.13708782523949262,1.3640995029172396,-0.4115704823621598,-0.2563108031875658,-2.2333148613284535
-1.418454725249532,0.19199812509882908,0.10137127433869211,0.13538116820634807,0.09237879615843678,-0.31732328703170615
-0.14562168010483065,-0.7213003572125303,-0.9443783605688465,-0.366544412624056,-1.4472860329872057,0.6853317957475261
0.9518581360481223,-0.3010205512529396,-0.14997845095298978,-1.617535409565443,0.5598669898060936,-0.23875915354636845
-0.8782048565240057,0.28684741357671706,-0.9078673410220454,-0.07353603260011683,0.5100385994783203,0.32283653579780586
0.5785918054593335,1.0593298928595025,0.18016547229933585,0.3103821790235897,1.6678366485895106,1.5801049172947421
0.6813365986873275,0.9625164912049428,0.40700869755817526,1.5032949688304549,1.3036604088483659,-0.26173830262695
0.9584554217808753,1.974810723144977,1.0532427671702171,1.4137698949979136,-0.6094772972557053,-1.2344734136573798
-0.27711882309354774,2.027581109574169,0.03942328113847756,0.6910273268338457,-1.3466750145872382,1.7843195925278177
0.0032439390045790133,-0.7917336173839155,0.2543375123395739,-0.5036423484519115,1.2577085905171492,-1.2101958545413092
1.9728619534082303,0.9724037399431369,0.8853476639907134,0.017214710944487004,-0.5098065425874301,-0.27634245305224553
1.0634376029564057,0.06098046033544175,0.08120799154128765,-0.3677410314738613,-0.9975486035367116,-0.28938123221311113
-0.6524693708167992,0.16012372052162127,0.4319441821823281,-1.2515152958362779,0.5037874573033239,0.9054729005176685
-1.5903014367000332,0.14642342490646054,-0.3002781368464204,-0.35327093532477094,-0.8951242793493839,-0.9304123609686535
-0.13835700725813854,-1.0303268924222788,1.6245868014049332,-1.384974957010981,1.5756135044156958,0.001234928449667755
0.08796928015647029,-0.05245717908105791,-3.122932299242399,-0.49889737428447556,-1.6523339456157915,0.912796474827388
-0.5891605915586124,-0.4755800994846835,-0.06523687506688997,-1.0199923740764447,-0.585543603013477,-1.4251572004762445
0.5392323768960632,0.4433217633194214,-0.2242753597475081,-0.022445249523804084,0.6452359237994824,0.4078011366927872
1.013963430346765,1.2172490377887801,0.40434214545072406,2.093132608951343,-0.24947702650187042,-2.7270238506395335
0.46894338487254117,-1.2043651019713257,-1.21806851580912,0.71872524892726,0.22185427902557942,-0.24757175193329772
-0.8815910255692887,0.6797084420728802,1.2922909061535017,1.1023806194163273,0.5398487105788554,0.1504114073372598
0.08490039350965334,0.0038251710323707593,-0.41654806618124834,0.678597707914192,-1.6937257033941082,0.07621886977846203
-1.0577866940326877,-0.8588327348171166,0.22592785672950225,-1.1605860969950057,0.2980016026851254,0.9728253395244231
-0.09816607999553667,0.034384104747422414,0.5099005510820086,0.5756414521015899,-2.993450898915149,1.0160505438103486
-1.312750453098316,0.946199398713435,-0.40682139442675486,-0.3145973207985711,0.005313602191548204,1.0822782584004313
-0.22586130458933046,-0.9043367107695839,0.7929276667226915,0.5913884028152676,-0.421970980031282,-1.184996542798995
1.361737761337939,-0.222664155520032,1.3080384672774992,-0.05101331411030606,0.21493728268010287,2.5982991072953703
-0.41543753764841784,0.01054195313043054,0.9587976806695375,-2.336742072781408,1.7372845527889849,2.353775656471475
0.034633014903949676,0.14141816941401533,-1.477746181406178,-0.36329348280088564,-0.5735378052158958,-0.8097885451132164
-0.8667936309530766,-0.27139517750456965,1.577844600056122,-0.13003304280363973,-0.9806261064191432,0.7814586601262673
-0.592683520258389,-0.6667456992452613,1.1270814881970275,-0.6884597839607426,-0.32723212599730356,-1.210966605635387
1.507539964186691,0.5758771751275306,-1.0355939785617536,1.7130961458739358,-0.07869192893586013,0.07733546855214032
1.7864694851057141,0.753999204357745,0.09735533408018844,0.010804154008068407,0.3225670557986721,-1.2732149558572388
2.066372734764773,1.0844875153386693,-0.6016035600190215,0.917387495359616,0.2531481762049898,-1.5768551679529688
-0.7526868456297405,2.648457087512015,1.9512364135496731,-2.095873073623564,-0.3622230969342626,-1.9829695565892218
1.7412676841024857,-1.244686001485333,0.1955011679354338,-0.46873012889984456,0.4916101710244182,-0.9459198120392474
0.01906429583641378,2.0279933308581537,1.4395564827192224,-0.378027803459003,0.9844420131139056,-0.8731738082162148
-0.3508049249347224,-1.2298015800249755,1.8657738213082384,-1.72487281208018,0.9351706669823048,0.3821439111113613
0.14066551022600143,-0.7264127094111079,0.1716411658077989,-1.8865961954749606,-1.218409640312385,0.42343013383971834
-0.1413164861813606,-0.2655978105252452,-1.4048812352615099,-0.3716504475080177,0.35938668455854716,1.688070843504289
-0.1962336930398481,0.2983370715218134,-1.5358504323880662,0.17489864111217937,0.6694537814207443,-2.5347051167381642
0.6794547858414746,0.4288495631430676,2.694951693002272,-0.07925213559132795,-0.6014138612788625,0.7679264174382242
-0.6111460736150307,0.5489049707217577,1.0601125626675925,0.12453689634089507,-0.40090903153131663,-0.7919410781468509
-0.4464163345843076,-0.26006919565752307,1.4534491386385717,-0.1913400457710645,-0.23938204037245694,1.287631539356944
-0.583378393366611,1.4548824838570549,-0.6479822321719186,0.7618187446385658,0.6156530249783372,-0.7686413047367754
-0.5347411898425123,1.4692718356381034,0.6932642747005517,0.4004191013814812,-1.908337223631087,-0.7316281545137542
0.5454795579133429,-0.7314745442954704,-1.1521559396606151,-0.31738343682575293,1.5377082735791028,-0.41670565641600005
0.20620620704551434,0.1443986909527118,0.14711855367762475,0.46842440315903244,2.1749023468374307,-0.6514185783237197
-0.361417474123429,-0.2340244891407487,-0.2728402421063231,0.2342135849539039,0.1103482676503566,-1.244695303249718
1.3329580596462662,-0.2975772911160244,1.5488659860092258,1.330878101379033,2.24299819532764,-1.9393649863463782
0.8435444896891573,1.086263704106483,-0.1967448204477844,0.5297161890081282,1.256209118662815,-0.02452454480600898
1.0659047471234506,-1.4328225830855599,-0.191370428983488,0.43773147550512287,0.9516271124734906,0.5759344020985943
-0.7221402092020711,-0.2602288303704506,-1.2484438472929562,-1.7906287470949682,0.9146326901306644,1.3350302770216271
0.37523019922728695,0.9671135667985254,1.3642656589209141,1.212657692515846,-1.306019454738396,-0.6277030428475269
0.26074048687141965,0.18714644224160934,0.42435538434177644,0.21908223584503936,-0.510594922365669,-0.5148239804632557
1.6223797812580825,0.5402705513761005,-0.5245917628250759,0.833191179688291,1.0526703563457616,1.4466569746806517
-0.2214521733284758,-0.6271239593599849,2.500470622228789,-1.2735386161702662,0.4691936906804184,-0.38167702520811464
2.9410054291134147,1.2117972092386802,-0.1754929640747958,1.0063343186959532,-1.2606441021125687,0.7426358614965425
-0.9414753430789752,0.22093242198873136,-0.3041389981681576,-0.6026103358899758,-0.6851049232908492,-0.3479446033407527
0.06608773543748749,0.9037870823909188,-0.6600542210934224,-0.9272329709134498,0.7714197622968777,-0.8280956187609997
-0.058795710659896645,-0.3521844870900885,0.33222439781954166,-1.1548727607525828,-0.01647289563868137,0.8261127925881464
-1.5339892813657614,0.2662060389883886,0.896169958363373,-0.49431287154661663,-0.5926912674612139,0.24645125962235556
1.6805846902105768,0.7899998631600538,0.7381032345527293,0.25523257547869665,0.0008927434757720569,0.41806331593159646
-0.07266861001176232,0.7968641558156181,-0.5305884840485966,-0.23952297587362822,1.215408500379835,-1.5785141533959728
-0.10116385162202712,0.44309746644431347,-1.6563095070276543,0.3699903982366115,1.0100824855194916,0.17076952870212292
-0.3085899547856146,1.45100881620303,-1.607017566277011,0.30357874375961275,-1.7262107505861355,-0.164121906318308
-0.3902792316077979,1.0578547872844188,-2.6084025411974117,-0.5767135672560397,1.0151836138164154,-1.1929056712564008
1.153988905389726,-0.4117342970869597,1.0550855883018786,-0.242596833774505,2.0421789287620826,-0.6752455028225233
-0.6261896356093315,0.5262994829567388,1.3977043029088578,-0.40704961484636626,0.13611141638494795,-0.2158660008540581
0.3323423715780806,1.3957954124583836,1.054751262282362,-0.743998115710031,-0.6618214297410524,1.3977632879907544
0.8461593342830656,0.015254208200427642,0.2636885708251569,1.008983480658239,-0.5213830862744292,-0.367611367914873
-0.4450323268808421,-0.726432916336794,-0.03133702229299122,-0.8369996093917728,-1.0314652549588474,2.024786993227796
-1.2179978940789102,-2.5927647796286237,-1.1723373485675095,0.3782021086324955,-1.3163749948401295,-0.38581771744647075
0.09185325434408975,-2.1852860610911633,-0.9112820986490802,-0.5321108100821393,0.18763076991097918,0.5568486209979724
-0.9196594429941085,2.8641215639743822,-1.1572040611540657,0.9713999651535932,0.8902104975620999,-0.3413860244613317
1.2544033141051179,0.9503094873979907,0.12046008164567645,-0.6764797617187616,1.2441516988382422,0.3058253329220879
1.8220324656602715,1.9457390191604131,1.2158752565606106,-1.5943459046182944,-0.09106477603235319,-2.3968872710398244
-0.4449010376125588,-1.4810949078570388,-0.5664942929395842,0.013990065234772813,-0.1518594827824776,0.2501844847217974
0.7929598286850387,-1.1858595994280194,1.1868785164042246,-0.5900548299005661,0.7072175280699059,0.0138141009291234
1.9104393767111214,0.004805206928145531,1.9024318637431357,-1.3473983583783125,-1.8850054023901204,0.9686755059377069
-0.009890458212970044,0.20382321801032555,-1.6658861348757956,-1.4683274143026745,-1.2392089893373974,1.5308711385890237
0.21926401885657754,-0.18965412171924406,-0.4669326085318204,-0.16856555314175456,-1.5047118076654393,1.9049078586951889
1.1242464157304386,0.16731738606586496,0.14504009312256697,-0.6521641900158373,0.7839275479723744,1.4361933472094792
0.43245590905363734,1.217742086775509,1.074281138253644,0.00941801286644169,-0.3142368216835743,0.5309772508670174
-1.4399369317774038,-0.11759016264498864,0.7664041335058523,1.228177769829093,1.8467838722515368,1.0689574517142604
0.1606050678511745,-0.864122907961728,1.3082136863359233,0.30614905338150405,0.6961024497770688,0.7982199994801573
-0.4872910601193777,-0.30505385361987314,0.5576940667813451,1.0705242738980456,-1.105281814493726,-1.0408896187136063
-0.6436784602259377,-0.6777665565144367,-0.5915848565005036,-0.6272565340727807,-3.1832266582484423,-0.9475335985931421
0.676424191897926,1.1196718143432718,0.29742730262579564,1.7133686706293276,-0.36607281901730154,-1.2138718615713922
-1.1980638068399474,-0.5432147004485469,-1.8697978176154126,-0.40058233955984646,0.39684556518885944,1.0177716565653494
0.3037978964921777,-0.06498143162128515,0.8998344534989589,-0.5074314109139012,-0.2835500296858443,-1.0220364341434744
-0.2961448262266931,1.208360011179467,-0.8207633288655245,-0.5678572043930853,-0.021654982776686215,0.6533005110961624
-0.23026496546402575,0.3174346369877368,-0.4753834035793,1.641774895676761,1.108397911674288,-2.273063306121678
3.027946276668103,-2.175164412014999,0.3592171958710063,0.8857884574783972,-0.08984049964287345,0.9285994961616021
-0.6937707864738794,0.15144888732459186,-0.604033465696997,-0.014391243808695968,0.08271819942779582,-0.47790901509298844
0.5939034163764622,-0.8818847956397904,-0.47819093653836303,0.41611763399142243,-0.45247879054856377,-0.4604393905254678
0.09540900536092446,1.255139044142737,1.1809150263814463,1.277492300184996,0.29493068958115815,0.6250552682236444
1.078475694564496,0.06101683280167293,-1.2882095104996112,0.6477816599393276,0.20574328663181438,-1.4848422489044275
-0.06923320749084126,0.01163110642489884,1.0179401549228662,2.767797383466698,1.042152317208486,-0.8036877107886898
1.3834223721544203,-0.2193906335588874,0.9886523900085349,-0.9936971936173739,0.6029502921360486,0.6415985694907416
-0.6999796747878907,1.3292459234038663,0.9174802210891758,0.5377964788367054,-0.6135835361348133,0.8404361004777438
-0.29128165291292973,-0.16819840802577044,0.6196360179450662,-0.7955481790847558,0.39171238709540723,-0.26459971394767046
-0.28717339289191013,0.6282575678909852,-0.339969281602939,0.3778866992709309,-0.3323373775969037,-1.1300419728625761
0.029222802972211744,1.5747499670268683,0.6945874806934532,-0.271290785430763,0.6285002671987967,-0.22785623350125464
-1.0023771524180738,-0.7758752221054853,-1.3968543897749077,-0.46193084375904353,-1.1524516004536667,-0.21967455743535377
0.1682253157995501,-0.09254569894967514,-1.0136140567908387,-0.23791411145474678,0.5880553187606027,-1.4024062465361902
-1.419510509782213,0.15298663436929485,-0.5808783678273747,0.5624703445073672,1.5662568586106185,-0.6765105638649278
-1.1603509645167602,-1.3916186409190863,0.10949680642141434,-2.6550537538247636,0.1519575161876498,-1.3529121086864593
-0.1880117026117005,1.8241984025437963,0.038432387152924796,1.8554619713897305,-0.00328114771149446,-0.8634766997333982
-0.03092409307409228,0.7080668415807104,-0.02366464294756276,2.181463830682867,0.11208829061441354,0.4952113868423717
1.6735224216525453,-1.872434354849025,-2.186202149872988,2.610196455762576,0.4102410667099712,2.3537192848232653
-0.32009417692166053,-0.3755719828791436,0.08503260064404505,0.9625975538919647,-0.5964652951810033,-0.27462726524525705
-1.7686633780906418,-2.5350275308657975,-0.8595763643177742,0.343525062727224,0.3767710131075884,-2.094974773784023
-1.3235654065756326,-0.6223126903541373,0.5571925777520659,-0.27546304259957155,1.5750876918149996,1.0910024904198907
-0.013046871038693505,-0.8112413834412624,-1.2396798733536967,-0.6164122622073148,-1.054785578321855,-0.15822370521574394
0.39968282545075023,0.7744001165304016,-0.4722304675338221,0.15062595401542794,-0.907417664051459,0.9491098040482224
-1.5056909736579471,-1.2318101484381603,-0.11272023289269349,-0.5221892489366994,0.6433660975446123,-1.9744135930932663
-0.9335870462077717,2.1246066839484326,1.464641004243639,1.5134738376129577,0.7844258324139421,-1.992168630870673
-0.5039538564229137,0.3791950846546536,-0.6043627566860991,-0.11182783579388553,1.8169584091154458,-0.2926744876017033
-1.6957157783837329,1.238242012884035,-0.45317791244582684,-0.42855140303425193,-0.033413468540049736,-0.3319499522594437
-0.28043934750466354,0.684065055250791,-0.8407292384706893,0.21213907976739083,0.8289472307534157,-0.25574056239779974
-1.080198866211116,0.6957486996824849,-0.4715074371663197,-0.05723988225247972,0.2556118334060279,0.3558627038622856
-0.6413863684166549,-0.6847621941869607,1.8824045267669194,-0.42592437506224656,-1.1454716564560883,0.22791582154981999
-1.7037025422061616,-0.15048703766192326,-0.5905859064662897,0.8515942092362185,0.24425736671022824,-0.1884968038659914
-0.6304510664433228,-0.4840366978843071,-0.25535861650761293,0.7776915824219995,1.3193441065077562,-2.173895927708062
0.566113854583354,0.7928167086007005,0.32428214084390455,-0.24047612083028622,0.7873387788855696,-0.7551637408546594
1.75515152422667,1.2950638879132859,-0.1892788773493547,-0.4341872703106681,1.869981734601606,1.8363819414138551
0.131338501789535,1.8604597306874628,0.25731422232055806,-0.29666740529299696,0.8079547432165698,0.8077146440252365
-0.4874770532495094,-0.40479523880635304,0.3895905133426843,0.20273905076805346,2.0539810913895775,-0.5190254457397765
1.6599285119958773,0.628188864343645,-0.21164246843784107,0.13194763296332043,0.3351736284855727,-0.7402399818052364
2.546027135777246,-1.257165798789047,0.4580890811120102,0.27727387967978934,-0.1005003567074862,0.6529939373576588
-0.23733817479442676,-0.12002509719016101,-1.4800079170683116,1.3650502156309312,0.8168691944154555,-1.826748653085326
-0.4469688435884925,0.5543850889678258,-2.2174505556306787,1.253110326511218,0.8201639285707601,0.37818553798750704
2.7922875104308686,0.6683521498373044,0.24106517216728127,0.2759043390308793,0.37355619351044317,0.30358367116328744
-1.0359051493137048,-0.27812206306547244,-1.347769892277333,0.49287692892684,0.8700853246735462,-0.36323858699872585
0.578345638081245,-0.828019193838409,0.6856331826045268,0.22721924402371776,1.531180708637671,0.07659112579776842
-1.0916593252576832,0.17454742407633983,-1.409924321724546,1.7156484716287228,2.769845820356375,-0.15926260252836977
-0.2661124060998892,-0.2547972087460367,-0.15655520768024273,-0.39683754507843017,0.42638442110856,0.7686281005669185
-0.9298124797437471,3.5213215115255325,-0.7259939864061572,-1.5053326793111035,-0.47685082523938954,-0.7826659952466221
-0.5529302238901668,1.3703791413304387,0.3292507088568136,-0.2164897922328678,0.33785868443219924,0.9293719400979703
0.8978763652264019,0.46836420632219267,0.2579738113048412,-0.14084964718123594,0.06182727647961335,0.3806416828642946
-0.8043382319389097,0.8167902052346518,0.21922723825405754,0.18881953762731027,-1.1602393134412903,0.31997969515125757
1.4943508631072935,-0.504290099499459,-2.43320160888665,0.24707481668412568,1.740411588025736,0.5730228826461187
0.2830377809400428,-0.29242250437351347,-1.4458553057676056,0.4797334888204869,-0.14401561536465712,-0.7630967383883317
0.45249393363003565,0.831880737337011,-0.06548963359369722,1.222997032727913,-0.3264489138046654,0.8693046478809796
0.6167860417663282,1.2165337126194855,-0.4215166341941574,0.5267682181769947,-1.4180831131947769,0.5958855641772263
-0.5824210757851555,-0.2789444849408996,0.12428871877276912,1.0628202619043232,-0.15332895034291624,-1.291379153615842
-0.01985203144631754,-0.9651595570846779,-1.555212138343506,-1.5884070783498414,1.0685239168501743,0.3989868454635676
-1.2231838201772989,0.7767643268356728,1.0400056722108253,-1.3068585717961811,1.1594403616441755,-0.7922884493845008
0.6537056780934524,-1.2289165166799103,-1.4305790234903917,0.44809848320505946,-2.711556961990559,-0.46211344226484397
-1.5821286797475236,0.5754386848401389,0.5073155664672666,0.8788895693813091,0.5747979963253007,-0.2430097112492622
-0.23077918176494222,-1.3019807185756453,1.0530635200874674,0.4207270374683499,0.15528742222245057,1.438516773250829
0.41934886376693603,-2.4329845768436655,1.364064257704339,-0.4818500516415297,0.6369631683083931,-0.5290738189975147
0.030163709395138193,0.2669031779245583,-0.06095105717817767,-1.011297866017455,-1.9367996822359235,2.099309804317131
1.3887997617691001,-1.695744996649961,-0.5228758244598531,-1.3204792760680637,0.2626552956432831,1.259537975153508
-0.25682369036669117,-2.7364036901755275,1.2003824679755786,-0.04666951851679328,-1.8074931148231101,-1.4035565328714188
-0.09963761387790865,-0.6612878086174403,-2.1211143117063616,0.16569090115343882,-0.8251276206223056,1.3739003059512016
1.9822983695682916,-0.9860939320954545,-0.20947337733532456,-1.7970835720119473,0.962094466208663,0.4661557803662211
-1.3503538876978576,0.12572345023363496,0.31415065264410286,-1.0301601758638075,-1.9265850449682416,0.6748791717512292
-1.8014638136244276,0.864133011424571,-0.203519957373375,-0.6395242981884697,-0.12266986952297135,0.67641728825482
0.8930569550020153,-0.46846322025804316,0.1781635442065822,-0.4854744925507665,-0.17279740922802087,-1.1041069518615592
1.8335093358653678,-1.003142515296802,0.9983649636778643,-0.04606913403030912,-2.2287348408680687,0.5400578261882617
-0.5441940171611027,-0.9463873231223117,-0.6083293536465475,-1.058982781338597,0.5095656362061965,-1.003698550766038
0.8291847259673248,-0.25486591229335803,-2.3780770889039924,-1.510978230208272,0.009885365172674224,-2.4961184696077274
1.5238198334575939,-0.6997799813568575,0.3802072306624568,-0.7620566850341366,-1.3765096824851806,1.1030518032629615
0.40561272406961496,-0.09475027454201869,0.8873918863389496,-0.9431154923176231,0.38393118741880106,-0.7645943959612184
1.0836397391181962,-1.509768535405583,0.09711163860813082,-0.2559906646459696,3.143698062692732,0.7961904508601375
-0.0936311298525071,0.8340489404631422,1.0655453604847032,-1.562710899002867,-2.733074314737408,-0.19253795697776127
0.5227336921779705,1.1420247155372147,0.3348768518418382,-1.4060755666249436,-0.9504097369639494,-0.13642142009433
-0.7768495413856875,-1.204472198677477,0.6176260338036514,-1.6530618473479353,-0.49897513244667235,-1.0139375380654891
0.6973046559460256,0.010883450174513963,0.34648360395305183,-2.1237688182551513,-1.2839274772385294,-1.1820191717814836
-0.372620825019538,-1.0916629946498069,1.7491222366679973,0.6563737982932422,-0.8327623838419463,1.064323634517185
0.46715456859175414,-1.2208782016419921,0.8815673631556062,-2.47517081477519,0.9058755057868998,-1.9470621709492286
0.1620930128920246,0.06308400129937373,0.9608278049326098,0.5787803285989327,-0.4661467099572678,-0.14712915542354313
-0.9531217952556231,0.8745739299265712,0.5131874189365164,0.4481220005697403,0.9089085878579449,1.432519879442828
-0.13250369404581064,0.9345884992142222,-0.047866020137296024,-0.6994285595215511,1.5408501763902605,-0.6246445846843903
-0.29552120220223266,-0.12976079398570953,0.3732296855142121,-0.9336006432436827,-0.09115472431921885,-1.3457718691966158
0.48400882841153026,-1.175093349422481,0.67757411292328,-0.19101218603995923,-1.5180344892927893,0.6490931208716294
0.5988377047106029,0.20089321378584427,-0.31658760736466035,0.8338814835103097,0.32664946995499694,-0.3929904595082575
-0.5208135866288491,1.0562099435335834,-0.9590806493788216,-0.3201750863504984,1.562761579070785,0.8289501655483753
-0.29430130608415955,1.8840977923550328,-0.22884716736376065,-0.26863332322212546,-1.3709975911775414,-1.581589539981997
1.0319610008781284,0.1608814802348492,0.06224505999467206,0.5324608038035249,-1.7606132734785942,0.21098384369321976
-0.35511558924435177,-0.48951277474523414,-0.9747778601986755,-0.0778161929715513,-0.06914887324603392,-1.6076325643210443
-1.213342595439967,-0.37258741995530614,-0.5516459882475921,-1.2744419596487873,0.2012712257553753,-2.1056217360750717
-0.5120609687412561,-0.6213609441543305,-0.545830528118989,-0.6514047174741638,-2.274791496592165,1.8484913501581826
-1.7770768320351316,0.02426043497869745,-1.2858078009919542,-0.5375101203373853,1.865089592079026,0.9668631489833387
0.3523913369268486,0.10712095444703927,-0.9789952016737635,0.6252022230994156,-1.350566949385153,0.7254953254699674
0.7659798840465226,0.30426376282555506,-1.8166430015308552,-0.23658745541202245,0.6329561793702329,-0.46811033607284513
-0.6992138207227263,0.43146433932683476,0.2810302225783437,-0.07693913360649945,-1.6727204583803095,-0.15601454602888676
-1.9384313427928905,1.4366558368882127,0.7294852764954868,1.2884596923714298,1.5626856047966478,1.8206845534384646
-0.2720696566496526,-0.9455446943211985,0.3443578141121064,1.0263005613077882,-0.4618340583308138,0.24054154719222495
-0.08593429649764565,-0.5935703592582527,-0.7496878325301272,0.8943750623347481,1.8311960333050445,-0.5319074677047049
0.799929100678055,1.2056179313638624,-1.8091992125662413,-0.6833717329438789,-0.5484476053161822,0.933109566587367
1.0525241825278129,0.6379488094500205,0.03053947347535234,-0.5438874762883706,0.22130434025960724,-0.2777622398798468
-1.1186173883514599,-0.9691160731340083,1.0999638213912826,-0.05073733091893865,1.3723771319827223,-1.3728517594375327
1.6419090599197745,1.6377329336977928,0.6966014928592033,1.7775039825429133,0.003177882125903492,0.2361015604372098
0.06968177915759059,-0.14450174627370327,0.31425739528888386,-1.5376261711375232,2.2681793877971406,0.8488811828037718
0.4632213609284966,1.2256793671850157,-0.09403019999453328,-0.30217254368929375,-0.3965988883370399,1.0442636226793736
1.032174345939159,0.08304642318463869,0.40904184283949424,-0.3640571054657286,-0.05617616635350711,1.3399269926261468
-1.388542653618693,-0.4068179520675219,-0.29230264867005035,0.6134214067700019,2.496460722224213,0.19654254469609886
0.14070380292921889,-1.1744588519559307,-1.8666297764786823,-0.7189472805173079,-0.23927985136719798,-1.0390699825373975
1.0647833179566026,0.7884641368079118,0.7496827974997128,1.1868522265918322,-0.3492252518909459,1.1764360086288672
0.5967917802793576,0.22761485231312106,-0.27743923888681515,0.25636486741923625,0.4417312890790007,0.015084748351082195
-0.18695044769280947,-0.08266047090404213,-0.09689916032464795,-0.38116460489476417,-1.3597650364387102,-0.4068550071375862
-0.19021079785591752,1.3600311746866058,0.33918079584004035,-0.5147584533855688,0.4592289923029674,-0.039166276330118856
-0.21714697940500574,0.9052136913443671,-0.31989260132865804,0.43005928112244585,-0.0835697852374163,-0.6329144578335361
-0.2774032831749047,-0.23766375645680377,1.3715805511069126,-0.6331296500575738,0.2552508775518024,1.0865481145054194
-0.1750797096827613,-1.0871427053738274,-0.760888761189944,-0.26441887313433793,1.4009879541233186,-1.2824504262479046
-0.17821971134995568,-0.023577440890511787,0.5283690426419363,1.1537570693047663,0.24720707840024336,0.35030425620707667
-1.5921285456840886,1.7185666985198247,-1.1963252404676807,0.32498162067841824,-0.6295585133692402,-1.103580308625518
-0.3728013477635104,-0.3031099473688687,0.10904768170845583,0.4530696390857193,0.6861448783614259,-0.1919945546030615
-0.5005129835158333,-2.5839586014146345,2.050621871892943,0.5228401265885273,0.2183354869712603,-0.904462612239726
-0.9467214434253207,1.093503845579801,1.1992777823026721,1.049994997908323,-0.40369709468425685,-1.764599418779482
1.5606957066952902,0.08653817994318916,-0.420893297428854,1.4732757445058602,0.19829898123897582,0.8419918225411305
0.6370483521761267,1.2817475238861606,-3.346110022359573,-0.16616609025738013,-1.8698148538841062,0.4255287504251138
-1.6635225557159294,-0.45171774094198675,-1.2186817825135852,-0.6368170345016886,-0.8180191329329051,-0.3001810581628408
0.7712916290270863,0.3000223291240398,-0.587065413200553,-0.2748301488148415,1.2758684660068582,-0.9457997895209754
-0.6501936901660454,0.5190290310948917,0.7259728392784206,-2.0293521325695254,-0.12965714503262207,-0.6159948377256397
-1.0339193991304672,-1.4728545235622412,-0.8654079365437091,1.7720970637284963,-0.4793795940189986,1.4230494425424811
1.8984318790465797,0.7727189003133162,1.0383259860645915,1.034991610930796,0.31820161943846376,0.04968458260721851
0.42286632208050234,1.3638563457189765,2.236323863635924,-0.9185536799727761,0.5148653828088522,-0.36472625680210724
1.4056540215889273,-1.9215573911918802,-0.8696464251465243,-0.1109936610350065,-0.8327577545465129,1.1796704377479226
0.24980518489808762,-1.1724502835427457,0.21945784264703028,-0.20445581838956084,-0.003047292931448326,0.5530925425276304
-0.06546411141302703,-1.4406588288666171,-1.170584150977228,0.6634843426724318,-0.033687748911623475,0.12755185756437953
0.06583609767323956,0.28215940681754703,-1.263177353291506,-1.787709827126079,-0.9219691114082785,-1.2242524551282994
0.5991768686537065,0.2898178316525705,-1.2179647941825762,-1.5550594552360761,1.1177397006707637,-0.1955099955420599
0.5461797673443402,1.1951891370172854,1.0930487106201874,1.0315421668822455,-1.009036996826001,-1.0531019522690925
0.7860944940294577,0.7589478804582542,1.943300198610539,-0.12383068371334717,-0.9777324845645017,1.1340284471684188
-2.6156268591421403,-0.08133489657902414,-1.552184071052299,0.3503672324741979,-0.38957927235417306,0.8063467428137854
-1.5904655482854255,0.5096813072725008,-1.5324940811138457,-0.41104341671848704,-0.2536509715181549,0.23703787150713468
0.9752440369665352,0.15048097558422122,-2.473989383267423,-0.026318006136557943,0.051018754436745535,-1.4432417500051558
-2.1367547233534117,0.12964561450931394,0.4166538018199502,-0.7845932372678693,-0.7897330827815217,-0.5069873056558063
0.3113853221234952,0.38281212435246154,1.7700780332526262,0.2759603656937867,0.5248635736004795,0.32812522903429286
1.1354661777850765,0.442947935194229,-1.4042256743015527,0.056261836556740344,0.9696631704590394,0.5494623268814602
-0.9392106032005401,-0.21590695957060008,-0.8915830456558773,0.6848934447760077,-0.09133211246077551,-0.01955876123609801
0.8161214437701023,0.1231713155194871,-1.0852142032954197,0.25820406367451115,0.8424789950473404,0.3544496037617293
-0.33374826082628545,0.3990180787526959,0.007960383085126962,0.09068088313775519,-1.1980518076479532,-1.0515245618244051
0.7449134268683423,-0.013764957777359945,0.6748471404508563,-0.527033134373222,0.611162866786493,-0.28298025695078033
0.635106365082317,1.3785589048481592,0.03096543704840659,0.715457718611373,0.4887452508014681,-1.0899853461306743
-0.03454548872509412,0.5252123503548315,0.08938790195247948,-0.9817586726071714,0.1998625957495823,1.7828148250173195
0.7858155043343111,-0.06410849243164282,1.0558559479552778,-1.0345634565562098,0.43594323793447065,-0.13866215078986882
-0.08290917294020553,-0.5013883849709458,0.38255556884772324,0.5902969204193129,0.9976985173481553,0.15748105530365844
0.19358055574267144,0.9368213645025337,0.2340362697088137,-0.03784358989048388,-0.36819657827544044,-0.6104414685972979
-0.3638682071319449,0.37235706100249616,0.26834093892803945,0.027700688842202566,-0.8630496999411202,1.021074561154985
0.17604796803658646,0.4469428444023703,-1.8759707649034365,0.07670119321092866,-0.5666697932755951,1.0885137583290394
-1.9161504598827963,1.0775626019060656,2.8470448567292994,-0.03519857805138704,-1.199961725754443,2.55393792119156
-0.9458188297056627,0.2214072847423542,0.5166303727338605,0.02686098058574704,-0.7135434602806715,1.2876102095441053
0.8053064902927348,0.20923665340163333,0.20450480932242487,0.9399904495641959,1.0723041241410785,-1.8342313545701892
-1.5933867345054302,-1.1531102349685893,0.9734274650415439,1.412245416417003,-1.3604602812522952,1.3852056146083587
0.29226632242528394,0.5114009166483974,0.9300909582650178,-1.4260169084977101,2.572539080147594,-2.3226526663501526
1.230038214060561,1.0668893037586755,-0.27370123230718124,-1.0139484113541284,0.16077596871819377,1.3134705762001886
1.529979488296018,-0.6016106949887506,-0.6217195135305383,-0.9861163019446126,0.4326896399137099,-0.8722206533655187
0.046514693686367535,1.132242542812592,0.19929053182529993,1.1285097949482576,-0.34309500968740636,0.9086869308871468
-1.3595277253213012,-1.788276550751652,-2.309382154948506,-2.4884436003872743,0.5889095206604338,0.20454494876361656
0.054567102142963404,0.7701889932174155,-0.11766765377786592,-1.4662067013584557,-1.6340614598231988,-1.1994616262302698
0.4077954081553029,-1.96597625523502,1.8734512356840813,1.0744585906712834,-1.9989439900921513,0.2668572884239885
-0.9400749242169296,-1.5116922347308825,-1.3502884144906089,0.3645592703703328,-0.9580808240040415,0.9881531800281758
1.388115963496632,1.5268090358366486,-0.3111628655962108,-1.0296925953190244,-0.4402971871825174,-0.7516383967882724
1.448153451819341,-2.374053098772781,0.7632461624299507,1.5797720553897412,-0.956944633417451,-0.12351519048467319
-1.7901893477079411,0.715268589895236,-0.6348206626687423,0.8349411482952317,0.37094546467004164,1.591398122129529
1.0702099410469206,2.171411985915091,1.5633910417486188,-0.4791123537181037,1.4638353227663554,1.0034716252572267
0.25985975469645,1.499871183204527,0.5564927085244677,-0.4568317257470461,0.42871473306948854,0.39005981093792064
0.7921228595995478,0.07157899285778954,0.44015329576991774,-0.21790636761112667,1.624023015692903,-2.227989264130064
1.08010586964605,-0.6462437524441554,-0.35055090152178775,-0.07195068554591622,-0.3748195067028157,1.416053941068329
-1.103858286438516,0.6329132435690462,-0.1442969226334071,-0.16850745141726567,0.0778354877489367,1.7607755419754765
-2.1807256874661975,0.6609746012693062,-0.3111205713407282,-0.7146429110939988,-1.0109226272801684,1.2995601525448268
-0.12396442121919704,-0.8840893712321339,-1.3285521881917517,1.0858838797817285,-0.21300406737519448,-0.7929523821301636
0.8656667314000184,0.34104440895933874,0.04014530449989144,-0.8500406797930635,0.3607381696802347,-1.6705093822426054
-0.13249822365960034,-1.2476180264023753,-0.752693745687509,0.24106958844481907,-0.35143810893748795,1.4378745935285797
0.7791580443535504,-2.630998303719244,0.02902191530845782,-0.6371172267449308,2.3484507785061175,-0.1816122682038678
0.04329263622652788,-0.19480284638407172,-0.6501905965116617,-0.4430989681493361,-2.090911414139344,-0.884584665590079
1.2731940906325443,0.2763337501422546,0.23228206511244356,0.17771519137599331,-1.487128914639679,-1.9630360847124984
-0.5626073370421064,-0.307854533519956,-0.23501910764570533,-0.8444629142411363,0.11270843318393171,0.8205281058774646
0.05502114419587211,0.6857402093901743,1.1882359606039476,-0.7407375022661082,-1.112984154660902,0.6671105492037929
1.036813233419573,-0.06991798356639019,-1.1745769300958273,0.7723738912559234,-1.1741809856972034,-0.8411870453170441
-0.0603821226520229,-0.289409651753708,0.14768751211444914,1.5252989219229385,1.3508027097123911,-0.7798618019952605
-0.6134545765828426,1.4163195868777365,-0.4328545156812415,0.818808236125947,-0.026120670297551413,-0.15570314768986943
0.177021696776571,1.026006651710599,-1.0230235216292172,-0.7173529415295616,0.21385346772673813,-0.0445788856221456
1.3208520950304992,-0.8580668923336067,-0.46713904477880974,-1.781996490883656,1.7077029135668307,0.382508380056132
0.5647626691969465,-0.20945084681389822,0.20456925771172324,0.03821433422777489,-0.3004693401256271,0.33197187456708604
-0.7090714566186382,-0.2731834904277875,-1.2946392443387682,-0.18365678439323455,-0.4698049083989726,1.5435279278874272
1.6570401480929309,-1.2719613097763969,-0.611860923979192,-1.1579701360181534,1.1912438365928535,-0.5413763810469903
-2.2676118311590883,0.6738363094684946,0.6929088015532987,0.13225059195535718,-0.3016010306064228,-1.399049255635427
1.2997364043766808,0.39033314209282344,-0.9937085675506465,0.5746661731546389,-0.6984707865553762,0.5064035289925228
-0.9089484268541766,0.21918250222432456,-0.2828951978438301,0.07496229159912814,-0.9482512795216611,1.201767531353932
-0.8902451765056566,-0.3210759249963718,0.09612980767732768,0.18735039402211323,1.5414822474698742,-0.4765362046388993
1.7494295002826763,-0.013665943841490637,0.13469511963319386,-0.952180744713891,-0.3380887604152744,0.6781450877368578
-2.1256388986361583,0.6182692845243607,-1.2413051811714608,-0.4926251547873537,-0.6500950153058226,-0.4024915368540321
1.615618383939937,-0.2843942927984197,-0.38152439461885546,0.1751531820004539,-0.4546804511596368,-1.4191812979126202
0.6089305672122337,1.6054665147622675,1.0427970930725565,1.4347888855226936,0.1235619239873298,1.094615269790486
-0.47984039414255386,0.34928277256155643,0.15691168783358422,-1.8523991804839874,-0.11636461842041369,-0.08015845235290907
1.7464754917456138,-0.39922621008727754,0.995794077148277,1.3433506049048594,0.40551972365730454,0.3803932582584194
1.9024744944334322,1.5701791604366737,-0.31811020056196926,2.011198110412309,0.06769184018844776,1.5584171529541586
-0.3851042462817279,1.1688049541489698,-2.1263215401609044,0.33415270121574336,-1.4523263452610866,1.5138044951283498
0.6941154208031931,-0.4862978528685867,1.6711900359143002,-2.1924457483004165,-0.530225589609626,-2.115000759491826
-1.9751540452175131,0.974252673643413,-0.2932441993575385,-0.8998006567034631,-0.36060741899872806,0.233138155368592
-0.9546808553168507,1.9796300749211067,-0.705498391601404,-0.5894834962763265,-0.21316803055998987,0.013657089806840684
-0.0703655774300588,-0.20875572857030844,-0.5211981523257871,-0.30584747776386784,0.20140482937476462,0.7150682633922274
0.07952300389497349,-0.874782061261134,0.1621299933550444,0.7745430223039044,0.8983500908317363,-1.5463113838207536
-0.094325868897345,-2.0554080669364594,1.7354178908861568,1.3238837604488338,1.760781747534987,1.5804296044457289
-1.8370158534065644,-0.22265607274975005,1.899382649324192,1.3174109516647505,-3.5403775545993446,0.009881205081721295
0.7597655253463519,-1.2575436682993804,0.0029223316525051578,-0.2836360185124586,1.0011055603638535,-1.3001490077349813
0.09226353330757067,-0.790840471268587,0.5546126281677476,0.4196099626461328,-0.6327501434260028,-1.5026611914782302
-1.1647655661638252,0.3556095609938787,-0.42528988598668255,-0.11827159371572452,0.3432119047800204,-0.5653117320943868
0.1563272258586032,0.910362416009176,0.15142853971232978,0.03180170222976833,1.0049490167493493,0.5363362817006077
0.48588517087117283,-1.3201810965410805,-0.6323172455467093,0.573670835278989,1.5738870140664312,0.06277727879498265
-0.21394133310369515,0.7228138559464062,-0.6901224157219817,-0.1391086705078539,-1.2861384933326976,0.14057083047046764
-0.2074808070253849,-0.46186970040667974,0.35206946669476136,-0.5248563947660894,0.05572381959477073,-0.5278378748424767
-1.0320539974431944,0.5653756358484722,1.3409554821145158,-1.038495698267853,-0.47353024239027874,-1.1655862438316194
-0.3238030987515179,0.4809329140989331,1.279890633248975,0.45347980959320106,0.582852905785903,0.45720022144800326
0.6554124385814922,-0.7828163010786531,0.20474951180056164,0.19761503201697464,0.2685061867818816,1.1597632895687886
-0.13790296520522985,-0.006775382182538115,-0.7116441497251883,-0.3650552100901603,0.046803070400931825,-1.5792849044900545
-0.08728001149784272,1.1871952772158805,-0.011907846929997006,-0.02188567458189835,-0.3190594063508066,0.013431095361290994
1.8918619452447254,-0.11253438983832822,-1.3345640145065156,1.1415107474921573,-0.23070823717552247,-0.29383848595946815
-0.326035016312844,0.3802054309389575,-0.1619880054973534,-0.08797223607658004,1.3836815161614062,-0.4135268371661256
-1.410221794049015,0.6758590227296823,0.2119314791836281,-2.077535062672089,0.5021638019075187,-0.5807186283330241
0.370547548657445,-1.645354986066585,0.6618557549756802,-0.6274246140615093,-0.39062862597106046,0.8550679288744609
1.0802754516176527,0.06627265417263305,-0.1419959137340377,0.08568897664120274,0.9631924381934155,0.12146710524159164
0.394726655571921,0.3105804477950154,1.0202643249621397,-0.6335847802328228,-0.89030039201995,-1.4000927236222291
-0.5999536634912405,-0.6316664762542302,0.14431303473073873,-0.5334042651394434,0.39016319876127087,0.24195363158741096
0.7605696721147847,-0.028055295622557912,0.33332908349245743,0.014690052677556806,0.9108878808011285,0.7511141235314378
0.4934561853439613,-0.39957578990164294,0.5799871674440302,0.05094137864188877,0.443732264350101,-0.52181398019997
-0.09528865686501081,0.3501152978998266,0.5505423095807649,-0.9020486400918256,-0.5096161170580357,-0.4190685256826757
-0.13923226904689787,0.46068153317634214,0.7485267545165741,1.6470732196013325,0.388254917056888,0.30357080556188865
1.4546577409870791,-0.48025598208844944,-1.0087008741124879,0.8967696834087463,-0.07395509389219641,-0.3722087890027414
0.7453948208521497,-0.0033159565050778356,0.10393108380136226,-0.5484207941737049,-0.6802612591806879,1.035784514223337
-0.08597805958707343,0.20714725728568534,-1.8395916631534883,0.6515790226476692,1.5010581739243474,-0.3998205702907915
0.09842865853215428,0.953512285119234,0.11102141363089085,-0.519527636604873,-0.564145158564465,0.16440291813824698
-0.8179759046850056,-1.2264856235198789,1.301285484485743,-0.0549158132725111,-0.39750391559441556,1.2046726180057081
0.5560866367158902,0.526881442416494,0.029548579489799574,0.3048210139643791,0.11087699778375616,-0.026795323452172046
-0.21171488592852844,0.34513429071820845,0.08752796171741684,0.20758501126616402,-0.5719721667342639,0.42971768866870164
-1.5607832328741458,-0.7842146203361334,-0.5588652148557269,-1.151978741522762,0.2500770047217427,0.3761217939532535
-1.327733840844609,-0.436465553434139,-0.5032996262087629,1.5827020423537705,0.30281427204748246,-0.928764379000533
0.9980610177222341,0.09105038644890538,1.5975275409519931,1.034674126507637,-0.757236333161271,0.7231314404979137
-0.8455466510309239,0.4740908490616158,-0.7300572559505579,-0.3320319882715117,0.5683424546081836,-0.24254976599940212
0.7070966472077704,-0.25898206305561583,0.4371906838741069,0.511400312046947,0.39231120260852176,0.21181435212009592
0.9723994361530675,0.4340851775883228,0.46709876453549476,-0.3543831683366054,0.6364294428422468,0.7602510705008998
0.0024726145532552478,-0.8575213053400826,0.3344156430558833,-0.11766429235726328,-0.007372271402721334,0.06421695651947387
0.2077215040173141,1.0657031572208988,-0.040174507676298564,-0.12572244819554734,-0.5335187734892494,0.3547293459499525
1.787749555471795,-0.10003034422378705,-0.16339277898296406,0.010147051171470136,0.2100331901158196,0.8800406536764219
0.2603356782940981,1.0046075174090427,-1.112194917273888,-0.05283245143688864,-0.5790263301800338,0.48061739347080257
0.18085643748855237,-1.1977897683530874,0.2107643591335722,0.03056150708658993,-0.21213717259323106,0.3293123346893034
-0.3012377557600669,0.739401721242115,-0.7310159257414568,0.39510971046176974,1.533754295456564,-0.6908370881548651
-0.2993778244589534,0.42222169151803407,0.2174075782623005,-0.27442827855371804,-0.5838847111433552,0.6060294137400539
0.26564195288845144,-0.12269443207330318,-0.3706718900637096,-0.5683026509475819,0.3847616722538849,0.2986346467320392
0.39518616801098905,0.8525483809287464,0.37090450846885936,1.3555948516558805,0.6142851435381697,0.642292465544916
0.0643700341770779,0.7124214340660602,-0.8045293838035003,-1.6006208908642046,1.4166663765390746,0.4751997902940252
-0.33302616985054884,0.04162020483561816,0.011150578355673122,-0.18246293229221752,-1.1276491704771037,0.39232500320453734
0.18875567513212554,-0.10988526188089096,-0.0518618202741422,-0.12257388807745213,-0.17853472114143462,0.10837339334845329
-0.787697317180113,-0.27245199971794776,-0.7394183844969696,0.4265662607805287,-0.22935597691599563,-0.3615101950218883
0.2566595787812988,-0.11857423992590439,0.49440675549089746,-0.03938466896411108,0.46520071881820224,0.04302527961161984
0.28472265988339424,0.5613403127889587,0.22811104591718276,1.5192992271811954,0.5416469442415472,0.11489557611866713
1.0414521208999872,-0.38074293516221847,-0.0519302966877852,-0.8102534488806288,-0.24598174696203678,1.0476997539571378
0.5138114923187747,-0.41650111085629415,-0.6316908877631592,-2.0769360615599926,-0.07708387318908805,0.9369213395690105
-1.0165673341683037,0.04228501269067883,0.4140949993633686,-1.519274326442127,0.41977493916955116,1.1074232299052764
-0.2494605505687738,0.13552987126908472,1.1003313786115319,0.4452431984582357,1.017840118852597,0.7634407239414167
-0.35460137294348626,0.32365837009904874,0.6264917153572774,0.5680605604288351,0.10865272898568067,-0.5356781046187281
-0.04393267140951738,1.292776463925637,0.4652569504099126,-0.8150509912749899,-0.32341386159161034,-0.0732372666552367
0.34694283229184225,0.22221354107723623,-0.09182183565479025,-0.017983867106900038,1.5363968695432322,-0.43350728541636113
0.06631202127088762,-0.12288033578960005,0.4943886293814076,-0.6140383917492092,-0.09462518868236548,-0.23218195340176928
1.2744194571368277,0.19674877332763727,0.1512069983740973,0.08502080680946433,1.1294865163033114,-1.280734561304
-1.0140947196150993,0.31075624804848806,-1.1091769200435098,-1.439313903161676,-1.0435390065070798,0.5272477500206065
0.04002681567720951,-0.11065716644210288,-0.2455896504976368,-0.33830005764547055,0.35811685805515453,0.5122449352362987
0.8614764155863536,-1.6949407610076588,-0.4871996129557591,0.07104042519543108,-0.0463219358840783,-0.5741719839917403
-0.9608350397690646,-0.12655597557190512,-0.01726008426047769,-0.998058973077991,1.103217062603669,-1.2437078683426717
0.35448649483368105,0.8861949328886269,0.1463914952857871,-0.1621134949735637,0.5400106067294125,-0.037620372752000426
-0.2836395234198148,0.2559449621250021,0.286915166126669,0.82437908480591,1.4982631452966504,-0.44160245724130753
-0.5585100177935074,0.6210275298805102,1.8261169147585414,-0.1766624434630484,-1.0977705135067348,-0.08755854313407778
-0.3731186301619255,0.9496527623131932,0.12479423582636487,0.23066246288749787,-0.0184272442155367,-1.1388848731264753
0.22230555357249576,1.449715572959121,-1.477837818959716,-0.8550982965732759,0.1269197565159826,1.364398212900053
1.436014664886516,-0.28770620791837537,1.1673566964816136,0.4319517372918463,-0.7087817024022873,0.7314996677840383
-0.6321578269314136,-1.151487618836001,0.32819234546371573,0.580642350531701,0.6911617857788571,-1.2929162544140584
-0.36453559424588405,-0.6540981844583377,0.9597593714786832,0.4983329575322,1.1822436573020094,-0.06435221461835113
-0.08539819865198982,0.5854087819736572,-0.2776003598600752,-0.5001631618539227,-0.35150355425596186,1.9436907062469009
-1.12098059518112,0.3228056378350925,-0.11176357711396223,0.5325189055280267,0.4040604082494107,0.7423961550284488
-0.15401325250458095,1.8707450558616765,-0.8341776568955082,-1.4205636466411382,-1.498305864004286,0.526050233385528
-0.45704529493159424,0.936566757238878,0.68482455671998,1.9466789121047106,1.0644372071383166,-1.335832853550732
0.3439833533685693,0.3230622657913094,-1.3999670455770798,0.1873531607709015,-0.8261263534319127,-0.05668939471395959
-0.1920652587708717,0.6878538538169305,-0.26103510979678124,-0.929332933241776,0.49959657767839455,0.024529115480189
1.0611345703747022,0.19941406682561963,0.2370079446593835,-0.13349977903208776,-0.316428383971118,-0.00470017661479454
1.2040265277758702,1.433873343221236,-1.049288254282765,-0.6128583733921206,-1.5710142563386542,0.10050607809558382
1.5977302211321687,0.16146546038716555,0.9414530078980946,1.0043533265654059,-0.03189346629875656,0.6756269001901818
-0.27589345658931524,0.6755821878477793,0.7137790026208833,-1.8358360388785286,0.1776520436917816,-0.8183781961707147
1.2683582692496798,-0.5251012122635581,-0.36689360324076065,0.04793807283502873,-0.5975560863749299,-1.0743325645495934
0.5120883206721548,-1.247820095659236,-0.016265162250599055,0.6301394863074612,-0.9286668083398177,0.740996343739858
-1.217899427127685,1.2799107143413073,0.32587824548526145,-0.6565577870874871,0.6326755148772852,-0.14615797180246848
-0.4585551215171837,2.173972203399521,0.41327630341798366,-0.15199964478751396,-0.06958542657127809,0.734915146385876
-1.7687180819524393,0.8175540270255819,0.03001180228792208,-1.2373744427926805,1.3559982218071547,-1.2415962168716446
1.1835399315327226,-0.06020653508166874,1.2287588923849173,-1.950625679247489,-0.2717618626026857,-0.5240711314657135
1.8457301785909401,0.33013671047399773,1.35368001097773,-0.6712796573760766,-0.5479276277808951,0.14330028473477896
-0.48363137176515836,1.1076749625634434,0.22930132710713352,0.26838984932897814,-0.969034350652032,0.25572109471148036
0.7312319910327677,-0.5445301713107219,1.023988233456619,-0.1987604660142423,-1.5332888574809718,-0.7333848169568209
0.6185092134129481,0.005991353465922061,1.6605902898859615,-0.18880293713459362,1.7292310105854072,0.8609045951598278
-0.6473655005111066,-0.7796478551310798,-0.11873004519529906,-0.45562680665088895,-1.1334057208810775,1.6961567046966426
1.552243960047583,0.6700859040611662,-1.1487683711978198,2.008113185516279,0.45058308330247715,-0.39910297444458354
-0.38989083418900544,3.4205515938216426,-0.7798728398643056,-0.27650334014297573,-0.17418731750181324,0.9275137071175767
1.8348276989346661,-0.6376578297201523,-2.6735115264917746,-0.19959325739873365,0.804302638219554,0.602527092328796
-2.8227028575902544,0.7195039615190304,0.19565926789044702,0.6502883343391535,-1.2736835569857758,-0.48579545946371927
0.6339466432122006,-0.24116359598563622,-0.44972287457548643,-0.30819229735972903,-0.9324054165666338,-0.2847915981997704
2.216715358142714,-0.6296013284491093,0.8026644085380138,0.08843912493416303,-0.60024212200966,0.6581432250316709
0.40073860998343097,-0.9151352918562313,-0.08664985241314796,1.4505386029851595,1.0862405857481754,2.699173378588764
0.7654273750423887,-0.27933043722149614,-1.1538084366426093,0.6123008735118093,-1.4553780844693116,-1.469964704449488
-1.6918810376717515,1.3072042088654965,0.5745724957364094,0.3165368116973332,-1.5525638333485374,1.7462885362365552
-0.2788201131954792,-0.969617204891038,-0.7303684208301701,-0.05157773086259446,0.6428094409173606,0.9956517942305565
1.3267272897875664,-0.3223226923111877,-0.9765230017403054,1.2858437313945643,0.09848708688897716,-0.6715088920385007
-0.13050153270399314,0.9504287082595273,0.4860586750638636,0.9136344006318478,-1.3005954061704335,0.3502666751082702
0.009485649635699431,0.26849952505375846,-1.013530475285962,0.6667560231114948,-0.19679088597617048,1.219576740084579
0.7593825983137696,1.4340289365490226,-0.3993091290485073,-0.37933785900902356,-1.1612151689188077,1.2836291523335799
-0.47256478052349205,-0.6359260961888517,1.8275146392015702,-0.6054365697745422,-0.5301306567558162,-0.13562764634511912
0.784086862301481,0.34475642120787503,-0.849270664065637,0.3542254636558295,0.16468790637870812,0.33182349694047625
-1.4399916356392013,-0.34074938784432957,-1.081862887051604,-0.2291905525335126,1.7065339411090827,-1.057756252857862
-0.16912792951920813,1.9600455225461562,2.5277051017401435,1.817543679282028,-1.983905110223525,0.20410582547391207
0.8664271150790235,0.6320160560685956,0.09704517620666482,-0.45216560392000454,-0.31235977157466777,0.8408447526062495
-1.2992331288481338,-0.6259842887513014,0.6796535804844168,0.10488191296743586,-0.13005465078916834,-0.003040344750649452
-0.22503527627620926,0.9201647956594848,1.112639006956432,0.17459014862256608,1.3184048870589882,2.000695646763483
0.062345991290571987,0.4022289592442212,1.7006822230634624,1.0848726331005687,-0.8022474678944642,-0.2699944637535556
-0.27648972868287697,-1.7772718590230028,-0.505910792981656,0.43053654528797514,0.005281067933867909,0.3787318181940965
-0.7717073783767265,-0.9631833197525833,0.07298578687461318,0.6524076639089716,-1.0193885535805016,-0.7133292065089646
1.5657339323668156,-0.5407534968999864,-1.0188525024339565,-1.0900284694626803,1.374611100769601,-2.451564891977801
-0.5434828669577357,1.3534396755278033,-2.0527033534662475,0.2444975901902702,0.5654661011020924,-0.9040397402359931
0.007155265123097192,2.0847323574920993,0.050702756272756805,-1.546694190282586,1.0357632220295514,-0.5646602417395483
1.7883567683377264,0.32900916402071834,1.1609017874903846,0.37660707795755527,-0.1970137273394067,0.20969694498528932
-0.3822487046958905,0.727461448854204,-0.08232274727503215,-0.19105783739492033,0.1446572141802251,-1.1633647268960503
-1.0323329871383409,-0.5360452832151303,0.9132890617722482,-1.060731366571137,1.3817817394416563,-0.9137911889562789
-0.8275983139751986,-1.3447830285638802,-1.4212027898527462,-0.3814765558203467,-1.1920562241125296,0.6393983823680194
0.8201312368398457,-1.828227663525589,-0.50898618955876,-0.025797165677649107,-0.2395866659964495,1.6031268952852264
-0.6012556154020098,-0.9141451524976135,0.7494803892770493,-1.5722174478304556,-0.609490894465318,-1.4266958248325106
2.3632724742843116,0.273834153434883,-1.1677836670607562,0.9852392425795543,-0.8730268435872263,0.33745913820405443
0.9580943762930324,-0.445019145077052,-0.09904609729333934,0.921029920135957,-0.30714734640286456,0.4964723850632873
-0.33799875088795805,-1.5613164028307676,0.49194663963043567,-1.4636004240023428,0.1834690010182674,-0.6968676695244168
-0.11155758536354396,1.5236183622708095,-0.5903180428482394,0.3453054655707968,1.1506103035776338,-0.3132960152267014
-0.32483153135329995,-1.6032053597780067,-0.7292778332424182,-0.14540924918003925,0.2019703139607518,0.5405643246010633
1.2315699221908898,1.8432333265400815,-0.8603688781049987,-0.19208291782000847,-0.14258925408077228,-1.7593840256140965
-0.27959143764680294,-0.7297104796830796,-0.22802545040013839,1.5094523682529737,-0.3924447739305008,0.7583391744199454
-0.016323632360381563,0.9214762251365188,0.8191118388896095,-0.931096735592645,1.0449166632966762,0.45163728776073087
0.050486194052893486,0.11215652032801363,1.0848446320630027,3.0310853480348903,-0.2034449168093809,1.5420730145823385
0.019026003133145373,-2.315592442070397,-0.5610766002137166,-0.18459332885718874,1.1474547927910608,1.7287066762252905
-0.8997855300031026,-1.696003645298739,-0.4017420557447389,-0.7158229294510875,-0.42070421101603883,1.3054676642799838
0.22161081452765785,-1.1196596901878675,0.2770847727456413,-0.8615309874999747,-1.042495487955599,-0.8904453702359452
0.3313631724519367,-0.6306480471996444,1.5570197142622666,-0.1295405615197815,0.110199484248263,0.3937608720338772
2.2081815557023106,-0.32958708209533266,0.32209391662581904,2.685659528891914,1.5636910016385188,2.5301344425584595
-0.5979405613771043,2.252706468642762,1.183650054902531,0.7774093740458553,0.1946876140417803,0.4511077666928041
-0.3070527762691264,0.2241170334768497,-0.2074764842729853,0.17887722586597765,0.5956777336038167,-0.17789317833752877
0.38025748412649363,1.09902235698468,1.9505637334863144,0.5270269091884581,-0.2080745567492389,-0.10773722321632871
0.015716419494399222,0.38786991785170183,-0.5369598115349487,-1.178213053508556,-1.0065286830727278,-0.7396051659469441
-1.770785887928424,-1.1278131847022,-2.564348039083798,-0.16155184497006356,0.31629075394128053,0.07173706981891846
-0.8186815845022131,0.11531890419788479,0.42600586731161233,-0.48685786694360494,1.3980700338505496,-0.6358261465702366
-2.397889078029732,-1.1547065820977895,-0.5888820521740633,-0.38094534005350444,0.8022175281953894,-0.2877977475361862
-1.0919711372699388,-0.9273847302071354,0.7169329456724498,-0.3339161441945603,-0.28061254794841733,-0.21636911358228683
-0.9338222728134905,-2.0949752481223607,-0.513450247524143,0.04675667110355241,-0.4357243153236491,-0.8802917021878491
0.02969872656985981,0.8162648251668139,0.4171855010317063,1.2472351354648434,0.07567101222258513,-0.45884439452098424
-1.074662835397203,-0.9944252475558206,1.0201465052504508,-2.309590583573178,-0.40407380090875916,-0.0034513668583616318
-0.4292447923661164,0.1483976415459941,0.2943911792859275,0.09351195883270426,0.029914205652983365,-0.5093266444146696
-0.22953740410212978,0.8703203720696518,-0.43642636625720105,-0.5253212085620907,-1.6398693631090795,-0.10133912578589155
2.2056651780596277,-1.7558767661065875,0.28368871863713374,-1.8174772773111745,1.370998377081186,-0.11839891323529146
0.15281523793119625,-1.2165599816228736,-0.6567703742571613,1.0514184901585588,0.4021750146429178,0.3366431882208596
0.355514927435514,1.218439225711679,2.088062358054236,-0.6985279827918184,-0.8011939802090953,-1.5436487121847278
0.7233546349339339,-1.112748921603229,-0.7903255630045481,0.39536563472444486,0.6363200730461643,0.45551406588626875
-0.011684744879916446,-1.4366517955030718,0.2647962775163194,1.021836412142096,1.4957304039356112,0.5146750103418384
1.7355675417031804,-0.44536468350629516,0.0314951222479951,0.24305749744733052,0.6025894977688745,-1.0699086597963248
0.015667186018812077,-0.03990261615230155,-0.7413639202490767,-1.2790472130025516,0.1941398714996901,-0.749152119318744
-1.8985029940669063,0.09583336575878494,0.8142409504667412,0.5212817553350024,-1.2971905055495994,0.16556810148561513
0.054720272955986096,-1.0705427159227145,-0.22441432658694296,-0.2591973264885666,-0.9970800004149389,0.47859343123033693
-0.5994066248732659,0.03689784630277802,0.8187986599978392,-0.055249206501180016,-0.16377886347668688,0.04082949387884466
-0.14731749982055184,0.30343729956498694,0.25265581218117267,3.1342366596368905,0.6428380671884314,1.1248407149303015
0.6959370594010892,0.1871161318530802,-0.3866913428300834,-0.7828598691536389,-0.5053717529221382,0.2923506468718617
0.7142792642617664,-1.1185442678899924,-0.3883760640067408,-0.23350391389038033,0.7927574768492749,0.11859612936194057
0.36240214363578327,0.15364740083923337,0.6477284666390323,-1.0480693407534891,-0.1740780984269771,1.1401027038690223
-0.5900905572091691,0.02379971707305864,0.8189195007277842,-0.11203949207598723,-0.5958402218735566,-0.5059951307903549
-0.015672656404971445,1.9580228092849685,-0.17959248583817622,1.2885606787021042,0.7141436538166107,0.04918231630013891
-1.3846586794310733,0.47132654162776416,-0.804601888241469,-0.533964531768543,-0.9461293181526805,0.28015998169767614
-0.10697887213108662,-1.0139390756908697,0.45706092790138914,-1.7874843371000488,-0.7696162641563568,-0.1086970647940698
-0.4583308356838345,0.0875909607714451,-0.3104720594233623,-0.22670739549836755,-0.05468207740083815,-0.08485659755695912
0.3434910186123922,0.30342921679470497,-0.7897183383365765,-0.08415481443953973,0.5831963026148856,1.2066759275702472
0.6125629036355543,-0.203667624682539,0.24897721896043212,0.1668543190178237,-0.1892756016419441,1.7230227889564884
0.2752588917924342,0.053586746226917184,1.8453708710631116,-0.1536845947980015,-0.26812397923187314,1.445106669712594
2.3251548233838535,-0.11889957142944271,-0.6283506485862703,0.4885469670772556,0.3070203529867212,-1.0838852735851725
-0.2548543513419827,0.37814836590411854,1.7529277126551857,-1.202980988637941,0.45596429473896843,-0.5445037378912813
-0.8229977191980019,0.7058319555998377,-1.4360077932831765,-0.26848530216208916,0.1978419836531983,0.3771349600630896
-0.3607719685542292,-0.7889006064027235,-1.3254244272983364,-0.20909703947753389,-0.07090901749652384,0.5886464626977207
1.014056426911831,0.8676086026425764,2.1436732619749295,-1.221558323359361,1.3515383262884857,0.2511175793913745
0.00771871489960081,0.3547426838819384,-0.889780504767531,2.2620412389425315,-0.3752542729047041,-0.7479280250597267
-0.8314768177766078,-0.39261046261764815,0.3150015727841322,1.245736940997389,0.7643951725128694,0.4440550471492893
-0.48889388327003297,-0.4124415394859724,-0.6507807020762226,-1.042587028034673,-0.012478847196130712,0.464299917365034
0.2564188817894205,0.21994228263011356,0.3791871335005063,-1.4628520184558225,-0.21160638619139333,1.0251861365059705
1.2192342013555633,0.33187248539043934,0.5733650954430386,1.7633223199547245,1.1406750173748956,-1.4277386156824001
1.4108071253702579,0.8383752432525239,0.8064034221237268,0.5476461045137153,1.5460662404035908,-0.8641941262953889
-1.1136010442246738,1.2280658051085338,-1.792138515510171,-0.431933753424742,-0.05648393913925461,-0.2152024066768613
0.46370822529851435,-0.2685581251382556,0.8418802464234135,1.5154257788812477,1.1032352891087152,0.9489990921625356
-1.2003449578768606,1.6145737761689865,0.756673433727033,-0.4547704979017168,0.9409113162947506,1.0449989933696184
0.4483802032228567,2.141592625680142,1.1021288844694637,-0.7746260247674747,-0.34634622846562857,-0.7951999688369764
-0.3735179683530367,0.37532343769320864,0.5591240154190277,0.29549153705908426,1.335325392502939,-0.6341688539695153
1.3488002980228404,0.06492889361450888,0.11710473737753505,0.2503617142415176,2.3005884284176203,0.4417052127682336
0.738452900790032,-0.39710852427536153,1.0027454401383706,0.5472808936740008,-0.05999202998505657,-0.31966770431744057
-0.5235378389464033,-0.2066905807651875,-0.14657477039287223,0.4310566940596772,0.19511282021030912,0.8856495480318362
1.00288589833278,-0.7543164530910015,-2.142152682789788,0.5173266879458721,0.9939209369132644,-0.010654410797118152
-0.2654723709168997,0.6527422997448094,-0.4109712664942884,0.6148822501288407,-1.5206014874400415,-0.5233619998309416
0.4054376717118529,0.9709953172228134,0.03370247958165899,-1.3936902156858635,0.2280923945785382,-0.33752431263216615
0.19608052222682543,-1.3136845699330064,-1.382829816058715,-0.8230413617680327,1.1404131822719794,-2.3907312500566795
-0.0005360978456048896,0.26739218552616517,0.5596667916976916,0.3463844975972108,1.4276144449247719,0.2795991430473975
0.4668974604412959,0.48950065058983,-1.95675279287167,-1.116260014699673,0.9047777921814296,-0.07558896316280783
-0.2699799691289796,0.8852351039185383,-0.5068624137299729,0.39548045479904786,-1.7278888701810147,1.5840874980633208
-0.6463698902263828,-0.725665053160723,0.3041057669674246,1.802813508747087,-0.13840405880000575,-0.8656492935268232
-1.376994668393219,-1.6296057081868673,-0.926872566824153,-0.6229099717304797,-1.5495113405340781,-1.5934394360034532
0.7394922741641837,0.1370049768441684,1.3849928651247285,-0.12482325484020233,0.16414471777142817,0.6946862729510977
-0.6611946367734937,-0.4821635158732039,0.43919361897293974,1.5784191152335478,-0.359835349412541,-0.6241895486771605
1.5105322654270221,0.3959001501193379,-1.1377154724321876,-0.6042966692748382,0.3601889522230864,0.15943628814719477
-0.6076614376185225,-0.8437139130187894,-0.36865989191012716,-0.6735981928584815,-1.1365256399218233,0.15067125862858902
-0.3567731162568555,-0.86489279183036,0.4768465834177249,1.9887016760359673,-0.5746362508959925,-1.1416965148839064
-0.5241614629708637,2.105369690695287,0.42747307517436306,1.0110696092426368,-0.3267604761531864,0.7694829859227521
1.610727858695224,-0.698070475443804,-1.7336737563506155,0.33364500281356907,-0.22071244715804147,-0.26959173657305435
-1.0195596354086347,-1.110976774220556,-0.9296478755885528,0.2867320104036285,-1.0573862196045298,-1.1016682432603424
-0.6277213437396603,1.5116700071126354,-2.9269397123385144,-0.035103125218276035,0.9412493086904603,-1.0296713221500948
-0.3777739288008687,0.7842085582584314,-0.8248678856593287,-0.3996485618446805,-0.5548343858473985,-0.17476666791438294
-0.01758729156788244,0.9885531149514539,-1.1576632559278623,0.5115621668509117,1.1357219296396364,-0.1930673087614629
0.18143082803742566,1.0817413941379426,2.629980667541256,0.39866636602576516,-1.0064308757494276,0.16127369916743658
0.8528167942638263,-0.8840469366882007,-0.5062239718734357,-0.8322864528353695,0.27589867636326426,0.4891235874034612
-0.6892413067170601,2.546092843371486,0.006411607729667071,-1.0819232788950346,-0.9213038924201942,0.3679986902305438
-0.4802452027198754,-0.8828971626166553,-0.4390657292004127,-0.13139289983179736,0.1473978970326837,-4.189659394399747
-1.958190377674142,-1.4124034846797784,-1.4550160401035215,-0.03770248570242466,-1.4890266996858115,1.8875643508781854
-0.6961011709864815,-1.8771365064561791,-2.9422502328225497,-0.4106602220116747,-1.2615361027479093,0.29912083103738013
0.46515787763614697,-2.178761244787121,-0.1516188638619969,-1.0510588128164209,1.9404061186951929,-0.29154383823702684
-0.6076723783908923,0.24410168298038062,0.03349402932250199,-0.07595555441318358,-0.025799171112549982,0.8153351428724085
1.3840022330895039,-1.3798885205583182,0.38578604436158437,0.5363702198376813,0.534165313808546,0.8556965658583994
-0.9837504874760398,-0.13113486493236282,-0.6274826093428302,0.3309667899890261,0.38069820591142767,-0.29915891998887767
1.3347851686303216,-0.07578809547819579,-1.3448052663693544,-0.8531740227928426,-0.7552144937633062,0.14036557334295313
-1.366628286582601,0.5801206295216069,0.6888072657777508,2.1795326400304695,-0.35720314279448695,1.645665144170364
0.5421754446607562,-0.21458744732330295,0.49931792415708076,0.19869959754096514,0.6488980409936018,-0.4556569417754408
1.100154834994818,0.40899423796391626,-1.4113019060459173,0.2611478843824688,0.5614204736957604,-0.18563471540834697
1.157183610918667,0.7768774856195073,-0.41941400549310687,0.42623010080307155,0.30259117230496646,-0.18025537046729223
-1.1867948113096713,0.3396844828606695,0.840007215109266,-2.0672150897015142,-0.7348421703275861,0.32569760855006824
-0.7732992607550122,1.593635359773069,1.5830608915654145,0.6993137394469481,0.7766638173988807,-1.2605397992200027
-0.6531859914063765,0.14329943419538163,-1.2308202338365644,-2.01672192436291,0.49433056033758976,1.2817788757119473
-0.5505670170605065,1.262686330886487,0.18614104639511056,-0.7634953944026887,0.4568653171175037,1.2978647709926157
1.0159163582129445,-0.3233168730549465,-1.3575046200804874,-0.6469640856731523,0.9382879161038243,3.4656771313674892
-0.449129646129492,1.1573920825214767,-0.8712858310494523,0.4606526058200685,-0.9888628610638791,0.7546064571731866
-0.45535494560203243,-2.294138749069484,-0.5687379024922279,0.5606027890770352,1.7026236829138908,-0.8282180112584782
-0.9880392702409299,-2.4548120979697705,1.1370427923688289,-1.4128720850169565,1.0026193722682293,-0.20691679009442718
0.011575337156321532,1.1956781446188922,-3.331554756437694,-0.6843317947725075,0.20933105518809864,-0.8777917126957768
-0.35999517371669515,0.1731652703594046,-1.3054786578148292,-1.0243098855564885,0.3032770616354537,-0.8940335187512414
-0.5026409637397747,1.2256712844147337,-0.24398951783195405,0.2809799396782088,1.4719292797956531,-1.3460743801136226
0.3815484952648932,-0.339829972725613,1.4331408469652296,-0.25784161958358487,1.308155960707683,0.7414991178996286
-1.1837259246628034,1.0659112885554618,-0.22677877686953163,0.6957736843756822,1.5873409846654551,-1.0127523791791184
0.08881719001433089,-0.6169477515844837,-0.03692691305902666,2.1218818955833143,2.3756691408775317,-0.44146008920481866
-0.707058354504502,-0.7557026481930776,0.9716430502626875,-0.49834264115295246,-0.43321023109978746,-0.4623087962649698
0.6157794907092347,0.4601238220273951,-1.5910716249546852,1.6500170403092902,0.6982921280490283,-1.187927360653557
-1.1692184605141076,-0.5638580957294552,-0.09730699778821232,0.1514186275425218,0.2819984298117616,-0.33727901978452607
-1.0113485857528568,-1.2707691011609183,-1.1867647247168618,-2.160421322793406,-0.4618343920707168,0.49058518743559876
1.4361787764719083,0.29364906476264335,0.3510211733624922,0.2592457445923159,-0.6490471581355984,-1.2806665090439908
-0.03787695390857964,-0.34490191107281853,0.07470978128849708,-0.7217548388475762,0.7966827964033351,-0.09202849319760463
1.649463663233983,1.4814303428234201,-1.2124756040248283,0.26199865963406443,0.7219399256178877,0.8536268968761415
-0.2463916639219059,-0.5337477557646195,-1.002366805851204,-0.02023600061843848,-0.029100601597528863,0.8239408759316454
-0.261331288578822,-1.3351786767852911,-0.7118586420208388,0.03964335997557445,0.40945403265714675,-0.3902468700108276
-0.6198002245513478,-0.4467993752300067,1.342699616650057,-1.356736135529972,-0.5102307152388372,-0.3840803534054983
-0.8126149262288548,-0.5507417802666109,-1.2853475992120784,-0.06421347256677326,1.614424257736619,1.046291817025561
0.7620193244524173,1.0895271226047847,-0.3691190866839144,-0.13827795418495697,1.021588287112775,0.802108627501712
-0.004545890915348302,-0.8651029438575027,1.399169496759441,-0.5798607439997473,-0.6618096519522032,-2.1004401151133494
-0.07005376541780312,-0.19740953979757575,-0.35388006363176877,-1.282673037286176,-2.5495073341429864,-1.9487516275534351
-0.2257737784104749,-1.1785648992553455,0.9616767110604716,0.8646615637509655,0.9649955810624258,-0.1092788946887252
1.3862560321955184,0.05689664065429296,-1.2216735975858124,-0.04524187614339429,-0.6569062268677284,-0.4139175451663772
2.3192194543788296,-0.32608118048879814,-1.0866360958844317,-1.0055997468933482,0.17358353895336232,-0.00987265622816485
-1.3860590982930678,-1.3260754567637132,-0.34416950397460694,-0.8270531475072642,1.65175272142533,0.8835470379091689
0.38877487540836786,-0.12887775133324297,0.5750004733216313,1.401383160684433,1.320585328271686,0.09513418166059875
1.0240836447792947,-0.9271503298691657,0.6668545331710755,-0.24142373228938055,0.20026447242228224,-0.16471406255092275
-0.19808815395475132,1.2851604736345466,0.5344231632121828,1.3353713014069697,-1.1861664253606772,-0.41885116473279504
0.8500597196292141,-0.8345884653789454,1.016496108200029,-1.0550290973238672,0.5218996402842561,1.2442243545249745
-1.4668621725540714,-0.15171561874363304,0.11306664298520624,-0.17203505611900374,1.1141519967092974,1.766835917369307
-0.7256139044262097,0.8469207521251737,-0.5091100513069517,1.1120213555600236,1.8326221362096495,-2.4027472139066655
1.1251326182915675,0.618588553950197,1.7740859174624688,1.9406224990128664,-1.2800672584972375,-0.215767308148621
0.6208231867669703,1.6885129379469062,-0.027424803661021804,-0.2567280031973499,0.22603845155502936,-1.8128257023970311
-2.1374604031705684,1.0179663159801013,-0.9385800195436541,1.1810434375162984,0.9462530495304126,-0.8895561201816528
0.5021814513006557,-0.1626334206918359,-0.9506228052887601,2.727596523610812,0.3722088532230374,0.9114977262234408
1.5765051227547553,0.9468076271765784,1.4102153464825007,0.2641968415442899,1.1841703377642925,-0.6787537491817857
-0.7547765331504136,1.182660843091917,-1.0378909594367878,0.058994000982596315,1.7020373449668442,-0.8602579294055187
-0.7679546934574414,0.9247335815571183,2.307125454316787,-1.1612141489693595,0.40127140847158216,-0.47594210163765654
1.606772769487278,0.10751903088305877,-0.42888489770254634,-1.9810018141654335,0.4509930343276785,-0.25565676670450993
-1.6359736909147504,0.919732367449814,0.027441922764423175,0.49970664830428607,0.7875187400541215,1.2074849369000555
-1.58865485045995,-0.7598147575701945,1.7124047808742067,-0.5653242458797904,-1.2412790487684988,-0.16204072600848352
0.20439003883382859,0.28112279152985503,-0.04673313829406164,-2.1776789183440663,-0.1311919502535012,-0.42011453293290923
0.29787893864568266,-1.6571315823564274,-1.4667154367743616,-0.377549155919086,2.07695018041877,0.6257747261963758
0.2602153297981335,1.5809757208307413,0.29090895225134755,-0.3509316492264734,0.488165759905342,0.935549968030874
-2.651753289473201,-0.4648340564048311,-1.2165147054232364,0.047402706944997666,2.25071795456461,-1.3516866601536097
0.6147784100383513,-1.881525450715199,-0.431794138275976,-1.136505698938864,-1.1800571980052459,0.3685825515359476
1.099744556031337,-0.07304601566261008,0.5654822518262949,0.8060687413422923,0.9115139768598918,0.1058669710556855
2.0158427776224515,-0.1684691808299714,-0.14894022768154938,0.3267793157019144,1.1587990965685129,0.08579290862688398
1.0504235542347702,1.918124234517808,0.960883190267168,-0.4268277185407675,2.269224984148665,-2.1619403983277903
0.3551210596305621,-0.4534272468550402,-0.05914448826549615,-0.5406918814409138,-0.7836551516163873,0.8915431784602201
0.5723446244420537,-0.43502075824758446,0.696436343861608,1.8323900532659732,-0.8520443897790866,0.21100601992720375
-0.7750826066496398,0.26393478054126596,-0.6931837142139218,0.0629836527315476,1.278940843260076,-0.10960578253468946
-0.07763025027675091,-0.45773536341131577,-0.695107095832213,1.725232489422318,-0.546414860159441,-2.0837585086312522
0.5667155970631259,1.2900020530289233,1.5326995103547467,0.04923844476429689,-1.40843937571216,-1.4066989560120782
-0.5172633059982248,-0.21073600728754405,-0.8105089859236102,1.0048112234894304,0.1306068826712483,-0.147989627158931
-0.5904625434693817,0.7857887398470675,-1.797715315197131,0.4491249470045482,0.1945065762928939,0.11718717672498187
0.11386608833140684,0.1399673121497587,1.0048802930340657,0.2757175834878461,-0.8579231643483243,0.19219871138308925
-2.2821685287833713,0.9419195718531275,0.7120409101218449,-0.20901542038835128,0.35529409671806733,1.033647977970669
-0.3924345637625872,-0.21994430332267464,0.1749763699542828,0.053360900454955514,-0.3270101997273504,0.9185826097704408
0.11290877074995134,-0.599129284514504,-2.2082847862643487,0.05356148974191709,2.0776841175295453,-1.2889595741324946
0.5846529933464816,-2.298903542146258,0.398916396676186,1.4224256685739065,-0.31037975732266043,-0.8016461429884203
-0.17678647017085214,-0.25181466651476025,-0.16497679955133393,1.052597125141247,0.8369519177414587,0.6206393198291367
0.8204156969212026,-0.7953001397675081,0.22239125136645269,0.038134098512979955,1.2536552763272393,-1.308505639051427
1.3343037746465143,0.7452011089140193,-0.47562407803311085,-0.42983102434762754,0.5706665547005847,-0.6721885682174441
2.9725640869843883,-1.1867588076210498,3.362555438699001,-1.6612237562656822,-0.4119612267668724,0.7449719838550581
0.4558472803582096,0.8229068416398314,2.07689667460732,0.41846107021288304,-0.5762122137830231,-0.37581894446779657
2.400684445367562,0.7966863348695844,1.2054577786332688,0.6576893873408393,-0.007915212396524096,1.0574737174798654
-0.7761712134993787,0.14037347135604133,0.7303402246598514,1.8637428505052693,-1.8178441332874409,1.0778966747043823
0.2515392973170772,-0.30746453985421845,1.1841978662116188,0.1601546368332967,-1.0328796123720136,0.8833818165017878
-0.8247537131617309,0.20007483329555814,-1.1240896731248096,-0.9022589129995268,1.5683929554793792,0.5086760851230967
-1.2208370245062186,-0.13883370361875844,-0.3520523475913506,0.35452565589906515,-1.2104760076263554,0.7826956199866757
-2.4344148465519044,-0.9408708324100125,1.879264681800517,0.11828127733647696,-0.41315179542610897,-1.608840238009857
-1.1758759204948683,1.0757601441348636,0.4943715102779968,-0.7332064120714904,0.16861653103439003,1.2680226699890988
0.9180894421605622,1.2873953596154193,2.646549945628885,0.2682127774066974,1.4518277809086337,1.141073548921631
0.2688202472588633,-0.12606494727773718,-0.4679335725781925,0.4017609745425345,-0.4157012776113363,-0.9022663186542637
0.3865210763023024,0.05096590796542913,-0.5870321819998201,-0.8536028688546226,-1.1124120168084535,-0.43045339792740456
1.4271307577305885,0.18843160271523635,-0.8140949345847244,-1.1450314353219377,1.0347123827318034,3.445880356505588
1.7958019639283909,1.5301108474937426,-0.836711284200018,0.20722671729841372,-1.9998339452248586,1.5386856371624893
2.427970731632174,0.30943269441605,0.7064761945078719,1.191161437825524,0.11635176405122999,0.09128533543283203
1.2344035822319879,-1.4677159023602753,1.9044045886594916,-1.3949905876151316,-1.5731874198682976,0.6978625529375327
-0.6244062897147038,-1.4153759234481929,-0.8376276597354342,0.7805634676615271,1.3975504223525756,0.820650498374943
-0.5999646042636102,-0.879158881364731,1.0005018305857176,0.4765890788255676,-0.13719752445442046,0.04964344653959833
0.35233663306505114,0.19846029993325182,-0.8228740136152362,-1.3249876932143294,0.26897654472959726,-0.508873978386654
-0.09378430066558074,1.3110253385127262,0.23277348408089407,0.1417239397975124,0.5651631513962375,-0.1996311354519801
-0.9288387510037626,-0.2855865014138983,-1.1872833328495422,-0.18119991147155856,-1.1645712896847302,2.591378429450377
-0.06680435602706473,-0.10730281677821397,1.1297218581463275,1.254208725779137,-2.023658764897959,-1.4298289373405848
0.12805627008168757,-2.5909299907763317,0.39367392300874243,0.19982981441990386,0.34942874710558847,0.7236992198015709
0.4478659869219402,0.8634075827924333,-0.8975112904657644,-0.031088572730256232,-0.20876399879482507,-1.2167937073618271
1.9434367461473578,2.134625277703586,2.059749375028126,-0.40189654523304297,0.4184836994833266,0.6796733011130558
1.52175202748166,-0.18791430541768028,-0.40835808570922777,-1.347832737937656,-1.4080639506182542,0.49630801007703956
0.41377454024980576,-0.8735534801794242,1.5219003771220005,-0.08590478304648039,-0.4293305693176736,-0.1458133091124752
0.6933276851933403,0.41858444489454005,-0.7480101603960517,-1.7276658449793132,0.020744368067378574,-0.5698095294135604
-0.8484842484094576,-0.16537752120000151,1.3201003861381744,1.1494056651520825,0.04952750765615922,0.11881823027022244
0.9898444976802458,-0.7836730747277503,-0.9931577352233121,-0.5532958055340599,-1.9317487441141488,0.3993071312246113
-1.003690045101213,0.9964459401244284,-0.3287834580343559,-1.6943375891070462,0.2560740308748139,1.2182972898827182
1.4829068152193063,0.33229683082984696,0.2942320723248351,0.06939144291916506,1.2183497070852174,-0.7054119524085729
0.7445414406081298,0.42295116153529394,1.3092720497290211,-0.483356546355336,0.5889629190449761,-0.273244043811096
0.11418884111603222,-0.09643957352936727,-0.8644240916007383,1.1207822655898672,-0.5289019233237545,-0.9762729821297538
0.7256576675156374,-1.0620760140602479,0.1850867110263479,0.5234923876147558,-1.2654853439169784,1.626213709135372
0.13544676181050364,-1.5516615337379445,-1.0341267706990027,-0.3597838619662519,1.7179959689460063,2.167475654043641
-0.9476185867588194,1.706426377567614,-2.3516774174353356,-2.0258203777446115,0.6824279847599369,-1.289946162618392
-1.2124454521064683,-0.6035525805471752,-1.1825846424668514,0.2969980317728776,1.2962799339035045,-0.8956417189255819
0.002018572500346544,0.5202677156394445,-1.2162438207869486,0.6685059917184355,-0.02832099594901011,-1.8815820155138656
-1.1011723268242812,-1.8779791352572923,-2.1686641319336313,0.16578082048897333,0.19551736680223517,0.9806391609609725
0.32926254415889394,-2.8610420284998352,1.7701082434351125,-0.8797998297317943,-0.9946758135115245,0.6437344286064933
-0.009605998131613079,-0.9233110139888109,0.6410751774494752,-2.4118108842087875,0.8915335286655732,1.0182630886817787
-0.00018599313013173275,0.5772653909221679,2.024103373706509,0.5877542782852784,0.5041758551902495,0.7296703824067823
-0.7620849690865334,-1.052722228160155,2.174733357595121,1.7055512219354025,-0.9070579247330118,2.6004957394492867
-0.2979062905765814,0.47921532541561646,-1.8413468747559376,-0.9050865302584937,-1.3813979062553459,1.212153288079823
0.06908003667781856,-0.0043424683299456415,0.46212113346783606,0.9452666394984869,1.879122579878827,1.7618853693799932
0.30580005783394426,0.5665840100044959,0.6816706136684136,1.5762804184222117,-0.40937474251558287,0.6051750362369035
-1.5150070413220438,0.9928955832813996,0.3980221752745949,0.7425884572037235,-0.566216466828755,1.5586457713052564
-0.7506409211985462,-1.328362880751381,-2.164507210823525,-0.02566712848473002,0.5316878333160256,-2.1327195704442503
0.6147729396521919,-1.3719573022265326,-0.2822627980237865,1.6321659771441104,1.291706060824925,0.7320452708537116
-0.9624488036920896,-0.7312441853426416,0.60756604303573,0.32879212544349434,0.6121080181928987,-2.031809410894333
0.3705749005883437,1.2587904356142152,-0.036605678118585776,-1.2182811094227344,-0.6048192463608459,0.844581363390272
1.278139319739055,-0.020691891902543644,-1.1454603562155754,-0.34132964756578676,0.23376080535060498,-0.13484978531342182
-0.45325431730898974,0.533109216912947,1.2360425673823503,-0.32759965671686503,-1.4395613537781096,-0.9282524634924023
-0.004113730407178959,-0.07920104522658185,0.15099955512102878,0.5172672028469827,-1.3021637361028993,-0.2335761783108137
1.5583106183208906,-1.1965369389605505,-1.437441769945185,0.990761673155768,-0.6253894560276715,-0.13253634704158118
0.6348054938424309,-0.41350644446961365,-0.9328974842179922,-0.40938890094465097,0.4013255496965536,0.9000900006078079
0.7515818276214218,-0.3196573988132053,0.19168260086917924,0.5339368642806862,0.5995849127792565,-0.8971778040184241
-0.13033195073244142,-0.2293263789187356,0.22396318786181685,0.2625893604998091,1.034848333296321,-0.33965052254687467
0.5105347309971375,-1.7802220701731701,-1.0348367099874296,0.10336711800727774,0.7789075400035833,0.2604817057959894
0.3734523237188696,0.3193421707724912,1.8473889112531876,0.6349024443420015,-0.27086081869254275,0.2428114794172468
-0.2453687017063342,-1.0809391791882015,-0.6246851464446053,0.8407969721001143,-0.4458583705533657,-0.7175826420437559
-2.1133031778008315,-1.9394768928902901,0.06392474614090571,-1.307954204315299,0.24687930275189893,-0.6392412866036162
0.08898130159972326,-0.753186885945161,-1.8793754524696331,-1.4717249818114806,-1.7089683045592468,0.8405793149353739
-0.354929596114271,0.3308560770284334,0.4576963487396889,3.417008069153825,-0.8776153473925379,0.39021724527077395
-0.01704572333606724,1.7402406470107041,-0.6809969265989759,1.2443757005948437,0.08731464839597021,-0.009529009243537894
0.35012659704846444,-0.31815198284959256,0.3446065446145784,-1.4339325767735343,-0.7609458198900645,0.6208429687564734
1.981417637393322,1.0340975047553123,-1.725740562429728,0.7040822309790649,1.4251321951813742,0.4978894633432239
0.28483206760698915,-0.7303308323016271,-0.17029681268716074,-1.3653905257315644,-2.033598195934981,-0.8894614902977125
0.5677713815958066,-0.2701302239566287,0.5000641156644874,1.1353754820599251,0.7618033053599121,-0.628046689832146
-1.0668894166358047,-0.2724600824882297,0.012390202843697887,-1.0674725499874491,0.3101437493819452,-0.25735011684597253
0.9107372431349636,1.364521153574056,1.769667174770815,0.08101593794219698,-0.5155356294270936,-2.0758503958792205
-0.1748390126908321,-0.18936112129679591,-2.2950202341945407,-0.7092228502228474,-0.4798715804656156,0.36009497886846714
1.6205745538187664,-0.5914405492909515,0.8227924461225177,-0.19984088141505688,0.08704000198708323,-0.2561261918711881
-0.8044148173454465,1.172506862934663,0.9398699943358132,0.6341028539429434,-0.3470637692579233,-0.727348818491948
-0.18361351212316457,-1.755998007660704,-1.2265001777410305,0.3791815377026354,0.4510227587106865,-0.5786747751956686
1.3495935040189035,-1.23772673627904,-1.4167709560820172,0.5407375327958749,0.0029664740458109165,0.4547460233398476
0.9281276008003956,-0.8051570781171732,0.005413664701532308,-0.565765542311111,-2.6319159198326636,-0.911003416275114
-0.9881705595092641,1.5368518779026294,-1.332925615609676,1.2033766337142875,-0.05130852679931631,1.0695765241392643
0.7082454283055171,0.5530615353353877,-0.557006281626734,0.2485702444027918,-0.3147898502351013,-1.2428286060578806
0.6898375788106728,0.7457951925291975,1.06019513716639,0.04617427048415969,-0.22453957181987805,-1.3081157774723164
-1.4791596006861805,-0.43063989675884656,2.1747061684308813,0.8642880526648992,1.6017206098010448,-1.2864506125762873
1.3974648534778378,-0.9666346626597616,-1.1088365519874999,0.08344791012480443,0.8548193294177607,-0.6429734959976917
1.1431684815261993,1.201580587611788,-0.20013339591665882,-0.8245160388707933,1.6544447320809106,-1.9427083498667177
-0.3793384592483065,-0.6492101291348679,-1.1020110647577748,-0.7495827981339096,-1.0318675945610916,1.1186657341135202
1.1592350057360716,0.5533282667544288,-0.0456848449617925,-0.730980562673421,2.412054746275947,2.5714194802972097
-2.2526612657298535,0.011566444262718446,-0.5494960302606541,-2.7328491961804224,-1.8386751014768505,0.08523951848268292
-0.8181947201321954,0.18270091859067222,-0.13645033123564312,0.18867705006485047,0.8334814103150993,-0.6292611348901201
-1.5582942071623613,0.831403853890827,1.6821321640108255,-0.9177513228249299,0.8391027529949847,-0.5313346098741766
-0.2037609444231578,-0.34637499595534116,0.2649422933983363,0.12960004661868385,1.178878848532795,1.0055914870133484
-0.8322919053174103,0.5721873904972603,-0.5029360970128488,-0.9056564805083457,0.22557334731934015,1.2187243939921768
1.7380237450979066,-0.1885871960430229,0.1509985481149403,0.14541478267760288,-0.023545813113864673,0.5458266941399609
0.2844764925053057,0.9180046753036544,-0.4150194309474459,0.07669842646214041,0.14150759228807658,0.5124164201601502
-0.8558255066626864,0.2134013007855264,0.6293918928759574,0.32975357064651706,0.39992850369515054,-0.49093645221052046
1.6167616946514733,-0.19426130077566978,1.2410594716872356,-0.16281901591391132,-1.3748654859366112,1.6885397608182764
0.6102926933709598,-0.6725875214610988,2.407789810385299,-1.5617715877901246,-0.09250583263779052,-0.130322617180544
0.5173563025632907,0.7928631845297747,-0.320771717639006,-1.2447713456711904,1.735221555724871,1.0795587072635087
-0.46324871285939534,0.146516376764609,0.9507698281768561,0.6625256642181974,1.1431319136514388,1.4948173220910606
-0.022975621954931958,0.538031624010068,-0.31311847140915594,0.4102894776743837,0.5303574922320877,0.66448749007733
0.46021811891584674,-0.9165800870427859,-0.7547470310904856,1.0322006530932442,-0.22279067783387263,-0.1808168862544791
-1.7433847235540574,-0.10183280199498895,-1.0120008330460712,-0.12085573708154419,0.7809554864746341,1.0821683929358936
0.5551238487482244,-0.8571030219783771,0.4934672188155769,-0.8476834098276617,-2.4461715878111012,0.4945085187240702
0.22089966432429092,-0.4925013790542126,-0.7278509056229825,0.3010706859853992,-0.07425329587877925,0.3417376278047115
-1.400714262868627,1.010669595114866,0.017803867545230195,-0.37626123435934566,0.4435899511958121,-1.0841204093790862
0.4353333321841632,1.103146590517201,1.1999857075789315,0.057333951711190156,-0.9359068218485641,1.439524352981111
-1.0661618552739087,-3.1959172630472183,-1.5783752922617988,-1.278976660908522,-1.1896380631963865,-1.6997175984510917
-1.491653962720689,-0.620942660792625,0.4269897122545831,0.7366164299498372,0.8705102724627951,-0.09152927400663978
-0.4265369512071423,-0.2596327260627113,0.3427737935437459,-0.10647694364238892,-0.5084684931883039,-0.4686043074527059
-1.6399506616674357,0.03994505069623479,1.0629633968882077,-1.6084314226861782,0.7100030612590612,0.9336433197610237
-0.2843506736231817,-0.21759221717282648,-0.5285221075665352,-0.16211626172235197,-0.4672080889764816,1.2942007831427824
-1.2899334723425662,-0.5153938051639588,-0.8439083566743275,0.5520825861915509,-0.037273590389110704,0.12030996289509678
-1.6168163985132709,0.08383045190125474,-0.20825993500546017,0.01276301214832252,-0.2998044656432482,0.8966166267996953
-2.0578225211658405,-1.0976482860380268,1.5823449102404847,0.549266035927724,0.03512133404954472,0.9278951044852431
-1.303948601735085,0.9106736026647492,0.990304886990529,0.9097056173561865,-1.7088332475564045,-0.09232643344043139
-1.1056088100160346,0.10920226779270528,-0.17963276608149123,-0.967857143333539,0.17731364219554568,-1.9792060296128025
0.9124002405336267,-0.9885066390223798,0.08522191778763306,-0.14451835607104613,1.851076101149065,-0.4585726933336304
-0.5616117267574334,0.3322099410494006,-1.424863256963997,-1.5452347302981413,0.7803423524430854,0.6854457240335606
0.18527650952182764,-1.565309291346329,0.05814654523737076,0.09220328665707134,-0.26966465181557164,0.43314281647159036
-0.20337254700441626,-0.41479362563582056,0.2631035002910009,-1.2816728576001564,0.31149653716583925,-1.1506308286313982
-0.5170718424819337,-0.27982752759336615,1.3151177200401105,-0.18952090844448194,-0.03249721254979469,-0.2883941358745229
0.5245498603896562,-1.1943525702938742,-1.1650295054240931,-1.172438848792843,-0.2757228923264068,-0.24908921576095394
2.0157607218297553,0.6046801270004734,1.951752000664107,0.35624934039254963,0.6477882481567898,0.8059576430137116
-2.0186053226432232,1.0455184591530684,-0.39004165206781044,-0.10251634275568208,1.3663290436244317,0.4382115248526525
0.6278416922355738,0.6103360454999952,0.3489477478378488,0.8978542489327368,0.4567202263859553,-0.3391142301097944
1.8298441771249383,-0.003146218329326074,0.2951917491218131,2.1725272321051308,-1.3851248012881334,0.30163030044626266
-0.36167458227388727,-0.7098551545039283,-0.9172898969395087,-0.7172976065538481,-1.3386638465855878,1.8408434272659302
-0.8603987495089335,-0.0032371494949134235,-0.10860661304414906,0.1556642035541482,-1.1636912498568956,0.8799001477664564
-0.04671162758886895,0.38419831945453775,-0.4601987588556333,0.9523979344935692,-0.7045093364119122,0.9020555597893154
0.48119704991517154,-1.2395938562124411,-0.6794833964564072,-1.8578206247295201,-0.7292860038210923,-1.0394595055480458
-1.118497039855546,-1.3630298824584084,-0.2792155976170011,-0.9667711944351608,-1.6014957982957987,0.993490711764698
1.5250123776447682,-0.6801974496744682,1.289845895384283,0.14353339350334257,-1.0875581155261451,0.4181665793112136
-0.23117851995605349,1.571282458579126,0.6123734900753698,0.2905169227424294,0.9061488387677777,-0.055158557432213505
-1.7607969627641777,-0.9761561660430452,1.180720674207444,0.26740212001249924,0.12850112383628862,-0.005944077128589358
-0.23015008735427148,-1.1861869516241377,-0.06672422305129823,-0.7054005867754373,-1.4976160989845968,-0.09537591953943299
1.0124700149197048,1.1035608324937656,-0.8056239994155873,-0.48631281743282145,-0.8845610669013135,-0.6715439338738757
1.5322332874020326,-1.2244427033330239,0.6681394729328203,-1.2932710685097193,-1.256749755774705,-0.863279483606757
-1.3924649205095299,1.7181443737729782,0.313978454603935,-0.41616051859759523,-0.5613810062607338,-0.3006093472618988
1.5790050892388583,1.7737336263353782,-0.0739666107993372,1.5663906748878174,-1.6770052804051423,-0.8804509986472259
0.08005363135441902,2.0297331471597366,-0.782140617562942,-0.1694370790092428,-1.2462071275426116,-1.3870428563443755
-0.9322686831384224,-2.7879091230567785,-1.8463557230121617,0.8972303470815589,0.4732167098997453,-0.0870379941302781
-2.001658066258381,-1.6682757018722993,0.06994362149825152,-1.853673268299793,0.08107953650213799,-1.3698887775794855
-0.2821844006960228,1.7006653830545209,-0.497253561687187,1.383605416362071,0.7470138153255469,0.33256817826330626
-0.46372463645704337,1.1805168882766317,1.4222722303127615,0.40737885795185924,0.9021184557389706,0.3511305325282309
-0.012653003233741626,0.3849459757049226,0.3159441304776995,2.307662159669556,2.0047498694070067,-1.4084053410391648
-3.606751427188467,0.5807611890658593,-0.2574884343728936,0.711860945189993,-0.22558222910709372,-1.146494707067222
-2.3344271279585227,0.3376981420657318,2.7955727478092225,-0.303076578855015,1.6008268328081536,-1.202905290656216
-0.9476787610067762,-0.6607119112353871,-0.05148217898090582,0.4134006866838825,1.7392607236492006,0.41593896814341125
0.9332807045816753,0.6935683724009496,-0.7751540093599476,0.6936377543131345,-1.1150137023740525,-0.6885375311897897
-0.7452361796529167,0.02198513514645262,-0.32718030435042633,0.05232613640911492,1.197532497592472,-0.28100944995818067
1.3185928255382744,0.8158788728862173,1.609859337442886,0.38173801358059833,0.5892843321035494,-0.6395409196887333
0.48142133574852075,-0.18335158159776768,0.48798809871864834,-0.8383013646954286,-0.16730696795089087,3.2490244667018398
0.17329089340197423,-0.615753522276444,-1.1449810213201308,-1.1190599644707833,0.2890802721379064,-0.5954554129516528
-0.04239549289302921,-1.7940617935755725,-2.0192022751011636,0.1980341944580021,-0.08786377972669024,0.3092147417526777
-0.9866716736959934,0.8780192107560475,0.19576399652306978,0.2235878862425168,0.19073080451296406,0.42476206215252493
0.8098687923666122,-1.4060059720075737,1.2132509987086422,-0.36900958579208387,-0.9687536861590818,0.8407555398176304
0.16052848244463772,0.1644217336150538,-0.9472684680266978,-0.6514019507253884,1.3715796981638781,-1.1358211671522347
-0.23708106664401948,0.5437542253643689,-1.7377712641018284,-2.4883986407195136,1.3410235922528342,-0.310451870897319
1.500909856136829,-0.03867201437801188,0.13199030129459532,1.3037957808904317,1.2403777357132735,-0.5748200040198895
-0.5993956841008963,0.7291608513044145,-0.4965093841919386,1.2035675393804968,1.4615556316127096,1.8842573834670533
-0.2755816445770596,0.8393572998408598,-0.9701788634181928,0.8700719410013645,0.17820941086205197,-1.3663739291352868
1.5224358257541284,1.3418085691029045,-0.6889432115989388,-0.5240443539974906,-0.07205230274751215,0.594046291030469
-2.744361457110086,0.6939482626038441,-0.2164327963740794,-0.43513073164658655,0.789278399843462,-1.7983105954761218
-0.3093995719402577,-0.4361240563900556,0.2321239651574397,0.7465144737305964,-0.794274357007603,-0.3847635845532475
-0.1944339359866914,-0.3925437797628879,0.7530461978165153,0.1107059191612858,-0.5872068227365396,-1.227093975552134
0.9007647291292974,-0.8197646646956462,-0.572366145408834,-0.049372632080404794,-0.9738869288473546,-1.2849578642460466
-0.1801945207608235,1.2698314998090956,-0.19847989192858556,-0.7567929454693862,-0.41426339691788205,-0.9202612321839891
-0.429633189784858,1.4227676168641752,-1.5241077344556646,2.2945173361888025,0.4604848878568443,-0.43109701656559885
0.011547985225422804,2.3836251194702798,-1.1275950612992938,-1.487292093854102,0.7638940458992215,0.15399396947300184
0.70450915454471,-0.9161072449817241,0.16691830727911508,1.2078712171166248,1.3934888077282923,1.4227079962528355
-0.0689542177956946,-0.39248113829324976,0.3549917983472665,-1.0570723413020793,0.5916978098952436,-0.918636611439452
0.2382900219897229,1.2692232713459333,-0.9869324236189768,0.12300135076484438,-0.2466115356913453,2.6781179754851534
0.07848363052082181,0.7190210159951445,1.0082306022717833,0.3148103604550734,-1.2647319422337766,0.34087817177469787
0.34389035680355434,-0.01281321157753439,-0.764547214289027,0.3016240357425346,0.22039384397413816,-1.5106069699711926
1.0786945100116858,-1.294340479973728,1.6818350972163776,-1.5378654949074881,0.5211066527421889,0.7550384705252835
-1.724139904973722,0.2311955195446978,-0.7994480311093073,-0.0761976449319303,-1.516024912144823,-1.0267129109662276
-0.2753518883575,-1.0242041939393973,0.5778976298220646,0.4246862549806561,0.17097938801880147,1.5378432788395886
-0.5573667070819202,-0.7072504817830042,0.16680149457349597,-0.7053715359131929,1.3210774439079416,-0.9553211809742186
-0.7222277353809267,-0.0073088450206580955,-0.6898535450978616,-0.5709753302745355,0.6528532894809342,1.1426077718879577
0.2873539156358825,0.4834608005022539,-0.7135353071488257,-1.2692902734098646,0.9742680059880106,0.7713647494109619
0.28261656120419215,1.0747801082390889,-0.9341310666695142,0.9882342481400496,-0.5431706391533856,0.2089796877075316
1.5347168427276574,-0.1587334840344229,-0.20923169587543455,0.2795177129449759,-0.8245772727558098,0.740416545255951
-0.014780983457683083,0.7129892486778502,-2.4782419699554024,-0.5367022296919626,-0.7782952672363022,-0.23785703789067725
-0.6992083503365669,-0.4124253739454085,-0.45684744261182714,-0.1359497350818124,2.259291980296234,-1.4417211544192603
-0.40468822880521754,1.0122396732406782,0.640946280670869,0.757015668746641,0.31118379057895024,0.1272323335823724
-1.2048361449304623,0.6274876840223342,-1.7332820309843733,-0.9647348673289,-2.338765129751115,-1.0338314820747703
0.27270969183269306,-1.1056077940657616,0.7833701719901286,-0.3612087375908755,0.6790927065892711,0.5871862169394233
-0.39646623837706996,0.5739474137245102,0.2192846376007833,-0.41763242895158054,0.3521561772541449,0.298531044783964
-0.5867098585500965,-0.06318705662036521,-0.6347471512246848,0.41079440932776967,0.7643438303967627,0.4272048335752384
-0.4171990019983062,-1.7717876993918127,-0.06707566817422536,1.0296635444567734,-0.45805965380790864,-1.422722554696517
-1.7018207293603598,0.5405878001093568,-1.1546613707948064,0.561629252876524,-0.035502055918692516,-0.18421018862234065
-0.03309583638746151,1.0533850153226734,0.7781911397059044,-0.3719949077318396,-0.3481530963025943,-2.815975264408823
0.11508598444947994,-0.3247212543901289,-0.7831395675971465,0.6100238392611894,-0.3907342385017797,-1.347378884381357
0.3766251477031221,-0.6825798462128643,-0.3535527866548344,1.288566212199668,-0.9429628477783131,0.17445975560742913
-0.4896597373351974,-0.7390501207351697,-0.7241471372501701,0.8439648994597144,-1.140355262250037,0.03168272842410654
-2.2204735134482094,-0.8088812145211324,0.8999039369186717,-1.7300826000436045,-0.2686587705125513,0.15998764688065528
0.8218872308035238,-1.367604730433744,-1.0304532125086765,0.17782171120424448,-1.5560112158293298,0.8232210793904562
0.5916660284289257,0.3032837269297803,-0.2787070595451492,0.6574348464525518,-0.41167304774319574,-0.3089208643313478
0.01723171646619897,0.6727107837077764,1.0466237161874816,0.16998074514563863,0.5840467795467639,-0.5440228013970365
0.16846054240526898,-0.033412151621929606,1.0780966843016515,-0.9747463478098746,-0.3342357870596292,-1.5914300322066766
-0.18169340657409422,-0.5167638347254712,-0.5654762097898014,0.28088448684509776,-0.42922054280758787,0.5588092709368417
0.8743974677429232,-0.8662587800067502,0.25682280335210755,-0.3367022602217421,1.4574349665571316,0.981198983905869
0.038768626855868,1.1026212104493631,1.209416319545056,-0.1941413789165624,0.8729053622623917,1.102018153761432
-1.0405385664079596,-0.8422832626802189,-1.0157992599906775,-1.403968687424653,-0.6804416079181608,0.15471596670916468
1.200809940702139,-0.21679000222308542,0.5776851515385724,0.060082716629762764,-1.0502558558027533,0.7154129260822206
-1.5805915012309846,-0.8778494725802769,-0.10549093622373941,-1.8008435836116796,0.07963845836509546,0.7628040459566011
-0.4282491820813925,0.9579739743107162,0.2958060228323669,-0.12386319301158016,0.4700838073001772,-0.9026209691137661
-0.11366368404274606,-0.8122557711107073,-0.39529520280217123,0.6423145643388274,-1.283213801369634,1.0879612992480923
1.8020983784212579,-0.9093662145728562,0.02334441501321038,1.2399834868975816,-0.6195923077793234,0.69830997115446
0.033046602911823424,-1.0976967826596622,-0.4167383903309155,1.3705131611082426,1.7737419768614484,-0.7562493606144518
-0.4839267726188341,-0.4968862819280915,-1.1651110729168022,0.6582621043394666,0.47153679241571006,0.7604982254750552
-0.25304365351650726,1.1134339363839758,0.38953714202029377,0.4630555271404315,0.4685879742873703,-0.8962902468064142
2.2448604950375053,-0.9966379059184461,0.4162892656179476,-1.0204198367638242,-1.4853409946165859,-0.7717051799952332
0.8161706772456895,-2.4140365426278265,-0.24541644545138983,-0.09038276595610108,1.1358538430279008,0.6183016739125636
0.7880145995785282,0.286564516617112,-0.7185753725936151,1.683605370567408,2.323149827240315,-1.6647395832276446
0.10040346794307305,0.9295468712555458,-1.1733222005165689,1.5064864135547358,0.8897727492326851,-0.21915113059966443
-0.2042259272484362,-0.5288334314377804,0.11372925298773613,1.33321600410293,-0.7434263589775579,1.3272347382817977
0.21404527044107974,0.030251788444619513,-0.0404051120692807,-0.02499757527859105,-0.9439215856285289,-0.9402005443666045
-1.9194764546800716,0.2563551627164257,-0.3424978738770344,-0.23533550158650363,-0.5598622528526267,1.3966531220177716
1.2094640916385069,0.3851581484246264,0.5281475013037038,0.3556074546742674,1.5371306344011506,-0.692046116117518
0.8770615458124694,-0.5971995231114836,0.3623006484967715,-0.9704827879311438,-0.3604822342375457,-0.38352527041900686
-0.715444456518042,0.5015197299879053,-0.5110183278339999,-0.7562672632001076,0.9101591435733647,0.6812578014953549
0.7844862004925921,-1.626613062492748,-1.334863095313122,-0.4291185865353157,0.28690097210036364,0.6024241675176368
0.23191155170415978,0.5561673398133228,0.5997506688265315,-0.5787249936232192,0.2898567341718548,-0.4286273289504963
1.478913433308092,2.8982611649210104,-0.30577236203458275,-1.8078227074235498,-0.8554653422126953,-0.8895193855039875
-0.24542887595429105,0.7609524074863169,-0.28216612543982483,0.5090707095694148,0.2188478530835926,-0.7364839033348866
-0.052707170841849865,0.9241859738710143,0.6026750144912043,-1.6299428944948164,0.5842848545217173,1.1383087988955993
1.4018958662834318,-0.029277814626565618,0.1327606609479947,-0.5261360160794649,0.831370839166047,-0.4310893987752962
0.1871364408229412,0.06181096498115084,0.8241196801397451,0.3468396277724598,0.7013716214982515,0.7856186507667099
-0.6160311284735335,0.00926285473450558,-0.7147719106186038,0.025112395353194067,-0.6301019926532102,0.5343177365554671
1.4698927664976709,-2.206778147250868,-0.8477390078135785,1.142332471881502,0.055495487671833446,-0.28665169330668727
-0.7878450176069763,0.2766914127269019,0.4593166215270292,-0.11837119667201146,2.124613998327964,-0.3880438050562157
-0.19098759269345159,1.0640684169328878,0.2930830783842785,1.3634607184535548,1.1283505840960006,0.750325259024865
0.2275297723741529,1.4335156806365887,0.1412185050380563,0.09855435849460045,-0.03599258898185919,-0.12468782233810707
-1.489897968757011,-1.9139737319818988,2.3983561774009274,-0.4556779915034201,-1.1844641150057038,-0.20320015484941506
-0.08993861918117875,1.2212580918448868,-0.7756857085717132,0.18467633132075906,0.15395178436327073,0.6818343835789141
-0.7049249038944012,0.1409614928935175,0.7199217397264209,-0.12272052576308787,-1.1278771578943354,1.0984005497903149
1.2000550274093442,-1.6102252457613389,1.1896830283450317,0.7617813935299695,0.06854761389556528,0.6994463761829157
-1.667707401143435,1.1252105326738369,0.11408774715324525,0.5790653037238651,-0.5182385566072583,-0.5652424102026617
2.338371276394099,-0.32806954197631577,-0.7047119198506824,2.0647208656712293,-0.5903309942696054,0.5056897420414583
-0.6666704933394496,-1.0629812843309805,-1.3149052417566278,-1.3777371421876476,-0.231783094980513,0.008313040627506362
0.9857252968869076,1.012195218004165,-2.269994119022929,-0.034266183710608765,-0.3224135785063245,-0.49512742186484887
-1.4271416985029581,-0.43966835115538233,-0.4315655478951615,0.4367326791934909,1.3498104686821963,-0.6828610924270573
0.985336899468166,0.09099582774954922,0.5691507749862066,-0.7331289431054967,0.5185792404538019,0.7017750500353617
-0.45205083234944565,-0.3516287966337214,0.4977067144244807,-0.8601476131071362,-1.4967048383270884,0.5987928515239799
0.21457589790052525,-0.5637105851719507,-0.1954367195461354,2.22171449201689,0.305406516003558,0.09447786670523865
-0.9118969650050799,0.9556804882453463,0.2440529592151733,-0.5436149515329789,-0.4671303491105989,-0.6173184711112393
1.4781804015599855,-0.6886257583781425,2.4625789973423604,0.2713364367857241,-0.5285062262221693,-0.37077173518379436
0.731554743817393,-0.085475295652109,-0.8493864697651676,-0.010718384795709846,-1.3651316171484695,0.9914056379176097
0.5273178757965872,0.8322545654622034,0.6839917626894405,0.8856266026744325,-0.524493456047618,-0.1823920760041931
-0.5328156139072316,1.1505520381767396,0.7009124858999874,-0.9146580976825482,-0.5996863266466761,1.2896048856129714
-1.7744510466688537,-0.9305713623878149,0.079796169013095,1.3609457438073769,-0.345678167305464,1.421633549252144
0.46767425527883,0.862573036761602,0.17128871367879264,-1.2899302193510145,0.728883976427146,0.7895792245855455
-0.7337319575169217,-0.550792297580826,0.1471104976289636,-1.1440672233701268,-0.07472063940156079,-1.534352299471672
0.29321269923436977,1.9351283624826425,0.2464808508809812,-0.8060071811818149,0.8947436328408592,-0.6686374929482711
1.755260931950265,-1.8872015761404068,-0.4709455277720773,0.4119813445568354,-0.28975526647541977,1.2424214774874245
0.03164071366366954,-0.42925168096420924,-0.4186798980586966,-1.228538830545625,-0.5813023394289395,1.074790309104472
-0.080321680277196,0.5993192296159419,-0.5628076436701825,-0.5045539921767972,0.8087538565007336,-1.0490890696235362
0.4960272668484418,-1.3210479736530207,-0.360361154781158,-1.4657792386710635,-0.35450441427762447,-0.34312931345031644
1.0309325682763464,-1.1998266264622401,-0.8639779879060265,-0.32448429758419023,0.3682833937135359,0.06664026025586006
-1.7965678179935554,-1.381151453413698,0.7570903342453376,0.7091785822422869,-1.5616548114247097,-1.042298232782099
-0.7091261604804358,0.5836871519051996,1.2994144671837633,-0.5319503386525624,0.3930050478676719,-0.8577174809827424
1.5719209391360875,-1.6130340084317036,-1.0743234325091264,-0.2531588972638267,-1.5506257949637339,-0.08312058778981896
1.5012052569905556,-1.0843642530919917,0.7691834702945873,-0.6989582122279925,-0.5769047563799717,-0.7678067334884024
-1.821977761798474,1.1339823591141558,-0.46666776593201675,1.7843786615881265,-0.4254457399499591,0.13559311236242738
1.7294625907266046,-0.3625001226528312,-3.0013494058143166,-2.232596806678159,0.05144885904579267,-1.1381889456615524
-0.4845285150986061,-0.04611018372306841,1.6145670908803267,-1.8654250337669558,0.1504930870231707,-0.4619213046650659
-0.9779956412149371,0.9277100617106738,0.5708143490351181,-0.7521870004284344,0.7021015644959885,1.614505842581947
0.02264192839798785,-0.44601736720595175,0.29575164450389724,-0.1379749951929202,0.07159287209018311,0.13595656560182393
-0.5826180096876569,-1.6050583348634049,0.5566548365038163,1.114113017641998,-0.5534954859498099,-0.2637692055207943
0.47832509717080507,0.7270835793438895,-0.2513658373890135,0.4652523256762564,0.014167947910412204,-0.1639725976284405
1.0510143559421725,1.3115466771954232,-0.6677628526578306,1.5573766073440742,0.3894243416783751,0.7257826008063689
-1.1685073103107406,-1.0310987969834908,-1.73680252425011,1.9662550431377754,-0.03590686088990085,0.5299065281193645
2.1660924044353775,0.5134539402980953,0.40285882549064167,0.34821193517015814,-0.9294466400702085,0.6369322497217226
0.47422777792215515,-0.4506487945732045,-0.7463939156330374,-1.3103986268674472,-0.05782306511871279,-0.7870260798456032
0.1848607601721364,-0.09784395486454968,-1.2726985958050894,0.4068891434167893,-0.3687407573366267,-1.5342566538823574
-0.2691211184987493,0.8308845359006911,2.2513212052281797,1.3237232890192698,0.7955007219629312,-2.2545471664512364
-0.7775552212028951,-0.007620031676212402,1.141173531320784,1.2294352571521883,-1.307702752684679,-2.569154288030601
0.8802124882519826,-0.6626275277904236,-1.5496705838694467,-0.80317748886126,-1.054908749877812,0.2509824905767302
1.2718538460185067,-0.7841297512482481,-0.8794919236187951,-1.6109602310762843,-0.7544795231354148,0.4966061196040993
0.30132528193892244,-0.3590770694416021,0.6157298413495903,-0.28533065214368575,0.09285196398082234,1.165981861074505
0.3309036600128177,-0.9073818944704796,1.0319586866025747,1.2134074814367541,-1.8590349581123078,0.6469845165167247
1.138857817216519,-0.5949787819785761,0.6862414142785871,-1.2880170125657149,-1.4335491801397444,1.253733896082193
1.5083058182518554,-0.5322180914901985,-0.3699830979030287,-1.5392461025515383,0.27085963445417727,-1.9254863881260513
1.0430549440506425,0.030882244526028904,-1.6402860262369545,0.09797610799839655,-0.44483684653809946,-0.4480667448052385
0.5880829254811923,-0.0663130680240052,-1.4061581189745935,1.1774964655730682,0.5299285072665905,0.28247849849638784
-0.1705611706983117,1.72852467149792,-0.7466627862571669,-0.20227838709522794,0.4252850495693777,0.06578046565738835
-0.4993040281701298,0.6974804332137855,-0.3234000035153098,-0.25466885041361503,-0.4532378765759285,-0.31645367394795826
1.816846539561883,-0.7535687968406166,0.5801080081739752,1.5672234662723086,0.4186219969929725,0.02282560828498426
0.5326515023218392,0.6284010370633487,0.19397857473813426,-1.1238049386382192,-0.41311580534556064,0.2539248197588587
0.18510692755022495,-0.2430792125406726,0.007622029041284711,0.24526397960390786,2.0938794599924413,0.4390190106243956
0.9475638828970219,-1.2351948084905784,-0.20033681114540144,0.5045111075706115,-1.0336558590898952,-0.1998022818073735
0.3218447004991792,0.26033592707658304,1.6370857609055702,-0.38825716540684957,-0.2422592013137978,1.0963671076330312
-0.7968438028726581,-0.4157999305349835,1.3347190934432727,-0.527206747859527,-0.1673034582990023,1.2464531506823842
0.5400419940506553,-1.040014092596192,-0.3089424171834714,0.32868283886645494,0.5150419419835516,-0.29507510725142233
-1.9100783312232787,-0.22895255079354318,1.3515572421550315,-0.5128998898887891,-1.0444657376239799,0.398654201953824
1.189021258484787,0.09493415756575448,0.059828245395772035,-0.13343614381002233,0.9619806609016063,0.4385076029689559
0.23106911223245857,-2.3563619353346197,-1.9212840246206444,-1.372824779718677,-0.7890261893687286,1.6266516474354813
0.33310275525708566,-2.7150995284246995,0.19606911936617905,0.501814910878977,1.3743363144052727,-1.9500248142388255
-0.6484158146576281,0.7254650045964234,-0.3269345948662011,0.4175508098623979,1.012204446888472,0.7746722246747773
-0.47919488857335407,1.7265140823921554,-0.7102423972578245,-0.32914626928805585,-0.05761916080354409,0.45326681774791405
-0.6941154208031931,0.6536051354715898,0.03989959501567557,1.4545379383548633,-0.16578697647539778,0.06526584160160098
-0.3916468281527344,0.6421215396041956,-0.3733011829461019,0.26077160654762704,-0.3389901595969281,-0.0729157959045937
-1.121658923067429,0.3633427514539256,0.7111305766229221,0.2618036038446794,-1.591985438350699,-1.629723648336925
-1.3275970811901154,1.1888118312707667,-0.24006219410874152,-0.19283409011533006,-0.20760157194550743,0.07976385081539758
-1.2093820358458107,-0.9536153404402254,1.7269499767352572,0.8940721033427113,1.5145989168982514,0.7095633095533465
-1.301131352852516,-1.949875376848357,0.46001850476679496,0.2583299507442672,1.2523010997547155,-0.12180051053036392
0.6856253814522685,-0.8326465798205209,-0.7659217775921514,0.45590901502702025,0.6247350459061377,-0.7027956646512674
-1.1578619388049758,-0.1463163282003281,0.18749345556441918,0.9333530192273595,0.35043121564895363,-0.026865914975612887
1.0865281030210918,-0.22235498955703878,-1.6707016379641058,-0.5140328735165289,0.10696018321433119,-1.929571216568873
-0.016520566262832027,0.053750422324966886,-0.26534106780715105,0.5478176429384196,0.4779369871378826,-0.5439330807557343
0.030415347159386118,1.2762916539509195,0.32010306559997326,0.7381907100088848,0.8623060197783268,-0.6426809728501862
1.1416641253267692,-0.6443119703485739,1.7562024964366971,1.307893335842022,-0.18800576437275132,-0.05940285161864479
-1.2167014125543003,1.2904627709345808,0.29170650106898643,-0.050655020142568626,0.3895285438888568,-0.544216970407563
0.45117557056068636,-0.8011520654462075,1.5032888906983028,2.237536144947786,-0.8943320777109611,-1.802171291599913
-0.6882511668185465,0.7154969281554849,-0.2204638417238262,0.44875835279044596,-0.5818876330930619,1.2959853774836125
-0.32913672527677,-0.524785984222844,0.5958686603770483,-0.842227381222308,0.8897441660248323,0.08413290747850591
1.159382706162935,0.5752709673569483,-0.8780156527013042,-0.8545407966929645,-1.7411949186422102,-0.7677820179909869
-1.2065155534876546,0.012312079820523425,-0.1656655917120148,-0.5457799324577711,0.6787717349286368,0.16014203409739386
1.2834838870366765,-0.3450878147891342,-0.0726514608550968,0.0921092171983609,0.5064756030355102,0.02437438969499235
0.22086137162107347,0.6220924348641516,0.10370249342054777,-1.3865105025870317,1.0155885479772648,-1.5733501379940542
-0.9657365057861473,-1.0949264131481085,-0.25884990659694246,-0.6072736909682291,-0.08261255459966631,-0.2617003829596776
-0.48156903617538405,0.5772754943850109,-0.2982429775529244,-0.3788177102373086,1.1576831564579966,0.45846587498520747
-1.2502731725394098,-1.2890462654439756,-0.171864721158199,-0.7960392769942135,-0.48549720793522894,-0.30064015699155966
-1.3962558981321342,-0.07886965164532264,0.022078608367034618,-0.29198468297323876,0.6840964043660104,-1.2424764948618099
0.546507990515125,-0.8083922069195255,-0.19572573029192242,0.9100486942056079,1.178155052808765,-0.9655197093429656
0.32252302838543706,0.8021401841122455,-0.30131938113610757,0.17038884059152598,-1.1237858511844518,-0.7030968212944341
0.6823267385858411,-0.34461497272807246,0.061664017484851306,-0.7912700937749029,0.6114421532566161,0.5906323359866887
-1.0341163330329686,0.46706085961544064,-0.46433151181974675,0.1906096240916355,-0.012390610671995188,-1.8726334818911508
0.2988034339100801,0.36477542248507605,0.16564947961469256,0.3498927350574569,-1.129623575745574,0.8221102362805572
-0.16303938970116136,1.7354677711636488,-0.1988706102887392,0.07576464874697444,2.5653637475852844,2.3807419569948154
-0.6615611526475468,0.7900483597817078,-0.41851474906110137,0.022597420707016317,-0.05537565351490841,0.8311019373816406
1.3647683552814875,-0.6166486890843335,0.009637048213113857,1.7953958552526843,-1.2250693985529686,0.776843633478595
-0.21737673562456525,-0.5394784398892024,1.652086123516082,0.5100944066201152,0.662711697082055,-0.5872163495321601
-0.4040864863254455,0.27715213063254074,0.06539497502190322,-0.7227384180408792,-0.0925311645730396,2.0870531182936767
-0.25173076083336826,-0.5274836088019353,-2.043000849857747,-0.1557665732592234,0.778342055417596,0.11278104681575021
-1.504739126462651,0.6474682921407431,-0.13939985205238778,-0.6735345576364032,0.5987310123219205,0.08989872831409026
0.03527852047320043,-1.6339542385944963,-0.8830959983894086,1.4332823908089003,-0.4182384652491548,-2.0100751780329285
-0.8349723945454857,0.23364864032297636,-0.3480917926674051,0.6233609517825528,-0.0007426574114744186,0.4484061596841356
0.3364068685096215,-0.9730766305684795,-1.6945223668545142,0.22349381678380636,1.089849530639622,-0.7899628226481775
0.23707559625780916,-0.6870071836306764,0.8697078525175853,-1.1261732755987612,-1.3612895926148163,-0.34131069297948574
-1.189305718566144,-1.9073620258974104,1.2581997222238472,-0.36980779281675424,3.5224893649226066,-0.5993550444480829
0.4312305425493539,0.7949000426389276,-0.238873926930949,-0.029562710774957986,-1.8888481267009898,-1.97868666559861
-1.0601881935656163,1.3189363499188256,0.5361280245104882,0.4716186146321016,-0.6365734462276581,-1.3334842041592836
0.11102148751793908,0.4747334292984293,-0.3375131937668031,-0.8695504088552618,0.29476696324403734,2.2127204191800773
-2.1134727597723835,-0.3578080745085202,0.3576462663817213,-0.867258157486326,-0.5420542253475225,-0.7933562943002642
0.4136104286644134,0.2912363578357369,-0.8488225463587576,0.08721622197088867,0.5733116049220198,0.5517501185926316
1.2945450078920817,0.34408757196767337,0.11094186015033997,-0.2607162715719135,-1.2405929548877472,-0.266805995302638
2.178138194803188,1.5459773255424545,-1.0747161648814476,-0.8021856094215987,0.25897849389341376,-0.9223427510622717
0.2895201885630414,0.1959950549995503,0.7148001067889224,0.3199122452158591,-1.6101940829295145,1.6457389520941528
-1.1617130906755373,-0.11127347767552825,0.2356666125569921,0.730280575230637,-2.36178760639905,0.6789673858786316
-0.6658116427092194,-0.9463448885783785,-0.3674202674221118,-0.7901461020807217,-1.881153936246941,-0.7255125924613134
-0.6401883538432701,-0.4413131949062366,-0.2717426054759894,-0.45913504411112216,0.14383709681375298,-1.6465262930426603
-0.9348780573461712,0.9742344874103068,0.8527599401427989,-1.818247816847988,-1.0579315506066738,-0.05969283550271081
-0.9980281954051761,1.467338032849942,1.9268829784414294,0.3928644938221955,0.12526317929357633,-0.6232451119642577
0.8973840304702247,-1.0001842213763528,0.24518382704624006,0.0014636101076205186,0.45509256611130977,-0.6995978855677568
1.0031484768693977,0.49867257415872945,2.282047981834943,-0.8276632156145008,2.806318187363868,1.263914988175369
1.6152245161349852,0.543277341918185,-1.0515127307198397,1.2925738478157236,2.4004598145968528,-0.5086385040242823
-2.2668842697971923,1.5241962803454425,-1.1725558688874953,-0.22119049841973032,2.6001940604390725,0.5612423931585041
0.028008377240298008,-2.197394050962246,-0.796135988102737,-0.30877054785593294,-1.9682241793755917,-1.1160939681084079
0.47302429296261106,0.7532838791884504,0.6779245510401186,0.28240758205162064,-2.264113046985193,0.8447773945273139
0.3880035509569931,-0.8601542677569748,-0.959649607815646,0.6768809402926846,-1.373204160994933,-1.1390382446378318
-0.15455482073634522,-0.17409680963354407,-0.7724189808388628,-1.1667891477724985,-1.3390501666724701,-1.4076180000906573
-1.294408248237588,-0.7667942297021545,-2.454761609121004,-1.1839167061302263,0.08968382490693753,0.32995476833789045
-0.28515482039161455,0.5376759821180005,-0.13574240595938386,-1.8138307024116511,-0.4926342034718616,0.7959011441129876
0.48275063959018877,-0.2947260939017263,-0.0931802868605924,-0.6228172856461633,-0.7661561995592346,-0.7175626665047454
0.3789938249189418,0.43054896559325917,0.21440166510491862,-1.252916654096227,0.3910046862473645,0.6694475179834537
0.5679847266568372,1.5713774311298543,1.4036476528099882,0.10008575394747521,0.43859204542126906,-0.24546416328376733
0.9984822374580847,-0.8614172006123546,-0.9783990540726997,0.018562117603103938,0.47009544513358265,0.6960124456001251
-0.5392980215302303,-0.11231817573350224,1.1054721446646087,1.0298724339900998,0.08478859259880016,0.2419598104617609
0.1941713574500738,1.5901173340111303,0.4141987209899028,1.5693981308178404,0.018975891085107437,-1.1410796431538763
0.04222044053526716,0.6851542085452781,-1.2574384256251976,0.3539128210430403,-1.0679500457033906,-0.6195205203604848
-0.4546164434677668,0.1767156272024522,-0.014269276194338907,0.13602443729901795,-0.09923143453157403,-0.35270216730913906
0.326478117593383,-0.4177377747082859,-0.19081858965006498,-1.110820586587036,0.6305880363763872,0.727576675064017
0.647655430978623,1.3314484783036487,-0.9773296136126846,-1.7790305361854053,-0.5601645350786731,1.8355766563370857
1.7807748130926193,0.3038495208489905,0.9467075656385345,-0.40042325150467,-1.191654207484386,-0.15481872223609866
-0.34680607263734864,-0.7283687398175165,1.1566683339179744,-0.026131942280718592,-0.13708956497857547,0.4853851144929232
-0.9133903804321403,0.0844972804488953,1.160786988796933,0.3243708608839749,0.8434578218865788,0.016457304878825827
1.5380920710005708,0.849598169778579,-1.462471913141132,-0.4552214779537834,-1.9273896703437117,-1.6968925832395705
0.05347849529317363,0.3390095715427658,-1.3413280743651794,1.247225451844091,0.052002382824274045,-1.0397484737267375
0.752314859369528,0.46462794576282934,1.2116840972436924,0.6721318160020728,0.3940467577641942,-0.8197339935597956
-0.27380923945480157,0.501172170866101,-0.408769951197118,0.8142085162697591,-0.26502985505591803,0.2384070423503055
-1.3046980446417202,-0.663033686996725,2.4024093768844996,1.140377763864424,-0.32947936901969727,0.390570372172219
-0.6522560257558198,0.3344791788039434,-1.321050999880412,-0.7576340371002359,1.417715439479272,0.7241415594916271
-0.4448189818198626,-0.09756307859752449,-0.28393040009702375,-0.5728843869366526,-0.11723094261479955,0.565943754762898
-0.7079609682241601,-0.3106127788761056,0.7366179005804886,0.2689570328300419,-0.737618714070957,-0.543002863918047
-1.261635164634752,-0.3198978612288584,0.9033549467646862,1.3024608246013427,-0.9575148980201205,-0.041430622175586455
2.687513203930209,-0.2963386065714716,-0.9288160885641017,0.31964663733243154,2.197735603725945,1.0195337361037375
0.8865745473790166,-1.204177177562449,1.6591422151387891,-0.6879202679475356,-0.02664154139451645,1.4040191866689358
-0.53413397697653,0.34981623539967643,-0.37319846832564674,-0.24577582812925808,0.6764037749534453,0.27747936593339234
-1.6017947180637095,0.656009759628233,-0.6618426638966046,1.3942131312063537,0.2701256004511741,-0.6477721960336904
0.9148290919974033,-1.7431888374683104,-0.09117533774958263,-0.8139193910216507,-0.8991098335731044,0.5130459882073463
0.5536468444796931,0.11482787590369804,-0.35666544245700665,2.102774728469427,1.934061195607342,-0.8622568375801107
1.114853762659805,-0.5101763769518097,0.5830796831245356,1.0765046013982837,-0.6614735651036853,1.0618057008968504
0.8915854211196943,-0.6963993626895804,-1.1301176115368956,-1.6361805296321237,-0.060300028852673576,-0.5817868964593581
-0.45432651300025045,1.00546429105814,1.290977770221429,0.5758849259947243,0.028642269052139537,0.2953297107316554
0.3905418101444155,-1.073571734083065,-0.1235566253505171,1.3635741551537701,-0.07333298118066581,2.1707831293074564
0.10014088940640449,0.5937198905083373,-2.341763442549431,2.0920909280335382,0.5796064239611453,0.44881921320259627
0.47402537363349434,-1.0707468058721363,0.006652282183468572,-0.15682347129534427,1.0271997144877878,-0.566443481806546
1.886522848333263,0.4109341028297797,-0.5617019509911877,1.07412796419139,-0.8280774615019644,1.1026309626699733
0.3366639766600797,-0.6608513390226286,0.4739172027226377,-1.284532292470156,1.7993641151039548,-0.8520652498647424
-2.3837317185965605,-0.6001679204947571,1.0762176109510107,-1.1979399723504325,-1.1124517210911546,-1.5229235826116623
-1.7551405834543512,-0.6824586046587477,-0.8136307047805227,-1.3314812526143054,-0.4724274903888465,0.7111747261280347
-0.543739975108194,-0.3845822510425732,-0.4257168565658253,-0.47735546823919883,-0.7428878750263346,0.15189856928795412
-1.8482027931441445,0.01345579181436672,1.261578227631893,-1.4231713073716388,-1.6697795638832225,0.06136197799944892
-0.07380645033713924,-1.6964623425118168,-0.049199296191026295,0.07700553557735312,0.31281932065583534,2.4133256160850136
-0.8658964876195779,0.4725672468648969,-0.7926739011898146,0.6764147431222955,-0.047016071819921006,1.557555580871284
0.481377572659093,2.4014900624693523,1.371956164375823,0.5024747804643636,0.3577075206807436,0.2959225441011863
-0.4881717922943473,-0.34317623961921995,1.921213534194843,0.38649820486635034,0.8686645400757906,-1.3466362344692675
0.17476789767050557,1.3811777224170863,-0.28062641313911457,-1.272581321090426,-1.1944987372758158,0.7752310319143074
0.04441406539337576,0.818926077279674,-0.0030683475345220346,-0.2834879974524223,0.17461157627964866,2.3581069627515516
-0.010399204127676205,-1.0089520064315496,-0.35497870726819103,-0.4693664811205503,1.0323476632634156,-0.2555822816437973
-0.9874922316229553,1.1577497451061243,-1.7228131957468085,1.3691768214447657,-0.11374318837149748,1.2533772142119501
-2.266151238049086,1.4031628575635389,0.6174880739702957,-0.1839528265133071,0.056968411055142665,-0.8570201992439951
-0.4008480177070259,1.697078653745242,-0.07776705175610185,-1.5331620219718374,1.3010181362041928,1.4858366244648527
-0.6009985072516025,0.8288921330280514,-1.027123043392607,0.40313189856584514,-1.6867302566397278,-1.0827058703625811
0.167875211084026,0.41837429286739736,0.24015685268052614,-0.0416700034610828,-1.7041507367563689,-0.5903682525896375
-0.6257902974181693,-1.3492528005256443,-0.7620589022582467,0.5362512496399023,-1.6824079157902707,0.0314927915193099
0.4172865281771617,0.06483392106378055,-1.302328742787598,-0.6816853995590101,0.1934090995350983,-0.8498567678148014
-1.6932595749890575,1.75837838350652,-0.11662540248209029,0.19661208558216675,-0.3821445485263043,-0.15013869044453176
1.415681239456391,-2.2345242769104137,-0.33929358052132425,1.2562948543635348,-2.8095803119008718,0.7420426895585536
0.08561701409917964,1.28005014212853,-0.2679834517686188,0.7934911013626025,0.9752844054808915,0.359924678934215
-0.15337868770769988,2.369670216591482,0.35471084365014066,-1.0055153610553902,3.2228062837119618,-1.6238782639137728
0.3500445412557683,0.733428554009318,-1.0294482204379598,-0.8921284623207733,1.1874655779123517,0.7739382082583647
-0.10865281030211937,0.7377932499575107,0.6074351322449563,-0.26738136939660667,0.5670485665343381,0.07862067441778041
1.471271303814977,1.186534510745942,-0.280712008656159,0.3251275666768601,0.6648911586066517,0.8493218296515455
2.2546415455269315,-0.23892871000474472,-1.3440349067159552,0.8903176252405555,-0.3961288641292271,-0.7555646059086374
-0.9611960852569584,-1.4932534150423367,-0.09661115658494944,0.9170914532395433,-0.4546499408729844,-2.093274313704941
0.2101667666396706,0.348646254402445,-0.39079589962388755,-0.5123866579890511,-0.0958625993519139,-1.98929215325358
-2.6372294141659767,0.4074403253786682,0.47987666472109014,-0.3728678169737155,0.15017320270867107,0.615452281772085
-0.10781584121662847,-0.5550074622789531,-0.31451518884610546,0.29121137668763686,-0.7032166433422372,0.652312568336425
-1.0683554801319664,-0.853993176115301,-0.5553880228515614,0.36980502606797244,-0.5075374880474809,-0.18382845268622403
-0.9939855800183236,-1.1828467468082329,-0.25640388882163534,0.9479725198108803,-0.1641392164459245,-1.3496650678923505
-1.1298973246541055,0.2316744236834428,-0.026162018033092788,1.1722652353065444,-0.2722787718840232,-0.47508738556604807
-0.6371139968102428,0.8184835456071414,-1.5966222424834942,-0.6348021496985207,-0.4493293516750719,0.18229507614104634
0.7410896269286796,-0.2007558066911827,0.867648525078106,0.07355055803123906,1.2324981258283794,1.1315277805394384
0.7783046641094795,0.09654869092807962,-0.2839424841700201,0.3567923148417387,0.3764849011181525,0.278789287296448
1.6396552608137092,1.1494184296457581,-2.0447177952290487,0.30170772989329875,-1.1624850707828234,-0.8013653004527143
0.618492802254419,1.1791306931745555,-1.6747065011557016,0.2255813287425983,0.7298911496265653,0.9635665079101737
2.038353416752105,-1.408125678512032,-1.6623334174154145,0.4684804298219398,0.7731144719946988,0.056793165946259876
0.45491184432149345,-0.6111806949936696,-0.5890945304575462,1.0334138724357598,1.0011142483671427,-0.4219385704990691
-0.37302016321070025,-1.0235030136180865,0.28770163787739067,0.24018215377180804,0.6816599846474107,-0.1448546525243413
-1.1330263855489304,1.46530521612593,-1.1463837807935737,0.4176863805528935,-0.812071844791244,-1.258101429187244
0.9619674097082822,-0.480641934369046,-1.564542049701343,-0.011501374702057705,0.13256755077466204,0.8297121138625511
-0.553581199845526,0.684341890132694,1.6683140265416128,0.6317767099013804,-0.5985855017240409,-1.0055339303755315
1.2636646779074172,-0.24943024928380308,-1.7572477687507195,-0.5486794851851619,0.8868800209397216,2.1416630255401023
-0.7443280955470993,-1.700913928240456,-0.6511351682173966,1.400445924533285,0.6072990199694767,0.5461290357727346
1.658610148926528,-1.6918672876107952,-0.8337154411034648,-0.2658769497443948,0.3803360658188393,-0.5347250344101484
-0.04374667827943659,0.3426104457000098,-0.692422417615272,1.9927923141155932,1.2269251108396664,2.2296088909898506
-0.5970543588159752,-0.47532751291360753,0.8808030455387004,1.3853878942672382,-0.6439469987609757,-0.26762634667577984
0.29662074982434117,0.9643088455133016,-0.23409870408595382,0.6762342127640327,0.3948541176537134,-0.23392219527463926
0.7246128237552754,-1.564064544724074,-0.30743996410782,0.20760645356925045,0.8317441541624992,1.808260445312648
2.7042088225507523,0.09242243670297877,-2.0735795965703256,2.934384711226706,0.02325030257811564,2.2626001865031884
0.4055525498216072,0.49144859822595666,-0.05510437986099973,-0.8301885655686313,-0.8574144370775216,0.8791454786741173
-1.022125246526956,1.867754430860137,-1.6756339537580256,-0.054824510562582474,-0.08523011972518584,-0.6338590638306718
0.6191547189821479,-0.6183581949973681,-0.33980916763575814,0.9176240523807861,1.1202267950256617,0.7924557022026383
-0.9824266540205311,0.8115404459414126,2.8732260078779612,-0.2267302211758481,-1.266423303766758,-0.390043559651949
0.7937366235225727,0.3659231758640415,-0.961542779251451,-0.8862415125920518,-0.4492852118813964,-1.3118816744279347
0.38309661455375105,-0.023411744099882184,0.629433180125361,0.5771493301897839,-0.7932345311266673,-0.6628488187417946
0.656911324394763,-0.9179400131414551,-0.3607115928979966,-0.7381893266344972,0.004831692536852814,-0.21036409413129983
-0.34337614050263787,1.1450476716198443,0.5346890128180655,-0.8034666141093684,-0.9742616972272572,0.21041437154727216
1.2653659680093485,-0.04579899706749528,-2.0707468884592,0.5852310033927358,0.9234539094726678,-0.08032113449686251
0.8539218122721451,0.15645616350959818,0.33714865756480045,0.5285610713901081,0.05558359500632782,-0.392640041154477
1.5172498996557395,-2.1577460420736,1.0689047327771704,-0.7404912616241855,-0.23779642055983333,-0.37949207366598986
0.887340401444181,0.09780556170575742,0.37625674579934004,2.1360531828635567,-0.5565162519418386,0.12872846759719378
-2.167985158053549,0.8116475426475451,-0.7720604866733631,-2.425016576162831,-0.06741329655875632,1.6907731276498659
1.3433791453186819,2.0771931535186123,-0.6540474298090729,-0.9904836149027998,0.7506533458642691,-0.6563919796839255
-1.5603948354554042,-0.8172933576842427,0.9377109732941348,-0.264342095855538,-3.1283302229373957,0.5671123237948469
0.5725415583445551,0.721249839898315,1.2345562264040306,1.217574205107986,0.9692116311355526,-0.8905086825375492
-0.5040195010570299,-2.240349933585725,-1.2659576970863202,1.6668319560542417,1.6677070175515516,-0.2493918959621937
0.04104430750662183,-0.015870519433853012,0.34700221208573245,-1.34078859552932,0.8549329301745532,-0.6991149176627715
-0.5055785611182574,-1.39518718399524,0.5285865559558429,0.5154328484020712,-0.002402711988356471,0.7374632125989471
-0.4694028973116092,-0.19963836370074636,1.4784047633843822,0.31155528050872705,1.2852376001438035,1.8934038103533333
0.3041862939109193,0.9636541411210652,0.11413709045130051,1.1835418116697722,-0.08205332494541695,-0.23075471806810627
0.49169472099407296,-1.2121164786645164,-0.5299963644718679,-2.010322434421645,0.020442387283824803,1.0786801221156337
-0.5282970749227821,-0.3410484503444797,-0.6079960346331101,0.30045646775497376,1.2002913423551587,0.32885611369247414
-0.6969053177548634,2.7329382024203652,-1.7583443983749647,-0.7849556813587891,-0.5390820454259436,-0.07511784515383925
1.4153311347408668,1.7634402183908826,-0.017210740962413065,0.15816534445639757,-0.8353921896858567,1.1925325688159532
0.20647425596834226,1.2819293862173353,-0.39617331210644013,0.24714675215255585,2.2821627129461572,-0.7926214314627104
-0.6322234715655808,0.4591154964356711,-0.05594019490978599,-0.23288831228556722,-0.6747828540716844,1.6743302119304961
0.25220121404480605,0.18777487763043882,0.7365987674649196,-0.2242256218376102,-0.24893761669156392,-0.809349591107741
0.10121308509766522,0.8834912462318335,0.878201948826636,-0.01827990922697262,-0.37852785225645663,-0.8303286470241233
-2.502450039469412,0.2669031779245583,1.007503543879955,-0.32412323686766453,-1.2855838283790637,-1.6281782526114976
-0.3647106466036461,0.1700715900368736,2.2853187375921284,-1.6118898586682744,-0.10926122295599079,0.12048872704079283
1.4352706923660399,1.3350816835420019,0.47452241337844187,2.0747627803888484,-1.029755430073145,0.6838178868886757
0.3882606591074514,-0.9109201271581042,-1.443227019891302,-1.144911081749758,-0.5150090632201657,-0.9710857747884771
0.36925653751899445,1.2662326463443938,0.860936829535744,0.2972857736465983,-0.5340845056887138,-0.9086107529841557
-0.002220976788956377,-1.3510350513711602,-0.513504625852622,-0.25251009467359314,-0.42930094182689654,-0.049323160778562525
2.0761647260265175,0.6129245526803931,0.7124286074637517,0.6025743681557543,0.643113919367289,0.28255687709435645
0.5271975273006226,-0.33957334476939605,0.7284561162787866,0.949628418959104,2.8064071774942376,0.8541078333703783
-1.7325478885320016,1.041792302056567,-0.7732568098998167,1.9185327767080242,-2.452578220483668,-1.0890071372141046
0.7215220555637191,-0.4589316134119165,-0.7322565572355607,0.4518405109376875,1.3684053687530737,1.3436021532350886
0.05144898202050835,1.3867204821327734,0.8071888868683694,-1.4856278944595072,0.5755594615952015,-2.8057643782913604
0.46718739090881223,-0.2328969426874505,2.247392874498888,0.869587759963871,-1.306050406422985,0.6848801454248848
-0.2945091807589797,0.4284514867070481,0.5496360041061774,0.17812467019626835,0.14273565824032983,-1.2521879925040826
-0.8149726626723557,-0.06973410054265441,0.755095455195166,0.1226527404178465,0.029492616794376567,1.5042896211179226
0.33043320680137994,-0.6024108892459118,0.8074104282066019,1.603772217731101,0.32393663823576474,-0.5120204643488103
0.9068477985611848,0.5011135707816039,-1.1358404271058724,0.14760051421828765,-0.07778035607005651,-1.2642061570490424
-1.1019710032065038,-0.8761440080523644,-0.8289512953253869,-0.7721027498749321,0.8059086592294955,-2.3618967287834365
1.4138814824032342,-0.5586932055240825,0.27141130047471973,-0.8286108270735951,-0.21714713606751085,0.7007783044957224
0.37473239408495046,-0.9512450680572523,-0.023697874148295762,-0.6057090945299339,1.658914058443303,0.8140797310310471
-0.3324517793016755,0.06986140417447294,-0.7328889570556043,0.3489409734751866,-0.7993119024700293,1.6063135016096208
-0.49129538280296176,-1.054797479428119,-1.3199644403169861,-0.6386845899320142,0.3144196357900115,-2.7219190847177144
-1.8654454503827131,0.6707264636054185,-2.5554481193233505,-1.292587681559652,-0.7838769809941096,-0.4580389401599817
0.14616324833664587,-1.3048561641007703,-0.6035923970326996,0.6961458120873479,0.4960366925527469,1.0707869063757416
1.6724994594369227,1.419851757487659,-1.6979099353173095,-0.14255258105882782,1.2694345204912296,-0.43841246523232463
-1.707728746434485,0.9092975110255159,1.9170999143462988,-1.5780331537779406,-0.0077893601555333244,1.5530250270538253
0.19480045186074454,0.4389025086718913,0.5442515425810429,0.5897477207853534,-0.6984939437983511,1.219549823892182
0.6029350239592018,0.6692190269492259,2.021235420382483,0.8516592278326846,-0.08502454671049736,1.9502667214018927
0.008205579269618558,-2.1492651953631494,-0.33188302275745263,-1.2462059049165664,-0.948131671446608,1.3124313403191048
-0.1835205155580987,-0.8379145253468852,-1.0335900364568322,0.12239819952955908,0.2446422118820525,1.121069231595129
1.0114087600008137,1.9541006450093084,-0.06565679660345072,0.27273226154810326,0.2652808382290732,-0.5104650808538738
-0.3606516200582646,-1.066812517441072,-0.658068405097991,-1.1651014310132355,0.7690295709377994,-0.09531633149086764
-0.06220376124986803,1.1038417087608097,-1.3275965394190996,0.41475362684007594,-0.10952249823713199,-0.424945566256634
-0.07616418678058925,0.010954174414415235,1.724356936071854,-2.162313778962807,-1.289905157243007,-0.7798294687075422
1.5387703988868286,1.0364556529828624,-1.4588728734009329,-0.0649369773742252,0.314481022400627,-0.6596909907363048
0.21408356314434815,-0.21774983119317412,0.6296376023601827,0.08633501248266087,1.4710758422678587,-0.8988037790367936
-0.09150862001477596,0.535996786593495,0.79528305395054,-2.1994297139226626,-0.4963519152744028,-0.3317877779681852
-1.2317285633900719,0.38668377131392534,-0.3677203552348067,0.8604242879857039,-0.5477129038333732,-0.14733161936128053
-0.02952367421209776,0.04132518372059013,-0.36624408431730626,-0.1509953149783184,2.5302560430427627,-1.4046553568010602
-0.8884618306110289,1.8076650959474436,0.5919443576720825,0.843656406970114,-1.083409125641994,-0.717444844681447
-1.0663587891763593,-0.4527341493040115,-1.7027616906245995,0.2836304850148821,0.34793376459124664,1.1412712729009633
0.5723938579176918,0.6882984061820243,-1.1920041773660586,0.6490211633953057,-0.09123855762979043,-0.759052030307756
-0.8663122369692692,-1.2541832565577893,0.044259931354524364,0.315845124500914,2.3319819092778817,-0.5407832091089975
-0.9088335487444223,-1.0476139173467183,-0.5909031133823954,0.042829271202278855,-0.01101084378494501,0.26725646063568
0.5029855980690885,0.8458639299117768,0.9119628347611,0.27413361980804607,1.7207244864406974,-0.23807744595667665
0.0767331069433032,1.2570324330795264,-1.7183571938300866,-0.524145340328178,-0.577293843278311,-0.2817817246103237
-2.5608628230967265,-0.5454657519699835,-0.3152623873596006,-0.24154685261034833,-0.4613681358940724,-0.6447289734511512
0.316746300579646,-1.19483753651034,0.515134968700791,-0.307836770140767,-1.769789010724426,-1.554508634035706
-0.04208915126698383,-1.4673319707722399,0.6919783279327278,0.4545076567670775,0.13784801582354209,1.1435330794829992
-0.4514326787111446,1.4823659234826816,1.3277254361977058,0.044070158032657535,0.5299612676061378,-0.7540588226927728
-0.3606953831476924,-1.5127409741739977,-1.4394527610926882,-0.7440465338137804,1.4492541940897383,-2.089844445943647
0.968356820766215,0.1680246284648777,-0.2418868891309129,0.8164468160373691,-0.9139324715159378,-0.9949010186754812
-0.0024999664841539766,-0.1806014190118812,-1.969675701933203,-1.2980865947711848,1.3466240385084447,1.951062187993386
-0.2605982568307157,-0.7462397448942912,-1.8292839488891834,-0.33041067348311537,-0.44622985536325177,-0.07897634058265707
-0.3416256169251193,0.35498920837531234,0.149283616755806,-0.4678862705202131,-1.1625516357448449,-0.3609458014028039
-1.9155213654721257,-0.4621384525183008,1.1956344342948229,2.3142954398832165,-0.4116198754405229,0.16591564200749806
-1.8982185339856001,-1.0903455030950708,2.4660823715046867,-0.44441317382253265,-0.9332788354254175,-1.4669268989622701
-0.3360020599323509,-0.9476664215182367,-0.5357373061503347,-1.5877319916461388,0.05904340122417267,-0.2201042008082441
-1.2005090694622529,0.7216438749491936,-1.2112742457679604,-1.3082474796865833,0.05236056110123743,0.2427798232664447
-0.8791949964225703,-0.13611183072885882,0.5272552939142803,-1.7842790586318396,-1.1018312238035375,1.5383035626579067
-0.03089674114319355,1.45493098047869,2.4502723760035487,-1.231250244355595,1.1901044270310646,-1.7399965800176171
1.7134343592199497,0.916610397431315,2.052326733191249,-0.5909692403742401,2.1232049592216446,-0.5941189139646583
0.1288822983948088,-0.4108411509716313,-1.4717101869454217,0.0070662763986162995,-1.2335796046024208,0.713447197616496
-0.17574709679670045,1.413149120237602,1.3726761737250786,-0.95335107945024,1.0335346576759454,1.2572098091537451
-0.38223229353736143,-0.6866636658940131,0.07532103398080409,-0.772535746059888,1.2927948711110364,-0.10826979140038598
-1.5360570873416952,0.7301550320481733,-0.4140033618098213,-0.05834796514113817,-0.5848608572975625,0.896610701851683
-0.8024837710239555,1.4022171734414342,0.9326568097641814,1.4513312765122663,1.39011293171325,-1.2548476170239817
-0.8992931952469254,-0.9654262885037379,-0.8245577277857957,0.3458933996877531,-1.0819413375468752,-0.7365363814458403
1.2856228080329368,0.1822745524587035,-1.079774356435727,1.9611061236476282,-0.4745819321864893,0.9598520733601351
0.3862749089242139,-1.5410650219081765,-1.06683734928903,1.3580351240848396,-0.91016144745528,1.2664044820452491
-1.2824718655934237,0.8586023758642878,0.6851196095022606,0.6983398438743975,1.816105800554509,0.8654139884486844
0.32155477003161187,-1.8250673003482976,-0.05961576711227978,-1.2137325744190712,0.4615881996800465,-0.209249188199904
0.9702112816811691,0.5489595294211139,-1.234795893851753,-0.6949049252569693,1.1201253596266367,-0.36109206297655666
0.10451172796404169,0.09605362124877072,-1.0853441070801049,1.7604366009712686,0.14963112297913592,-0.2899330987992548
1.0460636564495027,-0.5153331843869006,1.4036446317917413,-1.5020499318769003,0.9026028522942355,-0.1465420777177916
1.6939214917167864,0.722777483480175,0.014476719447407409,1.8515082873750008,-0.8558761975653771,1.6596500528864229
-0.08957210330717655,-0.12052016686946992,1.120976010316558,-0.4646920590471568,1.1996588621750164,-0.6240321143443072
0.522629754840535,-0.7931864953407519,-1.216094783886685,0.3985626129463023,-1.1336310491448833,-0.1510931149269516
2.233717318389404,3.4589568767805945,0.8058505757842341,-0.958065619381031,-0.30059272699765105,-0.1631740839208245
-1.3431603298714918,-1.5657962782553558,-0.08237108356700829,0.7608517659379794,1.0631998610635887,-0.4203687978446842
0.2962050004747009,-0.08406485223922452,-1.336945583892515,0.04801415842663485,-0.8636075731041476,-0.7547317275025627
0.4052243266508224,1.451289692470074,1.462656195254296,1.2288251890449389,-0.1201614373458622,-0.6897001752737262
0.5677057369616395,1.1022938582532449,-0.2097120377769678,-0.4514310321173996,0.26410354380534906,1.0011980534212825
-0.018703250348570944,-0.45886088917201523,-1.4199551093160603,1.9356063834644393,0.5785821439002247,-0.05879647551080683
-0.13489972319252908,-2.204250260847547,-0.9549881766580233,0.16566323366558205,1.3479984224938273,0.08143350116481884
-0.10895915192816476,1.9396466310660607,-0.6941816572420565,0.4511073225094831,0.7221596664297615,0.21712141269541946
-1.2881337152894605,-1.5839501802917357,-0.3740121292406079,0.0008231077637388863,0.24008525188050991,0.8436008691366121
0.18925895066067233,1.6580994940967981,2.6603650620798414,-1.0272523228900585,0.18770478480890893,1.614890287065728
1.41032026100024,-1.3127712168920107,-1.886811185385586,-0.6004633388322879,-0.4128887114900068,1.9904790049822412
1.0764571220642003,-0.19383291395114,1.7727163891897588,0.050165305607498656,0.1236005732213042,-0.17175831788299364
-1.256575057418487,-0.16313657314140795,1.8365122385520583,0.07104180856983165,0.08862767806814505,-1.2321689474496664
-1.5756408017383148,-0.6179318288653994,-0.3251995233854093,0.9212927612705963,0.34492209570303345,-0.268385417158066
-0.36673468949015203,-0.08023968120685378,-0.012541253756129139,-1.0810517530275463,-1.5164049665341648,-2.609337454723587
-0.32169152968610554,-1.4074426844238463,-3.3203437577170485,-1.634153886146609,-0.7660625155386109,0.8219604197379986
0.4136104286644134,-1.0034597640300773,-0.40454858169771346,-2.0663919819377754,0.7088154854931511,-0.551248021569777
0.7442952732300412,-0.3774067717314357,0.6086667006843106,0.15361957620153555,0.887907961373777,1.9814143423785184
0.4900426643677796,0.8227512483120448,0.13376766703086973,-0.1101013845516257,0.9480551265848934,1.3339018283519242
0.5215247368322161,-0.03807186868513161,-0.30942779411541904,0.3492702165806795,1.2763467691174342,2.4342626895126425
1.4286187027714896,-1.317996727874423,-0.47231102802045205,0.6468174479875166,0.7758103475736761,0.7046171629539878
0.9721259168440801,0.3008043371480948,0.7988992127941404,-1.4712989024984888,-0.9337590763805955,0.7940234434462747
-0.6818398742158743,0.21878038440316408,0.5294958824486772,-1.0771271198750612,-1.3029587260843865,0.0778209757205651
-0.9435103267377998,0.3769197848224088,-0.7301841387170058,-0.5130257769585322,0.6785537597085062,0.3806553948868347
1.3435979607658717,0.30562166823164444,-1.113059935499072,0.11843206514528862,0.5696475068200854,1.311089254952564
-1.2033700814343007,0.19327924418733394,-0.6899099374384988,-0.2969980317728776,-0.918986284107203,-0.26866541327263077
0.6881909925705387,-0.6937259864212972,0.8939636080357976,-0.7070495690517034,0.22478163014206926,0.6324274271070538
1.65448000736082,0.3617706526355525,-1.1178734245752147,-0.3336878874197419,0.4582925181340485,-1.2817566994779632
0.1542922421997276,-0.8335659949392374,0.5918688322158668,-0.2244621788587933,0.39933665365679766,-0.8989239708392985
-1.1805476302923914,-0.33247667246844176,0.6478080201195737,1.9948521585865346,0.07112190049167698,-0.24758732608235323
-0.677862903463189,-1.2302926083191434,1.4691050622090314,2.1109449376335387,1.2377756518129508,-0.5254159253799189
-1.0649091368387267,-0.676539996125288,-0.1943904402260245,-1.5335715007921125,0.3178041352135252,0.572301562546872
-0.4649007694856887,0.7887510751526579,-0.20887521572210244,0.5565827030914519,-0.7357513639508537,-1.2067627703796597
0.9909112229852963,-0.5834790205706368,-0.8684309688045017,-2.527916113625332,0.8598358815636813,1.3372856508029676
-0.9054856724024077,-2.5161603243527026,-0.11340801804730462,-1.165360122024699,-0.9860280312612526,-0.34483688346701014
-0.38390076132218387,-0.8993718691285107,0.2778188801800516,0.5715992321257134,0.5250522120065206,-0.28747052112176386
-1.4255334049660926,0.23712625223356162,0.24377603254238267,-0.33062924663718124,-0.95872671837514,1.0725845356021955
0.3814062652242402,-0.4989292021149464,0.4516774733823431,-0.41837115087734855,-1.6823210465231597,-0.9919632601675328
-0.19721289216599203,-1.3232565906305054,0.08212336007062478,-2.01999913829955,-0.6199771960143605,1.0770512692653667
-0.32009417692166053,1.049891237871543,1.338316119171304,1.1399765852905008,0.11006548229415014,1.1443728985424684
0.7931841145183878,-1.6065778956750019,0.9532974134448724,0.48890111092183,0.7195292361692581,0.3618694161555629
0.9436799087094024,-1.186536531438503,0.7274420611533297,-0.0159309395079226,-1.251663861089501,-0.7093540742464555
-0.3329988179196501,-0.2838992231191108,0.2992298435141419,0.7854094281596504,0.4273022058428886,1.194459531193272
-0.020442833153719888,0.4693846560693396,0.7060049156610883,-0.16177318487291772,-0.13886494284078515,0.19081142712743923
0.23802744345310528,-0.4136499136419961,-0.5229855881228903,0.9404206790003764,0.020840032995817315,-0.21964290128455172
-0.4522696477966355,-1.2946435838590191,-0.08890756005095561,1.586989119597182,1.602545108849473,1.3274864639301334
-1.3516777211533662,0.24705391482312788,0.6696902623004477,-0.12730087837778375,1.284980179020254,-0.9895035603219393
-1.092829987900169,0.9124801018210732,0.3979768600008655,0.5864967909621831,0.5301100294766262,0.8368516762154784
-0.4253170550890692,-2.6078290427275945,0.43355035688451377,-1.0773968778816645,-0.7618881614218003,0.9505363622449772
2.782697923457784,-1.1650606108193433,0.0914824746048595,1.637536236537099,0.7777348856410952,0.5666652441463776
-0.24522100127947088,-0.8497416389509427,0.057175791373475504,-0.7182853358703399,0.3976675558051131,-0.19306781661415398
1.4087283786219544,0.07840489235454286,-2.5758279084285727,0.026275813217578946,0.2730958317623483,-0.9414537555129923
0.9467706769009588,0.5319998566927737,-0.7005328446067511,0.399853301254818,0.060728863096926974,-2.3424896462164124
0.05513602230567734,2.5483701638963105,1.2067487604315164,-0.6612999945061476,1.7356250580338752,1.3151591863832461
0.05582529096430491,-0.731854434498365,0.32924365981423165,-1.1441654429520132,0.9023192702685819,0.6401318909317408
-0.48846172276186367,-2.3284844606581143,0.4520198554505206,2.321754594609404,0.2809061206395642,-1.2195647209043292
-1.2179650717618522,-0.10413235013806084,0.14617901700230423,2.2882105323318593,0.1470327102177508,-0.4207295425364241
-0.7733211422997516,1.1157193396790823,0.4014641220658598,-0.4733215485096806,0.2850503412728408,-0.6305468486084435
-0.449556336251502,0.7639248462547314,0.3295054813957791,-0.20905415487136106,-0.23520178659541913,1.5796798445960318
-0.7326105283500738,0.9412305156872209,1.6215889442962124,1.3287407879420976,0.8298979265485403,0.20577784580253194
-0.9404633216357222,0.5938310285996107,0.5187893937755482,0.036226425225263446,-1.0731935086862083,0.7567726181659081
-0.24190594725451442,-0.22232467916850965,0.017747475204592945,-0.6219167089164243,0.5852084958530602,-1.8594587674944998
-0.21657805924229181,-1.7221534278291035,1.9772604717494195,1.216709596112462,1.3124921894434403,0.8232148158739858
0.5283134860813111,0.6240828170442302,-0.387975275585749,-2.45591147647809,-1.0348720826584787,1.029770184139757
2.0562415795598734,-1.1572870065079055,1.1471440703861444,1.1362539247993777,1.7204892536378216,0.029931652360594033
-0.24560939869821247,-0.6433076861419721,0.20719754358802703,0.05888056428238098,-0.7254810890115346,-1.2886773773229485
0.8867550701229381,0.17613164705013587,-1.5489032452342941,-0.758408726760219,0.32223396184347813,0.14496485655733704
-0.40248913356094956,0.7709144218495533,0.5073991479721527,0.4032840697490574,0.057959575505005335,-1.3171506460517606
-1.3314154107435676,-0.3841922573768357,0.3487231854813696,0.24599716803211225,0.4577619685798853,0.8509709966092731
1.7443748634525709,0.822266282095579,-0.46680169774104663,-0.6419272195088326,-0.700229563548844,2.5556877276233605
0.11765706595396043,2.000524036080511,-0.14165554567802782,-0.3392462857301643,0.8367916795246163,0.19760378752693375
-2.5621647750074956,-0.8632075342281524,-0.9435103213254064,-1.505628721431176,-0.22359741330679886,-0.6362498649951147
-1.4078695279917242,-0.6764328994191556,-1.4148787916522911,-0.0897256631195028,0.02599602382653631,-0.5350781613115856
-0.1175257766856771,2.5126867538272584,-0.5996338561209217,1.2776444713682082,-1.908956225025455,-0.005332961062338403
0.1293746331509859,-0.3727551374385157,2.454337659560117,-0.08393347453668558,1.7166739390622419,-0.3558005765502886
-1.6821711022027028,0.7702051587579795,-1.4059839069222582,-0.013249959934604235,1.5393234778192906,2.11479000062687
0.29592601077950326,0.67235716250827,1.2885861307746007,0.8335688408975334,-1.918480688172922,2.1072725958750897
-0.4261923168778285,-0.9078648399943843,-0.5230601065730174,-0.9577031752901047,-2.124659559207677,0.43390188695387655
0.2700565545355164,-1.1212014786177116,-0.6715179783408659,0.09872728029370527,-0.6141753754073637,-0.671781608931221
-0.1543250645167857,0.2422871010537746,-1.066981351158879,-1.4285111325279953,0.6562564352758229,0.5852069457353837
0.23646291300566746,-0.004471792654325248,0.4624665365542697,-0.2625990441205615,-0.16726858786199886,-2.6119290269834767
0.028632001264809397,0.5911334040205193,-0.3886278155274595,-0.31579532302277696,-1.0322866426901134,1.2643375216106478
-0.6813858321629656,-0.24407743466957238,1.9302634978616426,-0.4539224893989094,0.4983103871539346,-1.0247060464328748
0.4576032743218876,0.8224016684976795,1.617991918568181,1.3382528702672496,-0.26541059845667103,-0.6183184330512185
1.22704591282023,0.9066504037606398,-0.4481318049645439,-0.12428373882699532,0.47045402174526957,0.8431861227758612
0.12598299371954358,0.6852067465520544,-0.20289460659590397,0.1563890917360007,1.7637272282642922,-0.5580979386070963
-1.7069847739140092,0.6376921814938036,1.1627486366463813,-0.6248356288853134,1.4452518882760297,1.7604902980498156
-0.006487878009158027,-1.0440837674293568,0.5090607080088965,-0.9130395496429272,-0.7936753584758344,0.7151823609624949
1.0340835107158597,0.9717934907874135,-0.6648838222668872,0.046762204601116034,0.47403542771178253,0.9320200532903108
-0.27664289949589965,1.0171216664864269,0.7352171551192133,-0.2446829623589157,-1.9619418701999418,-0.39045492032811924
-0.08438617720873687,-0.10988526188089096,-0.13530335130725413,-0.038286269696192185,-0.1830948678207604,-1.7996855219830719
-0.3483815438571052,0.6125870970214318,1.4949045580522893,-1.5018050746093654,-2.026909273133162,0.656595459327037
-1.5235900772380344,-2.606178136899038,-0.10313655600197952,0.6313817565122276,-0.7623034415196538,0.5995729132506508
0.8209189724496986,0.8271300891082216,0.2932663534913542,-0.37829756146560645,-1.4815155063568537,-0.30875428865013443
-0.4064387523827362,-0.17198316520676904,-0.2711857311121614,0.5591696132060597,0.17026458174055592,0.7340805751375108
0.3093831607816777,1.148115082939006,-0.2037294146386111,-0.4821156595249573,-1.3078784828925207,-0.22596363582240236
-0.15538631943567674,0.8358716051600114,-0.13636977074901313,1.0460731315046259,-0.3384350424795526,-2.534337600677271
-1.1957443630997149,-0.44758340394662277,0.18631123042312017,-0.4457080122542372,1.8294582711596876,-0.669100316030021
-1.2538234531700851,0.7351279564595096,-1.1921280391142597,1.0900215525907162,1.1424434189965436,1.5259788243744512
-1.6127901942849983,1.251469466438153,-0.25553987760253044,-0.10865160818792068,0.976940110673225,1.4229157080016692
0.5693687343603027,-0.5974420062197165,2.2831959687694203,0.05275774921968309,-0.3858255920026861,0.6225449523936128
-0.9454359026730804,0.7188916916707461,0.48021904678926763,1.2421540013199375,1.5031094254970223,-0.5986476056556014
-1.899640834392334,0.9584973336859743,-1.3208737668098298,1.0653020355650804,-0.20827363798451243,-1.121951879564501
0.25487076250051177,-1.4243962950744655,0.2263346871869875,0.39532966699023625,-1.452839077410732,1.3208197124284649
1.1429332549204294,2.6922293299332005,-1.1433839096726948,-0.3514517979981884,2.019233449139601,-2.6268996777642992
0.6247782759749163,0.9205406444772571,-1.9641955748301954,0.6063426800018514,-0.10953809788616498,0.6845805123397677
0.8347864014153539,0.15336248318704837,0.36623602826864515,-0.10827948047625487,1.7664316195937098,0.9066147226414534
1.1787588140116045,1.1404647408742457,0.40732691148036,-1.561961110081946,-0.5698870028810814,0.2778844630930922
1.4193245166520811,-1.0082548674953797,-0.5891539438164396,0.22911170019311822,1.2586933923772405,0.4158414604275734
-1.2629152350008328,0.9701001504149239,-0.6026760214972834,-0.20743560683174006,2.7680536155435513,-0.04911223262938123
-0.8452238982463495,-0.4594347658615074,-0.4795000444461005,-0.8458628891266914,-0.5133799603278699,-0.5683237217366984
0.42038276675492836,0.12151030622808773,2.3569349961940316,-0.4843760932828476,1.231924222384185,0.05807346256926187
-1.7063556795033383,0.7816968373956369,-1.2474529533074128,1.3493696668881072,-1.3896829024648285,0.042361008297499
-2.2898817732968126,-0.38067423161487823,-1.5257874206018982,-0.9372984029957374,-0.049244248604606064,1.7698689828981118
-1.4853520778416118,-0.14073719601839074,0.5437319274422832,-1.2428636723834738,-0.2941974091843892,-0.8578212522150506
-0.4754695555849676,-1.096098414837901,-0.15409609882586944,-0.8333170667580342,0.2503298611446795,0.04645633236251297
0.14008017890475846,-0.8466418965506908,0.28835619183125943,0.5850898992046767,0.7023598253521954,0.5045677261724588
-1.3340138441789469,0.4663940310678001,-0.0076200150291170846,-0.6453413875103554,0.7175281424743217,-0.9535506372243788
0.172163993848967,1.4426471903541347,1.4132081685607978,0.13757658336778528,0.6839220737126034,-1.074688061430237
1.0993233362955375,0.7775241072414618,-0.09234547881788527,-0.6671475180646655,-1.2408643823214358,0.8990800508983274
0.16918810376716498,-0.20726041606953868,-0.2262339865787,1.965621457665858,-0.26731192545209986,0.35486003337464184
0.18160041000902835,-1.1500650512677126,0.021077644320653104,0.11665857917368001,0.014479402600899777,1.2536512853785025
0.3457338769460879,-1.6546117787233885,0.6407509214907876,-0.7488025749763565,1.1111171059832914,-0.437865338604594
0.16114663608293878,-0.3922689655735459,1.1925892479002145,-0.8295861060205463,0.5915155448447762,-0.7660854514491765
-1.009860640711956,-0.3383912396167605,-0.0792594347709245,1.006121279039451,1.310308292407872,0.794278554779191
-0.5507092471011594,-1.9127310060522051,0.8325402650047478,-0.917437296837753,-0.34227039221513944,-0.6917986225748965
-0.14203310677093786,1.626111930735737,1.2433967328055846,0.15315752915432232,0.1721252893600004,0.9654255873117085
-0.839108006497353,1.458836979213824,0.24309529643036293,-0.6632256516609685,0.01284544433130357,-0.5767747290107387
1.3138773526513234,-1.4877146967117902,-0.4530157844664877,-0.5055251210005723,-0.8654832990192449,1.299797150465256
0.9501459051738721,0.6138823609579018,-0.17112356468119738,-0.8254428997139951,-1.2869478664274423,-0.41042639651422763
2.081886749970562,0.856339200187447,-0.8167322835157778,0.022167191270848707,1.6142979425660866,1.4080693118448404
-0.6138648555463236,0.11502994516055882,0.4809078389499579,-0.11630443532910564,0.5139225783475724,0.8993739283196573
0.1681542007792236,-0.6603724348838648,0.14103422292489204,-0.3233360968381343,0.2246277329833904,1.0044496648895715
-0.7876043206150471,0.2766085643315777,-0.21198283649385097,-0.7417653494399846,0.1719152700685351,-0.6204067232986585
-1.4471797230793564,0.9489960372283957,1.5114577240425868,1.9466948209102335,-0.9399351593747381,-0.07574199610571412
-0.523548779718722,-0.9901514827732152,-0.4946051356892257,-0.2549164744299318,-1.025954477079215,-0.4501353980821262
-0.38270274674885013,-0.5803873609406669,-1.236737401579534,0.20561923625393927,1.2361927126853585,0.9484440091760521
-0.5690405111895179,-0.9435785604519469,-1.0546596247288242,0.23938809687032003,0.17126048314388298,-0.4880599745934198
0.3430916804212809,1.6092836030243751,0.48301449567533433,-1.5262306245765165,-1.000186623688567,0.598306836502872
-0.3605531531070394,0.18672815887990377,-0.25865354041078187,0.7375329154850927,-0.5439014111179774,0.05109709021297513
0.7033986661502317,0.5349702747686271,1.6818985385995968,-2.0718908951493082,-1.8325583165274775,-0.9765851422478038
2.100447770278429,-0.18058323277877503,0.2904638555627149,-1.481300699358711,-1.523470358712814,0.8998668839941518
1.2309681797111178,0.804647863589899,-1.295551591849849,1.1760314720910472,-0.07894510833289471,0.03184371772577356
-0.11770629942959852,0.4483957223592068,-0.10870630664635744,1.016081574667888,0.6168296519222555,1.901879025272106
-0.1402552312625205,-0.7857402432254323,-1.0090241230650963,-1.4279197399750567,-0.49480160729671907,-0.5856602889003153
0.13846094459552316,1.3140361704399517,0.6227879469844649,0.30748193460901163,-1.2713148434043502,-0.5181901973544952
1.36257473042343,0.2758669701588949,0.8017148018018646,-1.2079161767843858,-0.8335645546142573,0.20910969799531268
0.23027043585023607,0.13394362760272763,-0.7980936079278405,0.28925182686018247,-0.6597389142754908,0.260720396558701
-0.2537165110166058,0.9713105452635276,-0.6719238017922721,2.2454884726450257,-0.06181399147829833,-0.2375856752717894
-0.7830037258379015,0.4377284862895189,0.3628837050187599,0.11723406292109566,-0.6920630557708696,-2.3976030047595205
-0.09196813245389497,-0.7692008745513776,0.08840204299735048,-0.40906519133672803,-0.06536732022971295,-0.6913376616196623
0.33483686767607523,0.34151118894269844,0.5214327847430951,0.04077150179293164,0.3290548303309744,1.0152242674891945
0.8752289664422547,-0.94701575851116,-0.7543875299189067,-0.8128818602270218,-0.6809361996891833,-0.17713300750775582
-1.9978506774772984,0.24983034641238366,-0.48633459473056573,-0.044393867640580446,-0.5597153642319198,0.3731522100102779
0.9934330710141897,-0.5253740057603201,0.22015166983813492,-1.5394273245970016,1.0364429317889265,-2.2422146410932493
-0.43833657419686395,-0.010921843333325038,0.9975341836594925,0.05898915917222009,1.558021632709956,-0.8946023137602729
0.3679709967667542,0.38927631987944533,1.003826964671373,-0.8542952477382356,0.0037399970154458626,0.5273933344574431
0.6386894680300503,-0.339041902623856,0.2864791324927767,-0.14425828168519506,1.3395229576917398,0.7230008377153369
0.2765717844755731,1.226517954600988,1.0746497024799724,0.730954278559952,0.7056019900898151,0.41180200015808605
-0.11476323166490551,1.3188939153748924,-0.5498112231645921,0.3328364204809524,-1.8560862153445912,0.8138792985040582
-0.4025164854918483,-1.6285387825106274,1.4291269207188935,-0.13981211638661353,0.2650179696090354,-1.8518793200728314
0.12598299371954358,0.3955323840718475,-0.4672397453870973,1.504385067852009,1.9022969297144132,-0.9209124686124861
0.12986696790716304,-0.21194438144356775,0.8144584637806478,-1.177971654677003,0.02415327356705316,-1.2416954174297687
-0.5139154296562102,1.433879405298938,0.5899212824515923,-0.2190441930492363,-0.2031732094648074,-0.6355635867312428
-1.4056376104303983,-0.024254372900995393,-0.08053329746576139,-1.3418385766934895,-0.12850942427065953,-0.11509025298187282
0.5978311536535094,-0.30348983757176323,-0.1686433086990781,-0.4864871226063268,-1.2639582793086954,1.849310516541725
-1.376310870120751,-0.9342692297883671,0.628104939102045,1.5762887186685766,0.7834312013754088,0.7181009903525741
0.2765553733170441,0.22444034428782694,0.27987820761953097,-1.150782814360157,1.1058478589014855,-0.6660857871242817
-1.5860837689554697,-1.5332227140493986,-0.15487552153400908,-0.3338884767067035,0.07769604906413825,0.10276085938212076
0.4131673273838234,1.259057167033275,1.6089681370595417,1.7324855213639676,0.6582784253950341,1.1492344876695006
2.1930723490738937,-0.9235716833301688,-1.8692882725374724,-0.12285471307919577,2.5248847038479263,1.0117903369064039
-0.8901412391682211,-0.9871386301534285,0.1536348900399052,1.0840384583416898,0.4633708013962951,1.2970618558950449
0.5800797505002345,-0.8629044303428612,0.03806785095092217,-1.4937289349039768,0.288720963451593,-1.7411340007514509
-0.9476514090758774,-2.1110437954279333,-0.37090350146277085,2.089033670625365,-2.5889814977970342,0.6676668171798875
-0.8186214102542053,1.0134237990858748,1.072558150845839,-0.019746286083381394,0.23185235139336813,-0.9181410318594094
1.0535416743572252,-0.5575494935302581,-0.06408385310199807,1.379215969413597,-0.028755815979916454,-0.07742375027750159
1.5648641409642157,1.3438838203708496,1.7994322605684328,-1.199839345391797,1.8931365660357447,0.9313116834345715
-0.6227378219298814,0.8820585752006831,0.5821280623762188,-0.5146291078798372,0.6862640988675605,-0.19309109319562073
1.468661929607228,-0.9222360055423078,0.773213508638255,-0.6620234993135996,-1.2376847669011943,-0.40604921420812956
-0.8545509066828159,1.1845501906435654,0.11434856172870426,-0.04744144142800745,0.3331892110200014,0.7823011030912768
0.03201269992388205,-1.0055754291494134,0.954984148633688,0.1874167959929669,0.21306688583765515,0.5274932121524795
-1.0270868867919953,0.9397392445715921,0.2159101602170635,0.13268497151471362,-0.14522783405440268,0.9086423244928373
0.13002013872018572,0.19303271969396002,0.3904082022819807,-0.6223130456799711,0.3740725322042031,-0.09097436030438136
1.2715256228477219,-1.8182232146184194,-0.04459727839228749,0.8198014989400024,-0.09501866802846362,-0.25243875815565114
0.5248507316295423,0.8030232267647308,0.4691450008958893,-1.3952036272716275,1.1661848036937956,0.24176699572507065
-0.36195357196903394,0.74224281499357,-0.08630545633280283,0.03354406227754451,-1.908412670380862,0.1384281153434419
-0.7853286399642934,1.3580872684356013,-0.6155465662425146,0.8446081685523843,0.15378492517737724,-0.0735677941121193
0.5890730653797568,0.30640771764084035,-1.0285016347200573,-0.707540666961161,0.05366576403438552,0.9725001445207492
-2.204406989238286,-1.156420129395984,0.7189822030511004,-0.10630263846888355,-0.32841372674236324,0.5286060866731269
0.5165138630915894,0.825913632181916,2.5451011318218093,-0.9451725700397765,-0.41722145210548345,0.18511501282569245
-1.1043451508085338,1.271435929708559,-0.4212900578255105,-0.676898924159789,-0.5979961708836677,0.04071438060320687
0.3575936741838173,-0.5106977156345256,-0.6680589124461902,0.6640639765430363,1.0705262378466915,-0.9085149381106082
-2.1386474769715833,1.1024757205844196,-1.0273617038342504,0.26168601702128813,-1.229442963094694,1.1829558214198705
0.7348096235943418,1.4132764238694207,-1.0635746495805147,-0.00015632130638816973,-0.7795000036927267,-1.3753541189088074
-1.1467461140877224,0.5753780640630807,-2.21558759437736,-0.11537204098834025,0.44382606679456077,-0.610560221483858
1.7686579077044826,1.4070264217547206,0.5326719796340593,0.5949616588719667,0.45383462505479977,-0.45185786511095927
1.139350151972696,1.5731515992050882,-1.9176215434972261,0.9930165734160947,-0.04353864198201776,0.5634260750689132
0.39621460061282204,-1.4782295657947377,-0.6770343576628627,1.0297935816497052,0.06725380118234293,0.8058067261236663
-0.3795846266263951,-1.0708134887269156,-0.4836247413615528,-0.37743848596765894,0.025545151982855473,0.36315309846314564
0.4324066755779992,0.13894888309517286,-0.40584258451420785,-0.12490349055499726,-0.7211673608047486,-1.1221277658783033
-2.1721973554119534,0.8091540080178944,0.7705620616220376,1.1629710344482642,0.42925639293269496,1.1712946773136117
0.4831937408707787,0.17636402669552576,0.7663104819401468,-1.0376829658120605,0.1853725888323962,-0.7135959138115638
-0.38797072863993504,-0.02872414486275956,0.17033205790006137,1.8781147270724603,1.0572211475419921,-0.2448298552781582
0.2615501040260118,0.13886401400728757,0.3934825918529962,0.4864179538866849,-0.5275901101873579,-0.12751393789711102
0.15216426197578614,0.11092591855372395,0.5090375468689828,1.19301377613754,-0.35328731867897073,1.1147214115806643
0.5668195344005106,-0.29141215808920956,0.8818916191142845,-2.117116170799986,0.6827087892083309,-0.6024366099084612
0.8197483098072635,1.2111869600829568,-1.5857022685207938,-0.3247789563298622,-0.790562168062173,1.1325852144751218
-0.32143442153569823,0.2532190478499427,-1.1630114652340078,0.489100316834391,-1.651362288801574,-1.006555137486241
-0.9468582030798144,-1.5113891308455913,-0.20434973038565837,-0.8923968369529891,0.5184285622703215,-0.5944487642846287
1.1744153273848659,0.011986748316985102,2.679948309373514,-1.8425205039447268,-0.12572526910433138,0.7045290505128595
-0.24776473085305264,0.369180532284641,1.5780178051023783,-0.07803614950001778,1.6106209685633632,-1.5952563636320014
0.09072635479108251,-0.2975126289538252,-1.5526543428930035,0.561239141297741,-0.6605687316307687,-0.0068279100875644145
-0.23669813961143726,-0.9884682458635686,-0.16437360290768807,-1.296815273704174,0.18859236069907775,0.8319162791646576
0.6980048653770229,-1.8368903725672143,-0.08849569456305598,0.4308671717678558,0.1353155220759801,1.5898143835262626
1.1403129399403618,-1.0232463856618885,0.30832612946075,-0.5025688499230739,1.277126019494445,0.8939877273673326
0.23669813961143726,0.6650543795653328,0.4047197727318022,-0.03630389419125724,-1.3650099420391746,-0.212956851380793
0.4665856484290402,0.19037146758109982,-0.11962829462121606,-0.37714382722197404,0.5598311504467915,0.10850204936240211
1.1991524136896863,1.9450317767614005,0.9710469026616235,-1.3181787244527758,0.8844141029199835,1.408759652930209
-0.5605778237694411,0.16367609805723,0.5257568688629641,0.5411746791040196,2.083534362719943,-0.14567077179176122
-1.6577512982962976,1.0207791200356071,-0.124622037786197,1.2392959498243383,1.4170952861439488,0.6972826698115093
-0.2500732338209155,-0.7083396350774724,-1.4157840901207996,2.129069908928498,-0.9656095440608318,1.8520947342540761
0.9124275924645254,-1.6506269729780902,0.30129420598403567,-1.0690551302928486,-1.9260654011728549,0.013751381122326803
0.41322750163183114,0.22234286540161585,1.7070243473734075,-0.14371184880002388,-1.1210511110554333,-0.24338340618451343
0.5157425386402656,-1.433628839420442,0.7154053174447265,0.1607328873295135,1.2497625556256775,-0.6811530991997929
-0.6853026286676431,-0.242683156797233,-0.7119623636473824,-1.2139400805780034,-2.0439443482562067,-1.3870387935228785
-0.37462298636135555,0.6916891283121444,0.7738167052818915,0.9713031289460945,-2.1629577956950237,0.36530495493852744
-0.12686919628067259,0.6638783364903993,0.33736012884220423,0.0897187462475386,-0.9686010916626094,0.20792580874065383
-0.1574978885010382,1.474911588597099,1.9541194719649517,0.4815816770093139,0.6096617692958546,-1.266597719992514
-1.1018944178000178,-0.340603897979386,1.2367394155917018,-1.0556405488054914,-0.46751797185968275,-0.25717135270027647
0.1367596544936426,0.7534617001344841,0.2096858556188168,0.8380219230680727,-1.7344417778234955,-2.0844998042695133
0.011619100245800255,-0.4340528465072326,-0.36980485782635797,-0.7416200951287366,0.6283871509031536,-0.16459979569643407
-2.2409218169880885,-2.052324490076771,1.1905329414789818,0.2017485547027734,-0.9683671507561326,2.1726714948805905
-0.7386771866234322,-1.009905773323936,-1.4663237114081287,-0.40047996985477124,0.5407124294488357,1.252189854630598
-0.2335526675580835,-0.042123357285190205,0.539681748976958,1.391728590796821,1.0579795876211535,-0.6593795077551671
-1.04247508311561,-1.5289085354154208,-1.3283175557744344,0.48754678739123597,-0.37616036597661173,-1.0816551231539346
0.09060053590895856,-1.8329035461293548,0.9876363208709102,0.3700291327196084,0.13603890869948404,-0.5916473642230403
-0.012844466750032726,0.8283061321831552,-0.6119485335083946,0.8497889056535644,0.39107394266021966,-0.19796393972387394
-0.4437522565148122,1.590278989416619,0.6819435123168783,1.2469211094776664,-1.164307161465704,-0.49778069822616516
-0.13502007168849367,-0.004756710306510236,-0.5715122042505485,-1.4376123526584847,-2.190568560832204,0.2677969851784901
-1.039406196468742,0.2726096137383142,-0.8220784788097649,-1.2986800623857178,-0.440606607136177,0.5058363421836652
0.6137554478227287,1.794463911396733,-1.9668983791566357,0.2529638414744416,1.1614497557734826,1.5156502010758066
2.382818164104533,-0.23367895071150546,-0.523324949172821,-0.879387584162731,-0.24530536383589613,-1.4716830240147116
0.19342191454343843,-0.21557758668192076,1.5199840445462913,0.8610260558465886,1.0305699707534903,-0.8248546721991283
-0.11620741361632782,-0.25177021127824717,0.9707407728124352,-0.41225317762502045,-0.8143789995091977,-0.7120940241329592
-0.4468430247063685,0.42323405849489903,1.2204259170491265,-1.2409642993421028,-0.563899095363436,1.236547991882276
-0.4901739536361139,-1.2323981699756366,-1.006299164604831,-0.3308415946064768,-0.5592435851981641,0.8674901748737543
-1.0124481333749653,-1.7225454421874022,0.5799045929452327,-1.023683908643729,0.24104607829657423,-0.9629141711341901
-0.20169313844722414,-0.7160748462300993,0.28681245150621393,0.21230992650490121,0.7933719458404379,0.3774133479774805
0.5666773043598575,-1.556723368622307,-1.8266989642744413,0.9513936046843736,-0.1122898264528488,0.941142187889742
0.41299227502606134,-0.5568321476684023,-0.8695195423800858,-0.7443218253179475,-0.28471061558279315,-1.262485128936154
-1.882409117926135,0.8559451651365686,0.5854592384983675,-1.80292348701132,-0.8323899408755643,-1.0504834638168057
0.3932058882139619,0.535190530258613,-0.30826873011403366,1.5123297869900778,-0.36589764863123453,0.058161998220968666
-0.1160980058927329,0.44719138958830534,-0.864931622666511,2.448032467623681,-1.542220318649128,0.28095214724670925
0.668431957689287,-1.1647716517820361,-0.23570286477597185,0.4448378697611366,-0.08851142892372922,0.4392588017346018
1.0043847841460507,1.1413639490672762,0.27051506506096096,0.06985487334077238,-0.013149707465162527,-0.3624675819783025
-0.38997836036791195,-0.709020608473097,0.5416776350332181,-0.6044661326379609,0.8855673896022702,-0.05557609698274158
-0.2380657361563737,-0.8486888581227056,0.2763436162686397,-0.30836729422042825,1.0459007330821413,1.3708849306243134
-0.750651861970865,-0.3999294111011493,-0.8299683714690906,0.08918130529591958,-0.32288879183134317,-0.14592122780838487
-1.7602553945324135,0.6069069302110641,0.9177198885368982,1.3440858683946582,-0.4975236653094104,-0.31363593795828565
0.7672599544126035,-0.6332506992280075,0.4919345555574393,-0.3924667736842544,-1.4577837570535868,0.057945568334349634
-0.4119146089486922,-0.08670387673381875,-1.091580495751348,0.816988407112164,1.1416769476280935,1.351271659866517
-0.28175224018780254,-0.7331153466611837,0.33359996812875453,0.16095007710917883,0.14018214964465445,0.25411636486383316
-0.6159107799775689,-0.3751840099059672,-1.1087509564704554,-0.5459597711288401,-1.3524049842227746,0.02899567985913119
-0.7476322087996861,-0.043509552387266434,-0.08841312006425835,1.2651346167337725,-0.8542213536373087,0.09952262136791393
-1.3760045284947056,-0.8295023821837747,0.6886884390599733,-0.27854520074681305,0.5742045637138563,1.1891715997358099
-1.3495497409294248,-0.42918095672430795,0.6631709049199206,-0.7571457059395601,0.961203542153657,0.18369691884038555
0.6278799849388423,0.36197272189241325,1.085823441975559,-0.29574192782418285,0.3671760554798831,0.553072736272853
0.45116462978836763,-0.38149059141260333,0.6842445212162478,-1.0493959967962263,-0.4137966778116935,0.29437037700660534
1.5760674918603756,1.145950921198016,-0.18917918374714635,0.5136593624304625,0.6977347285813477,0.598137552273994
0.9837504874760398,0.39220228271878566,0.16292854917876243,-0.27150105833847704,-0.293291822105241,-0.210471589616631
2.4949720215616895,1.3113648148642485,-0.6099445914034733,1.8184954408642984,-1.1328813186006164,0.9082022701398672
0.3520849953008032,2.0567437447243013,-0.387264329291243,0.528366015600723,-1.299966457173785,0.533041333469729
0.7304551961952845,0.5584123292570573,-0.20040226654078833,0.3440092437647174,-0.3738767883679616,-0.9703251807481257
0.17433573716233625,-0.07383812714948927,0.49755163548771425,-0.5598184157962932,0.09423075117976885,-0.720161348702247
0.01888377309249236,0.1170506377291666,-0.9337987546621654,0.5123659073731586,0.37165804242699746,0.010441959089879485
0.6291600553049231,0.6492242739828519,-0.03415361830678512,0.2423395261374422,0.2710932416207487,-0.8502615264060431
0.11591748314881148,-1.1550056445979586,0.14704403522748824,1.1169323346546003,-0.22222400900951997,-0.032047197368885165
0.9821148420082754,1.068091615836997,-0.1210612642771547,-0.1925172973793649,0.034249422403229444,1.2365779551907876
0.031224964313978292,-0.22164976785058713,-1.2710128676223527,0.15769914728600842,-0.5721965691389814,-0.27981447258653375
-0.7486989341047365,-0.3484947024597994,-0.23236967464165556,-1.2484594218025056,0.698437929323598,-0.22986953083530287
0.7483269478444731,-0.9658667994836907,-0.7997259647881865,0.01568884898917587,0.6880567343125178,-0.5197354237956896
-0.5434664557992067,0.6918386595622289,1.0899340408058473,-0.28338839449613534,-0.5953854312774636,0.30786199147971943
-0.13939638063229023,-0.20777569267453366,0.41648965982844344,0.40887013554733653,1.815863279302776,0.005778178584292126
2.038670699150571,-0.25552263737815556,0.7190808896472203,-0.9382294139621151,0.12591770783894868,0.23031305551495834
-0.4466187388729684,-0.9957427391105567,-0.17685745731709146,-1.1722022917716728,1.0314055801109596,0.08841918415369861
-0.28040652518760545,0.01000646959974948,0.08141140677003027,0.016938036065919312,-1.13386412878709,-0.6109828395612492
0.6312278612808568,0.2652057961669278,0.6635797493895641,0.7605488069459427,0.9733089128662865,0.11231703874439325
0.21344352796130772,-0.031213638107288107,-0.2080484637280564,0.2213786373371512,-0.7475484235875685,0.8756490822108716
-0.011750389514083585,-0.5132296434229874,-0.4621160984374217,-0.45703369840839536,0.20371183337147197,-0.03245551092894066
-1.0526718829546253,-1.029354939296786,0.41227030434119716,-0.6004674889554639,-0.12423661688234802,-0.6665058659382413
0.8495509737145079,-1.0341702496877745,-1.0902290935881374,0.5523468107005779,-0.8169097599624243,-0.5669726643060226
0.16440151585988746,0.2655695208292772,-0.22073170534186717,-0.32431552590826135,0.7774174343981496,0.262103787277095
-0.5166834450631411,1.7755623531099682,-1.6874974924203818,-0.2911850925741807,0.2833120408373166,-1.0251064036341695
1.196253109014421,-0.7756509252303774,-0.13478877119889937,0.4558080286963456,1.1164090689101356,0.7220227980829882
0.5079527087202874,0.6941260835498967,0.34445448669605866,-0.16787939944291186,-0.8713219602052552,0.7254777199101635
1.565471353830198,1.6041510439001114,-1.456365428254574,-0.1721664766863234,0.7150070066492777,0.48636933299962176
-0.0722473902759117,0.1564359565839121,-1.221932398149104,0.1569299911235954,0.27040983919083095,-0.8799754792483023
-1.5246677433154543,-0.4005275361014497,0.744201663390626,-0.4000843247784246,0.22639832006311772,1.3509113383853517
0.09484008519826147,0.9154343543563815,-1.2297507933765492,1.8158448955276252,0.16732680932643637,0.36842054652891426
-1.9021025081732197,-1.269435444065637,-1.4232822574138833,0.17949282747079076,-1.769867504196543,1.8120183859095134
0.3577523153829994,2.0858154487088654,2.5671545650367724,-0.5468312969963284,-0.7688291009138961,1.518697063269268
-1.2372098903421873,-1.264733292458483,-1.851091672619921,0.9006223810928015,-0.975430249818674,-0.6259028743576414
0.24269915325057756,0.9852957585308545,0.43960447745475084,-0.5473348452753267,0.3111125532582801,-1.5903796235664842
0.7607666060172351,-0.2945462522631127,0.41184031274380767,-1.2684062971728356,1.6205441647689571,0.3233670725711068
-1.0535471447433846,-0.2137731082181578,0.6892553834846301,-0.35425728126686223,0.46632225714645315,0.4181444030772296
-0.32422978887352794,-1.0460822323797174,-0.4931067106379002,-0.2128473674565138,-0.49664417453754556,0.5085421812980517
-0.14213704410832245,0.2339941787522196,-0.12823416860547154,-1.3851561790564377,0.05835632765531744,-1.4975671751049529
-0.9049276930120635,-1.5862921629787596,0.08899315556799998,1.6365540407181836,0.6656640786913013,0.6567024469596929
2.030612820307765,0.0780189400739463,-0.03454232265478051,0.56012137478833,-1.0241147412446685,0.8014919250559146
-0.44441417324254107,1.6740063859968823,-0.8638390210665916,0.17186213431989894,0.6174503758451563,0.17636149463464143
0.9240248111655863,-0.9791144599634946,0.43623805611970157,-1.7948950737224743,0.6380448731643041,0.1097124315988794
1.580410978487063,0.2328989633800304,1.1519998537177696,-1.9420210905240338,1.1437343572402754,-1.2352394247930527
1.8135807190125643,1.4688697178169616,0.5457157294255469,-1.661764655653277,0.8993902181551671,-0.2180028756751841
0.8752672591454721,0.45224716239496576,-0.20080708298610597,-0.5363605362169417,0.10324949071556205,0.21736839838534985
-0.15520579669175533,0.7613262356115094,-0.17529357687038843,-0.5797016559445708,1.003403445725135,0.6976782024122825
-0.07567732241062246,0.30406977633895743,-0.13564271235718486,-1.0124100990292895,-0.9887207847572648,0.0067546100164550624
0.03415162092014225,-0.6102996730337641,1.3728191685888487,0.22138278746032714,1.0824411184351062,0.5569153189841572
1.5456904374042069,-2.4180051828325797,-0.37282889709322975,0.5483889765626722,-0.6463312581624165,1.3584991653763476
0.47714896414215974,0.09711246415472871,-0.9697720329607076,-0.2560916509766442,-0.3031306574758986,0.346098728109067
-0.41383471449776255,-1.2071738646416905,-1.1175491686165362,0.025586892769935084,-0.4769650181153672,-0.4742956432275856
-0.5243693376456839,0.7569453741227714,0.5127100980532299,0.5105509201697519,-0.5373735016708401,-0.8544743337259053
0.6576662376875577,-0.06338306379952392,0.6958120000902255,0.9371932665418868,0.6616921970378167,-1.088000403904964
-0.6718947121411069,-0.991135560054131,-1.766964370444375,0.7993870430248826,-0.7716412364030918,1.269134528804364
0.31092033929821683,0.43161589126948036,-0.6794531862739209,0.975693959268969,1.321041658377655,-1.5205280414888065
0.12323138947114168,1.2328407016481502,1.9085161944958684,-0.11307287274744014,-2.2613517260877396,0.5575716339395095
1.2063022084266242,0.5574383554389846,1.7444144832305566,1.0253875342085148,1.0543770806801014,-0.7672736574516699
-0.49546928745809754,0.31252233335344,0.0405863731641982,-1.2566074969763241,-0.7084669210785678,-1.463192827441679
-1.1583488031749936,0.5329637270480034,0.08610405511622782,-0.5157399575172839,-0.34977680552741736,-0.21273762830439685
0.9485649635679052,-0.1575917927331595,0.1339730962717706,-0.9724610133129029,1.7280848185675182,0.9683714714626428
0.5241450518123347,-0.45749085961050295,-1.8428019985456918,1.0638508758269878,-0.9312296831843935,-0.5314217912520471
0.05586905405373269,-1.2561312041939348,-0.28903088590678566,1.1635354512005398,0.5860709012950339,-0.9842027632630783
-0.6066931792646973,0.1567653294725914,-0.464470478659191,0.5933168267188766,-0.7514178578565143,0.4096448112294994
-1.8041497732386624,-0.30524379872132984,-0.4716635231091653,-1.5968262949046512,0.923788036944981,-1.347793461457875
1.6927180067572425,-0.1413393624038321,-0.21414286454161785,-0.5104222663512206,-0.16440218195819065,1.144563512584181
-0.007581955245107168,-1.308374189862709,0.8742645550425947,0.1809232365929909,0.5656060565454504,0.18634875628575698
-2.735789361966465,0.6444635222912195,-0.35774293896568293,-1.6152334745757675,-1.0559043821360592,1.2840742005713006
-1.7679576982734853,-0.37014440263987064,1.8195985643840935,0.12486198932321212,-0.04876491197690844,-1.085046732679502
-0.5491392462676132,-0.8597743775540803,-0.12475294857697075,-2.315265185332591,2.3108714608338925,-0.4129489008087341
0.8801577843901851,-0.5212699791534664,-0.8117214212473954,2.4416696371038182,-2.2978891508447883,0.06136384012596437
-0.5405671511239415,-0.8642441495158445,0.14843269661577663,-0.20212898266080398,-0.5106112110261155,-0.24034568533940812
1.3189538710261173,2.5350113653252335,-0.48479387542376695,-0.16864578885654952,-1.012094872542128,0.09116954502027415
-0.6430712473600063,0.7192311680222684,2.7101202256286165,0.03418594799582671,-2.153171766589723,1.3328446483425782
1.1772052243365363,-1.0064685752647229,-1.1981267743499386,1.7712269212354088,-0.05388117699332103,0.0032963025047147952
-0.1304140065251376,0.41169186254300766,-1.537555293686372,-1.2294228067826476,0.3078500626839657,0.6828277434339648
-2.8339663827343204,0.4596752282771792,-0.14708431547080325,-1.2298060014894665,1.3613929012636201,0.4980237057367191
1.2375271727406023,1.6570709615793693,0.5034909573645092,0.12156264139629237,0.9142664805644124,-1.238230507833096
0.1562068773626386,0.4735573862235147,0.7023434415437585,-1.4344983769001975,-0.1375331806708071,-0.06735176186983848
-1.438706094886961,-0.7363201650749881,1.7402625971508647,1.5606704217734302,2.8177741755851207,-0.06735176186983848
-1.0263866773609471,0.01917637247608781,-2.4427419845158114,-0.3320402885178765,0.1574803840644266,0.1626648769603584
-1.1874840799682989,0.4693280766774035,-0.9727386728808536,0.3810103586499575,-1.1786678818506362,-0.9896929893740528
-1.6365863741668922,-0.7898664974505332,-0.34904139940355433,-0.42681526817123966,-0.30940333125756564,-0.7266557688589226
0.3692073040434073,0.06372860222874834,0.2991150448206998,-1.7281818436278393,0.4127053483276023,1.5735669910912478
1.3819727198167877,0.8231614489034684,-0.08711811024168484,1.9900352489506685,0.7332018171708059,0.6887596320980794
0.9376241912084138,0.9515986892567587,-0.20298523714336272,-1.1578013643422245,-0.3884387646804443,-0.9125037823956573
-0.4301911691752022,-1.8858436707342987,1.9176920339230275,0.2802315341316754,-1.1596327465497773,-0.33864582064848253
-0.3229387777351283,-0.5844934082400817,0.4404020262723897,-0.08796047739424608,0.5065863616202224,-1.4205221982895617
0.6238318991658305,-1.5046986177509387,-0.056249345777230494,1.9607367626847376,-0.5365145628175421,-1.175310607075287
1.6645509883177625,0.33139156055911445,-1.5083803134533151,-0.9412327197689752,0.6710375602809991,1.2687031925891834
0.010984535448919185,-0.49412197449422096,0.6782306808893164,1.1347142291001382,-1.5300860632861504,-0.11421606922394886
0.1890401352134825,-0.36384590390351645,-1.2092682896508715,-1.7021591879241602,-0.6010870545528192,2.0017726330276067
-0.8680627605467878,-0.24197187301307932,-0.9649645859210585,-0.7445777495806226,0.7317622893094421,-0.6025873575142774
-0.9082482174231793,0.2292940478376266,-1.041176820285207,1.6792989260825044,2.026310877486379,0.46193857165641183
0.3275831356017018,0.04263055111992205,-0.2528864165741548,0.13777855602913455,-1.0200436742450567,0.010810660140372179
0.2974030150480346,-1.538555321737962,-0.395499625036993,-0.6671585850598185,0.6411927940595276,0.9563460276958384
-1.0993561586125955,0.8566665523835653,-1.5884554231513777,-0.13588333311094586,0.1615383275497725,0.45191897671758596
0.10748214765963342,-0.7088144978310953,1.1772696643614389,-0.3327637933253284,1.852604425356337,-1.4014223665979495
-0.3647927023963423,0.29450179702659957,-0.42555070056215094,-0.9075752207912152,-0.1174313480438848,-0.8385294522078854
-0.15443994262659091,0.7645350954104547,-0.3848485216984221,-0.5654874840581556,1.2818189623579128,-0.8784597082629286
-1.6516627584782508,0.35374446175303864,-0.08612620925005295,-0.07586010158008545,-0.2699093477595787,-0.5669572594411921
0.0903871908479281,-0.07837458196601374,-0.6453267571313753,-0.553207269572926,0.48845216257147045,0.04912442109386392
-0.4659729651768985,0.14873105581981438,-1.0842736596140108,0.4428485773842375,1.580281223001948,0.021635540155975463
2.5271871257741814,-0.07556986068078991,1.201617057433189,-0.9717375085054509,-0.42591027359807077,-1.2298101410044757
0.13843359266462443,-0.7944615523515359,-0.6932481626032295,0.11360685526307064,-0.8772830393409908,-0.39029173033148656
1.5424191464687291,1.666412623324058,-0.8250723078941504,1.8312473860174938,0.26541640122466986,-0.017963426663156364
-0.6689461739902035,-1.3170692299854245,-1.0605798134900408,-0.6940403162614452,-1.240306541455816,0.37545650693376637
1.1331412636586846,0.6984483449541374,-0.7963887466295348,0.7493476244871271,-0.7246303967635921,-1.5470034177484087
0.6401938242294805,0.36737807451343907,-0.7713767295430872,-1.0593327750599826,-1.7631965925837032,1.2872553898003738
-1.0279949708978129,-0.8101300025285282,1.2047619374300058,-0.3453151491915492,0.18850840896467014,0.4809830474051805
0.06956690104783632,0.9239818839215924,0.650119099079772,-1.0005407467387355,0.07923877791627497,-1.0892371944811472
0.18196145549687118,1.2547126780107685,-1.1523110185973817,-0.7925891412584821,0.11119568709408523,-0.9337723143434227
-0.7668606162214923,0.7950879670478044,-0.5423231259323372,0.2687799609077612,0.7413921173741509,-0.5208758916456423
-0.4375378978145905,-0.3506911952818798,-1.1515305888831535,-0.9132055545700678,-3.0736332456647406,-0.726902754548853
-0.665456067607536,0.04668406041254172,-0.22850377828950402,-1.0316141023506755,1.0609626948331166,0.4047169473268609
2.711550080803981,0.7433461131360412,-0.8053390166941261,0.31244064012014366,-0.28680685744760614,0.331639315699459
2.0022871606690518,0.06545831506748788,-1.1192862541094957,1.3579355211285526,1.4739589459326397,0.4251170511804855
-0.8103118936472022,-0.06711528297374626,0.43515048955019653,1.3186117206377317,-1.0516359564297064,0.6118663339517623
-1.1459310265469709,0.3303145314200315,0.06192886008464556,0.18138528364019119,-0.6629823170804939,0.9431709747307292
1.6275711777426813,1.3244023233169095,-0.8237642069924921,0.07379887373475613,-0.334212026931669,-0.3849403172881951
-0.9781324008694308,-1.6542116815947892,0.5268232883047231,1.707283206675239,0.24603385345018022,-0.4927875752532945
-0.5578918641552063,-1.8002936094571662,-0.6240054173386647,-0.08281432465288699,-1.4285534059942602,-2.393576748659886
0.5639639928147241,-0.18565921251112152,0.6942541616800254,-0.7865991301374916,1.2887461108559342,-0.7352874024051823
-0.43539350643212,-0.7578082098495708,1.3598167060467647,-0.8808083096641787,-0.07948705887279121,-0.08474740922933759
-0.14467530329574485,0.6755215670707211,-0.4674431606158305,-0.8902761240087703,-1.9853009612207573,-0.3172416920333898
0.1936243188320992,0.8076748610576697,0.7065265448120156,0.16889894637043637,-1.7647079068217046,0.7952075866272791
0.7451377127016915,0.037730371641048185,-0.5382749614791796,1.494287818158676,0.46188350566553377,0.5409391198838013
0.6446303074212338,-0.5045265205299899,-0.7887757806429998,0.5003042660419948,-0.5685197350917043,0.2640199154637635
-0.005191396484599053,-0.263696338818174,1.6840938118602642,0.10716724746440759,-2.843593446452499,0.8630445170970763
-1.1155867944079112,1.147799854898292,-0.5066136832275102,0.15039493049182134,0.3782122312000772,0.22995654292894044
-0.2444934399175749,-1.0185967720615106,1.0337934516855656,-1.2103474572798059,-1.073426523733597,0.22444498700513896
-0.8619523391840016,-0.15394444264682247,1.440429556993077,0.7870030754601901,-0.059107425456606515,0.8602162854852153
2.6816325387869826,-1.3070243672268829,-0.6037484829755453,-0.5808581569369786,-1.629344961382035,-0.0647476625770078
0.14640941571473443,0.20250370576302845,1.3237548112129314,-0.6352662718073154,1.253772236014674,0.1978873386103043
0.4478167534463531,-1.3433645023807326,1.2245173827638458,1.8512080951317522,2.198503571541061,0.08406502450272964
-0.3081687350498149,1.5078610016208098,0.6661224397488235,-0.400212978596956,2.0531975239254288,0.04875385791684789
-2.407938177441935,0.535707827556169,-1.3362960649690605,-1.6715520294826092,0.20520980877914283,-1.1239225172728637
-1.0022294519912105,-0.007672569683007496,2.056802875229628,-1.3625352409847407,-2.1757831941005152,1.2840784326770227
-1.240087313472713,1.3774111514691938,-0.4120356719238892,1.3828791448058309,-1.205102730586922,1.5073590827559347
0.6619057869768605,0.4428489212583785,0.7307792793119812,0.3052318761590547,2.2093747074961247,2.531559138628699
-0.1488327967923516,1.7888908412924975,-0.3669318694719174,-0.34515052763880916,-0.5059688243751098,-0.3806498085072805
0.8363618726351614,-0.8891168543428263,-0.24234406989253254,-0.5653519133676471,-0.27036805710808637,-0.3772864694479385
-1.2400927838589235,-0.6291830450874037,0.20475958186139037,-0.3221035102541204,-0.8702928785960471,0.7015163837336318
-1.3919233522777654,-1.2305270086570943,0.9781724777040528,0.48599049119929266,0.2248941543185271,1.9138199962086966
1.0881692188750156,-0.9619951525222457,-1.2344243086071682,0.6954416745214009,-0.9058675713898422,-0.7023033861136891
-1.6569252699831765,1.2248751315426947,-1.691024027722612,-0.12260432231409717,-1.977455758843325,-1.5963670374576753
0.41243429563576806,1.3308948085398427,0.06700114972408887,-0.1317235263116909,0.9195700382614493,-0.009892970335625475
-0.287091337099214,-2.3991965764039827,0.007821416245692088,0.7173681586478906,0.09959901135485055,0.040482291925411897
0.7584909253664813,1.2044984676808652,-0.1433654420067477,-0.19572119247317363,-1.0152192916886684,-1.4421015360815526
-0.7917180510222261,-0.21400548786354767,-0.6126504167481603,0.1541424917220259,-1.881735257329633,-0.53127417540447
0.9240521630964851,-1.1533911112356334,-0.63694443849752,-0.19187817840987095,1.2251940988530017,-0.1938478783408169
0.948132803059685,-2.0067012932627297,0.5320949651485739,-0.3328094446802895,-1.1306494060821732,-0.4929680322412809
-0.7094270317203217,-0.20331602417561254,0.11120368173188748,0.27343086561648666,1.0686089451649166,-0.31819527009465265
-0.06491707279505246,-0.2385548818795523,1.9122511800572555,-0.47699302414827904,0.27980764266205727,-0.7710774740745525
0.8019914362677784,0.5672265902413282,1.8698975112176117,-1.3992804316073184,0.4392959567065382,0.08294622503406995
0.1100915218673823,-1.0084084401305864,-1.079456142513533,1.4806366796501487,1.2877282149163927,0.14536436733749056
-0.3412700418234358,0.34091912602010016,1.2541344386672884,-1.0121610916385786,-1.2223466515288661,-0.07385803192253085
0.6182138125592215,-0.9198960435478637,-3.4668188345077215,1.2785810158321624,-0.2701489299470005,1.6167539371414428
0.6093517869480334,-0.6073898757349688,0.5343305186525564,-0.5540123934695605,0.9486910410562986,0.41366734307609115
0.26321310142462395,1.5296279019698564,-2.582881986039112,1.9826812306783317,0.8478517445624117,0.03910296402851472
0.7724951139866303,0.3584344892047886,-0.2876089933177643,-0.16128623708664888,2.8778517291118715,1.3193366132992674
0.820371933831724,-0.04701545399380093,0.39008596033546067,-0.604170782205095,0.10676671096259478,-0.5038525003054495
0.8531778397516692,-0.3774633511233718,-1.808253633854418,0.05818196021399756,-0.5580582271877411,-1.5551546226531068
0.9356986152731331,-0.4127789951449149,-0.4647494193441399,0.6473652642470755,0.12780850587871434,0.08770260401285701
1.2224070253398158,-1.0638764511388699,-0.4252747808954394,2.2613523184949007,0.19705981574348438,0.7681017958993395
0.9506327695438389,0.9782455621589932,1.107208223151489,0.3092381284007226,0.4057523403699672,1.1229592900105496
-0.5187567214252852,0.2607097552017755,-1.2720077896322313,1.1372582546085732,-0.4951233002661797,0.09052135570789988
-1.3344350639147975,-0.7845379311471107,0.8467471068219465,0.8542253873313999,2.025395590418425,0.5444189264926094
-2.3913082034555084,1.5562626507166681,1.9572472328583579,-1.1872464882937912,2.0572688816017304,-0.5459140448020644
-0.08668373940423006,0.5645107794291118,-1.2338734762798431,-0.7802881761573599,-0.20605988737629496,0.10451879145690723
0.9094352912241943,-2.3054425032982837,0.16814484068805496,-0.3288737445326641,-1.5579301664448195,1.8490229026368576
0.9097799255535082,-0.25906087006579903,0.14041491418392393,0.2549987852063018,0.7652176260586647,-0.47561115097019546
-1.3279198339747407,0.6195039276837725,-0.5487820629479013,-1.0356203545923435,-1.0376324669310415,0.7428352783181651
-1.434351667487853,-0.8377164974751653,1.3426563153884954,-0.09479711364364346,-0.47561538471185105,0.16711400506372567
1.0873760128789525,-0.4950898862345916,-0.8098775931096457,0.13085753394176627,1.2080592247330395,-1.381918622736237
-0.5125861258145422,0.7153655831385255,0.3189299035134239,0.8621133881193545,2.6426338153430544,-0.011311910742085447
-0.02025136963742879,-1.4662993968696887,-3.04446437125261,-0.3040850587873994,-0.2976324325229548,-0.8359058852287354
-0.15323645766704688,0.34981017332197434,-0.261298945390487,-0.48834499441590634,1.4105402791698167,0.6215047008071626
0.2016767272886951,1.3029122578497658,-1.0157116504614656,-0.15483279554405743,-1.240968767550574,-1.270624907155406
0.295969773868982,1.8813395469988832,-0.8745535657883817,1.3848808875522707,0.056386239473985376,1.049124111458919
1.8144067473256857,1.009826966313753,0.5399848578078996,-0.45705168227551257,0.49051096097228225,-0.3888194653929316
-1.63125274764164,0.525863013361927,-0.6215986728005933,1.6562104074660304,-2.1753150108450736,-0.33002180489252547
-0.20690094609035223,0.34308732914621254,-0.30229214901217044,-0.4739274664937413,-1.1825350768324898,-0.763923691846402
1.9689123345864437,-0.42786548586215184,0.2854237901179255,1.5483888239138128,1.0049938455544385,0.25041454198884
-1.9408164311672391,-0.8744627918352977,-0.7123863132082691,0.11356812078007374,0.7551502542148054,1.3274549770635642
1.8255608647462076,1.0647938455650254,3.679749263725554,0.26963765303132103,0.10334346541287584,-1.1977006470393685
0.9269788197026491,-0.05472843752818058,0.7950323094359004,0.5921105242483319,-0.7074231656794124,-2.2219308355048697
0.35046576099156795,-0.15141655624348285,0.07353359818370094,-1.1974156734555415,-0.31111146591214295,1.122380676516242
-0.751855346930409,-0.8247961891914797,-0.47733498136791924,0.5528669594722799,1.5057148144989692,-0.8675986014223511
-0.34730387777968513,0.5671983005453601,0.6383341068918875,-0.2738666285502308,-0.550194389204734,2.0835096608148063
0.20730575466762285,-0.325796262836632,1.3125478405166118,1.711909210644883,-0.01803051359682979,0.01579591139660254
2.2333617432877206,2.1877755543356727,-1.143923664933112,-0.7424902376218371,0.7079112226078121,-0.9390836070244681
0.38647731321287465,-2.1487539601432957,0.6085972172645885,0.03788924124545785,-0.11595441978173515,-0.7816812688872403
0.4209243349866926,0.6910930240044051,0.27103367319364163,-1.2689195290725863,-0.8841348379814682,-0.10661825446345181
0.09334666977120108,0.806428093742835,0.39472221634101157,0.9116866094867209,-0.9480660000462621,-0.14542615608102943
-0.3071840655374607,-0.9002650152438392,1.272189050727149,1.0546431358682602,-0.6053008976362616,0.7746583433680121
-2.146207550672002,1.1310604376599565,1.8475308991108785,-0.752064571794667,0.6576962753454845,-0.6278000427106737
-0.05004309277230352,-1.2700436725287994,-0.5323507446936279,0.7249864014292418,-0.820669296910923,0.07811112888886411
-2.309969031348849,-1.3912205644830669,0.15683314135912185,-0.1364906344694071,2.1723070884564235,-0.2294388717570383
0.684224962590223,-0.780201524894867,-1.6533811333386557,-0.0038001294571298385,0.6998794811559897,-0.4371408021049995
1.874952981563101,0.6385307689097758,-0.3315426547014334,0.025156663333767475,1.4093270161971494,2.06353784606024
-1.0600131412078542,-0.5132862228149047,-2.2475016311558367,0.055653151823891425,1.228006083620951,1.6970926771981094
-1.3803534855076034,-0.7976320189916891,-1.3509621015600466,2.181093086345589,0.9269559607027988,1.601594026592732
1.0717799418805178,-1.8379189050846432,0.3552636899896428,1.3413211946705628,-0.794867520473965,1.5725338494424013
-0.4753765590199017,-1.0525666348323872,-1.527933350564501,1.8897032543612708,-0.5438479158412042,1.518964532350892
0.3709359460761866,0.12382601991172354,-0.40581237433172157,-0.5874886704018508,-1.5469641299333559,1.5247892640981255
0.09003161574624462,2.0119167007823178,-1.0486618964992152,1.3791675513098478,-0.7827961481682687,0.22438743036731415
1.1043506211946932,-0.08943989447172122,-0.8826790978710946,0.719639659400921,0.33918799199901556,0.8913234475311369
1.2460172120915778,1.591111514754889,-1.2604322547095832,-0.33288968039507155,-0.44238905813117674,-0.26169039519017634
-1.1726265111041299,-0.051222535921646085,-2.2088537447011727,-0.0667229137153874,-1.0523128347828015,0.8341791860941804
-1.0170596689244809,1.243942386620089,1.1011772637211468,-1.348242216757944,0.6766567498002155,1.2277560461712733
-0.140167705083614,0.2459061614441624,-0.3456739710624259,-0.5465767561080538,-1.1503743494659366,-0.5723584420477728
-0.1920160252952336,0.025303112344110357,0.10925109693718908,-0.08426410101657912,-0.20479560526162385,0.7973309187100901
-1.7706764802048292,0.27273489667755285,1.152246570208074,0.36575312247134983,-1.6234031960974826,-2.064692872353874
0.04442500616569449,-0.495467755744925,0.21639251613076438,-1.1970283286255468,-0.8705318794300888,0.4529878373387156
0.8214878926124125,0.3683197172504216,0.8885962656140738,-1.1611422135009293,-0.368001577279628,1.8594699402536004
3.671345747198894,0.5336002452071149,-0.22737089644626962,0.9303524801693006,0.05953927412579157,0.1700414372337148
0.43401496911486487,0.7158505493549914,1.152857822900381,-0.1742678223890373,-0.6561585848893099,1.072189256927764
-1.2282384570074043,-0.41651929708941915,-0.3481340869228877,-0.762950344891918,1.2031715177214337,1.947684459774588
0.16578552356335294,0.6599359652890531,0.2748824504423918,-0.3200076980489701,0.8177527869583916,-0.8144689154732335
-0.35471078066708117,0.6312643584330697,0.7504702762565229,-0.6054628538879984,0.33835972491942135,-0.9407497024050915
0.7161009028596115,-0.6668184441777236,-0.37380468598753935,-0.6727598679764137,-0.5764389416012637,-0.1564479136548159
-1.4111845820166298,-0.9904020486517301,-0.14901776714992326,1.4155004963633495,0.766451010317765,0.2962311492504305
0.6184107464617229,1.8873591901607545,-0.2674930398062568,0.059909794830657954,-0.6760685278375848,-2.0714209047464056
0.2608280130502752,0.45507411129845554,-0.38258779304236773,1.8068501952253868,0.4575072927361875,0.5200210062898086
1.1474627346772996,0.43771232074897376,0.5826355934419916,0.43635916810742453,0.9589478910388589,1.1982242431592829
-0.3020419025284997,-0.4777664888439209,1.08892904873514,-1.6466291564212365,0.637215034277421,-0.009018955861930541
-0.836766681212432,-0.42953053653867335,-0.5173403120222874,0.43617656268758015,-0.7303025755668247,-2.065335644570927
1.0879558738139852,0.8403171288109484,0.634695793914462,-1.4773912833245546,0.3688275297115092,0.8228667674994118
-0.07601101596756657,0.021835603896368117,1.0084541576221835,-0.6528475769659047,0.997679946337401,1.4187111956090257
0.013008578335425095,-1.1830629609130776,-0.14351045088268546,0.8961637654246856,0.7231156267027177,-0.7235187628135845
0.6010422703410303,0.08397392107363719,-2.3211772171972194,-1.6443327549291247,-0.2452331575929249,0.5522965680834461
0.1570329056757598,0.7762955261597521,-0.7719255478582541,-0.8188359036138038,0.34886990502026005,1.2548391528125378
-1.1816034148250723,0.12555371205788318,0.6973386213118696,0.18201610236333327,1.2912781201423493,0.5320828461658202
0.3406573585712941,0.6732785983195664,-0.7044027689832378,-1.615453431104221,-0.5522579030274074,0.5091521123746955
-1.488519431439705,-0.5907292655067977,-0.24606999239917007,-0.2597216253834575,0.8814136735304547,2.229878222197998
-0.1413930715878974,0.4030069258831352,-0.8382530105128958,-0.21321949516819252,-1.2751330647468306,-0.6449488736644675
-1.1485513415270385,-0.1428569025228678,0.931101992372228,-0.27909025025758366,-1.43933304338678,-2.0154081390952667
0.1746037860851132,1.5042035480716298,1.9518224910899082,-0.11393194824538767,1.2874045733365296,-0.6381698867190471
-0.8618101091432977,0.2954616259966883,-0.5578360546390267,1.2525417596357666,-1.0801084595290518,0.47088067247843113
-0.1876506571238067,1.260843459263913,0.08882800657040472,-1.1220549700312785,-0.1445081185698337,1.3119713950692447
0.0379152466117971,-0.472092384111274,-0.4820608609148498,-0.8785520260294643,-1.0756610200448404,-2.0123236111608827
2.209959431210728,1.9665016353028582,-0.46262866453360885,-0.10999071460019862,-0.11872016542435795,-0.11417865740936746
0.36081026125749766,0.19113933075717077,-3.700363685248094,1.2858824658775614,1.8775627549309963,-2.406429484453219
-0.551382104601309,-0.8322646689250465,1.1580519602758483,0.774169511217838,0.5775792770221384,-0.5880627706765498
-0.7960943599660227,-2.162607828393663,0.2168960191722019,-0.6498332041639044,1.5686632955669304,0.8085969534261502
-2.612284453186336,0.11401151610599179,-0.9064575325060203,-1.1502841078915351,-1.864393841272684,-1.302243138288317
-0.0024562033947262,0.41366203779740024,0.33440355898288693,0.41198411130561075,-0.23862084424763852,0.539250848269194
-0.3081413831189162,-0.08031242613931612,0.22582111408472125,2.2765403859538664,0.5104840668887258,-0.11849320455078152
-1.9062107681941882,0.9870234506770141,0.888297184807458,-0.9988405796099447,-0.4388015371883672,-0.9289196126384128
0.45139985639408653,1.5252046059371667,0.030949324951084344,-0.7096254121711711,-1.0630817279035913,0.27327282213000054
0.8304702667195651,2.501589110240461,-0.3416721288890769,0.7726727001247842,0.14591774979533556,0.39669422915187863
-0.25883679248082736,-1.6410711178211366,0.6345195678499589,-1.3512067880817942,0.5935230011294839,1.4569098432868757
0.20248634444328725,-0.14407942152687553,-0.45159389187746635,-0.49836615851763333,0.6127291942795385,0.06309832633504715
0.18063215165520316,-0.33785777677865936,1.874292085763282,1.4170858434175502,1.1225029549958137,0.3189184523204227
1.0101396304071024,-0.7599117508134839,0.23129016412081166,-0.42370129241295257,-0.17781053784848364,1.0033481324122577
-1.1497985895760103,-1.3592633115105348,0.6863582269841968,-0.5892801402405766,0.7756217306992426,-0.7176373208496831
0.1542211271794011,-0.4122798840804838,-1.6815088272455223,0.5296082858054895,2.1929655992422026,0.1580733808205022
1.4619716473094093,0.013948840801095725,1.0940013383745832,0.07006376287409229,-0.24088120001849575,0.18980841807133741
1.212757264118724,-1.5002551147925627,-1.5676315443636015,-0.9589426787460829,-2.059931630803847,1.870894932860579
-2.6806971027502153,1.474107352954778,1.0390802336206593,0.22551077664856228,0.20108230743844666,-0.23959711047931428
-0.3925002083967543,0.04165657730184934,0.5350193108132466,-0.04550748402680897,0.827931304955884,-1.1712652218577873
-0.8951685240674278,0.43920157117204145,0.7285004245464369,1.8893532606398853,-0.33725887846517844,-0.5764319284472609
-0.2610796508145231,1.0671580558702964,-0.8034468522644096,1.0831337314887683,-1.0271768263898977,0.32732155215769715
0.02447450776820266,2.804309063943592,1.0562819115283322,-0.7972926141941329,-1.6006412626560644,-1.9217061020109771
-0.399442128458872,-0.2509215203994319,0.7088909950946137,0.5139720050432389,2.0691952815997143,-1.4127462965202848
-0.8016194500075658,-0.7715044640795905,1.2955586408924311,-0.15062872076421618,1.6571619885453146,-0.3616203990548841
-0.15931405671272397,0.20628644225146597,0.6424487337465205,0.4914797207900731,0.6973613166926645,0.6539212763634565
-0.5255454706743292,0.6712154712070066,1.5097709888537711,0.206391159165147,-0.9208886769171613,-0.9216715390947723
0.5615953155988535,-1.0854291580756519,0.24610020258165632,-0.38936593998270186,-1.5034001775476968,0.9243186365817385
-2.369213313675495,1.815279065545954,-0.10656843273241567,-1.41096441172924,0.3367377920521465,0.15792322570948558
-0.22755712430505162,-1.8097625748336548,-1.160302618871074,-0.6825735259192149,-0.18987139196431935,0.3715409627198148
1.4301175885847601,-1.5265726148061178,-0.3952639856136059,1.6208596582314312,0.7320458928667033,-0.6157534384152595
0.9556709952154152,-0.4893268710289185,-0.4371020673388064,0.46127927442002176,-2.5963874231009796,0.7344565554098481
0.855770802800889,-0.6013197152588635,0.16717005879983385,-0.11110571436082127,0.061200512941041604,-0.03920656597658992
-0.8254758041374675,0.47746540565119083,0.6571812327389819,-0.7633197058547956,0.7369263114294496,-2.3625222340091434
0.04199068431570765,0.4712012586885067,-0.9619063084473746,0.3937014353298628,2.343487129517785,2.636861546781075
-0.5876179426559139,-0.8395351207869123,1.1538154856851914,-1.339506207467169,1.234266096817896,-1.0190077700046165
-0.083582030440355,0.13355767532213106,-1.5400013114616788,-1.206508593339679,0.8229646307768146,0.34489359368368583
0.3367460324527759,-1.1644180305825298,1.9323973437512492,1.875043635920359,1.350082649722119,-0.4784158520742481
-0.4732157564789022,0.5729431295179083,-0.3406107444777229,-0.1030932098774983,-0.15182167328116564,0.9022883256040226
-0.1245114598371716,1.2784659191547527,-0.4169609386752271,2.0303191112701247,-0.8673190192091483,-0.28125999061692475
0.22274865485308573,-1.7442719286850767,-2.582297922511045,0.20570915558946734,1.251136562807944,-0.4924007607903147
-0.21442272708750257,-0.3540010897092556,-0.6589575914691678,0.7691782964084665,1.5304142910982363,2.921773336783358
-0.4202295959419057,0.9996547999233926,1.9898238796393644,-0.8526345067796357,-1.5982031419405374,0.879885081470084
0.7557557322766084,-1.171967338018841,0.47616081227528134,0.30400205632382904,0.5187806148051857,-1.285856424932932
-1.0657953393998556,-0.38508540349214526,0.9999620753253003,0.07108884329918043,0.3659641059352224,-0.561366647782498
1.7619949773375625,0.580385340248087,0.3229891450334987,-0.8047503855459199,-0.23799694441275712,0.20469781242229382
-1.2745015129295238,-0.4993050509326999,0.5497296556718829,0.17205995685807227,-1.0855404855572874,-0.44439429274396136
-0.2783879526872589,-0.06218479310634328,-0.9526519225457533,-0.4092533302541554,-0.6814456159713995,1.5848716226114885
1.1252803187184308,-0.6500911510947922,-2.497248202763589,-0.6464992718771637,0.8034496851529088,1.487449564597606
0.8973840304702247,0.48172704627839213,-0.8431812982824899,1.6628533713004434,-0.733489651688777,-1.0143830941559009
0.6326611024599604,1.2637936704140804,0.33091025488138975,1.9839290343806746,1.5595794336867612,0.720224322435393
-0.44234636726660737,-0.8169720675658266,1.2551525218170714,-0.18176847834701002,-0.7010396256549998,-0.11576417349704081
-0.6102598710539018,1.8119711918111394,2.177008184336339,0.7096461627870637,0.31560604884915877,0.2252912388652957
0.5527661123047745,0.42597411761792364,0.4566621534925744,0.6035482637283177,-0.18170179440079,-0.05456792475766403
-0.030650573765104994,-0.2698796580781138,-0.13670308976245038,-0.5575565986640024,0.6901615349909815,1.0049903587166067
-0.9924921645912632,-2.117736329215166,0.6047625381010023,0.7399697294780828,1.1218006693468463,-1.9845684461309694
-1.4701553450342884,0.137174715019939,1.452015161976554,-0.5709490461610793,0.16543477321928726,-0.47944239163816615
1.6041524545071595,-0.4059470335704595,-1.2262000899283356,-1.5873806145503528,-1.6188446104596381,0.8139598777970003
0.6228308184949473,-0.026404389794001594,0.4617062469616991,0.7872631498460541,-0.3233997368576354,0.29557246431586387
-0.01684878943361677,-0.8340792508516713,0.25896269127821697,0.7399254614975095,0.01581014201956127,1.5193713223528902
-0.9080294019759895,0.8431663053326854,-0.7660738355106712,0.1903011316020351,0.29679204314880336,0.3310701821219694
-1.0891812403182686,0.5879285856067149,-1.174334241629858,0.5667159205189936,-1.3795767737289615,-1.8367355761679836
1.4821519019264606,-0.7514106971773472,2.0456422268131265,-0.6823106847845757,1.6292892052865617,-0.406631044102781
0.6123933216640026,-0.8031586131668313,1.4428856448292129,-0.4092837644908004,0.8889580255336857,1.0039514614039808
0.21305513054256614,-0.5160384060933522,0.26486676794212066,0.17403126536786706,-0.026973009713403554,-1.3156644998064404
-0.3311662385494353,0.3754770103284153,0.005509330279405434,0.7509993735121814,-0.33253968857318084,-1.112766517305582
0.1891604837094471,-0.28531572860971616,0.43603967592137327,1.0073178978892563,1.9409608913068603,1.5570683808605688
0.4828326953828849,-0.10102856635268682,-1.5928308645814697,0.6222404185243536,0.24429590828616665,0.7552427965895442
-0.1978693385075615,-0.1704514802397681,0.7938500842946108,4.093313525699094,0.05452553185454088,-0.7544023003931668
0.5777110732844148,-0.7684916114597851,0.584717075015296,-0.8435623375113906,-0.15290244151218593,-0.8741314490989823
0.2717195519341285,-0.3279280934965132,0.8627363494058435,-0.44357623231486537,-0.3950139898332401,-0.0729071624089247
0.5048509997563614,-1.5685161304527133,0.7429952701033342,-1.6680769930077963,0.4764112790208189,-0.05095506074494433
0.011887149168577226,-0.1794132517815436,-0.6734907032572218,1.3548146284983142,0.29170489963041335,-1.0334617653189033
-0.1893355360671582,1.3372114935093218,-0.1089510091244942,0.6249532157087047,-0.9191327528615786,-2.5788559671875895
-0.145484920450337,-0.8139188010946677,-0.11562242442354115,0.249116677287963,0.65722040530646,-0.013200107030982783
0.6675238735834697,0.5104976670702259,0.9712060096227253,-0.08701701605832766,0.10445689709121506,-0.8398006074825354
-1.321639830640403,-0.15661377752994582,0.9401408789721103,-0.3078091026529102,0.3925517860156524,0.02126836266354015
-2.2074157016371463,-1.0792943354373472,0.47344390986368645,0.3171109120703612,0.5447337584370376,-0.4961656420405586
0.35989123637931053,0.2633043244598754,0.39396897579102297,1.087898072897709,0.6967756785228341,0.4839868267623898
-0.26051073065186015,-1.3418651484948219,-0.33993504339611746,1.0012116833192621,-0.2619679852267558,-0.9676471042472734
0.3323095492610225,-1.233301419553789,-1.902450996858714,-0.2974988133030877,1.3175354838448474,0.9032114325040905
-0.7801755361829628,-1.213555211773369,0.6149111454042148,3.059249467298694,-0.09384690722765343,1.8042548418889441
-0.4137526587050664,1.9546341078474283,0.7364809477532214,1.498994057843115,-0.06610844889711386,0.490211746426693
1.0569114322439281,0.7217428888850441,-0.2580996870652006,1.2446094908672256,-1.2439665808498923,-1.0202614890036876
2.1193424841432402,0.09116960731044195,0.19367043087676888,0.7224243920537152,-0.3551566281752788,1.303718619627212
-1.765025571281111,-0.9371729650094602,-1.6385841859568957,1.5011424382751906,-0.7097999320817319,-0.5416133789674155
-1.3772298949989379,-1.8945932695563703,0.7099261973478073,-0.7277891179491401,-1.0818119325907853,0.5837016703721943
-1.0315944850040752,-0.4468963684732961,1.5675932781324542,-0.7718675762281496,1.5758743921279186,-0.47709357296248467
-0.6517965133167007,-0.8256933766919491,0.05965201933126891,0.9559808741710208,-1.346487894159468,1.421611711586618
1.5054393358936482,0.8407919915645713,-1.628592671602608,-0.8896840397686251,-0.5784576481504559,-0.25026912683623637
1.155553435837113,0.20096797941088654,0.9391842231933791,0.9547275369711143,-0.7719583754377397,-0.7142741510745584
-3.1576108402866563,0.7713812018328942,-0.454676337497143,0.7940776521051711,0.6747773527461807,0.6355229585163137
-0.6091931457488513,-1.3878682355117389,0.8200302284371934,0.46821551362571895,1.0824025983907728,0.9867989061971562
-0.5996746737960938,0.8427439805858578,-0.05841642286757939,-1.255892292415224,1.0218428768300472,0.0877027732970821
1.5768661682425982,-0.4261701247970824,-1.248487148554518,0.5541479641600562,-0.516367470753397,-0.16614586855877364
1.3528812061129103,1.7942254696736222,-0.7130438881803846,0.1742622888914737,1.9174249181372451,0.7848866657610457
-0.132208293192084,-0.8785971288306618,2.4036540364029295,-0.9078256115563139,0.5266417936347693,-0.8798911757023214
-0.598093732190127,0.1161271812253279,-1.1308174807644937,-0.5140259566445647,0.3602282581710641,-0.3283032314009563
-0.0016137639230249829,-0.41421772825376735,0.05316287213321858,-0.5938909270919046,-0.7914190398812303,1.715062198093503
0.878002452235345,-0.6715125130145957,-0.013973216405969902,-0.8050879288977776,1.0024940367858006,0.8017248601548469
2.073221658261825,0.13122175471282801,0.08293802799166504,2.2648702395758864,-0.0029762709268450756,-1.4337277224158735
1.614808766785294,1.4702033749122427,-0.7090601721165348,1.9008421849724086,-1.5796382461635554,1.0003502780030606
-2.2281484652583825,0.18210481428293293,1.2230209717246974,-0.3904740228713732,0.9480851954736094,-2.938654529371295
-3.857557692757438,1.7818568104611814,-1.1236425624240092,0.7811168174186625,1.4515005866136694,-1.0450208310351443
-0.9233683648240169,0.9756348273603482,0.005276711874265058,0.19704923189029855,-0.6572572135880631,1.1947104104204662
1.7611361267073322,1.4521767765076814,0.20427319792336363,1.390083758643731,-0.8170448277310666,-0.7722985212174551
-0.0801685094641733,-0.8585276102392455,-1.0267957664156726,2.3206561953414853,1.7000251517286695,-1.0000335472108306
-0.08212690771651207,1.7058080456416278,0.8466131750129261,1.04853277117509,2.8638118619637374,-0.22299929969051502
0.9482586219418598,-0.8788638602497217,-1.1515789251751296,-2.1070244546042294,-0.3599149948256155,1.2210195495673053
-0.4610058545256996,-1.2746912654365972,0.8430735486316204,-1.9471658598909922,0.5805671534849787,1.240371445475711
-0.8943315549818859,0.4455081526786588,0.24339840526130455,0.012186145026519187,0.9443128795165502,0.697555979199037
-1.0731639495839833,0.21236872688297537,-0.05331895807606421,0.6220273788678513,2.0718944730461186,0.6822498070765733
-0.48651973566805395,-2.4397134830971297,-0.3447122802532803,1.1308476976721547,-0.7522118466182903,-0.9088379324193087
0.3131030233839048,-0.3461264507693873,1.3041282626576975,-0.19697176292430477,0.47030623956288475,1.0359165559218586
1.578682336454284,-0.8328728973882087,1.7381529194072416,2.2510420291450655,1.3935320862577003,2.2134066974439492
-2.3487814212941447,0.43911266069901517,-1.7920227098106403,-0.5652149593027639,-0.1930175149703844,-0.3517548527643387
1.7610595413007955,-1.7094836854239328,-1.6215073768034938,-0.4382488575280496,-0.18857095828204842,2.512048284829367
0.13320937386296727,-0.012712176949104002,-0.9321996290025618,-0.6068891128870226,-0.7623090720347986,1.0049493919332195
-2.5365305453692275,0.49670644028947786,-0.11468590876646739,-0.32181438500601195,-2.217208950285763,0.23876998773701885
1.378734251198368,-1.4014614344207672,-0.377370494526996,-0.4760052948317872,-0.6575603678441798,-0.6393899181565754
-1.400621266303561,-0.2018995186850072,-0.19713453180185891,1.778342999112162,-1.6844308102369598,-2.0866739216209917
-3.184716603807296,-0.17595584679666323,-0.6371710148661669,1.3125345569299949,1.9368915145383707,0.3301530001699059
-0.12733964949211032,1.416202386708761,0.5989390219237379,-0.5028275409345373,-1.1414343294841298,0.1130185525888625
0.6477867202469573,-1.2626055031837429,-0.6460417314502166,1.0656354287937493,0.2193157241307363,0.4429088236355574
-0.6092150272935398,-0.8052439678976383,1.8971511238445447,0.9114542025887266,1.345700300284871,0.7382009532683984
-0.09261363802309477,-1.0639067615273992,-0.15326531880749755,-2.024318033153994,-1.0967175856431381,-0.9162822063842162
-0.5446808815311205,-0.4100571222550152,1.3777867295956694,-1.1365914681512226,0.9281140812307834,0.6006035156360577
2.3693446029438294,0.5271865669943651,-0.9494657552995329,0.15381601536532116,-0.29848813086944914,0.8014787208860578
0.6414793649817206,0.07502225299470473,0.33049637538133186,3.3159830039936202,0.24659990862374245,-1.926545938114596
1.1077641421708748,-0.504255747725789,1.897261894513661,-0.02254485248009103,-1.0132325703411842,0.22638193715195915
-0.8169584128555932,-1.5945345679660994,0.6343765729861888,0.32263195927217436,1.1669605228873126,0.37542265008799075
0.8687684403639444,-0.8911799814553861,0.12336932221909673,-1.92592276271457,-0.9707345616753543,0.8743462707854276
-0.3881129586805881,1.5198235016269679,-0.5249663690879073,-1.4298792898025177,-1.2606528762422864,0.2189879406030239
0.18661675413586534,1.8796886411703269,-1.6651238312710668,-1.373259159278027,-0.6346496402348655,-0.6422753678377953
0.6628466933997871,1.359299683976766,1.5224310693276777,0.7755501188618882,-1.0812711016944363,-0.432324496509189
0.19132675663660603,-1.249671050052092,-0.44691131359209757,1.6673438045795919,0.6241974662823948,0.8910927131271782
-0.2230167037758627,-0.8668912567807207,0.9223390254390478,0.47127968790585617,0.12375444884837285,-0.09824173225010834
0.41779527409191886,-0.04802580027810482,0.44221463722156473,-0.19427279948388207,-1.2544941907863327,1.415539994149454
-0.7370743634727769,-0.3141570736414512,-2.017966678637474,0.4887849074728264,0.044707818990027605,0.4011811076382854
0.07327582287769371,2.6078755186566687,2.429153444433492,-0.38058427933696587,-1.8808918535305474,-0.1105290587189904
-0.11967016806809666,0.23938740721782245,-0.9468213573259069,0.8398618110105478,-0.6450151817678972,-1.3561244462136433
0.8999387008161253,0.17163560608498354,0.2238071019189712,-1.1751115281198095,0.02242606190896705,0.6717379336001691
-0.6040783346707891,-1.010663533037164,1.580752833623463,0.11377424356461181,-0.751310027570308,-0.17506291531491935
-0.274733734719199,0.2148764063606101,2.080980084273378,2.3936361114356783,0.04932114873783131,-1.3233875848963135
1.826868287043136,0.019532014368155253,-0.8366176326343124,0.534878942242204,-0.9677852590858652,1.4169905907067082
-0.47132300286073053,1.0214641348163727,-3.5171530265541406,0.2866296406985533,-1.9094047176265974,-0.5319775513754547
-0.0031290608948247325,-1.4854474796498085,-0.4105795411280463,-1.2012573041444565,1.0469662246382287,-0.7611762088117161
-0.7587535039030989,0.7597036194789211,0.6627157381704591,0.37228403297993506,-0.7084763519222887,1.1300429885679504
1.5494321815511733,-0.39899585113444874,0.14279144853950895,-0.393738786438472,1.0311224179516372,-0.4088297076674537
0.1339369352249142,0.34524138742434085,0.4462557526321403,0.16417195607010476,-1.7023344596072898,0.3691472837234822
0.40442565026859995,-1.04934969226316,-0.5887853795901111,0.9463512050224774,0.00227043256277635,-0.575428750106934
0.19148539783583904,0.3407736361551566,1.646125654511541,-1.3141420379744757,-0.24191227330131893,-1.208664001554189
0.9853970737161228,1.5270232292489136,1.4850127373002004,-0.07078588430715654,0.6822978154318105,1.0597433111364292
0.41257652567642106,0.7975269429781177,-0.01784616180071282,0.6709531810193718,0.738684356348291,0.4830887739281955
0.933291645354045,-0.6583921561666292,1.3686149181928455,-0.6371130766217548,-0.3570162053853733,-0.5879904863108186
-0.3855473475623179,0.19122622053763597,-2.948621560308902,1.1993717648470203,-0.877496654410768,0.1324266508612686
-0.4165097333396786,-0.46555746434438894,-0.8871502048790596,0.34907101066810564,-0.4300152636439903,-0.46929397140115847
-0.08513562011537221,0.5009701016092403,1.603507143072103,-1.3300107256347207,0.005072631215494112,-0.9077255657513523
0.07712697474825507,1.1142381720262966,-0.6752509498900854,-0.8282566832290337,-0.38580858203341567,-0.05726529966060267
0.08704478489212385,0.8440675342182958,1.402022344992224,-0.5270435096811746,-1.3296647331092732,-0.9572909722614401
0.4561973850737337,0.15738366139857785,-0.7827367651639965,0.27171686474375467,1.2385208176566025,0.6500318019207528
0.8730736342874145,0.8591055283138787,0.8062624412721243,-0.03368516646561661,0.3357189917851244,0.8501260990229408
-0.21352011336784454,-0.21351445956937976,-0.030632118034978714,-0.7887903951757399,0.6338201350878853,-1.0443750117019766
-1.0866484515170565,-2.0845525158534857,1.0221977766412598,0.7053743026619811,0.6622855327570303,-0.06566602951867065
0.2966809240723489,-1.1162305748989363,0.8838099657021613,0.6861025139953407,0.4110313197379891,0.21202697311156757
-1.6439495139648095,-1.1995962675094114,1.3376041658707096,1.0617619804938017,-0.39003204974504074,-0.4223624582081801
1.4468897926118403,1.7314061791007473,-2.086935518247495,2.197040626346228,0.6654384166875901,0.5258071412328537
-1.2344801676384738,1.4225978786884046,-0.23372913285353683,-1.1900505881880772,-3.4435819799645953,-0.21953608293613666
1.2653604976231383,-0.3665314043272037,-0.9467760420521776,0.30975274367484823,0.2055413093954402,-0.08755515744950496
-0.5027120787601013,-0.0704433636342282,-0.4222537626468144,0.677583694484244,0.6246679211223414,-0.2594160615751996
1.5878233517606186,-1.3847624310337852,0.6944273667262724,-0.19940235173252452,-0.04237523544459397,-0.6414030462063907
-0.5785644535284348,0.2270126859276797,-0.7788315955746091,1.944101685610855,0.5342501268072213,-1.6711373420896236
-0.989166169793988,0.5677762186199744,-0.9797101759926048,0.30391905386025875,-0.24722152610832118,1.4218070655867436
1.7586197490646491,0.1304781398475653,-0.5020932329214806,-0.08633086235947206,-0.7197884874793739,0.8848806590642737
0.09121868954725963,0.16086935607942626,2.1262288956012783,1.4449013523343428,0.5072742641559325,-0.20339313887033433
-0.1750304762071232,-0.713167069623884,0.2865284757908413,0.4322408625399547,-1.8960090007894213,1.6057333645572558
-0.2595205907532956,0.02771581927101675,0.11529212642836002,-0.19375403408656763,1.7105207334001866,1.06343167591522
-0.9421263190343343,1.0825072366214337,-0.03143872990735785,-0.33058221190781956,-0.13353962745521084,0.9811869647256193
-0.5646642022457213,1.4453650218589122,-0.31321413698702905,-0.08325147096101879,0.4592641641824635,-1.6363389374330217
-0.20741516239121777,-0.4553751944911668,-0.5204972760921005,-0.15218363358177178,0.14977554623087597,-0.18000652265084638
-1.1393939150621748,2.330454635912507,0.5625911373623644,0.5600549728174764,-0.444237869537936,1.4669724364198373
-0.6470810404297497,-1.4247741645847989,2.65658878926906,0.5611091041048218,0.8237145981687537,0.19651969132519875
-0.10269555975235592,0.2195745165826232,0.5105188528168976,1.7401950668552537,-0.485875808941118,-2.773497111424934
0.29871590773117357,0.6244202727031914,2.007973150271019,2.6440075092979485,0.843189688788712,0.12743293539359435
-0.6481696472795395,-0.4682065923018262,0.20028142581084332,-0.565080771986656,-0.8596224495125608,1.9842290312520723
0.08575377375367328,0.48823165565672927,-0.49705719550102634,-1.748145319490899,-0.34327056764239433,-0.5278058801232205
-1.2188458039367709,0.6792659104003476,1.2573115428587591,-1.3912983613606404,-0.4803423690454651,-0.4134728354971145
0.04005416760810824,0.026038644439072296,0.8359197774188819,1.5871205401645017,-0.5259365904530987,-0.8300928340933014
0.729322826256067,1.8644526192030244,-0.6531582434378962,-1.5836358200689364,-1.0759307787790118,-1.2836371086923406
-0.8782376788411148,0.10121649076156358,-1.4963445767508006,0.29082126510885387,0.7398295471464686,-0.19059677472521916
-0.21560433050230726,0.11205144431444225,-0.1277024693937154,-0.115009596897414,-1.0964647722834169,-1.0677819420289252
1.3248454769417135,1.402445511701683,-1.05031338647513,0.03125042753422091,0.03148359063417587,-0.980998212810422
-0.39206257750237467,-1.979183501863433,-1.2133587483595116,-0.5099588359296197,-0.31844832858769356,-1.5846535845246879
0.6931909255388466,-0.8012793690780261,0.29074682427200843,-1.2981294793773706,0.13541476125112295,0.36851940851857645
-0.22318628574746538,0.42786548586215184,-3.1583799203656784,-0.520047785376588,-1.661024145131206,0.8105029245590845
-1.166773197891802,1.8935243231875882,-0.773910356847597,-0.822990176915495,-1.608507393755182,-0.859683717301166
0.6528413570770117,1.7456904548682433,-1.281841204031506,0.8417957684117463,-0.3024280165554207,0.5649747718368048
-0.2567689865048937,3.5591973730315245,-0.04987399026655255,-1.8876807609989383,-0.2420631775666688,-2.093094872422329
0.8492336913160928,-0.9464661301324949,-0.8349681566705651,0.32593960744545886,-0.6469181882286459,0.6321374432229799
0.367588069734172,0.8195949265198758,0.6213600123589501,0.3341554679645188,0.579841193834477,-0.5048543243719441
-1.052666412568466,1.198456596900728,0.12965102616407856,0.15764242893590721,0.19450917085149932,1.1881922904717492
-0.12208260837339507,0.424808178005852,1.6322481036834444,0.47472429014402395,1.0444233634220526,0.12870273639440402
-0.14289195740111718,0.0712577027393922,0.09149355167177675,0.05825942918000424,0.3452243456316721,-0.3013321909192108
-0.2803299397810686,-2.0280822413311803,-1.349872520978374,1.1170181038669589,-0.10528152532928459,-0.5515205691782721
1.0037611601215393,1.0193525110821775,-0.15946344124759326,1.8956572977480526,-0.6681344645194214,-0.8459163388192091
0.19597111450323051,-0.1123080722706592,1.4969407243518549,1.3798813724965473,-0.9695589682485577,0.2843472270989658
-0.27129286181211854,-0.30868099678052413,-2.167800120714526,1.5149277640998258,1.3492090047814633,0.9867454123808281
-1.108398706967705,1.9674089262661516,0.8724811472698175,-1.7532292203845803,-1.7869159827447383,-0.17447160550345375
0.22824639296373017,0.708509373253243,0.5661136446402594,0.43366988828775427,-0.12812808875072132,-1.2483462562139274
-0.9143750499444946,1.0307088033177532,0.5069540512835201,-1.0735400300744335,-0.8514164204705442,-0.8089781815095837
0.2566267564642407,0.12146989237671557,-0.9179112196926444,0.4666384668178831,0.13439456142966844,-1.9288182403188243
-0.959117338508655,0.13842552371991473,0.48058761101560554,0.18598777024516736,0.6684966476752252,0.9432092329664598
0.15013474870312085,0.9304703277593844,1.4820158871975682,-0.30768874908074356,0.4200774151800593,-1.1812027139456056
0.11262978105480469,-0.39340257410454615,-0.37496374998892473,0.1674132022725227,-0.1591721762295419,1.3391039327053402
1.3659991921719303,0.21109569056475247,0.012117304195233132,0.30393288760418713,-0.12696749208796987,-1.5805797595567417
2.4579812702142387,0.9515764616384927,1.742669341688936,0.6562894124552842,-1.830892609903843,-0.029935884466315982
-0.6879502955786605,0.24660127968775222,0.21085700369319857,-1.596842895397368,-0.12297897726833316,-0.5230615203246832
0.7394539814609663,0.10812119726850013,0.05523226963352673,-1.8673838919072099,0.5931898856426847,0.6210496647999326
1.914673455614265,1.2165478574674695,-1.16463878706393,0.8858188917150421,-0.3834214696940922,0.37383171690499617
0.1776453208010824,0.11802461154723931,-0.6529709403064758,1.5973685776666464,-0.9125809217994297,-1.0080850437047253
1.25372498621886,1.6362497453524458,-0.3216206237668678,-0.23356616573805808,-2.2568588979766666,0.11863506473457934
0.05799703427767415,-0.39254984184058994,0.7512940072323128,0.3796020835180506,0.16903019626174426,0.9242152039178964
-0.693497267164892,1.183137726538101,1.0419451659264387,0.9108524347278418,-1.5096585005135168,-0.7722358860527672
-0.5387892756155241,0.1360633341072047,-0.9581451407278364,-2.327409829127325,1.260283867567167,1.5997244515690048
-0.4915306094086806,0.2708415077407824,-0.05174601457461157,-1.0088465265933428,-0.13450704254291343,1.4789736725419094
1.1735728879132157,-1.2235455158325546,0.8452718429105347,-0.5226443791119484,1.010958811145176,0.37895628908158485
2.5310218664862134,-1.8034216415533675,-1.0284945856774848,-0.5000262077890395,-1.491964256783864,-1.11715216382312
0.03334747415170944,1.8886888058709135,-0.4879931337490627,0.34030456714068574,1.2551851292785845,0.7456149253563362
0.034447021773868894,-0.648498845350733,0.8108211578093014,-0.1658527559574035,0.78194475614311,0.7641527334080783
1.232806229467492,1.2621993439774601,-0.8026503104528498,1.0352219427671958,0.6355709346210826,-0.23259009767759967
-0.5108793653264514,1.1001822345190497,0.16738857911981958,0.40045645249009043,0.23679016245369713,-0.17756730619693872
-1.467852312452636,0.7925621013370446,-1.099463339368101,0.12545960706090803,0.05464983381985043,-0.9236010407355227
0.17505782813802193,-0.3813632877807848,0.2554039317813423,0.22614436212047972,0.9272921552093503,-0.8837340969820837
-0.7351980210130834,0.8969712863570085,-0.059855434560011536,1.4694894487926589,-1.127764805970729,-1.1084560329856648
0.7004446576131691,-1.5056523846433252,-0.13774735507039365,-1.802751256899409,0.16101490495741738,0.8358715205302767
0.42307419675537344,-1.2587015251411888,-1.1587890887285148,1.3368404450121667,-0.07520074040129518,-1.5332404406563989
1.0957894668233912,0.3758932729975598,-1.8798779485049917,1.9218487251276608,1.6091149511006013,-1.6219931147409823
1.0818071597479815,0.1605015900319547,0.29217677290969096,-1.2004798477356786,-1.1089732792677374,1.4769767957780657
-1.340583777980852,-0.5168224348099683,-1.2250843271885026,0.6598460680192667,-1.1562945831438185,-0.14671102337821146
0.4046827584190582,0.21138667029462072,-0.4953342080932216,0.5025093648241845,-0.34571693496327444,0.9379483869856196
1.2532052995317842,2.000202745962095,-1.055534713014837,-0.8029270980961614,-0.4017108577979219,-0.6457035427568066
0.7330919223338812,-0.24835119945217785,0.676405985867145,-2.0771172836054492,-1.0631901395431778,1.3776507980419972
1.9959852757899745,1.0775403742877996,-0.060249173938411914,0.3926542209144815,0.5796923458375652,0.24192764645827566
-0.10438043869570741,1.0157253679215266,-0.5600192438266979,-0.5159778979128546,0.2928350398355304,-0.22533880773361137
0.04759235976378763,-1.2177723971640384,0.7301589635649339,-0.20858657432657135,1.5184065446902504,-0.150041859865618
-0.10532134511863386,0.0004061592062826356,1.060718780329485,0.9778589401937612,0.005596430610967554,-0.648408366165815
1.7101411867397325,1.441386278191316,0.2073173773118929,-2.831014826470627,-0.21207061839701236,-0.7136163125611409
-1.687143683240112,-0.4885448630048635,0.24610120958774484,-0.6785728071751236,0.8238155060434138,1.2667631953262406
-0.6380111401437415,-0.21842272181851674,0.5878639690242805,-0.4503008152384609,0.7525023079922747,0.10775702947111405
-0.2303306100981929,-0.0985350317230173,-0.5903492600368141,-0.1418913280990536,2.0355631057649077,-1.233746676462804
-1.3404688998710468,-0.8321232204452439,-0.3823481255946453,0.2596427730430631,-0.9256935841353171,1.4556041540295421
-0.6017698317029262,-0.10695323696384859,-1.5678591277383276,1.1503698771038935,1.1281015495332503,0.0662399030545653
0.5488493158000459,1.7400102880578754,1.035577866464422,-0.734815276490359,0.06659495554983491,-0.6603183580885275
-1.7222307401969705,-0.10475472344918828,-0.7033766297847845,1.1493420299300172,1.3179768925473947,0.9731735571832222
0.2969380322227562,0.2050558404771763,-1.4000909073252716,1.6781880764450579,-1.949470010010173,-0.6773779762537022
0.23527583920470338,-1.72586341938506,-0.18065689126777698,-0.18815966804192374,-0.9204146693621158,0.9540923467567882
0.16524942571774806,-0.11105322218554248,0.1617402820009699,-1.124567177928668,0.24673403976749644,-0.5229203372778015
-1.788794399232106,0.16287388310748893,0.3589896124962803,0.006162932920095359,-0.7141780828556777,-1.4826275033380163
-0.6112335997938864,0.56922505519167,0.31902758310346463,-0.5352372362099543,-0.2416901532469066,-1.6159660883402442
0.5746640681822863,0.27272479321470977,-0.5247911500294833,-0.3018688930100696,0.9460121754465893,-1.3479297352621264
0.10980706178602534,-0.4986139740742511,-0.30753059465527877,0.8502219018385202,0.667976497887084,0.1483676388420167
1.3978368397380503,0.5622940796813454,1.0010838801016269,0.2995475907788892,0.8355040033192958,-0.21932092268122555
-0.40428342022794694,-1.7375248361984879,-0.04670997715415739,0.7066608408473208,-0.12227133024930595,0.2610667520909846
0.21469077601027955,0.9934714806634528,-0.1846698105080339,0.5404774584100238,-2.3615626549383606,0.8015000506989005
-0.8860712718504699,-0.382145295804821,1.766624002388365,0.3836913382232888,1.9235219693691037,1.4204648109359699
1.3807692348572436,-0.49507776207918747,-0.29052528293377594,-0.5435485495621253,-0.3223576393921947,0.38763396793810284
1.147829250551302,0.7472238221751881,-0.7715428855467616,-0.891321955049751,0.027060578757733177,1.240496038668171
-1.6569745034588146,-1.2187766813706402,-2.108937594152235,-1.0381795972190946,-0.6239480979797415,0.5530111168135392
-0.6485525743121217,1.481709198397884,0.5259633051099536,0.22377464178555,0.41888665273636105,1.8719130082130453
-1.3560813820280615,-0.8838084949651087,0.8230401696189106,1.1390704750631915,-1.1709644112741127,-0.20476975821956694
-1.0223495323603051,-1.8556423996038944,0.6037746651337057,1.1557636538615759,-1.135190045125859,0.29821363685481783
1.1832992345407933,-0.6572444027876637,-1.1149893591538662,-0.5028455248016417,0.6520336673414165,-0.8559061397337484
-0.21534175196568967,0.37388470458435613,-0.6572315830431256,-1.04694880749529,0.5137999881449954,0.8814304771955115
-0.24023747946969198,0.768513839078051,0.9326467397033527,1.2077425632980807,1.056433639793821,-0.6268706722941353
1.2467557142258436,-1.2346855939632855,0.25272328158872714,-1.5623124871777256,0.09169124889423486,-0.1474428390996505
0.7869806965905868,0.8067817149423413,-0.6965370444698955,0.29535596636858863,1.1091921049863283,0.17008883681779746
-0.3607883797127583,1.8803352627922814,-1.0963537045841756,-0.6964307872122805,1.2407032397771127,-0.5565735341260457
-1.7284341581248226,1.736300296501919,0.6137440253541683,-1.1379914430367777,-0.36940291883656406,-0.12435196242801576
0.987125715748953,-1.2943000661223558,-0.10611527999512192,0.4643143978379145,-1.7104633193709988,-0.2093033591531481
0.998613526726419,-0.1795445967985031,-0.7676125408053023,-0.12413433439257135,-0.011287697183514007,-1.426943487659357
0.6744384417146886,0.2523602535082844,0.9047375661164717,0.29261411832198025,0.5669296582364988,-0.2412251169084322
-0.40858861415136605,-0.33171891275521387,-0.9150140631922112,0.3662137861441625,1.6794773241669771,0.38807309122781125
0.16434134161193065,0.03783746834718064,-0.9546709697419177,-0.8771935523756943,-0.20882224179087028,1.1334164846810266
0.06476937236818914,-0.4941280365719418,0.16071917783293088,-0.08517989486464075,-0.2702449393811448,-0.36180627313819175
1.016288344473157,-1.3811595361839613,-0.711458860605945,-0.14584501211378337,0.20946873904695407,0.8128155164097839
-0.6180825232909382,0.36192220457819807,-1.761764191032414,-0.43468528509209,0.0012142749581812663,-0.7027342144761788
-0.5883181520869112,0.15411216013001314,0.46017156969139383,0.4454230371293047,-1.4924727149095818,-0.5670595071154351
-0.24732162957246268,0.5289001142925407,-0.8809309353112273,0.6101040749759714,0.7393826263526152,-1.0018025674026052
0.16326367553451054,-0.6065957435555097,0.08732051846433896,0.9135278808035966,0.9655505582243575,0.4527274781947032
1.2906774448630423,2.0077116395470336,0.7321991578888349,0.6202843271328748,-0.3207824947062162,0.8163312112751239
1.5221896583760397,0.5188734377671052,-0.3530472696012293,-1.117689040447479,-0.2953406083089517,0.33738177531145214
1.423832114864212,2.61263424965574,1.8714019783054308,1.9040640639333217,1.4397270071940274,-1.7710629445643844
-1.966811706293401,-0.617564062817909,-0.7487946181346151,1.5841241512296058,-0.40616538118072837,0.20637355700396037
-2.6700954943338786,-1.9031731302026904,-1.0128668582773437,0.31772236355199834,-0.33889265371612054,-1.1547457896669644
-0.6594112908789169,-0.137192901253064,-2.1393965071409573,2.4132537437005284,0.36307448895942385,1.1961376457541373
0.7572272661589294,-0.7695807647542722,-0.08400444743343342,-0.25525470946897694,0.3447286665145099,-0.947349925204808
0.5355453366109452,-0.8507459231575445,-0.5437732146916773,-0.5558329141705308,0.17598152475405698,-0.8094425281493908
0.013287568030622695,0.2837618160244492,0.7737925371359081,0.11004604957591216,1.8072501306418332,-0.3185636325766952
1.7255239126771875,-0.8050398779481976,-0.7656428369071931,-0.13628866180805782,-0.282579707831241,0.4041473058966882
-0.7050780747074239,-0.8921842656619879,0.2989609728900124,2.0266282683900343,0.2606789740618209,1.0909386702656034
-2.4949665511754793,-0.5030655598028902,-2.288162522770162,-0.6186159776151168,1.5853725113546249,-0.7740858241059497
0.7346181600780507,1.5723938394918602,-0.3343139354415073,-0.9976273602674228,-0.49957419557326155,-1.3252199173896921
0.24998570764200903,0.1520712606357193,0.6086586446356494,-0.558151449652923,-0.8586880962069007,0.2605335067700191
0.4320565708624751,0.25357468974202896,0.44807541262389733,0.21394161660125677,-0.28757301660776097,0.3921988864540201
0.49584674410452034,-1.3218562506804639,-0.549333902281315,0.11632656931939879,-1.8969395430007001,0.9484587369039584
0.0820120296067578,1.0985636597716024,0.1950137769913279,0.6315892626711533,-0.7776023263046301,-0.09339851046190878
-0.38658672093646956,-0.0646257897292177,0.27671016648280994,-0.7251122884989978,0.522901527474241,-0.17628887170045215
2.8790642464001643,-1.7305332399111049,1.1227392779676686,-0.07568994652976889,-0.47636224078662764,-1.7311790723880576
1.139875309045982,0.2232764253683164,0.1752784717791453,-0.6621867374919519,1.2278096615390985,1.5484298066609303
0.7442679212991424,0.5831456062968166,-0.1355309346819801,0.31885396380533765,0.8009824752367694,-0.7948514126097193
-0.40175610181289423,-0.8849562483440742,0.23248346632901856,-1.1055692973918199,-0.751208344557806,-0.3682404281093859
0.8099508481593084,-0.26172212217864044,1.2446444133422705,0.0626239753894096,0.4662964622816625,1.268416932958156
-1.2798734321580445,-0.7699404480314805,0.3766706252993979,1.0735068290890002,0.9395153684052873,0.4765064952567331
0.587951636212909,-1.006232154234211,-0.42484680331021757,0.6898044238705842,0.23307830724816772,-1.583739957541438
-0.18715285198147025,-0.023213716228162387,-0.9530003466504242,-0.8927779565982135,0.5784979122549295,-0.7171518136812584
0.6755270485644274,-0.23789613610219368,-0.3490645605434586,-0.09323528395413656,-0.47702516665860173,-0.40185350459539204
0.8560935555854634,-1.1339722556513128,0.21845184357024378,0.054521551570552135,-0.7400850950202391,-1.106894724542716
-0.02483008286988613,-0.3035100444974493,-0.11644716240541954,0.15713611390813348,-0.08845037605301666,0.718064255674909
-1.8905107598583182,0.057795848847323424,-1.0800724302362543,-0.7241231758081182,0.2299747522284917,0.2602667148253112
0.11759142131979329,-0.46855213073106944,-0.6645031739675623,0.11136993886984826,0.8333019336076991,0.24532992089026426
0.3562753111144681,-0.5925701164367919,-0.15446969808261232,0.6759208784640497,-1.3924994734649985,-0.5465327786586102
-0.052455533077601944,1.2924672979626248,1.544948732346842,1.962724671687249,0.596003226901856,-0.6199230782567531
0.046438108279881665,2.2446358225237346,1.2102742887276674,-0.2719036202867879,0.774871149656513,0.665353209623814
-1.2475926833113344,0.0033159565050778356,0.46302038989985095,0.983522474958047,-0.9033421077118573,0.2404638457311725
-0.53047975900847,1.0193868628558476,-0.5752894840674183,0.3664192172415003,-1.5971920284570957,0.19759396904165757
1.1336007760978037,-0.6914284589708053,-0.6694505948527254,1.04743852203036,0.7274894711553305,0.8919790853495809
-1.8403692001347893,0.3329272869112564,-0.5052814141798591,-1.0161306844588311,-0.8553783114585329,-0.774220574352136
0.974527416376958,-0.5884681105225181,-0.13539096083646612,-0.18465834745365473,0.8304273779907638,-0.39918998653822113
-0.4779695220691216,-1.4362496776819111,-1.0233095113567574,-0.014243222748659676,0.2874805060597026,0.4712828918062492
0.8754149595723354,-0.1692309819283403,-0.7688904315244651,-1.4536207611324075,-0.5015303635708804,-1.0575219634850972
0.9740952558687885,0.33496212432782935,-0.7083129736030397,1.0978680521468855,-2.600951090197999,0.08737368475614433
-0.10581367987481098,-0.5914082182098425,0.4361645446756536,-0.9478673833570233,1.207093962806001,-0.9290069633005085
1.263123109675653,1.9068669562181015,-0.9411307659515746,1.3557885240708778,-0.04876211286804118,-1.56221885352418
2.641315792642257,-0.5330768858318568,0.44489125938984464,-0.7742829479180469,-0.5427528721549626,-0.40977346724344826
-0.4983193586577756,-1.366812618946846,-0.714626901742666,1.0025314224900352,0.08816923786471977,-0.23658148122608036
0.6392966808959818,-0.3858734735939023,0.5718908385377152,1.1064878579886699,-1.0741358932811569,0.6811877178245972
1.3708350135548457,-0.36010560195903096,0.204982130205702,-1.6210713145135394,0.5089590477830783,0.3219213852564908
2.2743896396358134,-0.9344874645857918,-0.5607311971272925,0.9545103471914361,0.28748557675307246,1.218237871118378
0.11431465999815618,0.1289909101170775,1.0884215176693766,0.2459667337954672,0.6331871812123988,0.628221052587895
0.7936490973436662,-0.2416627070500861,-1.8571447861840882,0.9448184261952021,-1.3369507811930819,0.1982821094320527
-0.07159094393434223,0.4967812059145201,1.222969614414465,-0.7181822744780709,0.7792490743485895,-0.12025985476334954
1.4423548424688106,0.16861265000233502,-0.3738228120970292,-0.06732883169944806,0.26843668275554927,1.0432540115383433
-0.9728589485921355,0.24450986287924317,0.09743891558506519,-1.6749827979768486,-1.0806870999267129,0.8313507851980865
-0.8843207482729513,-1.574909601739777,-0.6609575055497632,-0.6926334245039388,-1.576403961993978,0.782121915735014
-2.3836551331900235,0.38338195965681265,0.05306217152493108,-0.8936889086358989,1.9140464367977947,-0.01835142611574335
0.22460311576798894,0.7987737102929524,-0.012976280383923641,-0.1605405982889038,-0.32354117798185406,0.2709587067212438
-0.6393349735992502,0.8127387166345933,1.182507102998468,-1.7623456576333858,0.435121139660186,1.935638871184548
0.5490298385440183,0.9634217614756753,0.637489228788361,0.6596759129689501,1.0261042617010174,2.7438126140385033
-0.16695071581967955,-1.1069656994718697,0.037107167147865036,-1.8458475193595032,0.9689464693994071,-0.7156114964826942
-0.24855793684911578,1.533075203491894,-0.9735875790087247,0.12537798797173827,-2.3531582336724814,-0.10072479331929286
0.496125733799667,-0.021211209892679606,-0.5294143149559587,1.2497182924999886,0.3759425630093376,1.3689221646325909
1.1630150425863064,1.7622257821571568,1.5128715605829377,-2.0754932020682646,-0.022594945065885958,-1.909816762764191
-0.866246592335102,0.7860393057255824,0.860970060736477,-3.25937532383867,-1.4146847689481732,-2.4264541158871893
0.04917330136975452,0.3206192484758551,-1.066705431492177,-0.3443910550971357,-1.223603106904513,1.1814933749665957
-0.660045855675747,1.0626216010537721,-0.9681618302341867,1.1837216503408412,1.4009287960339902,0.44989315235060484
-1.6182332285338452,0.24806830249257275,-1.2209535882365568,-0.5273229513085177,0.07387304770497814,-0.1887693514744786
-0.26716819063262087,0.1347458425524687,-0.0018216740039246465,0.37301445465935124,1.90090072344567,-0.34383624439011484
0.7352363137163518,0.11105928426324455,1.7735783863967054,1.1001520032694696,0.37169065204530094,0.8379036084137281
-0.4637738699326815,-0.6482199897762501,-1.0756979958122508,-0.8195898426579007,0.6477655107801462,0.7304238665095143
-0.11406302223385731,-1.1681906636081243,-0.3603480637020731,1.0886423283210536,0.7151485554315299,0.7528677388583819
-0.9045721179103801,0.5925822405922149,-0.6770434207176029,0.07986635382174048,0.8663254970483574,-1.1530780014440587
0.21552227470961108,0.5081253739946728,-0.3563099693097443,-0.689552649731085,0.06157464613854862,1.0050775400944771
-1.5779493047061777,-2.205468738466414,1.2496230514160085,-1.175801831941841,0.07172603431163604,0.3788283102045601
-1.6008100485513552,-0.4356209039404647,-1.644693691861691,1.742722491870972,-1.28014834652796,-0.7295420649612916
0.8392557069242164,-0.222926845553951,0.44197698378600997,0.18134378240840604,-2.096599472502497,-0.37186768128155395
0.5270224749428606,-0.5111745990807095,0.3162401902660685,-1.4272114522859274,0.5974582682858245,0.28593748314505213
0.4043490648620631,1.1679380770370484,0.9052954474863882,1.1205014405881235,-0.5346954650279881,-0.5708580759272295
-0.43175022923642975,-0.567404411187362,0.6961956694078065,0.3193879463209682,-0.29965445493957626,0.8358936967642606
1.104870307881769,0.7422347322233068,0.5184228435613779,-0.8350836358576915,-0.8385120333659818,0.4022174656874796
-0.6862216535458302,-1.3904466392292938,2.4337030979159198,-0.3274710028983336,0.30477674880585715,-1.1059301430065698
0.5335322344967579,-0.10537305537519355,-0.0045617375554238004,-1.4001395071052725,-0.5720766273240254,-0.18094418799459563
0.1023345142645131,-1.8125996271999876,-0.8011871306144344,1.3048526789265655,0.25445594139933303,0.08274867033897065
1.123699377112464,0.6259539783627722,-1.078928471326112,0.14685210867176718,-0.3786656330075404,-0.659356992952729
-0.3229387777351283,-0.3848651480021783,0.20605861970829914,-1.2267791783179385,0.5830623329581831,1.7479708829031424
0.5474707784827908,-0.6080122490460963,-0.7724391209605204,1.2109962598700392,-0.12828476348665974,-0.25455929704869296
0.427751376939056,-0.2295425930235616,-0.9582579254091109,1.3255908444496018,0.43819276330716955,-0.5076580097706226
0.2998920407598189,-1.6967209911605947,-0.39069721302776766,-0.774648158757755,-0.16775023913741446,1.4542642693579748
-1.2073798745040443,-0.34005426960072094,-1.3284414175226356,0.22165116209254296,0.5074180091620666,-1.2296645565676392
0.27597551238201146,0.6330728782819737,-1.6439485073603635,-0.3450709836112145,-0.07752626157973884,0.9847656333240975
1.2999005159620731,0.5880316409277063,-1.0598215379096378,0.2767288301690187,-1.4232416878182963,0.7188212947464545
-1.0950837870062344,-0.4293628190554827,-0.1460632113027736,-0.14781217050040224,-1.5409417072502152,1.1439229410621097
-0.7617567459157487,-0.43520262057875914,0.5316357703747866,2.351823620412136,1.3960059494402985,0.5216928573342035
-0.17394186935738437,0.7450637018193578,0.45376096896781526,-0.9358292593905403,0.038650795014968216,-0.4622304176670012
0.43324911504970043,0.623787795929221,0.00046020177987575575,1.0325174458291966,-0.9711211939705319,1.689020697312521
-0.08242777895639809,1.4028799606039337,-0.6509498790981438,-0.512651574185272,-0.24663574798304697,1.204841563666128
-1.0220158388033609,-0.2504749473417771,-1.3090897816280245,0.07588776906794222,1.5023251690214598,-0.4619096240532743
-0.1230289851824809,-0.21513101362426598,-0.48078498420784527,-0.9767024392013469,-0.19431739959668795,-0.26420934451587696
-0.1207314229869877,0.18142384088730834,-0.5804886564733002,0.2295419296292987,-0.14054857452697328,0.11160638355156395
-0.4884343708309649,-0.7295629691255562,-0.0879126380410676,-1.6186780768139288,0.5102257414376983,-1.318271984783852
0.5267325444753442,0.5108512882697323,-0.08157957678587227,-0.20166831898799134,1.4949348433665464,-0.007792999476397731
0.31115009551777634,-0.16358516689164265,-0.5028948097634452,0.4016060366105469,-1.029605074863765,-0.492915046277644
-1.31760815602592,1.707153826892313,-0.37643397886992225,1.0121306574019464,-0.7252117716752998,-0.31388123080592967
0.19029832403482402,1.705911100962619,-0.8050943142159893,0.2564706955602871,1.1125788329311315,-1.6271349539089248
-0.39280107963664035,0.5452252895543117,-0.634904244173619,0.1963520111963157,-0.22591362206535764,-0.1701751717745268
-0.7985232114298502,0.7926308048843849,-1.1905661726797148,0.12992928972417683,-2.771620821415469,0.17408512960892414
-1.1238689590840156,-0.24328330249009447,-0.6983476414069123,0.14050380358302633,-0.3347392929158156,-1.3775441489777995
1.4431480484648738,-0.8076283851285955,-1.2908408173941617,-0.9405479494445136,0.07191960345560332,0.1415398980386813
1.265136211789789,0.668184432354095,0.7242448168402015,0.6135251598494713,0.5536422669124833,-0.2563601426754946
0.8488452938973003,0.5153028739983715,-1.7068813525096374,-1.9135436369602536,1.0446400682773895,1.0532155419866691
-0.27564181882501637,-0.4514894026817378,-2.482263952250409,-0.5319199044159303,-0.15831618720635748,2.0334086390045467
-1.5360844392725939,-0.17357547095084702,0.3066283172050265,0.5647114110237655,0.7115855051597018,0.7733023766946981
1.196537569095778,-0.8487050236632506,-0.030607949888985964,0.9538020595023002,1.0596104130419821,1.3193191770236887
-0.0403386276894652,0.1856349642002945,-0.11698691766583678,0.6232184642200801,-0.6768903462009844,-0.7993443853283634
0.12388236542650084,-0.15583379019847074,0.5750246414676241,0.6646754280246735,-1.1505253506235174,0.2652941178545281
0.064862368933255,0.526913773497603,0.24303487606539043,-0.7481952736178952,1.037400130129264,1.2813465237913924
-0.11562208229508483,0.535455240985093,0.5727689478419841,0.7032522063433617,1.278569412279208,0.4761968744021147
-0.21547304123402394,-0.004053509292619674,0.4810850720205402,-0.5286828083366818,0.07410341436474593,-0.6496520973953847
0.7440655170104817,0.9419377580862336,0.9638659422846456,-0.22086817218620153,-2.095525497493382,0.238922343543009
-0.8491188132062877,0.15209550894654636,-1.7088681755111572,0.8314965460570639,-0.8661276000514493,1.4981154867222828
0.5786246277764425,-1.2623104820687336,-0.1404068581352628,-0.7809978472208835,1.154852137749749,0.374098508849704
1.5725500335467584,-0.4522350382395616,0.11651664582513228,-2.0773690577449484,0.24381862792690723,0.4308769470680575
-0.0849222750543927,-0.058747595047130154,0.21370380988948812,-0.3185440879413367,-1.2513370113002422,-1.7044086337175262
0.08809509903864521,1.5816405286858208,-2.2355243008061176,0.039301666500540774,-0.3263822411846106,0.9498334941266756
-1.2950373426482589,-0.27010799633836274,-2.122259277622592,-1.3334221268874615,-0.004069775103210521,-1.0642679400058834
-0.9029200612840866,-0.44769858342303714,0.6822899224093818,-0.469948881739943,-0.4956151036941401,0.26911113864726766
-0.09141015306355073,-0.13233717701068445,0.4840335858311963,-1.7100070708547301,0.7193554761034285,-0.7238781532314921
-0.30006709311758095,-0.8422186005180197,0.14291933831203596,1.1054821448050736,0.6337983558677401,1.1937889963626809
1.848908472961352,-1.745896565510245,-0.21277333626890785,0.2955994402617231,-0.6022695057963414,-0.12467868098974703
0.7694535792706612,0.2668385157623591,-0.5789066499171073,1.1389971562203738,-0.7014663498017994,1.1504180383556935
0.63202106727692,-0.21785894859188648,-1.5316592730711387,0.18756758380179145,0.34091675393278537,-0.2578682958705657
0.06928791135263872,-0.4944715543086052,-0.02896451596173207,-0.3282622930510269,-0.04950794619149869,0.8547433263655867
-0.972361143449799,-0.7218802959797245,0.9736620974588518,-0.4859752740809766,0.1766408333161091,-0.6334502424179331
1.4621740515980701,-1.1477432755063748,-0.3971128487817606,-0.09197779663104125,0.6174373599889236,-0.13060498327430736
0.8183861836484865,0.1428286128268998,0.6786969247056855,0.390402087402943,0.5099146958477369,1.8880716957121362
0.9788435510727976,-0.5498163030701922,0.7528498316303547,0.4695753706538766,0.6704705038877256,1.2433232545746575
-2.201600681128087,-0.7359039024058625,-0.40259498989693593,-0.9807003911966501,0.8251658284583435,1.1103841803525831
-0.2880486546806694,-0.5419881400594171,-0.562973799673857,0.43715322500891896,-0.16603636630965884,-1.864813566222364
0.2705871819949619,-0.01836203337094264,0.9255463398130047,-1.5738857973482134,1.3462743329187064,0.3405434968542058
0.6461948378686208,1.479587471200846,1.4944604683697358,-0.23392999320337202,-0.002929062879219981,0.09263757785310715
-0.9669946946074889,0.729021423517173,-0.6017596459618672,0.2600204342523055,-0.484840859969093,0.5826524467216092
1.9975662173959414,1.7992731597100193,-0.5947579326676391,1.0039576814890465,-0.435261428843447,1.1370996016487211
0.7936162750266081,1.2211065399022412,0.9910208683154494,-1.5804028741128768,-0.45247579765523727,0.2240062022838807
0.34107310792098533,0.04987069259323995,-0.30697875532186514,-1.1196665741420442,0.4382287856851307,-1.0088761089062717
1.1627415232773193,2.621418200251482,0.45603579570902425,-1.0081811235103861,-1.9427022815279393,0.2547114835704501
0.35337053605304347,-1.8343402585456274,-1.674323838844209,1.5790817515677096,-0.45248005014755494,0.9765536553812347
0.21419844125410242,-1.3275303554131108,-0.21131821247915344,0.5725233262201269,1.4900900811444455,-1.7138981997357343
1.7030625070231722,1.4119771185478096,0.4926787330526783,-0.6085311782913244,-0.15305124644588472,0.8190985005645951
0.7295525824756265,0.20771305120489553,1.8523111569862882,-1.5447284152703546,-0.07681299481136941,-0.2751676205038342
-1.0719768757829682,0.600155796339353,-0.7676900802736856,0.20625420510025086,-2.048474932039576,2.5881364671831397
0.011028298538346961,0.3338143709488639,0.052482136021198826,-0.7259519967554533,-0.2809911058910935,-1.6301541381309643
-0.0013894780896757878,-0.6270976903565968,-0.6850803362650341,-0.5400223282347748,0.3212415485604294,-0.4419716661444834
0.7117136531434453,-1.135893934284051,0.09397984969038953,-0.8883241827404674,-2.2015434898972237,-0.28162344385632126
-0.15016757102017897,0.7813129058076014,-1.1137205314894436,-1.4223689502237924,-0.11980607970937376,0.5606283992603636
0.6747502537268933,-1.0969733747201043,-0.3475238412366598,0.5740588717961775,0.12976610572817843,-0.9837042212090374
1.8389578405003741,-0.5523401480883909,-0.18248057928385988,-0.2970630503693436,-0.23426278246271787,-0.9831823179314055
1.234879505829636,1.8948438354348853,0.7128193258239054,0.051327340097482965,0.871175480685077,-1.0667205299138651
-0.6929994620225556,0.679152751616513,-0.055796193039936735,0.47114135046657235,-1.8401162872719266,-0.8024373774741916
0.38161961028521973,1.3707994453847052,0.2319376690321078,1.09663823231166,2.2417750816449202,0.25170634993940855
1.6300383219097263,1.5792581321474246,1.015668349199904,0.40651148220754696,1.5432124089580763,-0.87371450204325
-0.21557150818524917,0.8793690333918737,-0.1608883548548614,-0.35212826807627867,0.21035761759932695,-1.035338111711784
-2.423599893074537,-0.17765120786171384,-0.8268154354236034,-0.36839951768484724,-1.552606056829216,1.410275762484041
-1.2587139784147472,-1.120536670762632,-0.6124953378114032,-0.3295668151034839,0.8207167095088124,-0.8347666023683901
0.40001104862153497,0.5556662080563118,0.012833285520162893,1.5005365202911298,1.270685937470917,-0.5315357195380817
-1.5483545154737532,0.017652770279350017,0.36258059618780886,1.6454394544433955,2.2394029337722317,1.7535394876120856
0.08564983641628869,0.2042132116760631,0.17331380291145054,-1.0300135381781654,1.422926055996114,0.5443463035584201
-0.9199384326893061,2.866360491340415,-1.1339291295605776,0.16899163245475912,0.1993527057720194,-0.3298868853621142
1.1792402079954118,-1.9715412425689547,-1.103260759306619,-0.1984464400270654,0.8809214071729528,-0.5189103324641426
-0.9276899699060159,0.7812906781893542,-1.269890055839947,-0.1930498965206077,0.8623834582017192,-0.35726556226699896
1.6119368140409274,0.6841559864163783,-0.08839297994260084,1.3942407986942105,0.11056116141130982,-0.127043243098717
0.12164497747901543,1.1645028996704152,1.4885674687727493,0.22957374724033142,1.1948707711416717,-0.6678814695820997
-0.2183996978401879,0.18504896335539822,1.5322664977391103,1.2638121108142242,0.3101247477390596,1.1583581458269852
1.2819959419957756,-0.6059895357849274,-0.6239168008033641,0.37351592787676163,0.23670323935756823,-0.23898345514963173
0.1930553986693853,0.44190323713627383,-0.43622395803454694,-0.39282437596480446,-1.086063262201442,-0.09592592399906122
0.21458136828668464,-1.5881047242127857,-0.2899724365942738,-0.44686451324664495,-0.0673663576562136,2.14579254501935
-0.8778273998776339,0.05710073060371482,0.29362384065077485,0.29921903936058364,-0.22348766670760056,-0.8512851881380715
0.9549434338534684,-0.384010395045661,0.9737668260914746,0.6007759814450643,-0.051182782216361494,-0.1531333284533889
1.1072061627805305,-0.512083910736583,-0.7548124864858724,0.10599622104087111,0.21626690245521696,0.7452308194410131
-0.3642948972540058,0.45490841450782593,0.3231371749276832,-1.3007253814255242,0.0541969380051442,0.049321467936272165
0.6629998642128098,0.4922487924831366,0.39408176047230686,0.4084336809263986,-0.55661250898946,-0.6830572928483243
1.0778247186091368,-0.872953334486544,0.4206032796769879,-0.12818762136358805,-1.1633287221953863,0.601139638788913
-1.0376994359807021,-0.7051125890454021,0.5570093026449902,0.4538948219110526,-0.7931462623051215,0.6712917003728491
-0.5410321339492199,-0.07123143373598524,1.4009992268120268,0.5991166238608584,-0.6294812794961145,0.5242058817118996
-0.027647331752455172,1.0100270148780526,-0.25456106768997405,0.03802965374632323,-0.5112775281261397,-0.7615130844271817
-0.6598325106147676,0.023945206938002166,1.011850789139719,-0.6279164036581673,-0.8411043096194651,-0.664242705082373
0.12233971652385332,-0.10025868248403597,0.7252034866311003,-0.45364097270996545,0.37610907768952306,1.2769029820675712
1.4589574645243388,-0.9666144557340756,0.13944617433219628,-0.6332285613266669,0.7593771562176934,-0.1173745743663548
1.3841225815854175,0.6886479859963897,0.30947613040739513,0.39805353116973385,-0.2363296121528182,1.8643201026951863
-0.08623516773753166,2.2216504445558214,0.1258646832924685,-0.8924155125072872,-1.4333463524049104,-0.6361747027974938
-0.9824266540205311,-0.30469214965008484,0.7892198703255533,1.3435498108174333,-1.622588289379824,0.7555063721339044
-0.18045162891128175,0.676008553979748,-0.21198988553643297,-1.4478666153453998,1.4160789297142833,-0.44008753267707507
-0.2648049838029605,-0.8047327326777655,0.33780522553083686,1.0350137449210761,0.24490568338707563,-0.42380577554359755
0.4045624099230936,1.041541736178052,0.16785381593010035,-2.631780554726838,0.25340437002695854,-0.4489052095908675
-0.9582967805816932,-0.8661981592296919,0.3642361141880591,-0.6211904373601841,1.244657831550442,-0.7041282701009902
-0.8739707776209131,0.10838388730241913,0.40662905626492946,-2.5632841550398355,0.6449254164996882,-0.09621709287272655
1.1853943924476258,-0.25648246634824423,-1.9770006641800302,0.3718330529278749,2.0868370205065028,0.2951294474888915
-0.07478564946328314,0.4881447658762829,1.5745728372928571,-1.8109650423568875,0.5055979316844065,0.6033366095112953
-0.14404073849886379,0.03616433490037716,0.018545024022222453,-0.4101926414668914,-0.6122076664685702,-1.531831488019448
-0.10485089190719611,-0.4452838558035509,1.0979639073106964,2.0282758672919,-1.3533872022900655,-1.061495064336858
-0.45445233188237444,0.4429014592651548,-0.46468799197308824,-0.6450031524713102,1.3888817329122265,0.7923143498715236
1.4639081640170086,1.050432783479926,-1.9476937661501208,2.0426830199061183,1.0000141232217261,-0.45997064249570574
-1.6428718478873894,0.40081649513875683,-0.09318834290925353,-1.0596488761087475,-0.31551686493432984,0.9078821536630645
0.5222358870355831,-1.0123932458758849,0.3731450970032562,0.8065446221334339,0.49186403943286383,-0.059650514445491326
-0.008916729472985498,0.0974115266548789,-0.38553026481653035,0.24848862531360916,0.404669149833198,-0.015239474136278843
-0.3429111576773595,-0.8362312884372386,1.3841137488143804,-1.4256323304165035,1.2730783896486952,0.3268089595126503
0.018943947340449185,0.8646280811038799,-0.816312361979217,0.5590575598802321,-0.056066075248600765,-0.9194364794209002
0.9842811149354853,0.387878000621965,-0.9161771552179319,0.09898597130516863,1.49245301348948,0.42791091809388765
1.0527977018368002,0.049757533809405445,-0.25101842029042165,0.20586824364464376,-1.2540031732620167,-0.7380788993393781
-0.3695464679865617,-0.6168265100303671,-1.6260127220182805,1.208605788919217,0.5931177116971262,-0.8387603558960772
1.3769016718281533,1.1014815398406608,1.7628014072977751,-0.45155000231519143,0.9811829030018385,1.019808653691439
0.6744329713284782,-0.07153655831385632,1.146435138103806,0.017927148756798815,0.6574766637232493,0.46794189826510846
-0.15221349545142424,1.2898242320828897,-0.3969376297233366,-0.8673826611816814,-0.2095739209455395,-0.755576286520429
-0.10231263271977373,-1.086510228599857,0.42288012043036455,-1.2183350610240473,-1.5453084785700353,0.02211901591365182
0.5052120452442552,0.041385804497648365,-0.6503708506004907,-0.14355276074484746,-1.6517583842378851,1.9013909788402497
0.08881171962817151,-0.1312379202533731,0.8699334218801437,0.7834837710048168,-0.7180873828943737,1.118718042940241
-1.5564123943165085,2.7522681475316784,2.7472555889468,-0.8656299258259524,0.8291471194239414,0.7805526509333123
-0.29394573098247606,0.5220459250998194,-0.07960584486343725,-1.5129744394571483,0.3455086059029341,1.4413732753289192
0.4421056702746782,-1.5837258834166277,-0.147980550884562,-2.009673631831398,-1.0614129207285967,-0.5687098590627699
-0.514812572989709,2.020037864215541,0.9365821194752263,0.3868869330707457,0.7911534367471459,-1.23436253248746
2.1161040155248716,-0.8251518310835471,1.9204018872920403,0.14987478172011923,-0.508001784847918,2.6428079938888707
-1.7418639561960982,-0.06546639783775102,-0.7927504336521094,0.7358196062995674,0.17126796537720165,0.494307070491707
-0.28944907354271493,-1.9963189748452268,-0.9621046886456934,-1.168057702090734,-1.329967747409946,-1.0916884301153045
0.45945226485068236,-0.4282777071461365,0.32709873685770785,-1.8305335648307814,0.4751398268811243,2.210034047752014
1.082622247288733,0.02217305955532938,0.06645535242716873,0.9451283020592031,0.22874321968756278,-0.22772097540238526
-0.08403060210705339,-0.49776528319543584,0.7488328843657625,2.2405408341290336,-1.256460284854627,0.8230873448496442
1.9037600351856723,0.4950009757615653,-1.376499775821757,-1.6467218425055463,-0.022492917547678442,0.2926680548010078
-0.2241436033289209,-1.7642545574960466,-1.426460368611433,0.6063993983519527,0.7736848550212018,1.7348818263263046
-0.4754093813369598,-0.6189765269233733,-0.4881018904060114,-0.8866032649957841,0.17612585111356868,1.9181291262547893
0.42200200106411273,-0.6034374010707796,-1.7541945263074405,-1.0005393633643478,-0.6197184291653941,0.2297259778092147
-1.5704439348675563,-1.1741537273780784,1.3174761282862057,-0.01884709272803639,-1.0639875948936268,-2.7449012809144184
-0.9436525567785038,-1.9140646631474862,-0.8893203029876553,-0.6462723984767331,-0.2526702606633322,0.022031326683090206
-1.591756559423876,-1.2423096670246576,-0.2698947493139137,0.9691478316420548,-1.149859959382579,-0.7852482568739269
0.17521099895109554,-0.43549966238634824,-0.435492871618374,-1.4619874094602985,0.2989357514405212,-1.6762145146821297
-1.05646286057723,0.9078688813795065,0.3430416571617869,-0.20662633281192955,0.8936353041533002,-0.5052807513444868
0.8607926173138853,1.6086976021794788,0.7272154847846828,-1.173012949165871,0.8614747921028139,-1.0678340815714207
-1.0228309263441124,-0.8970238243638036,-2.451579469899119,-0.5605101029927125,0.9754687160339893,-0.5714539564128751
-2.203788835599985,-0.8035364826771647,-0.2431134225398528,0.32535582345167846,-1.2253447447390717,0.9757507402836638
1.8054954882389105,-0.729282092858531,1.4119403479024637,0.9436328743405499,-3.2639748340897268,-0.10471414545703302
0.017439591141019117,-0.1786534713757546,1.9014087455629385,2.1685555642232965,-0.7885501040136372,-0.12658905351263622
-0.6966044465149774,-0.10579335942946021,-0.5339176461585776,1.3329849805793232,-0.3370232257959739,0.10617202123612388
-1.3032483923040876,0.02291061234287122,-0.5538342124656778,0.11235766818634008,-1.2656176233425587,-0.2464109699758766
0.40163028293077024,-0.6086608913606307,1.4790583103321624,-0.24471893009312434,-1.5354108619131677,-1.240323199470487
0.11817675264103628,0.47463441536257883,-0.7379874288531986,-2.251066929884147,1.4417748998360627,-0.49232881499304154
1.628068982885018,0.3432065500077491,-1.2630665826223897,1.856221443931404,-0.2672417970091745,-0.5491910489046848
-0.1768302332602799,1.9749137784659685,1.3150069493709944,1.7233068322674843,-1.7326388502705523,-0.076441986392126
0.5061146589639133,1.2740163541186746,0.239175021749723,-0.07697510134070809,-0.19178494891233883,0.021671936265182646
0.2462002004056148,-2.4398852419654613,3.0907332797424703,0.6487472552655262,-0.9172230177737455,1.3743104816377727
0.13873993429072076,-0.839436106851043,-0.03726627410895741,-0.571520379785319,-0.6631377322174412,0.4131874222872285
2.0555304293565064,-1.0816363181243713,-0.24921185137774013,0.5426465894579919,-0.5813479972008834,-1.2249723363116054
2.026925780022647,-1.3605626168321459,0.04957289544776917,0.9472891328608193,1.8450971292481861,0.05167451871767559
-0.9053270312031748,1.085520089241239,1.3063124588514572,0.0019865256281108813,1.4987108304625432,-0.6395761308083412
-0.7499680636983967,1.2936413203449972,1.5576531210883895,0.7509966067633931,-0.07398767121308708,-0.4175916900699447
1.0151122114445117,-1.7666005815681927,0.8349852757739664,-1.2630443380261989,0.14418919241183253,-0.28198317284268687
1.6345568608941758,2.721745586282858,0.377538664542838,2.8676009290380287,-0.174441702668821,0.47530745506358935
0.7395415076398218,-0.10917599878931715,-0.9273519017195977,0.19867054667870782,0.18215846901246718,-0.5415341539483056
-0.5545603989717208,0.5887489867895621,2.537707693161339,-2.8593975188884966,0.10435302862063876,-0.8638472629104142
0.6376883873591161,-0.6651352072680771,-0.985430977549414,0.6745388874456117,2.9054227899663503,0.9402261062851691
1.3109342848866303,0.33696260997075106,-1.785314035286525,-0.4144147001138305,0.6579186214817663,0.4427623927775795
-0.37087030144201943,0.9838267150334729,-1.6363657515563146,1.067799026344154,-3.4373380939410483,1.4969809438203425
0.19693937285700475,0.34227299004106737,1.103916320266567,-0.10466057306458171,-1.1516565243457535,1.2055571281015955
1.2708035318719852,0.9623326081812069,0.32990929083501763,-1.0993109116386264,1.3990568704474715,1.0879641770799897
0.006728575001087217,-1.4142382735320704,-0.5333899749711567,2.1269284453683865,-4.030561450466304,-0.6412542453692064
-0.3358871818225456,0.4148562671054587,0.08286149552937029,-0.3468382443980721,0.5633041232421129,-0.2689724948638176
0.5527606419185641,-0.7111989150620525,-0.20669504755267804,-0.4056856076950198,0.20330250676286366,0.8634491064040931
0.44345138527492617,2.710003341766667,0.8313671029181984,-1.0928643869679993,-1.4563449397352444,2.0573136035328607
1.9889448887766827,-0.327891721030282,-0.771694943465272,1.2011203500795733,-0.1603922970189324,-0.9893689793599783
-0.9848172127810901,0.01828928843846147,-1.3939944924995427,-0.4213564728170914,0.20039540612244544,-0.7410352791125047
2.0763561895428087,-1.6781225367591401,1.6893936848744335,-0.48772662606230494,-0.5494792599523881,-1.2529074504768138
-0.14982293669086516,-1.3480302815216367,1.5737058050555055,1.77199884414661,0.5289527379154965,-0.6790081833777937
0.6003584720685621,-2.2220929762283537,-0.12532492803204187,-0.3600536199728554,-0.6080459944680893,0.795149522136771
0.20301697190273277,-1.085514027163537,-1.2728214505471924,0.05322532976445992,1.3649307057266273,0.4950945807244475
-2.257622905994893,-0.75630885596366,-1.9372158678578062,-0.8922834002527738,0.3365014611373335,-1.3412240483878115
1.3816663781907423,0.9502892804723047,1.5553088109274582,2.5425798821894197,0.0761556779229349,0.9860865581620365
-1.4572561744224584,-0.23848819902479199,0.25310493689414054,1.2805357238492405,-0.4352292821546876,0.8326649386668719
0.6984151443405038,-0.42006965393246676,-0.5047446799376886,1.1851990941923902,-1.0571839086282553,0.9170280726966534
-0.3295251226955116,-1.5739497727696883,0.4014087367313017,1.0013431038865817,-0.872512388909048,0.3456719625680663
-0.16480085405099873,0.06540779775327268,-0.29085960895328294,-0.16802742050294814,-0.4613678559831849,-0.9879520703642667
0.7115276600133644,-1.2630338900082914,0.7989112968671368,0.7564208177577204,0.269206168548936,0.7619435742212212
-1.8716543386967244,0.6795851798261838,0.8807718283501349,-1.168746622538365,0.3066974650130925,0.25871217775152383
0.4359843081395733,1.3592693735882369,-0.4715144862089017,-1.8160994364159126,1.0548926657676296,-2.392098728057552
0.15675938636677253,0.46595352008782853,-0.3149904957172243,1.3094703826498577,0.03415577068001602,2.006901098741467
0.9509719334869933,0.03189663219547377,0.9175658166062203,-0.5720585124241383,0.9295808573403882,-0.7510956715504926
1.5404005739684337,3.2906392478932687,-1.4441977737551972,1.6218252535576427,-1.1319177576705077,0.08741278941301608
2.039157563520538,1.0025241833708156,-0.7115041758796743,-0.40518205941603436,-1.1723378155713917,0.27088709949242873
0.24197706227489188,2.5556486985284397,0.1775512845081867,0.36422311039286276,-0.5487106677206792,1.6646821958740528
-0.3836108308546675,-1.455955471610978,-0.6035088155278229,0.787382120043833,1.6754380701162215,-1.5446454577243671
-0.3303839733257418,1.098505059687105,-1.0052780604368012,0.20300327527708045,-0.14494878443195175,-0.8903923842723083
0.3295907673296787,-1.0358878383710912,-0.8220009393413816,2.027288137975408,1.5401670323396224,-0.5659649152915077
-1.7655944914438249,1.4573739977941444,-0.7563481707622568,-0.8489547308946853,0.087973806236776,1.3793509195526135
-1.8712659412779828,-1.0713287653319106,-0.16740670522930948,-1.2221421073531413,-0.9481985270853194,-0.38535506364894606
-0.9611742037122191,0.26661826027239216,0.4308425175276591,1.1797084812272092,-0.18242763562745318,-0.07826517753713673
0.5723446244420537,-0.5048175002598769,2.0732120393500764,1.2402864458896055,-0.6141844294479688,-0.19338505525906713
-0.8792715818290562,-0.9015966516465592,0.7122231782228414,-0.7448350572176983,0.5147412961596096,-0.16976042541377584
1.0393186702898864,0.9889633155428775,-0.0020865166037188987,-2.1095283622552667,0.5293513202523773,-1.5644317369640761
-0.26271529628228746,0.02134255490963911,-0.24500760098173693,0.9635880499572447,-0.17728708295871573,-1.0194761794659206
0.20163843458542668,1.6727798256077335,-0.08880988046091486,-0.6890587850728391,0.5557799894175457,-0.4298473603880168
-0.37869295367905575,-0.3973469659984723,-0.557060659955213,0.9813367434173622,-2.2578186908756095,-1.3602334823011974
-0.4678110149333236,-0.30406573495381645,-0.6588538698426335,-1.0240000096925004,1.5425735877197704,-0.5254638328166926
-1.7884880576060607,0.47512746434930786,-1.3751886539018519,0.11425427447891646,-0.05792490961826369,-0.310309333576605
-1.387371990976207,1.5792662149177066,-1.1066795449579796,0.24113737379006042,0.9980094337484755,1.8626421574185463
-0.2062992036105802,0.8619850152241447,-1.1186155880582953,0.5718288722749194,-1.6011217189273095,0.16507396082152134
-0.1384554742093638,-1.122383583770347,-0.2563686436087347,-0.5326032913659847,-0.7454129403695984,-0.2896525948320069
0.4782266302195289,-0.784099440859719,0.2882937574541193,-0.09781701994322013,0.042586740416919906,-1.0946448098884232
0.8331069928582128,-0.21538360019534195,-0.37857084577778494,1.1279163273337376,0.6500703831477922,0.5920512763931408
0.7019873065158676,0.08549550257779508,-0.29968098223926803,0.3562617907620774,1.919854501570727,0.28254468862987375
-0.32701968582519825,-0.39143644023529456,1.445175576661665,0.5421845424107916,0.6762470356226863,0.31928139770713604
-0.3764063322559323,0.08879125215718683,-1.1299715956548786,-0.11999527820919609,0.8938108298108778,0.5684945295236337
0.3726427065642774,1.1975008093157802,0.8590577561850936,-1.3531241449902631,-0.4802593647017509,-0.09933869405324215
0.6926493573070315,0.9521462969428439,-0.87165540228186,2.2454006283710726,-1.2051540942346337,-0.5318350140547407
0.13785373172959176,-1.5277830096547214,1.7711051794571588,-0.9721649711928432,-0.8144970680743745,0.5023704168816184
-1.1574626006138646,-0.3828848692849427,0.41644132353646734,0.5862228828324036,0.6896589334622756,-0.9699336263267329
-0.9909331045300357,-0.8993880346690747,0.05111462176065644,0.8566974773713919,-1.0925222274440218,-1.4230736501872134
0.14052328018529747,1.3230100661371313,0.855943086370763,1.1817710924469391,-2.537123850432799,-1.7760691870649914
2.2664958723783997,-0.8804016072944247,0.35921216084059193,-0.4841713538727101,-1.0414978209605237,-1.7706575088362264
1.1588684898620694,-1.5908306384878452,-0.1950872884353759,0.8324566078856861,-0.17739834753618747,0.7816692497069906
-1.3034070335032697,-0.56041685628512,0.523123547956246,0.8778824728233253,1.5324047374136736,0.161239842321661
1.7567105842878976,-0.4231754584104019,-0.7338194306761846,-0.5301450350699082,-0.5566715809523601,-1.6751258478062225
-0.2275735354635807,-0.6034272976079366,-0.6215875957336761,0.6154494336299045,-1.2407371843550306,0.9619400250391132
0.16607545403092022,0.5980199242943308,-0.04202337084445334,0.16307355680218585,0.3899179214638862,-0.8790515259270852
-1.3968412294533263,-0.10849906677883354,0.5934105585287541,-1.9514045190306546,-0.4633115141173282,-0.3859893716545473
-2.0659460446427627,-1.2558361830789069,1.337012046293981,-0.061908770828309534,1.6670584209638166,0.9256312664924587
0.3523202219065221,-1.129658077017335,-1.6542119133570274,-0.26699264119221133,0.2764863600357278,2.6082694405235904
-0.5063936486590599,-0.13398000006897762,-0.9800092567992111,-1.400560052920694,0.12914031111190777,0.2584127139506397
-0.9088937229923791,0.3550255808415435,-0.984076554367947,-2.021700688802741,-0.8530722871499292,2.3059112178931525
0.1337454717086231,-1.0594329481805127,-1.7545499994546936,-1.0532514612290698,0.24571714504766368,-1.1987094117592496
-1.8632955886140832,-2.989060985491401,0.668090129634765,-0.22681114857783044,0.03352346275272773,-0.8102899649991547
0.3841688102450118,0.989632164783098,1.0146814832386863,0.4325618053990829,-1.6314440023557153,0.3865959170466182
-0.7372439454443286,-0.3423800867471998,0.5333275405940167,-0.641661611625405,0.11512045759217307,0.04691678546506413
0.2578466525823138,0.8516087588843438,1.3325993456388208,0.5763857075249345,-0.6391789859508512,-1.0243561359317854
0.7242463078812732,0.9003842361053945,-0.05820092356584039,-0.44732102679628166,-2.039901455363924,2.1680375083992858
-0.5968410137549958,-1.6701145321097324,1.2502071149440759,-0.8239004372659802,-0.950069419154719,-0.8546993124660769
0.020705411690337492,0.17812809130791657,0.49309966159532753,-1.2299554059238904,-0.292833241946372,0.03869007979427921
1.0644277428549191,-1.2037508114304802,-0.8057579312246077,0.8731402654046776,-0.7958135654420485,0.026704248537037605
0.8633527580459962,-0.7316826756300333,1.2280217639322508,0.9676731545392941,-1.1168013424862606,1.364809912144689
-0.012330250449167197,0.7719389129818411,-0.1157674332994789,-0.3332023230078608,1.5430624520834197,-1.1674791800789335
0.2219445080846529,0.6106270252298823,-0.33607720309262706,0.3772544971734011,2.28494849374879,0.7135980298644208
-0.14811070581661495,1.3676895995216292,0.6902623895675051,-0.7144520054277768,-0.7038689864295328,-0.1941393857829482
-1.648659516465601,-0.39696303441043684,-0.96105136028301,1.5296095165310308,0.9534054832290267,-0.3840283831472277
0.5251242509385295,1.8949428493707545,-1.0706015380268148,1.0865644999830077,-0.3695455549649508,0.8229725701424605
1.288822983948088,0.34902816529791936,0.16935828301791936,-0.41151653076083394,-0.8976991472988757,0.43622717512174175
0.7052093639757582,-1.0110353404697765,-0.9958172382881906,1.609897799542587,-0.9896781876478663,1.069771539570932
0.1657362900877658,1.7199326866961961,0.054682444312280726,0.469259961292312,-0.5221791097730357,0.31293002272386544
-0.7511989005888395,-1.4524556320821456,-1.4267101061199934,-0.6851659695313865,-1.0110331705488138,-0.7321378693269034
1.6952507955584546,-1.1977756235051034,1.1372824598165512,2.427213374698656,0.13749904230843263,-0.8641678872399082
-1.5275287552874512,0.4454111594353694,-0.29757331850781255,0.018261925359855415,-0.8988701975566646,-0.35238831434879875
-0.24771549737741455,0.20629856640687008,0.8763389875733173,0.8901391699438741,1.174933149313022,-0.5616948899022945
0.8705463158723618,-0.322415644169355,0.5845056037378923,0.03330473850758603,-2.1715754336959563,-0.3839901249115051
2.203854480234152,0.4695079183160171,-0.9351944650930264,0.6900285305222137,-0.945831611393052,0.41668297232932505
0.5211965136614314,-0.8408869641152996,-0.33989979818321686,-1.1249987907392363,-0.5165690819524553,-0.7984827286033762
-0.6597176325049623,-1.593144331478901,1.2638963556346732,-0.44069051333140946,0.14850533215856737,-1.5192360642540128
-1.6389167586794435,1.4329296797916924,2.6231874045061847,-0.30826146607937094,0.20301146403549913,-0.14367457216483376
0.10568786099268701,0.39024827300493814,0.46590042729687353,0.6844134138616901,-0.21922074821371365,-0.41230257362288314
0.7194268976568867,-2.1403660652910124,-0.6220216153554009,1.1243997896271396,-1.538108093983367,-1.1747189586953553
-0.0411373040716877,0.4657292232127206,-1.8125334097066368,-1.8767064519405534,-0.9909024963347564,0.19029697235587695
0.7721559500434759,0.02664485220965463,-0.20865468138994905,-1.7038261540675306,1.1660028831490363,1.3292099466643406
-0.9770984978814384,0.10236222344796796,1.2998253256655745,0.31943913117350575,-0.16477495866447564,-1.6750804796328804
-0.533882339212282,0.8814301398118536,0.794067597608508,0.7644762068472163,1.1669906133076338,-1.26917007849243
0.6582351578502716,0.1617726056575977,-0.5941476869814205,-1.6989290087168822,-1.2912970033613989,0.4287886568206135
-0.9337456874069537,-0.5343721497683268,0.15971619977439114,-0.19705199863908682,-0.030126808737246512,0.04479345338224523
-0.19618992995042034,-0.8601401229089908,-1.5478609939385184,0.6039203914399836,0.19045352048226374,-1.1473308018736523
1.8420814310090396,-0.333581991303474,1.8258399880857508,-0.8055568928169421,-2.1395436160585386,-0.3251110386970077
0.16356454677439658,0.7756266769195503,0.5395125719550368,2.0716114535219523,-0.3923329710628643,0.8811068057498949
-0.5987228266007977,1.1734080918202545,1.9770782036484136,-0.3239046637135857,0.7671874881581248,-0.6629321065824013
-0.6536017407560168,-1.7455671926215468,-0.5218335731640775,1.143190164005062,-0.183388634296369,0.03873781794682783
-0.3673747246731925,0.1386720482132698,-1.4685904821006768,-0.43297681771693447,-0.9102407483626465,-0.5368524293144563
0.0539927115940901,-0.17569315676274422,0.3615373378859541,-1.7195744881556088,0.5370232362593267,0.4236444476734724
-0.11761877325069202,0.7464175658403249,0.6761925005775735,-0.8464812574802798,0.40978777256053894,2.107261423115981
1.910417495166433,1.1549389617431796,-0.564458126640009,0.6375958742848605,0.04644065039745593,0.6062559160382908
0.0059517801635531374,-0.09908466010168238,0.002787392837396155,-1.323990280277085,1.7826738471301307,0.8685758792756632
2.617125744955411,0.9963125744149078,-2.5035198366477327,0.9737862859812395,-2.4173832483393096,-0.6913664399385667
1.911161467686858,1.4668247769375269,0.3790854258861303,-0.843951065715786,2.398173211797466,0.8923124059962406
1.6574723086011511,1.1134359570765555,1.3253045935744798,1.3757644503034652,-0.6208715220632216,2.0474301131140455
-1.5800499329992204,-0.47350686890929944,1.7947486752769848,-1.776919506861939,0.4874745737996129,-0.4008587904665012
-1.2014609166575492,0.1619039506745572,-0.016603516294441307,0.97824213490058,-1.4332772467133015,-1.2236256802708765
0.20357495129307704,-0.2962860685646765,-0.23764437250375298,0.22589120460659284,-1.098324995441712,-0.9820029147088142
-0.36163628957061883,1.4280557693162066,-1.57739849636141,-0.7058280494628295,-0.8863460801575084,-1.3844585633063222
-0.13820930683127522,-0.2791263472720743,0.3219559567924633,0.6849556966236854,1.480497018298127,-1.7329249006404739
0.12521713965437917,-1.4982748360753269,0.9810484870767401,-1.1949048489325398,-1.2275279419974239,0.04981493146345768
-1.586915267654801,2.35463424318846,0.7417546386092396,2.6225707397065157,-1.6827770321234232,-0.9928369360727696
-0.5362947795175296,1.4746549606408819,1.877078471594599,-2.6720900094725692,-0.02765710115473491,2.9895919845564354
0.6614408041515822,-0.727192696742583,-0.0831364081899933,0.07528185108388155,1.0986153168602528,0.5771496935777017
-0.6700676031570514,1.1625084761051956,0.31084263766185843,-0.36326166518984004,-1.0772238055885897,-0.6123750330595452
2.083845148222901,0.44528183511097097,1.1355977386399032,-1.0560334271330627,-1.757836579013977,-1.030474914384582
-0.005722023943993629,0.0567087162454162,-1.2981647726349097,0.23718230640094298,0.21683133199247479,-1.3752909758914325
-0.3114837890747204,-0.4461689191485973,-0.6639231384638301,1.7511500086721468,1.4941486059831715,-1.305352720288575
-0.8346660529194403,-1.1604675766109016,0.3919680547043484,0.2823425634551546,-1.145315035549168,0.6419070053557606
-1.035844975065748,0.5179782709592157,0.3861274194236734,3.059018443775087,-0.5644708564127662,-0.34917428397931644
1.5080815324184553,-0.23954906262331108,0.28085701753208736,-0.9929529381940164,0.4120503030236704,0.8543416148904597
0.1281492666467025,-0.6351562123202008,0.9327444192933934,1.4026046802733068,1.7677334851278257,-0.39365777793849305
0.5864691615581673,0.8171842402855304,0.30486504955391613,-0.22551216002294996,0.18047655985481179,-0.1782273454053376
-0.1982686766987237,0.6807127262794631,0.2806707214067555,0.058056073144254414,0.9449482126345752,-1.486846912742799
-2.2814354970353157,-0.8463731444390697,1.9151926448253298,-0.35355591044969054,0.9989711644920178,-1.2840907904257304
-1.560963755618067,-0.3012852619794196,1.6983751721275995,-0.5197005584039778,-1.80025296135892,-0.34052301346251224
1.3629521870698016,-0.3666304182630542,-1.649149693778413,-1.4738871959874975,0.2871811736637698,-1.5258789466794147
0.155216737464125,-0.711845536684007,1.0669924282257963,-0.17051334428688145,0.2787225896413091,0.3028483004730426
-0.8293597783250869,-0.8973269282490948,0.4033361463739282,-0.575201539044657,0.07365495406101392,-0.64669994972798
-0.1887720862906546,-1.493116007947675,0.6444546898636,2.2269353469754676,-0.9260815621559116,0.5370552318206517
-0.2466214201414654,-1.0816666285129004,2.241311564764402,0.4306167810027572,1.38875408278208,1.7725954746884207
0.573362116271517,-0.6680773356479625,0.6744564220907027,-2.1134101108015666,0.20307398105546465,0.3722272409836866
-0.4428168204780451,1.4380683009936581,0.5613907861115756,-0.6749691168817794,-0.29692712168325075,0.8697192249575054
-0.06503195090480675,-2.1393981535506414,1.0257515011077294,0.3577530683575676,-0.3397070329094144,-1.0214527421222956
0.4188346474660705,0.5711810855980786,-0.5514989653594962,-0.27325241031980535,2.31886903162593,1.0192068482577732
-1.1310789280689613,-1.1187625026873982,-0.9091190495830666,0.3715370108078023,-0.7951318640090583,1.1689781919256446
-1.6399616024398054,0.18282620152992968,-0.9527173779411401,0.042172168365680586,-0.18772841574722796,-0.6112958461004483
-0.7199247027992741,1.7561313733702433,-0.9203441463888667,-1.6132649328147481,0.1820086951564673,-0.6081292153150566
0.5302937658783893,0.6231108639187374,1.325737606190116,0.7330708413809949,-0.9970700743442636,2.3164036236832373
-0.7918766922214592,-1.2205629736012968,-0.37184404514417985,-0.35966350839407235,0.8488587670405847,-0.3500596404963528
-0.3401595534289576,0.45585814001507163,-1.6192627602447711,-0.5847966238333923,1.801091725096767,0.00026391411281819226
0.20490972552090442,-0.21240914073434752,-0.07042295639369628,-0.4181816285855271,-1.0973116642027834,-0.7332751207765084
-2.871701106602247,-0.9682673822551929,-0.26646488659563583,0.49574328066880385,-0.7869358148667325,-0.009570314595383166
-0.4430629878561337,0.05766854521550489,-0.3661917200010043,-0.6031789027654273,0.3421693228534279,0.656425836529701
1.7558681448162472,-1.2051370065325375,0.2668868221443642,0.6256615033978405,-1.2155853609970269,-0.8059122748403695
1.6911644170822253,-0.5910222659292459,-0.5210450874011883,-0.09911739187248829,0.9112275741937633,-1.85582440438472
-0.6739515773446708,-0.34170517542927725,-0.8335583481545401,-1.1263392805259018,-0.1858538202414806,-2.9720771610998056
-0.02203471553200551,0.12102938139676285,1.1984802334850333,0.8215528509213307,0.7317757035003982,-0.8462657414676076
-0.16087858716016182,-0.7781242529343421,-0.834730503235001,-2.9732976495228516,0.46200711861942717,0.9377609893442467
-1.2864378955737392,-0.635228957252682,-2.4222000674312403,-0.1996859434830564,0.07708230138180165,-0.11450774595030525
-0.13122909406594008,0.18292723615836007,-1.6809922331250093,-0.7891735898825588,-2.049854074510033,1.1334899540363572
0.015224084738222107,0.9346248716804534,-1.2458850448363745,0.10042744742249601,-1.8485456636699387,1.384939499800567
-0.05914034498921043,0.12057068418368512,1.3313033288101588,-0.0029756383189903837,-0.23159597455274275,0.3365302756401993
-0.365405385648484,-0.18999966014848726,0.045297147619885625,-1.1525210242847574,0.2683370129482726,1.2322595145121098
0.11563302306745452,-1.527346540059891,0.362657128650113,2.3979453226693703,1.2531886110500663,2.3658898051742154
-0.050852709926895695,-0.16171400557311938,-1.8269879750202285,-1.1649713938203037,0.5176659235278553,-0.4939906782679351
-1.5254171862220898,-0.33732431394053936,0.12383053100506099,1.2853443332387549,0.5863332208590993,0.7800703601652352
1.2905242740499685,1.4572123423886558,-1.4455028536385994,0.6979953836505756,-1.1927749168457797,-1.6528047065232914
-0.41257652567642106,-0.7101218859229883,-0.543139807865545,-1.9670158990538367,0.7566756608893739,1.2121925620209197
0.6155442641035157,1.475483444594011,1.9163527158328035,0.7985943694977887,-0.6905372507615776,0.8159129099455671
1.4820862572923443,-1.0600169283328291,0.2789265868712141,1.308298664539121,-1.168214448299177,0.9573700279963249
-0.3140165778759325,0.07449081084916465,-0.7557318830395449,-0.036184923993478287,0.9493314556334986,-0.5734352590276631
-0.11808375607597041,-1.0808482480226143,-0.03600953051753127,-0.9229265264285333,0.207957737017248,0.25950899861684945
1.3297305318002162,-0.45249570758090074,-0.24243570744607978,1.9224684768556497,-0.24378870975943756,1.7356659508744643
1.1461498419941607,-2.3531753031539404,-0.7580167798415826,0.11200629109055396,-0.27209830472271435,0.19347748444803387
0.010628960347235716,0.6088811468505977,0.7967794649896885,0.620930362974333,-1.9059969748336818,0.6219643074885646
0.38750027542844634,-1.720920805362253,1.0485209156476125,1.8291093808933516,-0.15309613984579185,0.34182582488795626
0.9578700904596322,-1.7462946419462455,-0.22104488423364693,0.6334595848502671,-0.5891713988265628,0.5838369284710716
0.297441307751303,1.2602695825744397,0.25093181776728873,-1.5330928532521955,-0.3070627271886485,-0.4809842323947838
1.0312717322195009,-0.21184334681513736,0.3675139189878173,0.07664862498400338,1.1059749061466444,-0.6372439019870895
1.147101689189406,0.1477712268497257,0.09698878386602756,0.7615607453143092,-0.5367015325240635,-0.10040467684248215
-0.4968642359339327,0.0423739231637051,0.9572720664539819,-1.1424147826578785,-0.27329437470745704,0.38836256725919416
0.07686986659779683,0.4270390226015837,3.0827124762923708,-2.2076905341094966,3.9766332269124067,-0.71519624226926
-1.918836419497031,0.9825051820936146,0.8298767339155434,1.462295210262705,0.6776308073885768,0.5064229120367297
-1.5892511225535628,1.5618337001283236,1.3129264748037783,0.49224196008053483,0.5965777655284458,1.6417490921037294
0.19047337639258607,0.23685750012192175,-0.4162570414232937,1.7933443110281075,2.204096094165416,1.3816609721398811
0.7563629451425399,-0.4896865543061269,-0.5876655888259522,0.49479636089690976,0.3002684825328003,-0.42470416694624996
-1.2242341343238203,-1.0964904291961994,-0.43831047463825645,-1.8259207029178655,-1.0614835228668689,0.8676118055922001
-0.8986586304500953,0.4912465289690959,0.3716748681222587,-0.9670513277497106,0.8764950794290807,0.37822074910711495
0.6704450598034742,0.8012773483854462,-0.6622424453115079,-1.3809721632053016,-0.6833552003379864,0.3813032456307509
0.46193582017625634,0.23602093339852942,-0.7200868887240162,-1.299818579511021,0.01467820392528834,-0.3423001592972726
0.16770015872626395,-0.14447547727031512,-0.41544237350225344,2.162183741769875,0.42804881430418795,-1.9492713301360898
1.2531177733528776,-0.6810218922424752,-0.15165612308705578,-0.5905244855069374,-0.6340564767685034,0.6126066138846452
0.20462526543954745,0.5524654310276483,-1.372681208755493,1.7498268110653916,-0.9404320657934787,0.41409698644898935
3.5473703852073273,0.5327293267100525,1.5872067356086128,-1.0814895910228786,0.3928251512939405,0.010455332543961473
-0.15760729622463313,-0.2887165542026793,0.5572187599102263,1.1201486801179497,2.6293375314654828,-1.1917424346776646
-0.004250490061672602,-0.4598267802198248,-0.7876247726902755,-2.268540331840084,0.32580172753716796,0.12567204084480565
-0.04322699159236075,-0.17577600515804961,-0.8912175024477955,0.0421970691047491,0.8653767283320297,-0.8139996595907882
0.002795367337829676,-0.25652085950705533,0.5873081016665316,-0.3052816776371982,1.2916054974559703,1.0178928640732285
2.66426406266629,0.761742498280635,1.7607753110590287,-0.6799084551514065,0.2073826278030782,-0.8377524375973373
0.5336580533789329,1.494936651952002,-0.9161026367678047,0.3430339648177599,1.244764563724706,0.9925929974989618
-1.1287485435563591,1.8964826171080187,2.26789853936447,0.4182521806795696,-2.018318678830205,-2.3599870333974673
0.4047101103499569,-1.2726564280200054,0.1069118218066723,-0.5198686383927128,-1.4336549649233177,1.1734378156512042
1.2130362538138706,0.6971894534838985,0.7292506440781787,0.24524115392642087,-0.24860239110731105,0.17167282934741343
1.7485815904248159,-0.6846348905551422,-1.5581445400568399,0.6294076812536445,-0.28811234029164423,-1.3496268942987404
-1.8177218013506422,-0.38811240095993477,-1.0599292875605073,-0.07752568434906167,1.4500018145365516,0.6768899298218458
-0.90737295563442,-0.16062283158607116,-0.37969466456626966,-0.5567265740283057,0.13396954904559885,-0.013938778763695791
1.4595646773903213,-0.25616319692240797,-0.2363181454926141,0.6768138466346243,-0.5547709214367397,-1.6712764090836483
-0.3539668081466052,-0.2539141660935513,0.053172942194047335,-0.7076990633291436,-0.7135273438730789,0.41252315097310766
-0.5365135949647194,0.3862856948779058,0.5724779230840294,-2.124526215735224,0.41111555138328426,1.065455384229348
0.11257507719300723,0.4029442844135159,0.24291302832935693,0.5502205642587826,2.598199587713187,-1.423606387655488
-0.48034914005731094,0.5961467422832276,-0.9059379173672606,-1.0440886809380965,-1.689778712277934,2.2108433110081602
-0.38596856729811757,-1.1458599900324284,-0.16515101160366943,0.05485632817361518,0.7417187518473427,-0.7013978847734172
0.26601940953487424,-2.0736387552904425,0.5152135151752628,-0.09355138500289499,1.4607418660702063,-1.374232272324033
-1.0940827063353002,0.2398440837383391,1.1059252974019025,0.22535030521899815,-0.29453934186412134,-1.1019236931617207
0.5791443144635184,1.516713655763873,1.441985381391119,1.6819785222814352,-1.4499870223227682,0.44881726643396824
-0.18692309576191074,-0.06556541177362032,-1.0694767122322415,1.032067849151524,0.11766274822077173,-0.14969897466002366
0.19538031279577722,-0.36207779790598466,0.1044496919340429,-0.8052961267438973,-0.8599891866031749,0.4629473363762969
0.7330645704029826,0.6709325742474015,0.47835004349945537,-0.2752292523271767,-1.0471950087249051,-1.659594950869925
0.6636563105543792,-0.6377730091965479,-0.9851077285968148,-0.530206595230392,-1.530688765254267,0.09227657923502573
0.861405300566027,1.3237516603098143,1.0301501036777256,-0.9632269892407062,0.6630719316274566,0.26354549641233466
2.4422593803336294,-0.46833389593366354,-1.9837204157710626,0.8910508136687598,1.322785589328324,-0.10530934880576645
-1.4847339242033109,-1.2836752645966198,0.6570976512340957,0.10391770101563776,2.486368179932156,-1.4124361678129793
0.8431396811118358,-1.1628014765276435,-0.8384936849667067,0.3582393244566426,0.2841899705676976,0.7113152320380081
-0.28410450624509315,0.09255984379764033,-0.1252796127583125,-0.9014683145340273,0.5908176408777677,-0.4729617681461431
-0.29089872588034754,-0.23394770282312655,-0.37198401898969385,0.02333890938157258,0.5729508428522561,0.5598697519886441
0.2519112835772897,1.0275949160695173,3.3907153568005217,-0.5083306042692461,-1.0900021359018994,0.018086496297547
-1.8783008579051155,1.8216301022890846,0.6239802421865928,0.3303719390001056,1.8569613890293177,-1.2765774484954433
0.11056744546503038,-1.7381148784285252,-0.7359129963224761,1.10701077350916,1.2049767491562924,-0.18578859477239842
-1.208676356028654,-1.0706700195545331,-0.6750414926248494,0.2540829913582531,1.19888915029976,-0.953560624993884
0.2257026633901484,-0.295924364594907,0.8261548394332411,-1.9178369393884291,1.1863838084616225,-0.9604785942912086
-1.1946831081808238,0.8276271794800917,0.5327102458652161,-1.5136121750522415,-0.29980253856445116,-0.8595760525315979
0.24676912056832873,1.070431577831441,0.48572132802610046,0.47435907930430943,-0.38391792394909374,1.0543274008019423
1.2383477306675643,-1.7798704696662437,-0.31095240132489554,2.1698753033940568,0.2520886058407345,-1.0521653872728223
0.552158899438792,-0.3543284419053738,1.475815750745305,0.5501430952927888,-1.4721673655364105,0.21298148223609206
0.7010682816376804,1.1676450766146003,-0.5018414814007618,0.520587301389795,-2.192219432178842,-0.2090699162015248
1.9396785908418623,-0.742762132983706,-0.21120945582220482,-0.11867830578722417,-0.10218052180499865,-1.3639578199786286
0.2990167789710596,0.43478433721705356,1.554963407841034,1.509918565423363,1.1537482230415588,0.30654724551613827
-0.5166342115875541,-0.6596874201030992,-2.25080159008942,-0.10516688809236832,0.521288164186422,-0.8469360223718532
0.3160789134657068,2.3734246633839513,-0.8532332330017501,0.30684074057792327,-0.10136213773286436,-0.9797014956172153
-0.4254483443573525,0.7835255641702269,1.788700596743232,-0.6973216803212607,-1.3862574714570328,1.6899753757212785
-1.0389849767329424,0.6018794471003717,0.0383256445081438,-0.6496602823647997,2.7574790344071602,-0.42139948487220774
1.1560512409795003,0.09097360013128324,1.6954971487427353,-0.015922639261570726,0.5300588703791762,-1.544928585597163
-0.5366011211436259,0.8196717128374978,-0.5592891644166136,1.18060075771059,-0.655660688016663,-0.5549193732835674
0.6471959185395549,-0.7485251481893791,-0.8831513837239667,0.2694356803699718,-0.8708902622573165,0.3177590246368378
-0.9902930693469952,0.6197726797953935,-0.18047160214852423,0.6952673693478956,0.30328627716311024,1.4681506546528293
-0.5314808396793533,-0.29840779576171467,1.8080713657534213,-0.5958401016114192,0.903638425682856,-0.7157136595148245
0.011192410123739333,-1.1887249414903014,-2.562881838227126,-1.1062014994893496,0.24270208493140297,-0.2902444124961596
-2.3562649095880266,-0.5693382139755233,-1.8081851574407843,0.21351968741144103,-0.8177083564880285,-1.7505491663510708
0.48226377522022196,0.6125911384065728,-0.5186010836380487,-1.6404122718998153,0.06215659163783391,1.0619255541308974
1.3316342261907574,-1.0213529967250992,0.9816788728846254,0.2302114828354248,0.2534188285008364,-0.3743801978065591
0.5736848690560914,-2.1658550813514195,0.7633629751355698,0.30131831000172243,0.8108810285185302,-0.16434400722659775
-1.6977781139735073,0.022148811244502322,-0.3172552523976046,-1.4152030708688892,1.1596177605515348,0.23989208824813488
-0.610041055606712,0.5004730112373703,-0.2593524026322915,1.5145819205016162,-1.3004698876693457,0.36825921865878913
0.5417378137663765,0.13413963478188634,-1.4579987921209991,-1.679168888889579,-0.9498962727396799,-0.5541107025222172
-1.8584488264588488,1.3127206995777956,-0.9705534696810149,-0.426228717428671,-0.03914802440780912,-0.13223442861937407
-0.4013348820770436,0.04955344385996477,-0.33846380750904087,0.38768237334662775,0.6401428806208652,-3.37343948750511
-0.09186966550266974,0.5750951671034756,0.5070205136849861,1.0368031396982205,0.8842782707793044,0.8474522546278145
-0.8925591498596789,0.22221556176979732,0.2930780433538641,0.47435216243234524,-0.1840260990434554,0.2765127529864977
-0.9544292175526028,-0.427873568632415,-1.030308203632739,-0.3984851439802956,0.8480571560900487,0.38772351929517596
-0.8633746395907356,0.863850114464966,0.8184039136133503,1.440538189499338,-1.4884608167651008,-1.5264267504440616
-1.5782829982631725,0.03573594807582855,0.0846408752778123,2.9123655410158937,-0.7321956990201134,-0.6772091998775075
-0.3901260607947243,-0.9098390566338991,-0.5941668200969895,1.9763841104421411,0.3418265073778254,1.0784349985522188
-1.6348413209755328,0.8502266051674086,-0.7392784106514463,-1.267520937561419,-0.3006292015393512,-0.40079014571169225
-0.5982578437755193,-0.7979492677249642,0.4999493169710359,-0.33406554862898424,-0.06346592863946608,-0.9861309106300005
-0.5522737775485973,2.3750533415942416,0.09341290526573277,-0.6666093854258591,0.5256679836598852,-0.6012919945949031
-0.47904171776033133,1.0084650195225224,0.06683297970824686,-0.005377176264965687,-1.5673382835556422,0.9017464467873801
-0.8195623166771318,-0.07275099454758206,-0.5907168172570635,-0.34632086237514537,1.411653506297894,-0.24579596037236573
0.3391967654612918,0.1019237331605763,1.1042425902374222,0.2401869955821907,0.3405566270454172,-0.8052768664872776
0.44909135342622364,-0.1733148016094891,0.20755603775353615,0.1402354289508234,0.18921240637636758,0.20877917053842615
0.7816963035409218,0.9289022703261524,-0.002393653458995777,0.5310539120460056,1.4408087120499384,-0.4298425357874952
1.258424047947231,-0.8959851883835317,-0.6927245194401345,0.7979552505282947,-0.5295158432589476,-0.32465270164732146
0.20215812127250252,0.35217438362724546,-2.0690198730270697,-0.6223898229587775,0.6664942082548719,0.5166466637555833
-1.1995517518807974,0.19710037383456372,-0.5593385077146782,-0.25364169492693245,0.21830190843065825,1.4537984838022149
0.20315373155722644,-1.82567350811888,-0.8402499035752445,0.6363453038337294,-0.07264199962520101,3.1518526107782354
0.05986243596494706,-0.62248646991503,-0.329523607505269,0.5409298218364846,0.12442966926775574,0.05382197380311038
0.8040701830160818,-0.18751016690395872,0.20695183410381116,-0.11790776625041058,0.028691156565084485,1.4012277743768564
0.7641801269934169,0.0262043412297019,-1.2351523740050945,-1.1437794814964188,0.14771732918344432,-1.0979592258056252
0.7569428060775725,-1.3937868440451986,0.477217161656221,1.5484759765005591,0.805889614523397,0.9081766235791939
-0.4053884382362148,-1.5370781954703172,-1.6342268706362937,1.5097027590180854,-1.0535796145638496,0.50322335546882
0.8413016313554617,-0.12812605369771712,-0.4176547658663317,-0.2141408225138242,-0.9970904324783713,0.658861836583257
-0.4503933053369929,-0.5523138790850028,-0.4424412135902116,0.026361582429924625,3.3311216554843286,-0.24600511103714412
-0.5300694800449891,1.1413619283747152,-2.0116890027168277,0.5614978323092044,-1.1032940488633174,1.6979754098095936
-0.18534215415594385,1.3295672135222636,0.43867198982201233,0.38226092910108866,-0.6487046010392757,1.9791801291257876
-0.27324578967829793,-0.3800558996888918,-2.3519090288343967,0.09755417880858082,0.5312548542374906,0.032033485346345106
-0.8744138789014522,0.22592757401833358,0.6151558478823516,-0.9644346750856579,-1.5969758080629106,0.59092545162899
-0.5684059463926369,-0.8115040734751815,-1.647783186523959,-0.7708687799165177,0.759639658800418,0.9058422787050813
-0.9266013630562262,0.24194964539481334,-1.034566832357221,0.9344237510074216,-0.09821928753101325,0.23128051488299817
0.8901904726438592,1.6240831553968471,-0.635226486120139,-0.18723280719872196,-1.757179100638491,0.6375007908044086
2.467510682939366,0.09188291178715673,0.18161354704650826,-0.4215024188155397,1.8791292223794855,1.7994039176683294
1.0465176985024114,-0.6586629289708301,-0.4393930061773471,0.8486628388977887,0.9155658699637641,-2.921403027532684
-0.12201696373922795,0.005829698060433439,0.8387031422319429,-0.44074653999431684,0.0021051882473846293,0.2733567871075273
1.1909577751924374,0.48408519450596116,0.4914431365889982,0.12760176230822612,0.46144963302532077,-1.030958982637054
1.0686946440751208,-0.5260610412336468,1.3679049789044186,0.0204884664451315,0.21818835073707873,-1.2709523028540575
-0.3478345052391306,0.5404322067815891,0.30070812844380057,0.15664017418829315,0.517307971332764,0.7817068308058011
0.5562015148256445,-0.6436794935746034,-0.6296154482263575,1.3602485231133812,-2.168216180081264,-0.08654749307710663
0.18806093608728763,0.9475593248121043,0.8567688313587205,1.1442712710930705,1.1102488547101084,0.8200268552757591
1.5563795719994504,-0.7110756528153749,2.588799153782082,-2.9763604404286013,-0.30684226506795087,0.9436338824545955
0.6582023355331625,0.27695006137567996,-0.5155981914989135,0.9608842447064393,0.187954745230745,0.12833327356488264
-0.8885602975622542,0.10935988181305292,-0.49413385684243266,0.23968483067758647,-2.0068880763732184,0.6929108199586239
-0.7931294106565904,-0.2836163261595057,1.3019098282571258,-0.1056725114329482,-0.7313756247168542,0.38143918086654033
-0.049156890211174524,-0.28480247269728226,-0.9230811889221285,0.4536651817618401,-0.07369949218941041,-0.49239128087349265
-0.4197263204133589,1.1029606868008854,0.7977159806467623,-0.18933000277826637,0.10315564520788942,-1.189290521906595
-1.1309859315038955,-1.775917995002045,3.13794273191373,-0.6894419797796579,3.9165128900832,-0.4589341151622864
0.058615187915975225,0.5990848292779909,-0.46030046646999995,-0.39102944769009657,0.10401477784564915,-0.8772980798843703
-0.34349648899860247,0.9092550764815827,-0.08943523123837649,-0.24476043132490952,-0.322254804438735,-0.710884149749165
0.05227501033362957,-0.38218570965619314,0.18726990021401907,-0.4006888593880847,1.0368598052256717,-0.01355086395322135
0.07911819531765193,0.9616415313227393,-1.226512261814027,0.8495841662434268,-0.031866616385239056,0.47400007296396535
0.2913691790917853,-0.7172872617712639,0.8733310604037677,-0.37578397019381643,-0.9205499524468249,0.5172061481320218
0.5146812837213747,-0.8749457373591837,-0.08550790751516395,0.3395478613478134,0.9553054752648438,-1.1398118735638072
-0.7713791552059418,-0.42778061677426654,0.1759944531040657,-0.9097595689574994,-0.46009302338124297,0.8197438120450717
1.2834893574228359,-0.480900583017824,0.9261525574748973,0.9382197303413626,-0.4207565220544441,0.43653425671292856
-2.5746153739525766,-1.376718053918165,0.08025334977472401,0.17651995590057573,0.5797983459372029,-1.5697777329120386
0.35200293950810707,-0.4170568013126613,-1.5422590190994867,-0.9621230564752236,1.4842657277110693,0.8572697241973649
-2.065683466106145,0.6294376523510408,0.9095530692047818,-0.7264679954039794,1.1963613612082546,0.461159017782432
0.3374353011114544,-0.6667032647013091,-0.35472695574747226,-0.31227740194177844,0.5711858109270505,0.34964912624132377
0.755826847296935,0.7671943268307538,0.3402240541419045,0.3966770736488532,0.5557104853912134,-0.25595775406345145
0.022740395349213082,0.3510872510253194,0.2112346309742767,0.8041832020448562,0.6464664658865026,0.5494002842115758
-0.6910574749287458,-1.104443875146251,-1.283104996665514,-0.21578427129252017,0.1771388163151842,-0.16923767571500262
-1.346420680034651,0.024230124590168333,0.6273869437649571,-0.4243666954959156,-0.11560289477123313,-0.3519982834854633
0.9538274750728307,-0.7849319661979892,-0.11125000401169598,-0.7527106076361251,0.6496781311032723,1.2267784297495032
-1.4283615946210313,-0.7227694007099119,-1.1909478279851282,0.6566283391815295,-0.52900823563169,-0.7183230912608639
-0.08286540985077774,1.1275464532831398,-0.9024103750589513,0.9054392907286675,1.2564303774529624,-0.1346220980255857
0.6926493573070315,0.5187198651318985,-0.5527486599083403,-0.7256116866548072,0.6648728782725875,-1.0309297811075708
0.16538071498608234,-0.8613343522170492,0.1525704846103138,1.0087593740065965,0.4581978759569288,0.4467805232342242
0.21849816479141312,-0.15700781258082433,-1.0095336681430274,0.33591512019221187,0.517395540377091,-0.6219665081835382
0.4290314473050859,-0.037231260576598306,-0.2007436416028867,0.31713166268625376,-0.1378934152162087,0.22991439115595394
0.9753206223730211,-0.18717069055243638,1.1343631491822928,-0.2558537105810863,0.34193725519673507,0.501766749321445
0.4996431921132333,-0.5651008216591491,-0.8145450663037713,-0.5250390001859466,0.026612344535870674,-0.5770579415256512
-0.27482126089805453,0.8400423146216254,-0.020783598544461105,-0.03621535823012331,0.34237137545042523,0.040872322788747306
-0.5131003421154078,-0.9999356761904178,-0.36032389555608973,-0.3235602034897767,-0.6285487779086257,-1.2747583201719177
-0.15741583270834203,0.060855177396184304,-0.08222103966066553,0.23686828041376606,0.20689973846028165,-0.5680819838578562
1.4066715134183396,0.9637309274386685,0.2354188890605992,0.21875299273954638,-0.12017855497316611,-0.5610825888464444
0.2681419193726054,-1.2149899034970804,0.23112098709889053,-0.3092450452726868,-0.2673578523691286,-1.0156940312243308
0.16667719651069227,0.5477915691164436,0.07856560757982924,-0.9287782001102401,-0.017979763599908365,-0.5280767348894253
-0.63244775739893,-0.3302801796463802,0.2699602047093006,0.3369388172429123,-0.9958954929029785,0.03290936194655549
0.27967349343949915,-0.23957129024157706,-0.3812384048913152,0.1316986255726095,-0.040507239376292505,-0.9163846233426842
-0.21844346092961567,0.2686712839220901,-0.11067903156271335,0.08536111691009744,-0.33542776603910324,-0.6431072305385037
-0.29276412756762044,-0.989856461658206,0.43507697810614854,0.5079155919513947,-0.8889542359709123,-0.2091625146747245
-1.3115743200696708,0.1474054814947964,0.486405085156367,1.0708853346145712,0.7186758740020869,-1.585935404705755
0.5126517704487094,-0.45358081949024687,0.28998854869159607,0.36595924525587503,-0.8224403253885867,0.6319906737965441
-0.07903066913879639,-1.3087480179879014,-1.2536933700029818,-0.2101760715039479,-0.2674457228559509,-0.41396375976086053
0.8833579603053364,1.0881772999689583,1.0644799480490232,-1.1321494529758234,1.468757254266764,0.4494685875045777
0.9027778312434337,-0.46449255936072886,0.03895099528560543,-0.2819081838957982,1.2067040577066095,-1.041191791062155
-0.356116669915286,-1.1564706467101993,0.5468526392931071,0.6361391810491913,0.10364053699010868,-0.1726573864225622
1.0222729469538192,1.1606575217123394,1.0954333010244335,-0.0781827871856535,-0.1905760245584149,1.2663184856569778
-0.04499939671456779,0.8088751524434115,-0.38716664970120224,-0.06628300065846733,-0.7253450092573784,-0.18349953342951134
-0.006952860834436412,0.3906544322112396,-2.496314708124762,0.13711038619739616,0.7534541880257674,-0.6575060391941722
1.7936247502288623,0.5916284736998282,0.36364198059916286,0.9079279812613891,0.7800270328292012,-0.2711472893522081
-0.30370489992711186,-0.39826031903946796,0.30952950172978566,0.45148775046751366,-0.35791945628520083,0.401054652319318
-0.39707892162921166,0.8401453699426168,0.9352035281477761,-0.7992653060783154,-1.3057307589561575,0.008996102491030443
0.23575723318851083,0.29853914077867416,-0.832530194943919,1.0329988601179145,1.3102610197654263,-0.7003732073360225
1.5247388583357808,0.6437360729665207,0.37460022079301064,-1.089999418600423,-0.21420023425216556,-1.6183008564249277
-2.56615815691871,0.4825696750795053,1.3888748735742116,0.6493199722641665,-0.21855711179872073,0.6739762096743968
0.8317667482441751,0.4080384503789686,0.27567093620528105,-0.016105244681427978,0.23582454525515045,0.22955009149540828
-1.2404866516638753,-0.32668536756681943,0.5813103734369224,-0.8179892784853839,0.783125937021836,-0.16621899934565396
-1.1543116581743005,-1.0354594515465425,-2.522109168937605,1.6076276821639313,-0.9941905772235996,0.2895178445858207
2.747671040748832,1.1804461640367305,2.102428306832527,-0.014875424846189431,-1.5073457798752388,0.16515606367252872
0.8850428392486879,0.4053670948032653,0.7679710349708021,0.17211805858257406,-0.7866126469822163,-1.3425126399380323
-0.8580464834516428,-0.5010549706971256,-1.2706916326819118,-0.6068559119015893,-0.0032397854950810784,0.06023437575089514
-0.8212362548481645,-0.7346672385538707,0.27663564803267343,1.3820726375348085,0.1685170765431803,0.3133097272492415
-0.6401445907538423,1.2032476589808894,0.4235427304328944,-0.22807970289606588,-1.9193832285297256,-0.056321878653066204
-1.1029502023326987,1.696056183305534,0.17637912942772582,-0.33233079714037256,-1.0720087427949705,1.2146214521368603
0.4877013390828586,2.373214511356809,0.13537585574522298,1.7864564899261597,-2.227491315222226,-0.12390522134800466
-0.7525774379061456,-0.6153029078336294,-1.3285300340579267,-0.8119190316496114,-1.3308657876609575,-0.1660791705725967
1.0908387673307214,0.34765611504382715,0.5774313860056953,2.570301321647515,0.34905803743354424,-0.4532830690338857
-0.7009369923693461,-0.5809774031707041,0.09394963950790328,-0.14584639548817105,-0.10027017306637503,0.20939595762634783
1.6366520188010594,0.2989452999849756,0.26281247553305565,-0.6453026530273585,-1.9326046793083151,-0.48435603566557356
-1.7759116397788048,-0.5015177092953255,-1.13042676240434,0.15765349593104733,0.22597930423150617,-0.11161806416335558
-0.6865170543995569,-0.09330345866290306,0.6596987479461693,-0.07376428937493518,1.2887621088396908,-0.13980067187118553
0.5104526752044414,-0.24712868044817013,-0.32797785316805583,0.2555964029440106,0.3212511624228095,0.5639915690354804
-1.2970559151486054,-1.6587784467998428,0.29734774914525414,-0.4015548517580093,0.432914505247974,-0.3007239526848495
-0.6088211594886388,0.11274252117290988,-2.045852691084451,0.3038595687613564,-0.013342910571816568,-0.4717044095361537
0.36600712812825603,-0.6161697849455696,0.06599212962904623,0.19623304099852387,1.4194587783107557,-0.5959527700160943
-0.09851618471106077,1.1566969642778682,-0.423767292789383,1.5285802859827538,-0.7685806584703284,-2.4581749332627933
-0.6028146754632373,-0.1337981377378029,0.7696658262082788,0.5760426306755131,-0.28194842265526926,1.5348943475725394
-0.5615023190338385,-0.7018976671687546,-0.17801853533064446,-0.19753341292779203,0.053930915004731,-0.03470072765654694
-1.9121078444959438,-1.6696922073629046,-0.8174200686703795,-0.8566919438738283,1.4714491680301136,2.7944504361385345
-1.102036647840671,1.4760835902868914,1.9634352852376247,0.14395532269315828,0.20190066997897574,-0.0910979377914591
1.9348701213898964,-0.4225288367884474,0.4797034596748338,2.3222041912870766,0.8423355299520963,1.2436029121207643
0.7621451433345413,-0.643774466125313,-0.9930127263473837,-0.23441555761526606,0.338042758137625,-0.19995345262376435
0.08546931367236726,-0.12714803849450343,-0.08009625682579925,-1.0863998784302547,0.2909121812334311,1.859625343175713
0.30607357714293154,0.2981491471129366,0.1334927543702467,-0.1433812223201303,0.2577371429398455,1.4282498540536148
0.9381055851922212,0.46003693224694875,-1.4508913431880692,1.8944883463861042,1.1678259535200204,-1.5918141381219997
-0.6540174901056571,0.6067250678798893,-0.08900322562882873,-0.7460939279151814,1.3980281010465587,-0.8090877084056632
-0.8881226666678745,-1.3335459571898598,0.08278496306707554,-0.8636295664539132,0.6871110553817475,-0.09178370820264775
1.1786329951294805,-0.5638783026551414,0.9435153563558207,-0.6481911387596027,0.1753641274643881,-0.5298059732874119
-0.5785480423699058,-0.44909084060279664,-1.2726029302272162,1.079117795626361,0.7930979453797516,2.511041043667543
0.06725839807997344,-0.22528297308894016,-0.34264791778338655,-1.0134227290848499,0.08593568894416967,1.0864187813545623
-0.6440012130105631,-0.6715266578625797,-1.2689293720368806,-0.5478024258201035,0.32365368062670674,-1.1714136841265135
0.9031771694345448,-1.2547490504769996,0.9898940285087179,0.01842793028699603,0.3554258270876776,0.13723364582448608
-0.7932278776078665,-0.5653311806119591,0.7972406737756528,0.5109271980046065,-1.6427865943704347,-0.8200468308147617
0.48129551686639677,0.4080525952269526,-0.41564578873099606,-0.9981599594086656,0.6524418958380852,0.7825425870437693
-1.3818961344103018,-0.1959768687664253,-0.2194397165375404,-0.6188622182570395,0.1870684181737622,-0.587648701452715
0.7124302737330225,0.013686150767176714,0.9985935540586695,-0.6430436026438558,0.7065485302848531,-0.20760442263213127
0.4613559592412237,-0.6680753149554014,1.7978039317324221,-0.7627580558513083,-0.9993680458319711,-1.3887907160075401
-0.8223467432426428,-1.95477151494209,0.7282708271595433,-0.40838180438666716,-0.5204573348456326,-1.3537233187112412
-0.4489327122269906,-0.24315801955085584,-1.0046204854646765,0.21270349651966636,0.22750557217034226,-0.8636144970957071
0.23752963831071786,0.5257902684294458,1.1828756672247964,-1.2145017305814971,0.2161688152210293,0.04856933810737251
-0.25523180798840556,0.0039282263533810475,0.17485150120000256,-1.0097927546780494,-0.46239157622233307,0.3683973545895561
-0.3316312213747137,1.0887451145807296,-0.8277126778434506,-1.5952284974809228,1.6740856268380355,0.9572867401557181
0.09608186286107394,2.450241291379576,0.0755033020818007,0.1466971707397667,0.7161926122731779,-1.1720232766346992
-0.33036209178100245,0.48017313369312525,1.0726659004967085,0.0851785114902402,-0.49069796297621643,2.9410612432532517
0.13597738926994918,0.29859976155573237,0.6209773500474576,0.24146938364434165,0.8452463663262675,-0.6539869586442594
-1.2348904466019548,-0.6348227980463805,-0.7424172486117695,-0.4262176504335309,-0.31847116285656807,1.4736444357326097
-0.9555506467194507,-1.2503944579916497,-1.2930209855635861,0.23447504271415553,-2.0886854874075538,-0.10336698156362108
1.4157851767938265,-0.6115585645040029,-0.02637651032874329,-1.6472046401686522,-1.2046622477434605,1.0571068785558881
1.1668552536844983,-0.9426288349447013,-0.5462232604913103,0.3426175691255142,-0.9788423958251523,-0.21885809959947577
-0.8760987578448036,0.29878768596462796,-0.054738836652917976,0.6475132853071118,-0.8290965201482663,-0.9591991440893479
0.3215000661698144,0.22909601996590678,0.7497170357065249,1.188628479312242,0.20029779258360697,-0.7268113410652605
1.1406794558144149,-0.8653797787394057,2.033269143072839,1.14110818554384,-0.6621058514993658,0.923999535810302
0.04019092726260188,0.6330870231299577,-0.3673971062821982,0.473205345060677,-0.7657308426694595,0.05369509527356841
0.3292734849312636,0.432555513313883,1.2677763500719887,-0.8683067552760949,-0.6900132037526294,-0.7826141942725844
-0.893193714656509,2.1141011032842334,0.12575391262335225,0.2977948554231603,0.06149666942499135,1.129451848040702
0.9805448411746782,-1.0877630579923938,0.6382938266485725,-1.1405437687915645,2.4565571860357482,0.7893386716963027
-0.14657899768628616,0.22407459893291648,0.5028484874836368,-0.65492402192955,-1.440489742828722,0.9180838984321592
-0.8859399825821865,0.7495658048622121,-1.6882950412380207,0.13450272546689565,0.4318188694425472,-1.0758402098919733
-0.559926847814031,-0.5913657836659092,0.7562968134520339,-0.42200527540733773,-0.44058773468293005,-1.0559444037561767
0.6156536718271106,1.4782538141055648,1.639178319545792,-1.5482601700952687,1.3436982914966515,-0.09760606997067481
0.24096504083163892,0.4108209440459452,-0.44511280072807713,-2.2354832173488215,-1.1271704259685913,-0.5374369677567684
-1.6512962426041977,0.11062079397587171,-1.1365966886741172,0.37724481355266154,-0.1069398573776339,-0.06326574843740965
-1.488218560199819,0.8495213834609568,0.03456850481293151,0.5406614472042688,1.1156697058344804,-1.1388237615198447
1.5592624655161866,-0.8969349138907773,-0.5373575789376843,-0.22787773023470373,-1.4885407636206704,-0.2251939004336909
-0.8800483766665902,-0.7389490861067393,0.23069300951366867,-2.157227111320337,-1.0150966045938608,1.789433499797989
0.7829435515899447,-0.6667376164749793,0.5408085887836894,-0.22997492581425458,0.8415439096670512,-1.260322946122809
-0.5265957848208506,-0.4809915141834114,-0.23326188203108844,-1.64870836813367,0.5029014316888362,-0.9771314224543932
-0.3674348989211493,1.026772494194109,0.6433620882636806,-2.381497001138521,-0.4268488255670331,-1.7744195122545807
-0.2801220651062485,-0.4454232835907735,-1.7325902178054364,0.6734640055423737,0.5132747138344664,-0.10207365005499516
0.6486619820357166,-0.26216667454373416,1.110489048969494,-1.2451268728901526,-0.501503126088442,-1.4603398803324026
-0.036853991692957,-1.4978808010244484,0.5339246952011596,1.1153552878467643,-0.09448113146793617,-0.015653543360113664
0.6675293439696289,-0.1519702260072889,-0.27735465037584994,1.817471743813598,0.8542557180815552,-0.5106851503514152
-1.3839365884553367,-0.21673342283116817,0.7254753782734766,0.6842169746979044,-1.2511839754058336,-0.242419924995854
1.7584611078654162,3.1430175522936277,-1.4978923451001718,-1.1071408107020921,-0.5500393185734948,0.4557534337858965
0.9591775127566119,-1.6889494075417368,1.261665837161105,-1.887153695355272,0.5482320954650184,2.1548734589090524
0.07681516273599938,-0.14607788647721734,-0.07066967288400065,1.6379083642487777,-0.9096286801456298,0.8597179127153997
-0.7759469276660295,0.974305211650208,1.34592807815176,0.23309858519328125,0.39813606203465496,0.4523337230783369
-0.34922398332880644,0.6285222786174652,0.5462947579232,-0.14310454744156265,0.7561674180797205,-1.2716499231612668
1.1602360864070058,-1.1208721057290323,-1.0769436623367596,-0.6497308344588293,-2.0300584751589796,-0.952240546577098
-0.613016945688463,0.2406685263063273,-0.08287458660844578,0.5106145553918173,1.1478372802519567,1.097637585770757
-0.348884819385652,-0.652920120690843,0.5010358765344618,0.24411439548345137,-1.3488654464654293,0.8155640151498518
-0.010098332887790192,0.3940592991893437,0.5734829151547368,-0.0357989625378712,1.2205665582447947,1.6961827744678903
1.5246568025430847,1.376439198343701,-0.9959803732736089,1.3336808178989186,0.6708737155200398,-0.04195811183277265
-0.08278882444429188,-0.42558008256704516,-1.1418170082077355,0.6366026114707922,-1.6690310175773233,-1.5035110829493092
-1.1682337910017533,0.9714964489798432,-0.11090762194351847,-0.42805200487842954,1.3639983440945824,-0.7852257420714848
-1.4041113726862287,0.4940371054063545,0.07804800645322774,1.7032202360834698,-0.628878792844065,1.260291967108923
1.5722929253963511,0.4311875044449317,1.882292749091724,2.088422219143728,0.1161952400365404,0.08158365627583548
1.2388783581270097,-0.4641773313200336,-0.1354624582683465,-0.927289689263551,1.3153849930970272,-0.9622462602091508
0.9188826481566253,-0.27351084262390574,1.6644833754023525,1.1725204678820256,2.8518363806683493,-0.9428105686074475
0.9253431742348847,2.099782475743086,-0.0637092468391667,1.8918889859019554,0.06026885108621529,0.5010474606329388
-1.6603552021178873,-1.3344451653828904,-1.3177178097460958,1.0297396300483794,0.12422594797124366,-0.5902123418148416
0.00868697325342599,-0.8688715354979563,-1.103041231980554,0.15577625687996297,-0.8021235965612885,-1.4046394440835466
0.7430699067257578,0.19762171251727959,-0.5406605588895144,0.8172464064364272,1.3933742165175913,1.7017967473501678
-1.076068724645408,0.08747376060246961,1.1992536141566794,0.00972650535604209,0.16747588340522007,0.29637571798189283
-0.15554496063490975,-0.6272876354580534,-0.09930993288705448,0.3571430002503181,0.3541313038314365,0.63120553354301
0.5048838220734705,-0.04149492189636071,0.17525631764532018,1.0447118911020676,0.9661236757649072,0.277410467252234
-1.0026287901823219,-0.7853401460968518,0.5107625482889553,-1.237173853505719,-1.0894447364342188,2.3608185575297136
-1.6056677514789592,2.5071945114257863,-0.4809048179317112,-0.8795452888435197,0.27163799126951,-1.676564594467452
0.12125658006022291,0.5961265353575416,-0.014699267791728412,-0.7218765757941434,-0.3023661993126714,-0.5238473377151334
-1.2710879919533422,-0.7057450658193913,1.136922958644963,0.8619404663202497,-0.7653582059186157,0.4164981139513916
0.1511905332358016,1.2815919305583927,-0.5971606491813751,-0.09483446475225267,-0.34886157228847886,-1.2901670785370745
-0.5399599382579592,0.09954537800732119,1.2764496934637988,-0.9329283232887555,-1.6628560111635153,2.3328362130646476
0.4993149689424486,2.179512942422647,1.8085748687948588,0.16304312256555373,0.7288399765889143,-1.154091506122345
-0.4941673355473282,2.1383534554926675,1.3675051974895154,0.9821003660821988,-1.0193744611439344,-0.07100203769713169
0.5739091548894916,1.1617870888581987,1.1564286664702519,0.5491567493506975,1.7499745927491437,1.08691681555592
0.07926589574451526,0.6211406886643448,0.5392618274403972,0.773224666507519,-1.0766756970091862,-0.7120252100939212
-0.5168639678071135,-0.5362008765429168,-0.3162049450531679,1.3354487703729634,-0.8238499781456937,1.270442080188221
1.1713573815104188,-1.5958702457539604,-0.03788054781951117,-1.5718384032468127,-0.8143754575598988,-0.02285591016195404
-0.8100657262691137,0.769550454365743,-0.6863975002214326,-0.48881119158629543,0.4567000405047017,1.1042784367854106
0.2461783188609264,0.7280797807802094,-0.2259328917599166,-1.9264913295900215,-0.26778320925890375,1.2051855492192052
-0.38892257583518025,0.12332286746213267,-0.7854858917702453,1.1608198872674005,1.471250388237333,-0.6032223426568026
0.3545576098540585,-0.04624557012515007,-0.32040416041875663,-0.3269121196436217,-0.8383528609636688,1.3267966306974557
1.568398010436362,0.165213845101933,0.20315743518353999,-0.9388643828084331,-0.5211545498012276,-0.6705500661661339
0.005240629960186195,-0.688486330590901,1.2107354975136222,-1.1016252969978426,-0.027889933183467004,-0.7719523349693966
1.115138222741162,-0.6475854923097185,-1.7057907649218855,-1.5179130860395815,-1.0119966130550861,0.35065348957125786
-0.48444098891975057,0.2788293054644852,-1.3843262270978633,0.2740575342164399,-0.7121618955044654,0.0027942054818602905
1.1083002400164799,0.534927840224694,-0.8944026626879273,-0.6522513426025836,-0.8594699842057272,-0.11637275029985229
0.2265122805447406,0.5432308659891109,-0.25326605786740053,0.6941800370751297,0.2173201640587164,-0.1288798076978176
-0.07952847428113287,0.12709752118028825,-0.6395022339480225,0.5906303136479947,-0.21630850151930242,0.5656749314074417
-0.8069968396222458,0.24374806178087427,-0.43216773753271887,-1.1872644721608954,-0.045893177000448065,0.29808735082007554
-0.8018327950685964,-0.8422832626802189,-1.2677672870172485,0.45297349456541447,1.1336099589361492,0.30107691030206163
1.2453881176809072,1.0664548548564248,0.21661607148116452,-0.434696352087243,0.5559772619978608,-0.11984730909757209
-1.3031389845804928,-0.24147074125606835,-0.03924604806788593,-0.307147849693136,-0.2574996923814825,-0.9192655023497319
-0.9441284803761518,0.5660141747001636,0.5008203772327228,-0.04047338461127753,0.5274985039667777,1.4628395312560167
0.18114089756990934,1.570007401568342,-0.05181348398216607,-0.1452252603857943,1.9420466441048247,0.7047480196629101
-1.2613014710778077,-1.697090777900646,-0.9048201406152694,-0.8943709122115722,-0.7014544428233092,0.8327624463827018
-1.0065072939837818,0.5871364741198168,-0.6354198312880529,0.8580061495470248,-0.13515507930887585,0.31114745979378383
0.45187030960552427,-0.08099339953494071,-0.1736279888093094,-0.012926250326687766,-0.09596177393223868,0.34609195673991344
-2.3168890698662272,1.3963713098404367,-1.4635715637836333,0.7353741597450709,1.637830093875518,-0.9181216488151986
0.5118421532940662,1.189092707537792,-0.13195304206952707,-0.7207007075602307,-0.15911178007283017,0.11385346240569356
0.9265521295805881,-0.786457589087288,-0.7481531552598218,1.0782379695125077,1.0779968763944856,0.1395734924360326
-0.02405875841851142,0.13333135775444324,-0.4949877980007182,-1.6092960316817022,0.007890730959737533,0.33710601130260937
-1.556735147101134,1.368899994370214,1.011856831176222,-0.6422647628606903,1.7987214181764497,1.9837973564684335
-0.32423525925968727,0.5356694343973768,0.2208545600839798,-0.5297659904862781,0.871601623478494,0.6658542909412863
-0.8357491893830197,1.230694726140285,1.4399038998178144,1.0354640332859424,-0.8498480151774529,0.6094999097162769
0.8292449002152817,-0.04362271117110094,-0.25838466978665237,0.6526137866935098,-0.9468486998973441,-0.7402272854880706
0.6772173978939892,0.05719368246188207,1.5491187445360237,-0.8621175382425433,-0.7546904252227504,1.4486469107911166
0.45128497828428127,0.14337622051300378,-1.0765871821834276,-1.345215393586403,1.34743970959814,1.465485443753376
-0.25062027243889007,1.159002574498661,0.7364718846984717,-0.6006777618631779,0.7991131119114433,-0.2319371684068124
-0.17351517923537438,1.9435000917943994,-0.4892992206385535,-1.1827131704084568,-1.0897811031936242,0.7212909823615492
-0.9400311611275018,1.6317577457724346,-0.31486864798119085,-0.6895484996079091,0.05694110897788365,-1.3209052009640452
0.00015317081302269035,-0.6085740015801655,0.0249213865389889,0.6293246787900743,1.5098926782676658,0.59587997779768
0.30264364500827173,0.36081688574316584,-2.171589484604383,-0.4189452512503765,0.6014668182654684,-0.7206827441271958
1.2882759453301134,2.023469000197052,-0.465034402065601,-0.8364089085260281,0.8211570739284353,-2.0775415453257096
0.7301980880448263,-0.17093038437853192,-1.2882669098463368,-1.7844146293223353,0.7151538845041795,-0.1341934703580617
1.3497466748319262,0.18929443844203564,0.5446472959716109,0.9418870558567851,0.7311855759905781,-1.2349211704427574
0.5315355435411507,-0.14315192363787704,-0.7343934241434233,0.27105422840959276,0.34895712955888164,1.6219191375329687
-1.0384652900458664,0.003047204393456765,1.1422892940606078,-1.3435636445613617,-1.395377732518279,0.9020389699348856
-0.9256549862471404,0.05797164910079606,0.7926557750803154,0.5428291948778492,-0.8059822327294888,-0.7645965966561918
1.1427800841074067,-0.2742483954114476,0.3437042671643168,0.22565603095981032,0.38807538652046997,-0.31190077461229065
1.004800533495691,-0.09250730579086407,0.079769986854944,0.33725145985570154,-0.9604015974632156,1.4627670776060526
0.6131482349567973,-0.4875870547273547,1.3097846158252082,1.6826563757339261,0.19753864637842505,0.5583567741930513
0.19981679598758154,-0.3140560390130208,-0.8983974558186943,-3.074894048307309,-0.4564419841987565,-0.4677946209859894
-0.31896727736860236,-0.33490958632105305,1.172203416758489,1.2889701575223793,-2.0721630798393345,-0.10893490913564018
0.3380643955221252,-1.0845339912677623,0.8372278783205309,0.47067100317300725,-0.37431728197722564,-0.2874028074302127
-1.4205444127702052,1.5612860924422383,1.0302487902738455,0.33957137871248133,0.22430607231134003,0.7960179502309118
1.7895438421387415,-0.0690571685321708,0.24761977476071848,-0.8365389457189601,-1.5392044618634202,0.47139140299695464
-0.043177758116722656,0.9582407057297763,-0.631433094205947,2.0401189354689846,-0.13366117337486352,0.4538437383999234
0.27956955610206363,0.9276312547004906,0.19355361817115913,1.077265457314345,-1.0011291159415492,0.8981960486551234
-1.0930706848920473,-0.8614111385346526,0.3189933448966525,-0.5216096150660948,0.9755425802106726,-0.24525205014497883
1.0795643014142857,0.8566908006943923,0.005788270964363688,-0.5719243251080304,-0.8949125698267961,-1.8606369857274838
0.06877916543793255,-0.4313814909315294,-0.45967008066212395,-1.2603453745857633,-0.2210957958832025,-1.7327937053630935
0.3777246953252815,2.5453270008879763,-0.4388492228925946,-0.9845226546440666,-0.6604201312473318,1.0928217880276376
0.3137977624287427,-0.3087981969494996,0.18737764986488856,0.23143438579869915,0.46995515595031917,0.10204690314683118
-0.3731405117066139,0.7174004205551172,0.6732872880284791,-0.18916814797430812,-0.8743670138496087,1.1742608755720108
0.13981760036814084,-2.7933771171474238,1.0156824472850585,-1.0731111840126537,0.4881317507326062,1.0424505885880893
2.2480004967047,-0.7928652052223358,-0.4544215649581775,-1.1332381686229898,-0.03633983996843591,0.9115793212217571
-0.6564135192524264,-0.40848300274406224,0.08447169825589118,1.3750713797326453,1.1152529831189817,-1.4416727391298034
0.6690774632585378,0.6757620294863741,0.2946076855937456,1.6398755226353965,0.9468740425983958,0.10150553218287983
-1.5339728702072324,-0.7579799687179024,-0.8270792710173185,-1.7180403259539456,-0.5048628641642842,-0.2065204957146214
0.15602088423250687,-0.16684454400480322,-0.8682466866913281,-0.08083056577355148,-0.5602017847582127,1.893701242743469
1.9428568852123251,1.8169784679961456,-0.7820429379729013,-0.8118387959348293,-0.06482132174776566,-0.29576155479951927
0.605090356114042,0.17279750431193303,-1.126780393378244,-0.34013026196719326,-1.5498956689473429,0.6338304547959923
0.814327157103105,1.9889858815137607,0.8600244820246535,-3.0322280152833825,-0.5727287120320387,-0.7156417983596639
0.8835877165248959,2.4831442284742127,-0.25649149835084734,-0.16920190536246027,-0.94667583339319,0.5300631160310765
0.5127994708755217,-0.05247132392904193,-0.25593764500526606,-0.17766262314906806,1.4421110620452064,-0.6966823032937923
0.42124161738515864,-0.0038049641066846816,1.351257154342327,-0.4114155444301593,0.13070970685890285,0.04151746498499895
-1.3710975920914634,0.11860050892929254,1.049521879693994,-0.4253253739501501,-0.8243103992569316,-0.38985599272635096
-0.9940840469695488,0.11254247260861018,-0.9675566195783826,1.3518763412879202,-0.5634911037144394,0.21545938013629298
-0.24252957127902583,1.4620498803979103,0.23505334585251747,-1.424662584967116,-0.8128565964937582,1.1679425110133743
0.08844520375411836,-0.53910461176401,-1.376635721642945,-0.867659336060249,-0.4567931216403376,0.4271799487935899
-0.3553125231468532,-0.08816685815349833,0.7900425942952547,-1.004517948118146,-1.0291000510293102,-0.4097694044219514
0.6412988422377484,-0.6062138326600354,1.78513076017944,-0.595477657520493,-0.7271240367269179,0.4832704159057812
2.2949582916716573,-0.3905372320422641,-0.16803809804327396,1.214521097822989,-0.7239041464364003,0.656791659748312
-0.07558979623171595,-1.3638765526446626,0.3987351355812685,-0.6910038094691648,-0.9681385712197206,-1.1035274919461102
0.12274999548733424,-0.828296028720312,-1.493076842011871,-0.36799557236213587,1.2990680616512629,-0.7073116600250446
-1.2759402244947868,-1.2959873444171432,0.8981356342371469,0.632765130905066,0.6488032911584487,-1.0036372698751823
0.5778204810080098,0.8244264024514282,0.6971372200952947,0.6680425612968346,-1.8591214721079106,-0.12881158615357538
-0.8405138957455578,-0.35324939207372974,-0.2118650167821527,0.1414749324068015,-0.010564245965189482,-0.5886275028640844
0.658590732951955,-0.06348207773537441,0.4875953663463271,1.4576906485961343,-0.6397027745805196,0.9243750082299562
-1.3118916024680858,-0.9567130621478974,-0.22948258820205103,-0.26084215864165666,0.43970291483841306,-0.15346631053159054
0.9521261849708993,-0.28853671256406566,1.0276487005678696,-0.20810516003786614,-0.6019236758958022,-0.3786668130502099
2.098423727391923,-0.5949989889042622,0.8409517868150009,1.1689250778350333,-1.6333598847172528,-0.6852518935915002
-0.9629849015376944,-0.8705426482521986,-0.06551782976401585,-1.1287712527085092,0.9558905536128992,0.5869371998387445
0.48463792282220103,0.643515817476535,-0.22624808466386398,-0.010365624325536038,1.6471705263807719,-0.771593113835722
0.3907770367501344,0.08093075806530257,1.031155095748433,0.8354944980523671,2.187558775959577,-0.42004580353598386
-1.3496482078807008,2.791176582940221,2.6395995896448796,1.019708782325913,-0.6210579965427911,-0.15384347579352714
0.34682795418203705,-1.3691101463973567,-1.216117945026589,1.2040171360581693,-1.5780531108120837,1.363480692379539
0.9627168526149176,-0.652352306079053,0.3655844953330232,-0.1723034307512067,0.10381614877411212,0.8224449112010492
0.2677097588643851,-0.31329019652951096,-1.2450693699092457,-0.5183683688636769,1.0674646802258245,-0.36217615917829166
1.9648368968825332,0.9478503045419913,1.7634146740022405,-0.24841392309639074,0.3807112971282835,0.460176999970707
-0.9491448245029379,-1.0127024118388779,-0.48557027711366924,0.859302371353117,-0.9019822467951732,-1.4730847820719382
0.20715805424081046,0.13392948275476244,-1.4063454221060046,0.23527739986200183,-0.8829357643375964,0.6836550354604932
-0.2966535721414502,0.9330325659363942,-0.7593671749987236,0.1968403423569851,-0.500671144806695,-0.20861860444733368
-1.3351516845043747,-2.086268083844241,-0.5209564708658971,-0.34609537234911525,-0.003804753322508689,-1.510853955661123
1.5133987477851782,0.15784639999679656,-1.7937527462610177,0.6312627863144358,-0.6437089991466429,-0.1425290257880101
-0.6034218883292196,0.6486261489825516,-0.4696686440589843,0.907251511183286,0.6253415159054199,-1.0320128616039317
1.5139293752446237,0.1392095524365308,-1.41933781458726,-0.9608392850386721,1.0885797579652499,0.3140481450556011
0.2938527344174102,-0.21126340804794316,0.12403495323988274,0.6110724370509584,0.6630299665260554,0.05661000041061678
-0.9087897856549946,0.9695242530328707,0.07751328622322486,0.26977599047060485,-0.45895741414803254,-0.2871988199344179
0.24815859865800452,-1.0783890651666148,0.000761296598649757,0.8684049748579942,0.458520591677706,0.14691179447366637
-0.10355441038258618,-0.8421155451970094,0.2115437818417212,-0.3774799871994441,0.2728782548769436,1.18059312143742
0.6941318319617731,2.0832895829981055,0.13560041810170223,-0.728406102928341,1.0860483838612327,-0.6595684289545934
0.577065567715215,-0.11040053848588594,-0.03759757911021766,-0.42166219855791637,0.08982464161456068,0.8158822695001392
1.1722545248438665,1.2718077371411902,0.03721793781698129,0.033048814244910914,-0.040135883756047555,0.49327951522241476
0.39620365984045236,0.008759702284914716,0.12156577432467133,1.958111118087133,0.1972083622979034,0.2304242752533362
-1.1257343607713395,0.8816402918389775,-0.5478395052543247,0.09938853325347947,-0.4697143787587268,0.591307272207227
0.19398536431994207,-0.3568927007749446,0.5092167939517421,0.5232129459873998,1.4175481819586548,-0.982484359055742
0.8599556482283944,1.2291893101766722,0.28534524364346314,-1.7810129116903404,0.71262450207378,-0.22108740360956847
0.968799922046805,0.8148685266019134,-0.3357771152799228,-1.7183557353155103,-1.2960489105297335,0.4599675953795831
0.889255036607092,-2.25276506872724,0.07034038189489865,-0.17713417413100116,-1.7624397566092358,-0.6977411761454285
0.7176216702175706,0.2465709692992231,0.505910792981656,-1.4066704176138642,0.23740288738471718,-1.1083573402802278
-1.1380044369724989,-0.2912767716871091,1.55841341068096,0.05005878577924752,-1.5050902902474923,-0.02860209402698603
0.20864052889550116,-0.9393229819024664,1.573172091831582,1.1059414251034987,-0.8379218950903565,1.1921476164794809
-0.36647211095353444,-0.2536615795224753,1.2289280694068383,-0.9525777731646382,-0.7985412216724719,-0.36765114970866086
0.8133424875907508,-1.3713672599964954,-2.6165119611828023,-0.5201778225695071,-1.379044264798591,-0.15113712882645355
-0.3887858161806866,-0.4655150298004557,-0.3519093527275805,-2.3840645440116366,2.3505438659905526,0.6092576639847594
-0.14609760370247873,-1.0028232458709658,1.63697801125471,-0.7080040973827619,1.1950296636330973,-0.6535368318796754
0.18176452159442072,-0.640426178539145,1.312904320669953,-0.5353838738955901,0.6937407662652227,0.48752114289290793
0.24459190686880014,1.9652104127515102,-1.6618762366537947,0.2878483935386517,-2.069705569912001,1.3918244586732613
0.4707267307671179,0.36964125019027977,0.28942865330952133,-0.6882813286640613,-0.08528806127873588,1.266439693164857
-1.1716418415917758,-2.4277449210132693,-0.6331752147293207,0.6978611963344676,-0.10224521351723839,-0.05149643170889568
0.2822555157163493,1.4880178005970814,0.31082551855844764,-0.11897434790728388,-0.277535186128253,0.95286452824474
0.5405179176483034,-1.5483839703916777,0.7430093681884982,0.23438789012740927,-0.3768798769109139,2.335892978385502
-0.040152634559333475,-0.8715610773067657,-0.32068410810979403,-0.3457094108935082,0.3990510584259188,-0.9614103346869535
-0.20202136161800888,1.4690677456886814,0.4323802158162111,-1.1825651493484206,-0.5086534927528179,0.04795991488341191
0.508483336179733,0.5957911003911602,1.0043083135789852,-0.685994610792702,-0.24161804389616873,0.5118462708772943
-1.043744212709321,1.2588955116277865,0.9364653067696166,-0.15805882462814644,0.013457232637432839,1.4423094171146111
1.037666613663593,0.4991979542265675,-0.6365647972042743,-0.7201252238128151,1.6969837476916458,1.092377924779524
0.5125259515665345,0.6625406380099772,-0.9642486045961381,-0.11472738852126979,0.10141268317952147,1.663131044484846
-0.3720136121536066,-1.0336489110050775,0.3417879345886075,1.0685488152650748,-0.7982393270153464,0.16383852451917041
0.4227459735845887,-0.849588066315736,0.77019249038963,-0.5055472549908526,-0.22638030887413588,-0.2244641161230003
0.3563026630453668,0.3144278464456522,-0.8842409643056394,-2.202246264186477,0.6215591446880467,2.0671095740053396
0.4991782092879549,0.19575661327643953,1.42054622188671,2.6427057539942798,0.8515137648643003,1.3270635919263964
1.7215688234692417,-0.9952901039751998,-0.4718447842040828,1.5970614685514337,-0.08061744669138543,1.3958214286012962
-1.4800129809302005,-1.7180554632999518,-1.0574943468521174,-0.1820271693584734,-0.8066227011357042,0.2828600651482794
-0.18675898417651834,-0.3729066893811612,-0.15082030803826954,-1.7087772510195045,-0.5574942175168119,0.269732750335711
1.2298358097719002,-1.2068889469895243,0.4976976513697311,0.15639739198235258,-1.4772776662977767,-0.9037854753242182
-0.6411894345141534,0.09411577707546832,-1.0045922892943577,0.8635534808623071,-0.07946706677599687,0.7593767174587388
0.03984629293328809,-2.1074348385004074,-0.7446225919332659,0.12067036491291157,-0.7395806525391619,-0.3485000248957022
1.0349314205737201,0.9666528488928866,0.9921255539883652,1.5456718766062731,-0.3403002825022022,-1.3847148596288457
-0.5950303159294693,0.207337202387142,0.523014791299288,0.6431860902063157,-0.5770598377770161,2.395418222501625
0.6745970829138707,0.7424388221727287,-0.07472891440407545,0.7424736371291205,-0.36969808486660505,-0.6942764358329849
-0.8770506050400998,-1.9087441796143458,-0.3659772277053444,1.0524684713227155,-0.6576338982809602,-1.0743467844248165
-1.0679889642579132,0.8572929670798337,-0.28825045619255757,-1.521623296161164,1.0640094387085952,-0.4308375038427277
-0.664919969761931,0.33442462010458723,0.051949429803354194,-0.7050146253198432,0.7210016104965975,-1.46958533849257
0.4589052262327078,0.6622254099692819,-1.548057360124679,-1.5315407071834282,-0.5791755334484562,-0.24879229122350927
-0.8066959683823597,-1.0794923633090858,-0.1865931921263252,0.7537550553027181,-0.043134224579727855,0.45230765330708905
0.4928435020918196,0.5880377030054084,0.6355255669267548,0.7824144225991552,-2.2977810729451074,-0.3799181620700744
-1.902058745083741,0.3202656272763487,-0.7741349192040856,-1.9203021125564699,1.3083095241264562,0.052964125973270604
-0.47943558556528326,-0.3303145314200315,-0.8209667440942672,-0.02516219683134398,0.13726277598843767,-1.5056721654151675
0.5974974600965652,0.568212688214805,0.26645985156522145,0.25792462204715516,0.6502074641216598,1.5674485512069094
-0.6116548195297369,0.2157897594016246,0.33399471451323404,-1.4757326174275363,-1.364644604502994,-0.6870236223309314
1.425681105392956,-1.1024615757364356,0.10735188346489055,0.8404857128617257,0.44809467551957016,0.06267511576285228
1.2757104682752274,0.20056586158972606,-0.17752006731962133,1.1591598379959944,-1.1322261441070458,-0.12316714211009525
-0.6050028299351355,1.0050884422403676,0.7894071734569643,-0.23718368977533066,-0.24738821304135813,-0.3405390954642588
-1.3739367225187717,0.39502923162227543,0.5885890134039505,1.763236550742366,-2.3606237584636927,-2.0014821412908494
0.37550371853627423,1.3656992173415505,1.2121312079444833,-0.21709156009375252,-0.6039074904763857,-0.8071218106557057
0.8516953650969784,-1.0853018544438333,-0.5683079108948478,0.672357306028103,0.5493972460625801,-0.445516647181419
0.6550185707765913,-0.7849723800493613,-0.2562941251585982,1.3274348825152529,-0.1877583554463028,-0.586613697677353
-0.9450256237095995,-0.23062568424034666,-0.6549638053444892,-0.6209372798462972,0.8668257623977376,0.23477284852475094
-1.0941045878800397,-2.233079481723859,-1.1643658884154746,1.7990783978864229,0.973327117839725,0.4085417551941282
-0.2543620165858056,1.0054157944364859,1.7521351988679612,-0.09440561869047275,0.14434230366686443,-0.7213810415713173
0.8033973255159832,0.18538439832177958,1.0555024888201925,2.117161822154947,-1.8166530694012524,0.38118169955441367
0.07821011121183453,-1.2948113013422098,-0.409992456581732,2.208261176046536,-0.551128505662722,-0.7313772752865599
2.3390277227356684,1.0857565102717701,-0.3599603663601662,0.0030005390580717826,-1.4046633886161632,0.3635866353732998
0.7288195507275202,0.4815411425620765,0.4259665940743764,1.6266366296959325,0.29336175676370463,-2.2140366040596033
0.8321168529596482,0.9118274181214167,0.43679593748961804,-0.014427211542917498,0.10101016055862083,1.06780005544142
-0.6801768768172113,0.4001436045134142,-1.526612158583767,-1.1190558143476073,0.3965520140293177,-0.9658584470849545
-0.5835479753382137,-0.16440758876706976,0.6666561529727472,-0.7398300086643984,-0.7263671576892377,-1.2029371160912512
-0.4304318661671314,0.27544464541206715,-0.2870410418870284,0.22887652654633567,-0.0075780489676691015,-0.9519397285023816
0.2672064833358383,1.7114437572154824,-0.5410885364747362,-0.6914105215406645,0.6914981740698702,-0.10189539376198227
-0.1741989775078426,-0.043972290985466324,0.07897344504339363,-0.0714817216267517,-0.5539653271389661,1.6777665124924854
0.14661182000334425,1.3252934487396582,-0.31028677030410956,0.677583694484244,0.3724635290667352,-0.035219075965373096
-1.6614383385814666,0.4861806526995924,0.7171615360532643,1.0034707337027775,-1.4964703698962518,0.2864507529270072
1.2207877910305804,-0.03333132391918529,-0.8996783675561133,-0.3169366068968687,1.6543802556847378,0.5049416750340477
0.4118380235421554,0.8064967972901752,-0.5062904342749017,-1.7378972819887542,0.6242124199832271,0.4404807799407582
0.43277866183821173,-1.1400484782051201,-1.6488647110569612,-0.3873932480985194,-0.4822485298865917,-1.5138641678190279
-0.6569824394150895,1.888785799114203,-0.8916031857775348,1.1380675286283837,-0.30873142670560955,0.05862363631311519
-0.06190836039619233,0.461406961808461,0.7031047381424083,0.050277358933326306,1.964810698409499,0.5664106406661447
-1.81001402722336,0.6427964509221181,-0.5765754308352516,0.5275512080833361,0.9547098033663045,-0.26476984459768965
1.573731636961614,-0.7200232795091663,0.28936017689588767,-0.23348039652569952,-1.1169615484056927,-0.9782668117774748
-0.9758512498324666,-0.6327637123189804,-0.08154332456688315,-0.08261096861713715,1.3464572654489795,1.1410882766495452
-0.04110448175462961,1.1401798232220794,0.8012979012835506,0.4535821792982634,-2.1914082396633368,1.1309352857383654
-0.7447000818073118,-0.8100471541332039,-0.21586786596158086,-1.3005074999586521,-0.9032226072948353,-0.5069448153143616
-0.6224752433932638,-0.6492283153679929,-0.13802730276143102,0.07831697450176141,-0.3899630840088757,0.7548739262548185
-0.36303670843266433,-0.1999313641231945,1.5002678724496779,-0.8980313208550176,0.4398165694242235,0.4157942301277158
-0.6461620155515626,2.0352314516389107,-0.7787641261670546,-1.1455183831082065,1.7644417546316526,1.0765373223464956
1.1520852109991848,-0.5447079922567556,1.9510058091567004,0.377748361831647,0.4848756765770785,-1.9947337947908648
-1.4509378783848519,0.5430166725768271,1.1322736115603271,-0.03427171720818527,0.6748599910525818,-0.14391732574904223
-0.20543488259419057,1.521191510495919,0.8541908957865605,0.3429149946199745,0.5239674711940677,-1.154377596469155
1.1821285718983074,0.28888427168586994,-1.5149923153934781,0.6724776596002824,0.14873478372504956,1.1128404945136037
0.4804858997118046,1.5343644053506618,-0.9337494113641007,1.3702904378310008,1.3077254577639121,1.7319918059708967
-0.5508077140524357,0.9040558345025587,-1.012856788216515,1.1746328805798925,-1.2205260680584515,-0.29404044204451846
-1.9657121586712925,-0.06487837630029368,-0.7726878514629923,-0.6439663133638817,-0.5392368792095107,-0.4810854643636485
0.5561085182605786,-1.2066242362630442,-0.35754959379776907,1.7265729792089708,0.36583298921640256,2.0665705730205945
1.7357097717438843,2.1967454086477303,0.8604997888957725,0.7238893855357234,-0.6158145873889889,-0.0736323760454353
1.1044819104630275,0.22861509513458192,-0.31088694592950866,-1.148496788175998,1.6089667598176929,0.9843065344953865
0.9676949040384861,-0.8487494788997638,0.25107884065539415,-0.12085712045594475,-0.9722531535964125,-2.469937478622146
1.4397564090334314,0.9426955177994615,0.5865347209948855,0.23117154466405984,-2.0957130916164988,0.30860768850792364
-0.8952888725633414,-2.6530076871765234,0.749329338364618,-2.134931266230957,0.17238070804412728,-0.6232767681150518
-1.3685319809731422,0.41637178653191453,-0.18735046070064906,-1.2410030338251061,-1.6776983828238634,-0.03313975778206405
-0.07758648718732314,0.4211769934600601,-0.1797858310060901,-0.3622352013903642,-1.3062473990924126,0.03187605101349177
1.0692854457825232,0.9538578235484584,1.9645510479774484,-1.8931049719932658,0.1780115892257671,-1.084293417860995
1.9542407588523556,0.66560804932912,1.1775334999551446,-0.5997038662906145,-0.5678489932465085,-0.5340500981896101
1.28255392138612,-1.5953388036084015,0.8301435905275053,0.22845874747969588,-0.3336382634429161,0.422781436674653
-0.5471589664705351,-0.04137772172738523,0.4769150598313585,-1.2117806331507812,0.4731442237458891,1.0905494858234093
0.19447769907611917,0.7276574560333628,0.007783150014544712,-0.04983467912761799,0.611227978365064,-1.3478012485324027
0.020005202259340233,-1.4633027097904472,0.46943803966601155,1.282477981496791,-0.11885703108215864,0.1759210170711007
1.5044491959951347,-0.6489090459421566,-0.01009020095040761,1.696718376437129,-1.149772960925827,0.2531300303042736
-0.2867084100666317,-0.2880012290333846,-0.9193824555797211,0.18923178319637354,-0.5787287849074543,-0.28731359464159373
-0.7127584969038072,-2.0751866057979886,-2.475197790566873,-1.4115564959693723,-0.4950494683869066,0.22584479829372975
0.36957381991746047,-1.25770936509001,-0.04069714383331445,0.7097900337239111,0.05114084941237056,-0.3202998116280683
-0.5917535546078322,0.8967469894819006,-0.6436762741615395,-0.2385670641681691,0.7302296803124424,-2.1815748296141924
0.16218600945709047,-1.5283063690299796,-0.9667751828580753,0.6613262786196038,0.7804042881096732,1.7538463999190395
-0.19266700125064373,-1.4737335248295855,-0.4233393152041612,0.6352109368316019,-0.5462419290604662,0.6979603992218207
0.06224752433934675,-1.127770750158248,0.5342942664335766,0.14475906321540516,-1.935888809147336,-0.7262598130475749
-0.44834738090579856,0.20870521125609323,0.5397180011959377,-1.1189949458743171,0.7580988893244885,-0.14303518563236145
-2.079304727693712,1.9959107949463644,-0.07693627173772997,-1.9474439181439607,0.2886088699072664,-0.9335488591613085
1.2262691179826959,-1.2870376970307909,0.05108642559032844,0.4091966119040413,-0.4654089725179194,0.012110593733926542
1.1169817428837463,0.5873304606063957,2.000733783541236,-2.217351329181885,-1.4036887173770116,1.734817329035101
-0.6513643528084804,-1.086233393717954,0.42180161691560913,-0.46365591162691566,-0.9994150923925472,0.015513714587064265
1.188988436167729,-0.3340305850537087,2.6480685108018585,0.09868162893874417,0.5802024295995873,0.097579830915194
-1.1533871629099541,1.3702821480871492,-0.7035166036303079,-1.064542563023407,0.4467984943296143,0.34289993332019
-0.5556435354353003,0.4074484081489313,0.6643591720977131,-0.4132042475200969,2.1001178231588775,0.014957108042507595
0.1730009629344579,-1.076117806719511,-0.718387062456125,-1.8445941821595966,-0.6361245875892025,-1.4036721539997359
-0.6411784937418347,0.7778110455862078,-0.5009804911999036,-0.13458157780729002,-0.05428190172506577,-1.5872588688071256
-1.4795534684910814,0.4102834398226843,-0.7818254246589946,0.1805303582654196,-0.5918409197189769,-2.121493825374669
0.5344239074440973,2.221830286194435,1.3341118687753009,1.2112798516205712,-1.2317184663508425,-0.4894518295232577
-0.7475556233931493,1.1381247788798017,-0.9737990502861285,-0.2747893392702566,0.4637625905112708,-0.531095580542999
-0.8860439199195711,-0.27453129237105267,-0.13494787816000112,-0.5677493011904465,1.1841453180373414,1.23232350395063
0.28126537581778477,1.2455528785972731,1.2412568448794752,1.9906217996932245,-0.8211927518006884,-1.2115174565161564
0.20672042334643081,-1.5542520616109035,0.6410036800175948,-0.6520839543010553,1.0329804018228377,-1.0655969904868003
-0.12491626841449317,0.8043326355491849,-1.243232590814078,0.2990717099877476,1.7247566458270551,-0.9946403209630107
1.6658365290700026,-0.1759376605635382,-1.348517090790828,0.30386786900772117,-1.0220416566228279,0.598797591482385
0.27053794851932383,-1.3671783643017752,2.248666737193725,-1.1848781513332491,0.3031924639528479,-1.0320479034393144
-0.5000917637799827,0.17205186875410924,-0.1187803954994428,1.6183640508267585,-0.3037924314069151,1.2720560360263409
-0.0454917314707449,-1.732909574371799,-0.62693681204591,1.6025022800384647,2.19935473748435,0.031213811110119363
0.16742663941727665,1.7223615591636663,-1.2236765326846453,0.6468160646131289,1.4932609547323794,0.6322249631693164
-1.1358928679071374,0.5704152431145875,-1.127808546588865,-1.163018069177613,-0.9398105882643462,-1.4139598951571097
-0.8077955160045192,-0.04349136615414143,-0.02808539965138406,1.1863804959238793,-0.6264189036741927,-1.1777728461843118
-1.3330127635080637,0.8449950321072754,0.21911243956060603,1.5241963725318435,0.4711473502458601,0.1050818308021515
0.2065234894439294,0.0038090054918256608,-1.3407389758066977,1.4481785662709823,-0.8742276074622205,-0.6390936707560391
1.6895506531592002,-0.46365195125219555,-1.135527248214102,0.8610883076942664,1.4038859145967033,0.6026047937898563
0.876848200751439,-0.08537021963853762,0.5893623940755967,0.5159253296859293,-0.13144225518104535,0.4652077886845046
-1.5010466157913227,0.9600694325043663,1.6399053779376203,-1.1354820018881635,0.8587782059808153,0.7088230296204635
0.3436058967221974,-1.3623670952959088,0.6583896400384319,1.4198996269325759,0.003940348615515641,0.23198321371707067
1.5898583354194942,-0.18463472137883363,1.3696511274521277,-1.7302596719658854,0.9623600370453372,-0.7531150631167782
-1.4287445216536134,-0.901261216680159,0.6076284774128609,0.9737364845031025,-0.49565072773737523,-0.37213955175313285
-1.2334134423334233,-0.8599582605778161,0.6779759083503508,-0.1532114807556482,1.5990866914202606,0.28304306139969737
0.1831977627735243,-1.230183490920431,-0.4609167541927213,0.8225682477256793,0.12115392598953408,-0.16988383361662848
-0.6447342447586694,1.4553876569992068,0.48832141773208565,-0.06603260989335584,1.8204761676526433,-1.1986383123831177
0.6897883453350346,-0.04584749368914939,2.412791609598941,0.5913427514603065,-0.5232681999700346,1.0931439359151967
-0.41845719081964766,-0.7277160561178599,-0.3701844991196037,-0.9780221783721135,-0.3079707796367635,0.4657574545756668
-0.031093675045694963,0.37894451877615754,-0.9983015222946358,-0.6179395075370137,-1.2953343303333573,1.00025852595101
1.1474572642910894,0.7281646498680947,-0.9924689430626312,0.9651858473809731,-0.4241226980806832,1.133154771263182
-0.04074343626673582,0.1746221897013821,-0.46667582198068724,1.1329075421430963,0.19082671705487747,1.399015483431768
-0.6078146084315452,-0.6609079184145459,0.43806174413579385,-0.10408232256837781,-0.38206483851840917,2.7108170864194436
0.20352571781743894,-0.1197159312271678,0.2139978556656895,1.0264402821214598,-0.4895721183266299,0.5629584273866418
-0.20498084054123092,0.8641673631982412,0.016379960944041178,-0.5043644698849757,-0.170075857208089,0.8837183535487952
0.8904749327251652,-0.2547123396581514,0.12150736797186647,0.9033697626369863,-0.017729157229871548,-0.40932198620502414
-1.8427269365782393,1.342709797988496,0.8814978797358841,-1.619784776328206,-2.4364667328629515,0.690381713579185
2.0446334200864937,-0.39122022613044977,0.7028952808771721,-0.6239129181652876,-0.661837330832578,0.7233814733039667
2.354667556823582,-0.26603630081261803,0.0367013436964589,0.7943294262446703,-0.3771181026071162,-0.0766803385863874
1.7732202097784109,-0.012421197219235774,0.5935444903377747,-0.2970492166254152,1.097815988260022,0.3003356146638045
1.5806352643204633,-1.8790844540923057,-0.9253731347667483,0.44613685831601707,-0.9153870499703648,-1.0149821910418944
-1.551975911124755,0.2905978189840456,0.8112340303032802,0.2450509399474056,-0.03434376313785396,1.7063569259076798
0.7029665056420624,-0.3544173523784001,0.0891421924682636,-0.6007524640803834,-0.8148905043572598,0.5624505747000079
0.25709720967567845,1.0464459570420668,-0.37127307269518783,2.36471666975339,2.585444059371339,-0.12691001641058816
0.34220000747399254,0.628251505813283,0.7687021213869749,3.5663765358461705,-0.05613815230192834,1.7361721107188077
0.34376453792137945,-1.1957064343148414,-1.794781906477718,-0.03849100910634259,-0.9916353030361786,-0.514213880102379
1.6966129217172317,0.726174267688016,-0.03712428625126641,-0.3453995350295201,-0.6981862571390294,0.014595178361168443
0.2156207416608363,-0.5567917338170301,0.1767668267696327,-0.06122261712945393,-0.4615528017186809,0.7346346424186281
0.0032384686184196466,-1.409422963141082,-0.9501132602108197,-0.02076998313408186,-0.17460242534681272,-0.8655387509253615
0.6519551545159337,-1.0452335415009022,-0.06280898340108207,2.150347590464754,-1.7490012241721935,-0.7903470978477336
-1.8772614845309639,0.7383267127956119,-0.8363356709311075,-2.7578564550797657,-0.48773877737926497,-0.007894570013724497
1.3740351894699971,-1.6511826634344573,0.37525779576512613,0.5268069526599916,0.9022796090490962,0.4581978980508924
2.1683352627690735,-0.4713972658676654,-0.5891891890293403,0.03312351646212935,-1.1532005558600917,-0.028306015910682603
1.7271540877587417,0.8112979628331797,1.3588731413471182,-1.6091646111143827,1.611024804612273,0.7231321176348298
0.8677728300792205,0.24583745789682224,-1.4123683254876858,0.6145433234025952,-0.4698885263934798,0.01671597118055574
1.8511294497503084,0.33757285912647433,-1.4891837564954706,1.0594628122529144,-0.21716740807519266,0.690903278288359
0.674159452019491,-1.3643857671719555,1.9176698797892022,-1.2357379108859552,-0.24283758333217906,-1.0400034157754288
0.49523953123853803,0.8514248758605892,0.1300558426093868,2.023063312579687,-0.8442874454573951,-0.596210082043992
0.8652673932089071,0.5774533153310446,-0.02028311652127035,-0.9812288402147105,-1.4517023054707614,0.3389811727058907
0.22238760936519195,1.003085935904885,0.2714515807180347,-0.2680606062234852,-0.8451345526928284,-0.5807881195089782
-1.7050646683649386,-1.1442090842038721,-1.5192338250145494,-0.17769582413448842,0.05725117487974144,2.3936045112734243
-0.2698267983159569,-1.184204652214341,0.29459157349642334,-0.41224003556828587,-0.23586332367876348,0.11014546065635045
-1.1657338245176503,-0.8205668796453873,-1.238475494078582,0.08009046047338289,1.0933824474279161,-1.5234095976327704
-0.9099440371389005,0.49260241368264296,0.06877650144819564,-0.6232198475944807,-1.2940157562724661,-0.570731451324029
0.527771917849496,1.285786888330815,-0.4876155064679846,1.184637444188903,-0.43857100904155044,1.0694040235100386
-0.6337825316268083,0.5867080872952682,-0.05011969975076842,1.6986052991089529,0.71746096386151,1.2009322829686468
-0.44129058273392663,-0.4965750952725183,-0.8418762183990877,-0.7956076641836454,-0.569187365619735,0.32742769336920396
0.1935532038117727,0.3915758680225172,0.19832682700398668,-1.9999651103424605,-1.8571906791087536,-0.3516685178076094
0.907230725593767,-0.3869020061113312,-0.3369442353299787,0.8609458201318065,-0.15519200490748902,0.9484934401708832
-0.24214117386028425,-0.7156363559427265,0.7968479414033315,1.6644484019753836,0.37623986066843995,-0.4386980477264436
0.8781939157516361,0.00012528293925744604,-0.0341727514223635,-0.9150827936211393,-0.5022738930124251,1.7627482110945876
-0.23950444772163662,0.21791350729122383,-0.46828904572544555,0.5024139119910735,-0.7042722626566675,0.015103877468951393
0.7909904896603301,0.7191099264681519,0.3506042728441782,0.6871912296425072,-0.1710969505912214,-1.0398513985378965
0.759404479858458,-0.2968094279399534,0.9762017667998645,-1.4443922705577807,0.37670315624916817,1.757427099928266
-0.7236336246291315,-1.6173926423021945,1.8382573800936788,1.27955076128155,-0.9085132567936729,1.3277171983340998
1.5919753748710659,0.8465408619222604,2.1679914518702725,-1.117473234042195,0.12035338085352759,-0.9990649028531876
-1.4137009596593129,0.8354694873388697,-1.4305075260585114,0.5639436382357401,0.9572727751031112,-1.3885381439380478
-3.6149023025962883,1.3788215948820781,-1.7570070942969085,0.22609179389355444,1.8386426748772036,-0.533001213107483
0.43480270472471766,-2.4309214497311245,-0.0893627268004076,0.6349702296872428,0.8849408306139628,1.5678814109801475
0.43661887293640345,0.7993354628270216,-0.3656690838439884,0.10301850766029276,1.5361203606503688,0.7493569532356879
2.1963162880784726,-0.7653595379784429,0.0005065240596842549,0.15306622644440016,0.24643479349799186,0.4203547472536861
-1.9855751308899288,0.1319148522638567,1.7284353107074977,-0.6550333085065894,-0.09841028364798277,0.14866964190633242
1.0384543492734968,1.0064544304167578,-0.5698677633172156,1.9107042610189464,-1.0778119414247922,-1.4785279471672803
0.0016301750815540307,-0.053235145719971906,0.4442930977766225,-1.947698459032235,1.4644104427463254,0.26797168650268927
1.4949416648147469,-2.5460605122903956,-1.877840775199328,-0.4171012131847254,0.2693472328700363,-0.2216001655388404
-0.8058535289107094,0.8043063665457968,-0.15264198204219417,0.938558657067608,0.9425550391479731,1.6893003548586276
0.17262350628803508,-0.57547707799895,0.7116371006826063,0.5701522225107966,0.7520742704174683,-0.45971586973124756
0.7218283971898154,0.5868414530047888,0.33037352063921926,0.10457342047783547,0.6057418003460542,-0.3712484395723172
-1.7028053988727139,1.0756550681212922,0.24415365982346082,2.0009666734028806,0.0033213902843629425,-0.922839430989805
0.7457668071123622,-1.3683200556030386,0.8375541482913862,-0.18596286950609883,0.7620625243726177,-1.188548125920851
1.3575419751380637,-0.7621102643281255,-1.1559825627755402,0.07972663300806895,-0.27672217419198375,0.9301421833393649
-0.09010273076657112,-1.3109424901174207,0.0750209461681092,0.28465279869119486,-1.161189718559725,0.9370764039226652
-1.047464075311548,-0.30001222566119673,1.2628722304483875,-1.1867360231428286,-0.08437858774458083,-0.8981180086256129
-1.3186748813309705,-0.5883751586643696,-0.4715879976529497,-0.06209414299694216,-0.376691830624058,-0.4868974997937162
-0.36734737274229373,-0.11113809127342777,0.5865558681226221,-1.0713722824008531,-0.023140372960258216,0.4498291629120846
0.05536030813902653,0.9888198463705139,0.06195806326105268,-0.30657789944328395,0.18219019583489532,-1.4268959187910493
-1.0590722347849277,-0.31689511207191473,0.2452593525024557,-0.021500404813497992,-0.5477176946158581,-0.24455967764886963
-0.13552881760319985,-1.6504491520320566,-0.6623018586704013,-0.024611613822983967,0.2234411153739788,-0.7543569322198247
0.5740951480195724,0.9104876989484334,1.4228703919259835,-0.7974876699835179,0.0624404535743749,0.10277482533100633
-0.16777674413280078,-1.0608332881305542,-0.6705139932762471,0.19422853150330865,-0.013395609179142731,-0.05862397488157327
0.9350148170006649,-0.7746971583379908,0.6213751174501932,-0.6127698374309738,0.23392052680888784,1.5949382785659392
0.27407728837762946,-1.1560523633484936,1.4412855121635206,0.3822719960962288,1.052800902477004,-1.5449146196482815
-2.1111150233289333,1.4127571058792847,1.1974007229641894,-0.9265883184463793,1.3471906319721743,-0.9454087429522658
-1.2755025936004072,0.3475126458714635,-0.753557756906614,1.4213590869170203,-0.17331681617573294,0.7387108373657807
0.7141096822901637,-1.7136018568787517,-0.2694959749050896,-0.27505218040489593,-1.5076625421067733,-0.6476884003404005
0.5218256080721021,-0.6103805007365084,1.4417900222110467,-0.8858839103115081,-1.3898113707960273,1.198849579100765
-1.513426099716077,-0.08443463897927599,2.0823596826069166,0.9757811118557151,0.3391101014118865,-1.006891759175361
0.9249821287470419,2.6129818087775445,0.6399926459103845,0.9222818739614759,0.5535964691850956,-0.3078772270603169
1.3414262174525022,0.47969220886180036,0.7851465307203239,0.5548368846076871,-0.28976436357923774,1.8203705311938914
-0.5355398662247348,1.3235293841272673,-0.6938171210400539,-0.6479836326006768,0.4855771440249936,-0.4805002487844203
0.40823303904968256,-0.23172494099765797,0.08952787579800286,0.1495690559793071,-0.6949277283803424,0.26969567708957976
-0.5133136871764382,1.0004650976433969,1.5009536435921118,0.8097097827442458,0.04538472964053293,0.008329969050394155
-1.394685897298537,-0.6365444281148381,0.29693084862694014,-1.543303539645731,-1.8017587204424022,0.2331763289622021
-0.32617177596733765,0.06904908576188884,-0.26929255967635635,0.16632586999975682,0.4624262636406799,-0.3134292419148303
0.3944695474214628,0.26511486500134046,0.8524437402327724,0.3198223258803246,0.4200816676723769,0.03967954611207394
-1.109935885484244,-0.25666634937199884,1.066702410473921,-0.023276657533894848,-0.7627189261677716,0.6847829762775051
0.7661385252457557,0.554914510420786,1.2087406184634413,1.1682015730275814,0.6823437638804469,-1.2406534730010241
0.9354086848056168,0.09596066939062228,-0.46466583783926313,0.703764054868712,-1.052805940872966,0.9517059469823003
0.031044441570056876,-0.11266169347016557,0.8176687991728515,-0.5788951486735356,-0.497872940267015,-0.5429425987325655
-0.07960505968766969,0.688732855084275,-0.0067489547674302,0.21910021971214366,0.7793082109063101,-0.08348082462886776
0.20081787665846482,0.1391590351223156,-0.009088229897946975,0.5352510699538827,-0.28331255759587615,-0.2736897691857329
0.32310835970668006,0.1867039105690767,0.3301741334348119,-1.3114956427609719,-0.27665881743935583,-0.7805700872088832
-0.14079679949428475,0.8731533830508249,2.022892952394901,0.056411240991164326,0.20270548913890754,0.155132405912206
-0.23186778861468105,-0.14318021333384506,0.21609343532414862,-0.5789823012602948,-0.9623841309132029,-0.40891536548725904
-0.7297495163780771,1.320033585983576,0.29867296915031394,2.067560933299724,0.0020980182223637052,0.883860213732593
-0.5294239744757893,-0.1398844637544345,-0.316509060890198,0.16367670803747117,0.40332972241124465,-1.9302766239506062
-0.3781459150610812,-0.9125144535947433,-1.1360055761034675,-0.17816755480245408,1.35196387696272,-0.17402080160194577
-0.4377293613308816,1.3978524774932413,-0.8399276616287245,0.8051999822235923,-0.9622373499505295,0.9688744149066385
-0.7502525237797537,0.17625895068195438,0.08992161517640324,0.14874871496434358,1.631945172032576,1.3741574486948664
0.07596178249192848,0.5673417697177238,0.37437767244868964,-0.5635645936521101,0.9568090704218543,-0.40307844527555065
0.1471424474627898,-1.0103139532227987,-0.4653908822189331,0.47830722982147555,1.3624582098010511,-0.08632683108476565
-0.06265780330282768,-0.3273016788002448,-0.22880084508395215,0.22369440607076796,0.008112097407918207,-0.1694438639057788
-0.4121662467129401,0.5837659589153829,0.5413000077521399,1.773177479129311,-0.4724466965819964,0.0855457536527206
-0.5235268981740336,1.7509967935533997,1.5974187842950445,0.4062375740777675,0.15702964141038692,-0.7787633166340693
-0.2014415006829762,-1.1805835711313921,-0.5055271236640844,1.8518817984610672,0.08627329377095856,0.3253111326555386
0.839425288895819,0.31550487558471635,0.136423142071413,-0.4361357531429888,1.6627586129407412,0.1432298624955711
-1.4179022162453474,0.9396139616323347,-0.22409711967083734,0.22767022407577797,0.5953409146806723,0.3900472839049878
-1.7909169090698882,0.9367971161917067,1.109577708464492,0.7538837091212496,-1.7203067194422719,0.5161911198956702
-0.07386662458509606,0.48204025362652636,1.0929157858172458,1.271893784017189,0.6862321567290655,0.5013660535516843
1.2981499923845545,-1.2423521015685908,0.5607946385105117,-0.3768325679835918,-0.8095012185682672,-0.8644372184480555
0.302583470760264,0.7470601460771384,0.7445682136047869,-0.3607508406668382,-0.1937801214154403,-0.5022321116666264
-0.1939470716167246,0.24126867199920757,-0.23836136083476187,-0.3996610122142083,-0.6443428465838099,0.292160032830141
1.0844493562727886,-0.23535814623602982,1.743647144595404,0.5758157572750824,-1.7001129791522764,-0.37458316959698756
-0.2846570152492271,0.5544477304374451,-0.08928216631377761,-0.7243431323365783,0.4808250969012153,-0.6183500892020205
-1.2587850934351248,-0.08117324117353551,0.24790677149433785,-0.41355839136467126,0.3966572497569211,0.7771532543332134
-0.7646724617495939,0.705884493606614,-0.2833443225567886,-0.9559753406734508,-0.2320655788942268,-1.0722231137735396
-1.0242204044337884,0.1942249283094386,-1.2344766729234797,0.5212789885862142,0.24744196669741114,0.4183323085712857
-0.11911218867780335,0.2815047024253106,1.0200115664353417,1.6432730901442025,-0.32473663431580385,-0.4461304717953345
-0.33056449606966326,-1.056114970982855,0.19805896338593632,0.8835667582035037,-0.5722970463815102,2.8386972707457323
-0.7247277018650806,-0.5235210306749031,-0.41401141785848244,-1.6513381628544508,-0.1937238700930127,1.2632199071316033
-0.8249944101536091,0.4080485538418116,1.1213204063969031,0.7051405123895863,1.1481223802558786,1.051501031316589
0.4561372108257259,0.7656242487049418,-0.02327996662390263,1.1431749468867458,0.4966190794499711,-0.5191671366393492
-1.4515943247264214,0.2999839359652287,-0.2424155673244223,-0.7786225933883772,-2.208289665241179,0.24110898792742413
-1.2151915859687108,-0.3493413726460536,-0.08389166275214954,0.05329864860727778,0.9764544545189715,0.05963460172797774
0.32246285413748027,-0.532050374006989,0.749840897454726,0.44502877542734576,0.6208757207265237,-1.069664551938284
-0.5166123300428147,-0.4960840669783504,0.05021838634689768,1.7136868467396804,-0.7665254450820259,-1.2773307633139461
0.44737912255197343,-0.11672530622562828,-0.9322348742154624,0.37642308916331035,-0.29462966695410286,-1.4355912032073632
0.5245115676863878,-1.1013704017493873,0.0496020986241763,0.007001257802150315,0.7543687753165051,-0.9542121999908351
1.0161023513430252,-1.4238971840100156,0.3792827990783794,0.8624191138601796,2.2012365353125283,-1.6839106835796136
-0.8789378882721121,0.0423415920826149,1.4057583375596903,1.4001948420809924,-0.19096112810951896,1.0051196918674716
0.42479189801578304,1.374428609237936,0.3476295768753617,-0.7422854982116932,-0.22647714727513749,0.170671343849369
0.7264125808084321,1.3774495446280048,-0.3674112043673622,-1.7320290078143308,-0.07881975131886082,-1.2115800916808366
0.33861690452625914,0.9342813539437901,0.15398633516283233,-1.3718259834070514,-0.428658201836176,0.1419023355727115
0.417259176246263,-1.6320547875800049,0.39363968480192096,1.6244010966770976,0.37098521201595575,0.6180699238032228
0.466344951437162,-0.9164931972623396,-1.0516406204923667,-0.12266795753616258,0.30688430552997525,-1.1470271059670463
0.8893863258754263,1.0906748759837501,-1.356404969437986,-0.03397290833932443,0.5631567932234721,-0.15675144027719687
1.4334107610649263,-0.03968842274001783,0.3799947523789646,-0.3232351105074597,-1.5773547116181181,1.496978235272686
0.2322069525578355,0.4948958997480128,0.9248897718469683,0.6912777175989572,-0.16181519171414407,-0.9220278823965572
-0.1467649908164179,-0.8243496161338248,-0.4602259480198728,0.06950211287059213,0.28972609114838166,-0.5868280115111151
-0.674777605657792,-0.11232827919634528,0.580258052080318,-0.4135238070048503,-0.23722637127323326,0.6278171404177866
0.34379188985227815,-0.9799287990686397,1.015863708379976,-0.2632575303315475,-0.03288662242223435,0.983371746983519
-1.5409312014278282,-1.3565171903097892,-1.238500669230654,0.61939620077267,-0.16531465915147475,-0.4564695060740549
-0.4477237568812872,0.024561518171427536,1.962498769580551,0.21681903533836078,-1.1284964714969963,-1.1903863833622341
0.047039850759653695,-2.030135264980878,0.40213277410489257,-0.34735562642098594,0.21893576663362777,-0.05204169621011879
0.16734458362458046,-0.6747496625095091,0.2624872125682795,1.6680659260126562,0.6861959836298579,-0.5366641852519421
-0.6619878427695568,0.9379691178814993,-1.2242887923830315,0.34543411938934104,0.8816531480598431,-0.27500764690754137
1.5755751571041985,-0.05856169133081448,0.7356541957591753,0.6964086532219873,-1.2841955565073784,-0.018269153980510877
0.5832197521674289,-0.2160989253646178,0.15129561490938842,-0.3851431896485689,0.096764052362583,0.8936453500144294
-0.6476718421371521,-0.20875976995543058,0.17799738820290784,1.6487443358678788,-1.0998115375662418,0.4005720229827829
-2.0364442519754045,-0.5217690902179163,0.7965226784385554,1.435047576534157,-0.21002605238820896,-1.6501459284245334
0.652195851507812,-0.6718236996701689,-1.1257169949547319,0.26546262911373714,-0.5747458037107315,0.37799069184006445
0.044862637060074144,-0.6052681485379307,-0.9152517166277754,-0.6278838943599343,0.6303378821700893,0.21280026346907696
1.0980213843847173,-0.7729674454992512,1.2318383169863472,1.5085421079024885,1.3848746901450484,0.03684488169950962
-0.19447769907611917,0.07546276397465745,-0.657859954838834,-0.670814843580088,-0.9054837382035318,-1.275469483217438
-0.8260556650725002,-1.0915215461700043,0.44730807398874467,-1.5291530029813876,-0.4689056408463828,-1.7462135433231596
-1.4247237878115004,-0.42548915140145777,-2.4908063848514357,-0.3391245487835971,0.44534694106592665,1.1927350327536905
-0.4814924507688472,0.7053469893833718,-1.391670322460269,-1.5172338492126902,0.22024457611089526,1.7497341474311376
-2.068199843748828,-0.45899829626669564,0.1655024567265872,0.906638676327261,0.1724511379295478,-0.5282101308617791
0.41319467931472215,-0.42303400993059936,0.863661787996,0.0363896634036158,0.8643165658485916,-0.06519338795164469
-0.39868174477986695,-1.3929704842474737,0.5058765547748438,-0.7458338535293174,0.23649971184551535,-1.3751079796400223
0.6763530768775996,-0.13493780834648642,1.1528789700281175,0.5058585142292413,0.5666931443030291,0.8504379205725328
0.7879161326273029,1.673153653732926,1.687165180413033,0.24393594018678294,-0.84704805581183,-0.3127294209126435
-0.7834796494355495,-0.3253537311640994,-0.6646834280564007,-0.40029321431173803,-0.4706083172386694,-1.7678106559591793
-1.2527840797959335,0.0078200802405121,-0.24545773270078394,0.898251277383484,1.5612924452502492,-0.12491534034171808
0.871405166502592,-0.04683965374032829,1.6269844828882547,0.7031982547420359,-0.18079300987804856,0.34588695353873655
-0.3785288420936634,1.0151676567725796,1.0675080153402208,0.3409782704700006,-0.44175700858316824,1.1022878235380373
0.03628507153024307,-0.4107886129648362,-0.20663764820595226,0.026509603489960915,-1.149435313035825,0.39745397677108096
-1.04934588815735,-0.7467873525803764,2.244958940796577,0.8721511527137982,-0.18554204257689266,-3.1876756928722396
-1.382530699207132,-1.4930068905489815,-0.6482128365648914,1.666711602482062,0.12294853157650135,-0.16605174652751656
-0.4316134695819361,0.7700273378119269,1.4412865191696091,-0.8791842281269876,-0.5283532118593657,1.0354154746043782
-0.7247714649545084,-0.5143430450282828,-0.5917973347839866,-0.19871481465928123,-0.9538608874759127,0.7774410375223059
0.12537031046740188,-0.33028422103150235,-0.41856006433483073,-0.6245561872579575,-0.9136438510943248,0.601894138597027
0.13179801422860307,0.3583334545763582,0.5291575284048256,-0.7900630996171514,0.237912088350869,-0.14330180829284422
0.6806692115733883,0.24850275139482342,-0.35649022339858266,0.23249405058360825,-0.3667899722406754,-0.88094226147943
-0.4034956846180432,0.32401603268369605,-0.14517100391334073,1.848954578245826,0.04025548106529799,0.5173783101927972
0.18405114301754424,0.15467391266408234,-0.1033570903341235,1.254002602994599,0.15568012643070936,-1.6066254924434455
-0.9184833099654632,2.0086876340576865,-0.3092535820630835,-0.4503229492287411,0.7185620794608353,0.2175151678117858
1.1173920218472273,0.6165254268376371,0.41117367471694255,1.0745305261397007,0.2295348507384104,-0.19711337111587876
-1.1537208564668981,0.08252710519450272,-0.5214670229499166,-2.268025716565946,1.418316300495017,-1.2557047030747888
-1.2002957244012735,-0.06603623314210218,0.15636790454883173,-1.2579673540044816,1.5763551498416564,-0.5962518952485204
-1.0840117253784087,0.7339013960703609,0.030382380526418208,-1.8738317999522376,-0.9734246452521403,1.0859539268620642
-1.3434119676357907,1.2254085943808146,2.4778985808811456,0.056216185201779255,0.25033649287953313,-0.2541608019739136
-1.367974001582849,0.930601672776344,-2.216991360856891,-1.2021578808741957,3.253010358619747,-0.7334835096622581
1.1810727873656266,0.0039262056608011485,-1.4910588018217859,1.066949634466946,-1.2178011032788594,-0.21738617322938678
0.9650527075136791,-1.115323283935624,0.21719308596665002,-1.3082737638000523,-0.08565492755898861,1.1160656976421786
-1.2192506125140923,1.177437352802066,-0.08466000839338131,-1.4169488893526538,-0.022927059332973784,-0.007622360973687503
0.666200040127961,0.32617211165438553,-0.18646933037813343,-0.04176545629418092,-0.1151165603713661,-1.0710670717745314
0.09963214349169833,-0.6562340565033599,-0.8161774231641173,1.2209275046362318,-2.217189894813859,0.9533825379851081
-1.2652018564239562,0.6093762165299066,-1.2537104891063924,-2.184631758042467,-0.2993284233513722,1.418069439097347
-0.604598021357865,0.11412265419726522,0.40481443130358685,-0.7688061686968006,-0.9913368642019211,-0.20749540358873483
-1.4574366971663797,0.9907819388546246,-0.9895909196777669,0.9443300950345327,0.04717880770313553,0.34595449794606264
0.174220859052531,-1.4122782017405209,-0.078729749571336,0.8203534653227501,-2.0414417942077168,1.10034054705325
-0.2297233972322615,-1.234845228676213,-1.3518502809251443,0.04425276345251479,-0.2713726249831001,-0.4313434944028461
0.8021500774670114,0.09676288434034451,0.00123761047585714,2.49368866439772,0.6155861908712335,-0.7435479649217349
0.7648420437211457,0.9976260245845029,0.21455372302342898,1.0173376786165826,0.5523332744165592,-0.4637626092225717
-0.9271812239912589,-0.028762538021570635,-0.7869510856208284,-0.08520756235249753,-0.07621183235313163,-0.15683506668626163
0.19407289049884854,0.4979148144455015,-0.5118752900105321,-0.9263586782971733,-0.06286537983201623,-1.7310360272146526
-1.0918671999325034,-0.12720865927156166,-0.8152691036773623,-2.3488576657138913,-0.22587603864591518,-0.18028634948117814
-0.3958097920355005,0.6944978909825091,-0.32741392976164585,1.1904061154070393,-0.1069362723651247,0.8016603628636435
0.9272578093977957,0.16862477415775798,-0.31322622106002546,-0.4774744384369842,0.22345250559390703,1.2220088466008672
-0.032970017505337554,0.39455032748351165,0.13080002010463518,-0.34739021078080695,-0.48979359243284404,-1.062624190143477
0.48924945837171646,-0.31969175058687543,-0.922603868038842,-0.15201762865463117,-0.0024017538318604975,0.955666351516895
0.9086584963866603,-1.2592046775907797,0.2758965055678488,0.6642673325787861,-1.020197162303207,-0.6123724937961137
-1.2274452510113412,-0.9377044071550004,0.7479064387695175,-0.0863018114972276,-2.452764242799499,-0.989595481658215
-0.34449756966948575,1.3979757397399188,0.9350434141805952,-0.7249559671926096,1.809783517951073,1.995376905576368
-1.2220842725551904,-0.3214315668884392,-1.0487615901014233,0.1478080203772134,-0.49283661134036705,1.8792887220652605
-0.15496509969982614,-0.2887084714323973,-0.17543355071590244,0.36747127346725783,0.6955722554944164,-0.38436390448886887
1.8516819587544933,0.4318684778405563,-0.5867300801749575,0.6501292462839771,1.2330304086768802,-1.1194383473341214
-0.4524392297682382,-0.1805569637753869,-1.4694685914049455,-1.1089959157628833,-0.4023244009299968,0.10083584377343774
-1.6366684299595884,-0.028914089964216218,-1.5559714209299882,2.4615293598874017,-0.07755262703210707,-0.2698512492959255
-0.41736858396985793,1.548961888466292,0.1642628322385718,0.22197625507486,-0.3945911952046602,0.8637285946659746
-1.2622806702039517,0.20037187510314725,1.4576261998703355,0.3381644869549749,0.017118273251220274,-0.7570192652873884
0.04413507569817816,0.5947544851034682,0.3260605135862675,-0.9227245537671841,1.1779436231970621,1.6523904680152237
1.4626171528786092,0.6231027811484554,-0.32834138236397936,0.18497929031278296,1.1587654749646956,-1.0327912304883122
0.7881732407777612,0.8898887589040383,-0.8784859245420087,-0.9731457836373579,-0.9117355801557445,-0.11608191999464502
0.7479111984948328,-0.17869590591968784,-0.273637790923962,-0.6272662176935332,-0.9121823932915669,0.4438219427661241
-1.437978533525014,1.0900525026726227,-1.5859167608164442,0.8571401571771002,-0.5910269496262117,-0.43759194457495765
0.5335048825658593,1.0466076124475554,-0.1187391082500393,-0.27286091536663465,0.06550012717965774,0.9137092553894965
-0.21860757251500804,-0.41190807664785245,-0.9393836103977865,0.7931604748827218,1.167329273183152,-0.8000064559475107
0.4539326451952986,-0.336210912335244,-0.9768301385955822,1.2914643815526645,-0.25772630177588707,0.4586194157808048
1.1374409871959954,0.7879023842738426,-0.794451266926089,1.751783594144064,0.5773368849600468,0.4722645710495083
0.7473149264012201,-0.5555207181913683,0.2217870477167277,-0.6075489824724026,0.6263835918392554,0.6593561465315798
0.36806399333182005,0.9738869282885024,-0.8655650294926338,-1.5567084375123357,-0.18706659875299864,-0.27483429985717445
0.12514055424784237,0.7674469134018298,1.8901836487571289,3.5177398589427584,2.2924568449056673,0.2840907614922173
1.1864501769803066,-1.654939130919488,-1.1255417758963078,-2.860262127884021,1.8252015586473633,1.8132849705099752
-2.581491649380527,-0.20018395069427047,0.03392502792598,-0.45994985162850915,-0.5374245638760593,1.1329553544415671
0.46568850509559245,-1.3628035648907393,0.895459012068867,-0.15556321722347358,0.7024950976711046,-0.6295655079336424
-1.0227871632546848,1.2641816433872568,1.5055878855855045,0.4826482586662001,-0.8343825511174731,0.33371846459853505
-0.005049166443895096,0.6713468162239661,-0.4178541530707391,-0.5062956605373731,0.10870387731732561,0.5290758504082632
0.31308114183921637,0.6839822068554856,-0.02200509692298662,1.1714372857324358,0.6329386526424029,-0.2031830571422943
-0.8925974425629473,0.6994930430121113,-0.17107522838922126,1.0462266860622258,1.003772314444808,-0.6688025450714272
-0.2079020267612355,-0.3350672003414007,-0.8311495896043012,0.24307271456564658,1.5314260828272865,0.7432149828435333
1.0080225909555816,0.9097521668534527,0.38667019570234673,-0.3854897249339788,-0.41476664439478866,0.5331647416725817
-1.9243943318556833,-0.7635328318964328,1.281354820093479,0.37749658769214783,-1.1761245361733133,0.7334994223797716
-1.422469988705435,0.3526997636950835,-0.5630150869232511,0.30994641608984563,-1.1784079307633044,0.9081435285124511
-0.4550376632036174,0.47736639171534034,-0.11039807686558746,-0.7437366579497794,2.2880567211271146,-2.6263471340412394
0.5660810322662448,0.8560866136163711,-0.294491879894215,-0.5905500779332062,0.2881089275319865,-1.2142381926426784
-1.6255143125390665,0.6290840311515344,0.03131688217133372,-0.8576603059488153,1.0772950429092598,0.5439779410763854
-0.992820387762048,-0.6622638031280741,0.08473754786176456,-0.41910710605434115,-1.0259047283020024,-0.07595021570723084
-0.3578836046513337,0.26828331094891367,-0.40641254995711135,2.0551534483703633,0.603064980238978,0.9054299023235328
-0.8138895262087253,-0.7182571942041956,-0.7586119204365673,-0.5643462001840639,0.3497489651599936,2.513468410225426
0.7961053007383924,-0.7488161279192661,-1.0960234065889944,-1.8627772551790642,0.1385972403750521,0.4730155158888087
1.7299986885722094,0.7047064298391195,0.5613535268865073,-0.9311963385489256,-0.5572779863568242,-2.1525722091016783
-0.9926125130872278,1.7052685207258056,-0.3863842059748065,-0.6190337566817438,-0.5341198605868664,0.1857085233321434
1.1174740776399235,-0.11966339322039152,-0.24828943380583035,-0.7454091575907262,0.4085273446034619,0.6917166890081142
1.6726416894775757,0.7449060877990101,-0.38612641241759427,0.42158611296631027,1.6581711534183514,-0.4674365848419062
1.4482683299291463,-0.46837835117015786,-0.09635235602164868,0.21585759013533803,-0.4088091179741544,-0.2192887586777403
0.05876835872899792,-0.5392157498552834,0.24480619976516194,0.07859849119070532,0.009302849085811388,-0.05694806101568162
-0.47498269121494985,0.2828040077469404,-1.1092121652564104,1.3541934933959248,1.9344107504758339,0.23489862670681008
2.8883365509748335,1.5690839450644845,0.7860800253591416,-0.5596690113618693,1.570974390568904,-0.7612313954703266
1.089454759627256,0.09796317572610506,0.38306511392565423,0.32243275335961336,-0.2413731326360948,0.03001832588578143
-1.077808307450557,-2.7527692792886893,-0.5490680526754321,-0.6177278512549119,0.059310371615279245,-0.8630340214748841
-1.1038637568247265,-0.4450817865466901,-0.28164852431323273,-2.0357875902450124,0.96506277044104,0.15072255174993557
-0.5095008280091452,0.5408141176770447,-0.6133593490305081,-0.8982471272603016,1.392844259082611,-0.6059479880259627
1.0149973333347575,-0.5895693879724093,0.6327331390589348,-1.2464632125536357,0.8211660633742198,1.661292956327688
2.091219228793188,-1.5127551190219817,0.04666264786826039,-0.8269549279253714,-1.2597430259050155,0.23192193282621495
-0.768660373274598,-0.3153513029494909,0.28911043938733655,0.4205956169010302,0.8816940365809123,-0.7605227716882457
0.6118025199566003,-2.0954501108759835,-1.426438214477617,-0.5077274530339609,0.6867570219390683,0.12014660361423113
1.5704986387293538,-0.4792375530338636,-0.023036271151845002,0.8862076199194246,0.10184376747667227,-1.0731248908607727
0.0979691460930862,-0.7231210012168383,1.9627998643993343,-0.1307731481038083,-0.11829253695008023,-1.4659948199980672
0.4078063489276726,-1.3948335627957338,-1.6001286376640573,-1.744054681411273,0.5819942253118848,1.5890334753784465
-0.3828613879480322,-0.3771622679306417,0.4270793357959533,-0.12204267231059701,-0.28262026261240475,-0.07625255734001253
1.6539220279704758,0.9307794937223965,0.1534163697199288,-1.4829814992460097,0.08465671150794356,-0.9175687665236886
0.45997742192391755,-0.36869354537561405,-0.446374579349927,2.956632138212324,0.6559660277308565,-0.23843429711115263
0.8350325687934425,0.8460215439321432,0.0429941247083486,-2.614782341874835,1.1396819904410564,-0.663635651837619
0.017094956811705326,0.6072524686403072,0.6588820660129521,-0.5199620161642294,-2.0020224715558603,0.306659904170453
0.9718797494659915,0.6949242571144967,-0.2425555411699363,0.1019754433680874,0.025375709004164117,0.2475368793821479
1.5119436250613862,1.9316305436463899,0.011716515774250754,-0.2938439381572059,-0.49913347588212803,-0.790143618204622
-1.4291766821618337,0.6972864467271879,0.26031409344143713,-0.713364673155011,1.0171399540668884,1.659227180882686
-0.2537602741060336,1.5501581384669116,0.360380287896727,1.5026171153779642,-0.7269550028487527,-0.3693797109697313
1.062365407265145,0.28324856011203414,0.49635329824909297,-0.8357573391870063,0.7889660946545095,0.657888960119896
0.6459596112629019,0.9794438328521738,-1.0564299414225167,-0.4827395613761223,0.15653597549845005,-0.8122611105602086
0.0331778921801577,0.5706173123714483,0.9416372900112588,1.0354169985565937,0.8145931098059291,-0.7034032257487047
0.8808908161382915,-0.6297306527734889,-0.9241002790779905,0.7814834116327646,-0.18414815095586756,0.7574439994176406
0.18474588206238213,-0.6577738242406427,0.4375683111551851,0.5189950374636302,0.9420118397748906,0.20827766601037917
0.4812572241631284,0.6629589213716828,0.789757611573803,-1.0095976988886515,-1.3185714340365837,-0.4884877558397947
0.9599816595250447,0.5667092929437533,0.43595508741041744,-0.2231258391953036,0.8491012667607123,-0.07395452393299444
-0.4167941934209846,1.2108596078868386,-1.1392088624530894,-1.0172034913004813,-0.2658219059730944,1.1809892465329928
1.3276900777551812,-2.581933867460886,0.06870198299806851,-0.26711714488756677,-0.39108227539200086,-0.08781907156232314
-3.257106224123861,0.7999154015942158,-0.7015710678781915,-0.30713263257481993,-0.09359615013637028,0.3987776101566767
-0.9688983889980302,0.35683410069044746,0.32754181953417283,-1.025186253234353,0.26113848007977564,0.4730160237414997
0.297424896592774,0.7516370147450351,0.14198584367320893,-0.7436495053630332,-0.025611447799794417,-0.6482399283580861
0.14110861150654044,0.9410830051297163,0.6161558049226539,-0.37870842366028207,0.2399543181803492,-1.1222460955542888
-0.9216561339497157,1.8754775178573408,0.9127895867551459,0.12834670941876447,0.26653651846688076,-3.699201170135807
0.5365682988265168,-0.7194615269750971,0.3998549263454274,-1.0810586698995106,0.9171359870195831,-0.8392218247040025
0.35829935400097396,0.7773382035251649,-0.7107881945547446,0.4111195023100867,-1.153376426023375,0.606988916749337
-0.4768699744469621,-1.686391210749868,-0.8793277816272884,-0.16107250574295276,0.7683457271099453,-2.1728098000955787
0.16173743779034114,0.302140014935937,0.4476514630630107,0.36641022530794815,0.7733285176966097,0.7094395627820357
0.24564769140148088,1.8582288860917124,1.1702558669942145,-0.07516703100926565,-3.4727436774960547,-1.161270680984835
-0.7728671002468428,-0.264502595153056,0.07015207175740852,-0.08029796663230866,-0.3046778003074019,0.2653086762982094
0.524309163397727,0.10334832142144479,1.0513838339412338,0.2180211876857361,0.09532690374375523,0.7130222942020107
0.27003467299077705,1.0160345338845198,0.5850403239678952,-0.3857138315856148,0.5180212703985436,0.23890270657245663
-0.37954086353691635,1.4556240780297376,-0.7396610729629388,0.6029209034411641,1.572080619924812,-0.9380557131867256
0.7429714397745326,0.9624336428096374,-0.08300348338705191,0.9177388724553956,0.2963981762337843,-0.2731487367902317
0.2577919487205163,0.18474585947010705,0.5828913729870362,-1.4991489957751154,-0.16568135317887597,0.5751391047913181
-0.16273851846127535,0.31597165556805723,2.2269949592841662,-0.29733350006314735,1.1334103717081163,-1.2242640510979745
-1.1290548851824553,1.3085540315013227,-0.25755993180477393,-1.3255050752372433,0.11134356616869834,-0.6090667113745807
-1.2541790282717686,0.7785728466845767,0.23094576804047592,-0.26931186836181015,1.1938747082512933,-1.5140432705331819
0.4686096913155461,0.26877838062822257,-0.24953912835467448,0.3586889211343151,0.3958624643256981,0.2646320472353887
0.18157852846428899,0.47180746645908905,0.5062481400194191,-0.11411593703963906,2.166905292803953,-0.02186102674883805
0.7202036924944207,-0.08717065671717845,0.9628820973416748,-0.20658621495453208,0.47739632849438746,0.07422639440457336
0.5678424966161332,0.5218458765355196,-1.7669120061280728,-1.4455660637301055,0.19616576960551083,0.5824022446313311
-0.4063949892933084,-0.7115363707210137,-0.721916618776602,0.9033178860972485,-0.15545114855957134,-2.0379989501548033
0.3787093648376358,0.18955914916853456,1.467352871624829,-0.34385568920710463,0.32810803175665915,1.754424336276431
0.09487290751531957,0.3888176226663676,1.3057243672990544,0.9969681823692366,0.7457207023895432,-2.451682544516866
0.41188178663158315,-0.08491758450318078,0.8159357417042273,-0.8261110695457399,0.6511550485996219,-0.3083872804419242
-0.7702139629496662,0.11612313984018692,-1.628135490840979,-0.1610372296959315,-0.7174805253261706,-0.1681986091181517
0.8171991098474715,0.5514126501993925,1.932294629130794,1.1609817420713586,0.08803520361319661,0.40137036740617377
-0.14080226988049507,-0.1042071157631031,0.8503300344648234,-0.5451733227865166,-1.8220982297095543,-0.31554190909122387
-0.6283394973779614,1.2614314808013893,-0.19015597964753508,-0.24530202239970447,-0.05744156811172563,0.051946727757712585
0.29420830951909366,1.2510814934649765,1.2617373345929948,0.9590976166780834,-0.7124898111082536,0.3223608471146573
-0.8658417837577804,-0.611344371091738,-0.17511936481804355,0.3931563858190857,0.3492415190197873,2.614924003560784
0.15582942071621578,0.7784495844378992,0.6511704134302971,0.6159481400985201,1.0166614464060455,-0.7396352985396809
-0.782648150736218,-0.9685644240627821,2.418551684392986,-0.16961691768031825,-1.0820096142716265,-0.4575740856674835
1.497080585811007,-0.2514125486936186,-0.9326970900074963,2.310042255312432,-0.10977899350159591,0.18289755871162042
-0.3085352509238171,0.03616433490037716,1.6024286395573477,-0.7924086109002129,0.3812034773593622,0.11439584907501912
-0.45773456359022185,1.1238425238048857,-0.08290983182134641,0.7130935317740198,1.9720271025115341,0.26339068598502546
-1.4172293587452487,-0.4119323249586795,0.044367681005393865,1.3908771238580186,0.549132697977225,0.31311860535483765
0.8091138790738175,0.11092187716858298,-0.46929705881440903,-1.154435614444451,-0.9067338309894074,-0.5071613298430971
0.7465818946531647,-0.9105503404180527,-1.2310035089436495,-1.4147119729594315,0.5165847461963089,0.6692398062346202
-0.253371876687292,0.5076040353119758,-0.13203964459265058,0.6252644749470934,-1.7246787767715313,-1.886032159322615
-0.18799529145312052,0.39766219403916764,-0.43965382075281545,-0.11314342484146975,0.4416794409701396,-0.20453022103570623
-0.0034354025208701133,-0.4995697616591988,1.1418754145605405,1.3651027838578564,0.09425665370259298,0.6877420645982962
-0.22416001448744993,1.02231888777289,-0.3046032279723686,0.979435987001597,0.30838530612838283,0.7101321045623779
0.3228293700115334,0.985178558361879,0.9368942913609175,0.061121630798779296,-1.1780663964182982,1.8810338731807608
0.6444005512016743,-0.8851522555232328,-1.403850061032642,0.10206674607800958,-1.4040477353866347,-1.0153001068237315
0.41542659687604816,-0.42858889380170967,-0.16983761791336413,0.9329103394216511,2.0244942450657892,0.41851479697001265
1.4748106436732826,-0.09890885984820974,-0.6077251499968225,0.20910672309828635,-0.8371405346158922,-0.2916709706929183
-2.152378146282745,0.4147026944702332,0.5863524528938795,0.8475146381517328,0.16163048282632267,-0.7737961787903339
1.1929818180789433,-1.603554939592372,0.9236602174197817,-0.552851742353964,0.023744033084870587,-2.694690901492304
0.5775469616990224,0.627683691201493,-1.47949937899646,0.5105108023123545,0.6346337391433398,2.1360287385503565
1.0316327777073437,2.9707130969684425,-0.3694594547399337,0.3384231779664254,-0.046662942704722286,-0.8331414737711618
-1.2664381637005584,-0.2982865542075982,-0.9953358893805688,-0.49422710233425804,-0.9398102329928355,-0.33082167287397374
-0.04782211598334714,0.06647068204435284,-0.1675154618862581,0.3391259321579977,-1.042058514764026,0.19029172454478077
-0.23814779194906988,0.21394284639390954,-0.28852134082885467,-0.321664980571588,0.42275165149433264,0.8385379164193294
0.09833019158092904,0.5607240015555333,0.14866229400267025,-1.0938285989197973,-0.48947515073598963,0.2381009764644929
0.52854871268703,0.1927255744235279,-1.149561891991133,0.2579439892886601,0.1165700945428688,-1.8470018182282817
-1.8809813471331909,1.0832003341724812,-0.08003482945473825,-0.6939891314089206,0.18542104571320736,0.34904342727039406
0.2704668334989973,-0.9116051419388698,-1.271833577579896,1.3127462132120966,0.2448682829862873,-1.278739377382439
1.726891509222124,-0.2673497509822131,1.01739032960162,-2.249018152408345,-0.10123800802040883,-1.3767596858611815
0.061082332083020156,-0.12514553215902066,0.5707025713599226,1.2969577612666339,0.2749083947092769,-0.12317899200611986
-0.3185296464742227,-1.2517018460835427,-1.5219990637181204,-0.8552601513772404,0.7942954364505345,1.4616868749415814
0.43600071929810236,0.7174873103355637,-1.9165672081284542,1.3748721738200844,-1.311354416283761,0.07818730679185917
1.1227147076001096,1.5296521502806837,1.8263918274191644,-0.13078836522212436,-1.9093439877299827,1.0871162323775347
1.6953054994202519,-0.4516288304689793,1.9761517580521686,-1.6967197598115167,2.204643298417339,-1.1593596313250296
0.018801717299796177,-1.324753923823855,-1.0992367629994542,-0.3501860104287412,1.0436209235046594,0.16376387017423272
-0.12898076534603403,1.7717755752363897,0.4358302186561372,0.4869837540133481,1.6452332523680075,-0.6127403484254651
0.21474000948591765,0.16222322010039347,0.6640983575222447,0.1530952773066446,-1.8935868565260427,2.7842175430713207
-0.9208848094983919,0.19720949123327605,-0.676742325898829,-0.2840261300912416,-0.9533211008624853,0.673834180206366
0.020820289800091773,2.0505462806163965,1.2188962748092356,1.0917217197195068,-0.48989895735008604,0.08862232522835214
1.7599217009754184,-0.16683241984939912,-0.26206124899522526,-0.788725376579274,-0.4586869986998605,-1.8009074155471079
2.2134221856625476,-0.37865960112397257,0.5464699769816146,-0.10727100054387047,0.6054345335530612,0.04010597308461654
-1.568540240477015,0.2311268159973576,1.1922760690084349,0.5928506295485004,-1.1240750206620373,-0.28591462977415205
-0.3695081752832933,0.3170163536260312,-1.405013153058363,-0.5868578516787216,0.3005394255053395,-0.8463276994953793
1.3514042018443788,-0.5916769703214823,0.9015816090527471,-0.5846555196453203,-0.5218882823617381,0.8026545691398433
-0.8984234038443765,0.7615666980271812,-1.373639878546392,-2.2842194972085204,-1.4436427236515128,1.0400423511480754
-0.15067631693493608,-1.0064119958728057,-0.5633987562408321,0.7652813307438509,1.750014533879517,-0.32890435969770593
1.0112501188016316,-0.5389510391287845,-1.0909178857488182,-1.360187654640104,-0.6219930603914725,0.32853836719486995
0.28679046585932794,0.5144481210418541,0.4069331721019596,1.1705851271064396,-0.7888586411714215,0.40600283032941714
0.5290191658984678,-1.5152951295807253,-2.6690645876298027,-0.22493390952674605,-0.6726373263592029,-1.163389950246157
0.07993875324461379,-1.6603182145371256,-0.4254449649234491,0.7184637911670083,-1.7591900773408897,-1.021075576860359
0.38598497845669755,-0.31983521975923906,0.2660087128400953,1.2523868217037661,-0.44335324347788074,-0.3601869002047428
-0.32023640696231354,-1.015042373833341,0.07556573645894084,0.4259423589293509,-0.33122675579323435,1.4710320415125602
-2.918046218317012,-1.3882178153261044,2.392277888684698,-1.5580171096879687,1.7048329334163135,-0.5303542849047498
-2.0156403733338415,0.016626258454501032,0.7507159857407387,1.6964832027903465,0.6107253768363581,0.020821452299303954
0.8577346714393871,-0.3365908025381385,-0.5153867202215098,-0.446944748961427,-0.7462537388442759,-2.053835489766335
-0.7213743551369067,1.2201810627058225,1.231735602365892,0.354089892965321,1.107767563123207,-0.08803050756419548
1.7594348366054515,-0.19023001910129728,-0.7336140014352743,-0.10749649056990056,1.2703302460945232,0.3295774337917209
-0.05335814679725998,0.8525706085469935,-0.21666541477921977,0.2949298870555841,-0.7435549457325928,1.0664625407490513
1.621012184713146,0.32679852635065393,-0.3483777823949453,1.6382998592019484,-0.2372770782069418,-0.2951910669482053
-0.8054158980163297,0.8719611744353463,-0.3437072881825635,-0.5653671304859761,0.3864354316984132,-0.25088329001861
-1.9751157525142449,-0.8201586997465248,-0.1900220478385146,-0.8741598123322022,0.2317103719789847,-0.5709384859359464
-0.6448436524822643,0.17180736495331522,-0.5041636374278679,-0.31358054061983487,0.1364267144672245,-0.6769925160645468
0.5556216538906119,1.1551895276216944,0.2371217363467465,0.9677879746138971,-1.0340531172329641,1.3390611037954376
0.4810548198744676,-0.961035323552157,0.5566880677045493,-0.08851106040259321,-0.7834371118014386,-1.723057153654947
-0.2002106637925334,-0.5670326037547305,-0.9195264574495797,-0.1475576296121148,0.5897011409454763,-0.5041731246349435
-0.2881854143351631,-0.06819231211281043,-0.2180500481431729,-1.255069184651485,-0.4686634318029453,-0.35475084504702026
-0.958532007187412,-1.216628685170214,-0.38266432550467183,0.8664405832201635,-1.2748470711812308,-0.7962859271652268
0.35219987341055753,-0.9340024983693259,2.1986336399660797,0.687463754397899,1.037356517859953,-1.521293206203338
0.37693148932921844,1.3603807545009712,0.04041618913618857,-0.013789475947811236,2.901279484426359,-0.8049437997669594
0.2785028307970132,1.789521297373907,-0.022856017063016,1.5322171772615314,0.07577061743504372,-0.2049908434224825
-0.34569558424287045,0.10182269853214591,-0.14099998471807992,-0.22544022455453266,0.4472208690918656,0.7839054943704697
-0.07742237560193077,0.7947383872334389,-0.2033336612480431,0.5455627426780929,0.65336774415911,-1.4667068294647287
0.5890019503593794,-0.24602538230569898,-1.7468403608842062,-0.48154570927510526,-0.7404659568448282,-1.830313778945497
1.5357179233985407,1.4493619517596146,0.5615599631334967,-0.18987366891465574,-0.31444005851893714,0.1372923874519023
-0.7894259592129432,-0.33161787812678345,-0.37148252996042397,0.537381466518854,0.4818933014397419,0.8565297828329401
-1.2397645606881387,1.51002314266922,-0.5806578334952213,-1.103380799102347,0.09870673080862259,0.8023518889386114
1.343920713550497,-1.287084172959865,-0.5180180271160697,1.5645881380539512,0.9559508636431827,0.35619280810859755
-1.0494990589703728,1.9191143738764258,1.1250181327332127,0.13944967229569372,0.2700145834871796,-0.4137895662893445
-1.3561251451174892,0.053239187105112884,0.7085355219473513,0.17486682350113378,1.2305846765383956,0.5672619710531724
-0.037132981388103656,0.2636781525850678,0.5929030274629814,-0.45565170738995747,1.3030056865185344,-2.1104322860070948
0.3016535051097072,-0.8355927495855473,1.2243663318514146,-0.4978155755092733,0.6222853411862205,1.072568622884682
0.33857314143683137,1.2699749689814592,-1.2465446338206576,0.43074681819568916,0.17680615299212651,0.050906984023945515
0.615374682131964,1.1101806213485172,0.8517317869321779,1.2744198256585069,-1.415772997880907,0.754148881902533
-0.3540871566425698,-0.7954254227067656,2.2187022641916903,-0.9156914783539882,-0.6011340149869671,-1.6793425486633407
0.8026752345402466,0.7629064172001644,0.5636877669866097,0.5199716997849818,0.4247783893328133,0.7064004030209935
-1.4508175298888875,-1.8222888480664619,1.6119639801560948,1.0264596493629647,2.412101502159833,-0.16834165429154882
-0.16246499915228807,0.31279512685020205,-0.3562555909812747,-0.05578733913999933,-0.16803812748440108,1.425668100278993
-0.32157665157635124,-1.453874158265312,0.27683402823100167,2.2109393888710787,1.916159785524109,0.2853179028673573
1.3787233104260492,-0.6777221012779236,-0.2530958738393909,2.217276626964667,-0.4805301031240258,-1.7200103761036023
0.194712925681889,1.1700113076124323,0.4349088080903065,0.15659106439735,0.9408427704249142,0.6665434470370557
0.5604738864320056,-0.17178715802762914,-0.6666762930944047,-0.31492933065285234,-1.433231427454306,0.9492052803533118
-0.6185146837991075,0.6273866493939039,0.4275929088982196,1.9136259477366238,-0.6245732143504011,-1.0389626563362875
0.7240493739787718,0.6413476143504225,-1.6105209404393275,-1.3546264895808935,-0.29125886163243025,-1.3918009281654449
0.049851629256012414,0.16676977837976098,-1.365474066220364,-0.2609348447259794,-0.4910928203451418,0.1647433487225183
-0.2948647558606632,0.5822666050294721,0.1292311046275178,-2.7969478486725925,-0.13667428488072197,-0.023724168971869648
-1.2221936802787854,1.0886784317259695,-0.38499856560477425,0.7368557537197957,0.37402184680209977,-1.7078457807006646
0.03437043636733207,-0.6612777051545973,0.5622376782272697,0.2828391948621759,2.3859932663651344,-0.056149547308065616
0.8720342609132627,-0.4357805386533923,-1.1104588387870078,0.2986221133100751,0.705715364764738,0.3024514982405537
1.4278145560030566,0.2952757222803726,-0.2758471622697842,-2.121807193366096,0.7737394591757173,-0.5295063402022948
1.090581659180263,0.2977551120620581,0.2868990540293374,0.7158367631950159,0.5571728475214517,-1.0808627036785599
0.15982280262743012,0.8605402200375901,0.28786779388106504,0.9781342316979411,-0.2845149471071748,-0.8992943647320816
2.0260997517094745,-1.170950929656835,-0.2958604011608459,-0.7783514520073861,0.7520348029824417,-1.1205395412429693
-0.16363566179472308,0.14474827076707716,-0.7748660056202492,-1.4357447972281527,0.13163914019244197,0.6880769088030134
-2.3075894133606596,-1.2045388815322373,0.6239349269128633,0.41189280859568855,-0.11549892940842346,-1.5384980702368913
1.3985534603276275,0.47491529162960405,0.2860984841934518,0.6853347412073154,0.31867035174987757,-0.28698365967951467
0.3689775478238478,-0.451792506567029,-1.1547147421171968,1.2197834540133519,0.8638801847762015,0.8745731116521224
1.2363072766225291,1.0952234549556974,-2.0038806775502205,-0.4482368206443433,-0.6395851797106894,0.80894855676953
0.36990751347440454,1.963884838426511,0.4392751864656582,-0.373202593576785,0.8014827190545444,-0.4515289458542505
0.0031673535980931418,0.931894916020253,0.6324974996355477,0.2825818872251131,0.7852205424845445,1.3572986016251465
0.06591268307977638,-0.459596421266996,0.9221325891920584,0.1808706683660527,0.41882973393412753,0.44041272768074896
-0.4840580618871684,-0.09784597555712958,-0.35846093430277093,-0.0887946521531251,2.167443604502322,0.38833141896107526
0.5659497429979615,1.1269806593639298,0.4488125410765637,1.2197184354168857,0.7900793217825869,-1.4286632461405335
-2.254346144673205,-1.21535160746685,-0.21473397711226735,0.2399753393000761,-2.371427339002827,-1.592819009304617
-0.3040221823255269,1.1429764617370215,0.40152051440650643,-0.889159740873747,0.07462158324507205,0.7453848680892936
0.7454823470310052,0.39669630299137687,0.12087295413965521,0.9243832196642026,0.6479818495981674,-1.7507909888720254
0.009458297704800701,-0.616541592378201,-0.1536177709365038,-0.7573296947338051,1.0882154862435975,0.052663815751245235
-1.4799637474545624,-0.5101238389450334,-2.122576484538698,0.7618242781361424,-1.0845498701633947,-0.9609568222377889
0.5954460652791606,0.5229249263671637,-0.9721294342007142,-0.08008216022703102,1.4619198925685568,0.6726588398052714
0.7510894928652446,0.09088266896569588,1.580925031663631,-1.2517103516256758,-2.2231045733372192,1.3965071990124769
-0.7818057112645167,0.02664687290223453,1.752943824752508,-1.3412866103107417,0.7358940862056688,0.38217776795713687
-1.809838974865598,-0.540927276460898,0.7252437668744154,-0.36777008233610575,0.5889496125120535,1.6581136292251304
-0.3679381744496961,1.8210562255996112,-1.555498128071037,0.4083638205195628,1.538072782148427,0.05022392216042144
1.6371935870328236,-0.5553732076338637,0.5116164894472314,0.5525709173522203,0.0036567988872724094,1.3721069088304696
0.6791484442154292,1.1609889152935986,-0.05299973714779096,0.15319488026293154,0.9984116549268836,-0.657108729109
-0.5545439878131918,-0.20385959047655675,1.8902450761281897,0.7388934642004571,-2.3930140558205664,1.4213081849642448
1.270513601404469,0.579878146413374,0.9342649984785346,-0.731972442113076,-2.014487280144442,-0.8947428196702463
0.7085845922486205,1.2110212632923272,1.101985889605703,-0.16399350077342345,-0.12139742692937054,0.06909268087961673
0.332807354403359,1.4806847072655962,0.9575389230659438,-1.8109339164330487,1.2390083039974247,-2.240639112775081
0.5270717084184986,1.0991638054644826,1.5633104812619887,-1.434534344634419,1.3887045062577212,-1.8508992490297382
-1.07989799497123,-1.1477816686651858,-0.38344979024931436,0.46650151275298696,2.511399189445131,1.0783236095296158
0.9086530260005009,-0.49078783175601814,1.119182532482952,-0.11230925008259073,0.932234961602426,-1.814658712027326
-1.5152750902448209,0.37310673794544214,-1.1428209932723639,-0.7449374269227607,0.5562021488637301,-1.8781230308652093
-1.604858134324367,-1.0450739067879746,-0.32939370372058374,0.4730006056505395,0.3713536393376948,0.20547668915936534
-0.7143996127577309,-0.31596761418291625,-0.6196481020180625,-0.5044682229644386,-2.1488241691656427,-0.8379909590758238
0.8777617552434668,-1.3664266666662495,0.7394183844969696,0.6742815798085361,-1.8203052497588914,-0.7095352083713502
0.06579780496997115,-0.76877652911197,0.019763501382501217,-0.5047753320796513,-1.8060007053357634,1.7279799390307224
1.0415177655341543,-1.3745417680217706,-0.330933416021294,-1.2054392449340046,1.1036984554998022,-0.4632381666815081
-0.5960368669865629,0.12167600301871734,0.38778998646650564,-1.081657671011607,-0.2401709046118451,0.3313122585692617
-0.8271497423084493,-0.37078900356924527,1.447262093265384,-0.6280879420828714,1.8017688080001264,0.1416939466869618
-0.43841862998956016,-2.1996693507945095,-0.6865133059209633,-0.9603481871292144,0.4718789619431118,2.1265356175633423
0.12242177231654951,-1.1567636471326472,0.6881879570367826,-0.36531597616320516,-0.10641623023501448,0.18505153123986717
0.3224847356821687,0.22114661540099628,-1.3304594577127113,-0.258552674021509,-1.2590667289053006,1.6908118937382794
0.12316574483697454,-0.23279792875160002,-0.4125784482025532,0.823204599946385,1.8544637441871517,1.2120567960693593
-0.5907852962540071,-1.328661943251531,-0.6444234726750346,-0.6318216695691476,-0.1810494620792971,-0.2662959419210306
1.1659143472615716,0.5955688242086133,2.001825378135067,-2.211561907347856,-0.08182924551479728,-0.3932897540249086
1.04871132336052,-0.742519649875473,0.40357480681557145,1.6284073489187656,0.42266330731216367,-0.8966037611982964
0.7908646707782062,0.2385346749538662,-2.1233851104232446,-0.02044489015176482,-0.03489336816392067,0.31012481376712964
0.9244405605152266,-0.6166325235437884,1.5110891598162488,0.49398362844111077,-1.1277563763467169,0.04355615495337886
-0.45802449405773815,0.28820127759768427,-0.7648100428766631,-1.3875328162633316,-1.511706769958668,1.3144063794174226
-0.2744766265687407,-1.261625467287968,-0.5052290498635571,0.5450923953845278,-0.8343116798341161,-0.5669506573562637
0.933893387833817,0.051374087864291665,-0.2229148945295477,0.8005006594111176,1.7110938617065414,0.9784726613997928
-0.5222796501250618,-0.6156706738811197,-0.05359286373060809,1.584880857022491,-0.6068752133553827,0.42633335836497505
0.6375188053875644,0.28430942371055323,-2.7090195679800364,0.295932833490392,-1.341580496493563,-1.5415477256201258
0.7309092382481933,-0.06402766472889852,-1.1238812228656525,1.2814349172045856,1.2974910867787182,-0.5237921510565229
-0.19071954377067463,-0.10315433493486598,-0.5571915707459868,2.662505991678974,1.240681223709293,-0.11637545884751686
-0.45275104178049386,0.4711911552256637,1.0923005051006036,0.7470526063694158,0.48604890152714164,-0.17136422419816924
0.08978544836815607,2.3051272752575698,0.30753764369786074,-0.36276226703403053,-0.1494100472076453,0.4139346428734901
-0.3762039279672715,-0.34910293092296163,-1.65079010668742,-0.1566477827474512,-0.16366127937265923,-0.9832253161255411
0.34838701424326457,0.4867585707742255,-0.7574599054777545,0.04483239732310638,0.869853676883182,0.10234027271547792
-0.7705093638033419,0.5382700657331787,2.243519929104145,-0.975395150400121,1.1336543678749071,0.9018309196175941
-0.19376107848659285,-1.3820809719952576,-0.50002584943334,0.19790554063947072,-0.35035823426814305,1.3040780100451195
-0.4276255580568811,0.5711810855980786,1.1367769427629462,1.6722077489448197,-1.2700305368954745,-0.5665565636714394
-0.20328502082550975,0.19672250432424912,0.7265146085510055,0.7098329183300969,2.492781993395549,0.3101254909040458
0.5055895018906271,-0.3086668519325401,0.8952535828279568,-0.8815816159497806,0.8347546172807369,-1.323947746409668
-1.0890061879605064,0.7061977009547482,0.8254277810414035,1.5554066822086798,0.05427993158305584,0.8958976766796473
-0.678037955820951,0.3114715732177639,0.41583208485632794,-1.0285430111985743,1.2956739914285844,0.679540412993385
-0.811258270456288,-0.489219774322786,-0.2540142633869748,1.9173389246070074,0.026805816787609602,-0.9664798894891647
-0.30809762002943747,0.11551693206960459,-0.14797551585414762,0.6217852883491046,0.9627237489452145,-0.7666809933663641
0.08136105365134767,0.8932572534159111,-0.4090438568516619,-0.5762861045686475,0.4864054541678031,0.39725506780214936
-0.2812052015698279,-1.0425338962292496,-0.07247322077843542,-0.03183144477921306,0.40548279695186284,1.4096356988146526
-1.9215825533592736,-0.6972743225717838,-0.6034745773210014,0.9453745427011258,-0.11326731833247301,-0.7509489021240567
-0.5952764833075579,0.07653373103601958,0.03279617410707149,0.9800432883600583,-1.2731360728229655,1.5871562825644248
1.4573108782842557,0.3089497488921452,1.0333795721855077,0.5067231232247653,0.4521739029981093,-1.4594954905987614
1.0492747731370236,-1.199535646732353,-0.8481730274353032,-0.21891069742033512,-0.006063558817682186,-0.6542078745629419
-1.1513521792510784,-1.3622498951269333,1.2538675820553264,0.041559333509655724,-2.1668657607741055,-0.34461901466444234
-0.8630956498955379,-2.387143145232237,1.4207858893344323,-1.044177908586437,-1.1028699085093205,1.749320247491528
-1.2940526731359046,-1.7473777331630307,-0.8681067128458141,-1.7497680176536958,-0.8334152759852117,-0.3406435438334752
2.159741286080662,-0.8097581950958969,-1.7522781937317313,0.3069099092975652,2.4397110184638273,-2.134126830238911
0.6737054099665822,0.1401855469471646,-0.8277277829346937,-1.6960128554967815,-0.14017531335953648,0.9339834117768369
0.4014661713453779,-0.4981370906280484,-1.5657454219703786,0.8344625007553018,0.34537841504320244,-1.11095483748813
-0.6780488965933207,0.0716032411686166,-1.500151059744068,0.9079099973942719,-0.23052535847426728,0.5012717622362021
-1.5357616864879684,1.6040095954203089,-0.038772755208934674,-0.6502025651267949,0.8189235357736878,1.1973280524516041
-1.331010602166297,0.7728057900937626,-0.33716074163779686,-0.4238589970937413,1.1626323039092359,0.3288652550408342
0.21370610649792532,-0.48021960962219945,0.023273924587409133,-0.2835931339062729,0.6242814503142128,0.7693834467961738
1.8109111705568588,0.9786133282064647,-1.6218648639629145,1.7665552659107906,0.7820171992337508,0.3285940617061714
-2.0027740250390695,2.0631998574810035,-0.5049581652272599,-1.040435880853809,-0.4633278135435773,-0.4759607229028268
1.1452964617500898,2.401762855966114,0.44681061298381003,-1.4181939263062084,-0.2470631934386681,1.682373244212939
0.27955314494353456,0.6567958090374291,0.29506385934928614,1.6159113280282584,-0.4496176275909794,-0.3751245405609389
0.4954419355271988,2.511300558725201,0.6606785648648049,-0.47282353372825875,-1.277788826942583,-1.0381382421416565
1.9185957225051529,-0.6174367591860905,-0.28733609466930893,-0.2578762039434058,-0.5142890570589066,0.021152741535215253
1.12270376682774,-0.5999719133156173,0.8271497614431197,0.08434710348014943,0.32631300630336063,0.7262527031099633
0.44761434915769227,1.0962216770845785,-1.4961774137410375,-1.3042910289230654,0.207005760091527,-0.13208164960280935
-0.7379003917858981,0.6329839678089474,0.5115913142951595,-0.4170583285785526,-0.19773006236172577,1.5250196599336263
-0.9674651478189266,1.174806411077735,2.485608219451633,-0.5238658987008221,1.1444266522237467,-0.931084080788844
-1.387278994411141,-0.2890863409427307,0.8524749574213472,-0.5265690122644208,0.6468662109301436,-0.2869051117973131
-0.47214903117385176,-0.3053791851234115,-0.19684954908040717,-0.5803559920323809,0.3525664297218389,0.04934364417025613
-1.3809771095320638,-0.5499718963979788,-0.05120122428377994,-0.5751766383055885,0.19164739424312455,-0.7825442798860597
-0.33590359298112565,2.0305131344912115,-0.8165490084086926,-0.09216731892286269,-0.5676148693213775,-1.7984402671954447
0.6721408795191953,0.6249113009973594,-0.23026201091020004,0.4837715586731875,0.7418794099305138,-0.045742460769335934
-0.002915715833794271,0.11382359169711503,-0.7913708353185706,0.23360905034424378,0.28697708632994195,-0.3770987332381075
-1.3605944506263516,0.7155595696251043,-0.008011740395349836,1.2055623652549723,-0.6725819685984532,0.5486742241539161
1.6353227149593403,0.11605645698542663,1.99271902212763,2.4112824351907336,1.1403571785630289,-2.4162554182342095
-1.3695002393269675,0.34258417669662167,-1.5021157286117535,-0.8982277600188032,0.21575181259464304,1.2118035468629587
-0.047603300536157314,0.43300612775667874,-2.012622497355655,0.2107404882562234,-0.2288134127253087,0.32931487395273495
-0.06506477322191578,-1.2383733579009946,1.1064962698508947,0.030096693290588478,-0.31639943472594945,-1.195989522053869
-0.8431068587947776,-0.183695099334431,1.1997621522285313,1.4557096564656,2.116489638670047,0.719220128389692
0.4927505055267537,-0.6031120695672224,-0.2060223674893194,0.5509606695589512,-0.9930492944120315,-0.4321367602993659
-1.4028422430925176,-0.12373306805355629,0.4992856999624269,-0.36361580903441443,-0.26723423941523267,0.23625171554822644
-1.6982212152540972,-0.01227166596915127,-1.1934210349246654,0.1992308133078074,-0.9068543541577461,-0.9258118927646702
-1.2487852274985087,-0.20764636835013522,0.8221449412112309,1.1833121715205535,-0.3141516426475858,0.7489191842198039
0.32474947556060374,0.9218682394948362,0.1177129690515953,-0.04957737149054231,-0.7976464434598719,0.46004682039870076
-0.4418430917380606,1.2523141159318272,1.063120489837142,-2.2268357440191804,-1.6634987834516461,0.05555637537007667
-0.19770522692216913,2.510756992424238,-1.1469759003703024,-0.1426826182517469,1.8462903893582565,-1.3126634289968957
1.7691994759362977,-1.318297811067153,1.3493247096692955,1.6963766829620954,0.5241241243983984,0.0220506250851845
-0.28966788898990475,-0.04405109799564955,1.2790900634130895,0.23708823694223252,0.6730393429873466,0.30677687957261024
1.7894070824842478,-1.500582466988681,-1.3478575018065448,0.023172904454431962,-0.568721206335319,0.8874065490433609
-0.47992792032146037,-0.6377022849566466,-0.45735799469583727,1.1284931944555538,0.35153092092804145,-0.5505641132851117
0.5933016738966901,0.7760934569028912,0.39156122424687256,-0.5576907859801102,1.41205211016638,1.6819678084847811
-1.2417010773957382,0.9265319979431792,1.1465388597303403,0.7522208931010551,0.46372652507009926,0.8623086385541404
0.07448477822339714,0.2952676395101095,-0.8175368813759987,-0.7726090649027059,-0.17822762660129562,1.4489545002349866
-0.6285692535975208,-0.038114303229083664,-0.3180346751057536,-0.3860762756765346,0.6455898495841281,0.0018766849613386807
-0.6148167027416197,-0.3965932476703666,-1.3423350804480545,0.5418497658077222,0.0680092376023779,0.2539977812615061
-0.8083097323053847,-0.3082041133343402,0.35046832702299013,-1.1503214590001443,0.9617161343478563,-2.3846029916870646
0.5468854471615477,1.5122398424169865,0.2962632035939959,-2.1961967679665966,0.1264842474736627,-0.5084621098577928
0.23969591123792774,-0.3605481336315448,0.09445515656150841,0.8253543637528611,-1.1613060753621718,-0.2739303220749678
1.102890028084691,1.5787974142417858,-0.3355465108869501,0.8389017491819256,0.13094640381103165,0.6460636103116303
0.5499707449668938,-0.05036374157998778,0.30859701409704715,-1.0031622412131644,-0.43924663856145946,-0.9392420570627036
-1.316907946594923,-2.156392178052633,-0.7961460581635658,-0.6856100327114955,1.5417415633748106,1.9790142305814824
1.220082111213424,-1.1145150069081808,0.28155587975360635,-0.35255849751245916,-0.9599273207630853,0.09182027359608003
-0.05821584972486398,-0.6631205767771714,1.7982852806400438,-0.9942657604928253,-1.418059600680294,0.27223815692310455
-0.7107891578790988,-1.1250488772683482,0.47683953437514287,-2.146310903986454,-0.8874482292739528,0.4413510701614222
-0.08557872139596218,0.3891530576327678,-0.40149332524226694,-0.3666260317132258,-0.18813650428845283,-0.35755131404534307
-2.0952454330214603,0.01765479097192992,-0.3752477257042974,-0.6098882685706938,-1.4832865133029098,-0.2982491865428838
-0.39107243760386107,1.2618073296191428,2.2369703615411316,0.3875025346755588,0.8021696526679559,1.0743056483571962
-0.25574602428927107,-1.099763951157344,-1.413527389489071,-0.8244261195352588,-0.7678278596721119,-0.1548805109796375
1.0059055515040098,-1.3870599584842958,-0.3558870267549368,0.7185218928915101,1.7478813222460494,-0.8675483240063709
-0.6306534707319835,-0.16294662803997012,1.0446086970156432,1.413419901276528,-0.5846599781731305,0.6222624170156165
0.4852834283914008,1.2313110373737104,0.5118682409679501,-2.172755488879949,0.09204462562291077,0.05334501548824598
0.8440204132868054,1.0190413244266043,0.16206755897790429,-0.6776293458392052,-0.41769044279617706,1.5979508607030504
-0.61417119717242,-0.5564381126175237,0.7556724696806515,0.17204335636535562,-1.7191005188365944,-0.18393544031887205
-0.472373317007201,1.1854069642926626,-0.5840967592682395,-0.5153699048671996,0.05551540440800212,-0.6219981643343402
0.023232730105390197,2.0379432210659862,0.15501046034911808,0.8898043933408046,-0.6070226295004517,-0.09341273033713988
-1.271115343884241,-1.5017383031379283,-1.4484564024796793,-0.39434124598655057,-0.0930896298552522,-0.9565440902436287
-0.7894861334609001,-0.7160788876152402,-0.010844448506484746,1.0012677099821758,-0.9376099288729846,-0.2655749603902341
0.019704331019454218,-0.5270006632780494,1.6291062447048743,-0.6139865152094778,-0.21488992391122894,-0.8262070839036325
-1.5299357252065393,-0.5554944491879802,0.7970100693826706,-1.2875570405800962,-0.14313715810991393,-0.24989602439578873
1.5412703653709827,-0.37586498330159174,-0.09135961986275626,0.4008016044011062,-1.054099161467003,1.0067722445097722
-0.32042787047860466,0.5351501164072408,-1.263438167866965,0.40557701280518715,0.5940301242955898,1.8107047402934189
1.5685785331802833,-0.058753657124832215,-0.37427092980390864,0.5437802647729256,0.4786307462706069,-1.1164007111311327
-0.7836984648827393,-1.7649698826653224,-0.22304379130815383,0.8162310096320851,-0.5901477172336267,-1.684474061493316
-1.8875075178456173,-0.8854008007091679,0.6957092854697798,-0.5890996098823138,0.1648033265562641,0.6893519576149192
0.4291736773457899,0.3339618815063685,-0.8957661489241439,-0.20535155330892374,0.37034648766987815,1.0143756456498312
0.8866730143302419,-1.444766896858593,3.5488787531951176,-0.15290713838922373,0.011364995651460274,-0.2971352963168701
-1.7687344931110194,0.10963267530981498,0.26191523311320836,0.5482423388770236,0.3935037952387837,1.401027087923518
0.22532520674372558,-0.8533990925001228,0.15950070047265213,0.46171780410255414,0.24613264046158406,-0.5566612233566074
-0.9342708444802399,-0.35911748329297427,-1.6885759959351372,0.6371027013138085,1.7043166700831767,0.27736882333193064
0.24694417292609078,1.321363201693716,0.12139357628450347,-1.0768656621148158,1.487045727277308,0.49169433770320736
-0.21053875289988314,1.1377792404505773,-1.5352250816106046,-0.37023387212975234,0.2035069708998048,-1.4396125500643557
-0.39760407870244685,-1.545342828075923,-0.19538133421157727,-1.7686358609976185,0.45066806855400393,0.21248116269764836
-0.07462153787789078,1.3362253955358263,2.128290237052925,0.4147391014089537,-1.7794781368339043,1.483171413565399
-0.6327978621144541,0.2550154435434425,-0.3376582026427408,0.39259058569241606,-0.5309420107583708,1.0666910744580365
-0.48232941985433814,-0.16375288437483332,2.4120323270124495,-0.9092242030674749,1.2021689845832504,0.037278926462354874
-0.6678028632786163,-0.7418083660913193,-1.977522293330967,-1.208569821185002,0.34824013782255925,-1.031474707040332
0.06841811995008971,0.29988694272193933,-0.9736147681729549,-1.3676253670631924,0.18911822712878948,-0.6794170047905324
0.6049700076180775,-0.8274473378414968,-0.3431353087274924,0.2085485315307683,-0.272333742075852,0.23018812375404832
-0.5041890830286325,-1.4462601886668016,-0.7245660517806424,1.8393525765851266,-1.5053826464028632,0.12936209846588675
0.21695004550255528,-0.8400099835405351,0.2323465135017513,-0.1858681083601881,0.8896032416591733,0.3307214566104793
-1.4213047964491594,-0.5822767084923152,0.5030609657671197,-0.008126632870732136,-1.036969390337821,-0.473704333416116
-0.75011576412526,-1.7694901719413019,-1.1471742805686307,-1.4356306688407436,0.021126188048466086,-1.1419264028667202
-1.0361184943747352,0.6504407309091575,0.7897233733669908,0.3582171904663623,1.7740371428914918,0.7799327320871594
0.3130866122253757,1.2976422916308405,-1.7040154131977787,0.1478951729639661,-0.8638537116657998,0.34127328116489647
-1.2057278178777509,-0.3308843667243826,-1.273470969470647,-0.12164979398303861,-0.4723304366717805,0.03213827228401961
-1.2296443462556093,0.4501557455864567,0.3023978846508723,-0.21244203875941473,0.9033903815740119,-0.31666849563440735
0.099342213024182,-0.3663192316074999,-0.22745951298156075,-0.11231201683137898,-0.27274656757054627,0.12743606715182954
-0.060513411920357175,-1.394340513808986,1.120074739872385,-0.23119990383911046,-1.9632755379171094,0.6666617767130373
0.5486250299666967,-0.22368662595974,-0.3762184795681833,-1.2401190575880772,0.5310449533698639,-0.4322280891408459
2.0834293988732098,-0.6558157731416543,0.5553014203284284,-0.9980921740634178,0.17561513216914845,1.0128363441566413
-0.005278922663454605,-0.5581900530745104,-2.6872984467724224,0.33610740923282156,-1.5195931084706467,-0.37393167924214904
-0.024386981589296162,1.1921863878603416,0.830698450879175,1.3426367837181599,-2.126591159642085,1.9504710474661455
-0.4114715076681022,-0.3084950930642084,-0.5973650714162062,-1.3103716510667907,-0.06633177472150185,1.1949826194605033
-1.9505756001119259,0.9333073801257173,0.7398584461551785,-0.20697494315892098,-0.2727103298765207,0.1827093146491102
-0.10842852446871923,0.5507134905706617,-0.4014892972179317,0.9367920879679636,-0.6069537821881227,1.623710672527185
-0.7659634728879936,-0.6017965987050663,-1.202342101812859,0.3613207909166903,0.722350888628603,0.2798922586897027
0.6475022601656003,-0.028231095876011733,0.012248214986006884,-0.625359236093004,-1.1031725998358932,1.0684404576792665
-1.4348275910855008,0.1556398037118731,-0.19083872977172248,-0.25342173839847243,0.7158381589641675,0.7381762377709828
-1.6774610997019623,1.1842369832954311,-1.6758565021023466,0.1498512643554384,-1.4764543191903035,0.42904173674278917
-1.3151081895417662,-0.1505011825099073,1.061180996121519,-0.8268954428264754,-0.04021735935568827,-0.4218737346394115
0.8737902548769407,2.2464423216800777,1.7120080204775596,0.709729165250634,-0.16733112641357456,-1.7472526099200145
1.1010191560112585,0.4850894787125442,0.4623809410372253,0.30568562295990315,-0.5793801698382538,-0.25444325270979345
-2.1037956466204437,0.12178512041742968,0.29305387520787135,0.0019886006897052925,-0.1789624465079432,0.5230346887744066
0.2476990862188855,-1.381630357552443,0.5038061502684472,-0.30960472261482486,-2.629646746868877,-0.08938427354252798
-0.589264528896048,-1.3661114386255353,0.7088869670702784,0.10511293649104246,0.1932724276617568,-0.038880693835999874
0.12972473786651,1.2945546733860116,1.7195887622694408,0.6275899273014496,-0.6516497264970702,0.38465634299425
1.3821094794712814,1.0882257965905937,-0.8871099246357447,-0.3435624138358203,0.013950414088220437,-0.0942744717042396
0.7925221977906589,-1.7768091204248029,1.0715370466778094,0.15716931489355387,0.40361105438400074,0.5409774627616365
-1.1047773113167032,-1.465509306075352,-2.1626553266371236,0.9846568419601746,-0.9212307603181398,-1.1903249331871533
1.58392296641447,0.8380923462929188,0.15497924316054332,-0.5500877603170752,0.6458112590955217,-1.0299381140948065
-0.1944722286899598,1.6106940464372597,-0.93002650987571,-1.5067547881869388,-1.6097934766216084,1.3671101462466806
-0.5078268898381635,-2.304741322976973,-1.5123106581947838,0.5760246468083958,0.7598283618012772,0.41742240584106677
-2.116536176033041,-0.6140783681370606,0.3337097317917823,-0.16038704373130389,-0.04549263528736245,1.0729250508285872
0.13696752916846278,2.0370642197986415,1.4493113506440345,0.44026581739280546,-1.3498307622214833,0.49218390769311715
0.9796203459103318,-1.7175442280800979,-0.46220572197880133,-0.09282580513384865,-0.21616098848200505,-0.27592161245925717
0.23894646833129238,0.8540436934295161,0.6889381765685244,-0.6312199017082629,-0.09988242112765004,1.037316959705253
-2.110305406174341,0.782022168899194,2.2645794473153176,-0.9289677224020616,0.2483886576136954,-0.5023573819959944
-0.542602134782817,0.3691340563555668,-0.27497912302634403,0.568723196762997,1.5246294158656895,-0.33091266314699563
2.3905314086179743,1.1162689680577476,-1.319769081136914,-0.32395999868929926,-0.4787466401435121,-0.6359680067540344
-1.2176696709081254,1.0700294600102807,0.5297325288781528,-0.4269342383690186,-0.2133772639478107,-0.6651041078810187
-0.4292830850693848,-0.6979411511194243,1.7068199251385856,0.28841281029092725,0.6260042587587374,1.6474163048759891
-2.444267012061606,-0.7970662250724789,-0.0817084735644784,-0.23812161761367256,-1.043979241737064,-2.411390866633171
1.4562277418206762,0.6163536679693055,1.7300334293610222,0.4573366574004321,0.39972557906808553,1.2872209404597985
-1.0978353912546364,-2.2471616882344945,-1.2027267781365192,0.7536347017305386,0.3470615299708285,1.2041030612176442
-1.2440314619083404,1.219754696573854,-1.8796161269234442,-1.0644180593280579,-1.3653406459860262,0.8113052471618518
0.855327701520299,1.2810039090209167,0.5205013041164357,-1.267168177091245,-0.28167047114476057,-0.4695508602184815
0.3462809155640625,0.015522960312048712,1.971279862623221,0.6466140919517668,-0.6285910229209145,-0.9113172692354544
0.5981429656657651,0.9362656740461667,0.6947053004051515,0.8663631142541568,0.06471851909171628,0.49687883649681946
1.8324918440359554,1.2856292743104674,-0.489923564409936,1.1006804522875364,0.791400522699494,-0.2217252665839834
-0.5171265463437311,1.6162024543792768,-1.0882422705866173,2.303341881440724,-2.199575533344953,-0.2670798971849614
1.0248932619338869,0.11402566095397582,-1.6537678236744833,1.5021260174685065,1.7147535996581225,-0.9788394156816576
-0.7105046977977418,-0.8969894725901335,0.8322643453380456,0.28350598131952665,-0.22716935613218317,1.0442117370632233
0.020596003966742576,1.3715814534087603,0.3516817693528545,-0.022655522431518107,-0.12699101536825796,-0.7568274662560684
-2.1703538352693688,-1.1651818523734598,0.11457010306693675,1.323389895790601,-0.7615200678399667,-0.8258352510949046
-0.846750135990468,0.10966702708348508,-0.45611333517740754,0.12000772857873679,0.43660686358366096,0.6826938396089238
-1.4526008757835152,-0.14513220235511265,-0.5079822044941317,-0.290693994664723,-0.15833066721184308,1.4155799452274709
-1.28705057882583,0.844103906684527,-0.22770723647794425,-0.6467372122727345,0.7151113811126135,0.8889954508156072
1.2542884359953637,0.3205020483068796,0.9515593209458338,0.09879506563894662,-0.09958920370801129,1.4411868933929206
0.4142395230750841,0.19784196800724654,-0.136174411568941,0.8729341426201396,-0.09122472357250555,0.1799735968683285
1.149508659108494,-0.979732791889481,1.2634683780494513,0.26790981841467354,-1.6973335609394165,1.5508397369432385
0.8290315551543022,-1.5106414745952066,-0.2672433022977057,-0.09311769713074529,0.24315107275949965,-0.4135722899815803
0.7830037258379015,-0.1670486339542439,0.7660587304194281,-0.2926362523122605,0.9398944108091152,-0.9954418817867454
-0.082537186679993,-0.525883220287613,-0.8140405562562547,0.14499977035975134,0.2697639771171428,0.44600714823459436
-1.1892017812287594,1.5238790316121673,-0.6415172531198611,2.333415057366632,-0.37355669950319764,-0.545331876338951
0.03984629293328809,-1.3385229229863371,0.6657961697779776,-1.1184374459940059,0.6638270666049964,1.7496990209536463
-1.0518075619382357,-0.536227145546305,-0.8797497171760168,-0.7049551402209407,-0.2699409453923682,0.9916561785763499
0.20335613584588721,-0.039195373753288826,0.13242935594672509,-0.11814570664598137,-0.10243373349944351,-1.4443832335604825
0.2924194932383066,1.2248609866947295,0.29344962859843937,0.8980506880965224,-0.8317029211357271,0.8535782276603351
-0.3191860928157922,-0.7685522322368432,0.15334688630020668,1.1581070900830366,1.553303831606586,1.4732770889559414
0.23298374739536956,-1.3346492553323122,-0.12188700926511221,-0.8109299189587319,0.4258610308136152,-0.7903647034075376
0.020448303539879253,0.36558167881995807,0.001988837013678147,0.33142468691306337,0.35244926548414246,0.2993818673183047
-1.209245276191317,-0.3490039169870923,0.13807563905340714,-0.449887186294997,-0.9212790880093098,-0.0823006596272477
0.012291957745898788,1.5615992997903725,0.09798571988807384,-0.4440631801011471,0.9203050842499664,-0.4868979230042908
0.11622382477485686,0.904156869130989,0.7172360545033913,0.4521282528113953,0.19846328892947926,-0.21507578207365696
0.32669693304057285,-0.031163120793072912,0.875133601292114,-1.1665761081159962,0.3914871126606195,0.5359880640418045
-1.5484529824249786,0.24825016482374745,-2.1123986740590786,0.4263857304222659,0.3839118950992254,0.821823976649526
-0.6494770695764681,-1.6436272939204255,0.5114090461941535,-0.27297850219002595,0.36868449524839647,-1.8818586259438574
1.1298371504061488,-0.0660160262164161,0.9026238603485227,-0.5552152375041297,1.258281428146814,-2.0483041275877443
1.3011860567143134,0.41714773247824866,2.132921458028071,0.3727460800271483,0.3080358912153345,-0.06369649215779068
-0.15106471435367763,-0.09044417867832305,0.5463733043976624,1.1028385163403644,0.5836389924480316,-1.0810320725495504
2.338704969951043,-2.768439750158243,-0.044187426916555486,0.9073192965285402,-0.7717364814651968,-0.5920952056505382
0.9595932621062522,0.27001302378765324,0.2963024768312224,-2.1063528263365088,1.3981286644155133,0.1657490663262847
0.14885467833704,0.8969652242793065,1.9599369461057132,-2.332216363455245,-1.156337194193418,-1.6757426348941364
2.635123315486774,-1.5041469686797124,-1.9751427379571258,-1.4068350391666107,-1.9825166230357727,-0.041402690277823166
-0.1975684672676755,0.13377591011953693,-0.7792253349530188,1.9135277281547374,-0.28445153652553135,-0.7844615930623314
-2.1001195471076444,1.799630822294648,-1.1046977569868834,-0.33351980743101334,0.7203775061114518,0.720739369701755
-0.3732170971131507,0.9190776630575775,-2.0951698069871663,0.011293868543131936,-1.4188664222796459,-0.23550220962487092
-1.0793290748085669,-1.8268677374269195,-1.0662250895906438,0.44000574300695444,-0.06876823750331439,0.05295913208851997
0.01826014906798097,1.521943208131445,0.711894894239828,0.8801933997465594,-1.0232953774844307,0.41276802061018103
-0.2640500705101658,-0.9764228974621052,0.1679253133619901,-0.17352287527849894,0.792523815853688,-1.5056840153111883
-1.381453033129712,-0.9663618691629996,-0.9663623103640965,0.3410764900518999,0.8372855715184252,0.448548273794279
0.0059791320944518654,0.12099502962309275,0.23677431924815462,0.1388741885482652,-0.12226904789899826,-0.08646632128936091
-0.04505957096257556,1.1870154355772669,0.7174495397929628,0.37293629400616357,1.0641222427959405,1.1683587809321827
1.3343530081221013,-0.34061804282737007,-2.1340553468773846,0.6511688521401874,-1.2453283257821606,-1.1399782799607954
-1.0469826813276897,-0.6254750742240085,-0.26861987961298833,0.23820946188762554,0.205859008251863,0.6205596715994482
-1.0690173968597463,-1.547915169715757,0.35180563110104623,-1.3140251428382783,0.05294391692076019,2.1830112909383397
1.7902221700250502,-0.505573239280525,0.2726448829262416,0.12483293846095478,0.10500581310587068,0.758026167880754
-0.9225915699864827,-0.31534524087178883,0.27051506506096096,-1.2900574897951516,-0.23892496742605626,-0.8949897207180602
1.7575037902839605,-0.3731188621008651,-0.6944978571520737,-1.573772360647998,0.2123249605008072,-0.4230411186817532
1.438673272569852,-0.34045234603674046,-1.551191163054588,-0.2766866372500333,0.9360123051896422,1.1676870611119923
0.213416176030409,1.667212817581219,-1.085746909513255,0.8517920317743919,-0.14744178921288195,1.2717628357419233
0.3053405453948762,-0.45476898672058447,-0.1430230599385702,0.3484982936694718,0.2617308576424932,-0.07486569629492917
0.5313550207972293,-0.1399006292949984,0.941948454890871,0.34336735804643526,-0.6560050968311596,-0.007765236862859542
