health_index,rul_hours,degradation_rate,anomaly_severity,egt_deviation,cht_deviation,oil_pressure_deviation,vibration_deviation,mission_duration,mission_altitude,engine_load,label
100.0,1409.8,0.0291,0.0,0.6,-0.9,-0.0,0.0,239.0,6583.0,91.5,1
100.0,1893.5,0.0031,0.0,1.8,-2.9,1.8,0.0,130.1,13901.0,78.6,1
75.36,1270.9,0.0083,0.045,15.4,8.6,-3.6,1.687,234.7,5318.0,98.2,1
98.48,1998.4,0.0069,0.0,-3.4,-2.0,1.0,0.41,291.2,4887.0,62.2,0
60.03,1127.1,0.0224,0.028,26.3,12.7,-5.8,1.033,254.8,10504.0,58.7,1
70.41,1173.3,0.008,0.036,23.7,6.3,-3.4,0.0,242.5,9973.0,82.3,2
100.0,1958.7,0.0009,0.0,-2.3,2.6,-0.4,0.0,236.5,9521.0,73.2,1
84.27,1655.0,0.0426,0.075,11.8,3.8,-1.9,0.062,93.2,875.0,56.9,0
94.61,1609.1,0.0187,0.0,5.4,3.0,0.4,0.086,36.1,1351.0,83.3,1
36.59,394.0,0.045,0.101,30.3,17.9,-8.8,1.407,111.4,9454.0,61.7,2
51.5,859.2,0.0028,0.019,28.8,15.3,-9.9,0.489,223.6,6740.0,56.3,1
80.66,1772.2,0.0091,0.012,11.5,6.5,-0.8,0.901,234.8,10792.0,65.9,0
60.81,909.2,0.0071,0.168,24.7,11.1,-10.0,0.472,69.0,1551.0,75.3,2
100.0,1882.9,0.0093,0.0,-10.7,0.8,-1.6,0.0,241.3,1241.0,69.2,0
84.71,1493.1,0.0681,0.017,6.0,4.4,0.8,0.447,148.5,324.0,89.6,2
51.05,773.8,0.015,0.19,31.1,12.0,-6.9,1.416,59.1,13740.0,53.8,1
93.38,1589.9,0.0228,0.0,-2.7,2.5,2.0,0.245,169.1,3839.0,96.2,1
86.58,1476.3,0.0132,0.009,15.1,4.6,-4.9,0.0,271.2,7783.0,59.0,0
68.5,1525.4,0.0695,0.04,12.8,11.4,-6.5,0.785,63.1,12467.0,49.2,1
82.72,1617.7,0.0021,0.068,5.3,1.5,-4.9,0.265,68.9,209.0,53.8,0
65.47,1113.0,0.0173,0.128,25.7,9.9,-7.6,0.751,223.2,11085.0,47.9,1
82.71,1534.5,0.0405,0.033,5.2,4.3,-6.0,0.137,179.9,9510.0,46.4,0
60.38,657.3,0.0392,0.247,19.1,9.3,-7.3,0.112,34.8,1637.0,89.8,2
47.1,1215.1,0.0044,0.006,27.3,16.9,-6.1,0.829,152.6,3718.0,54.2,2
68.72,1210.1,0.0102,0.009,15.9,10.1,-6.7,1.018,68.8,13815.0,49.9,1
81.59,1468.7,0.0109,0.008,9.6,11.8,-0.2,0.653,213.8,5904.0,59.1,0
46.63,1077.5,0.001,0.268,20.6,18.8,-8.7,0.779,43.3,5604.0,71.4,2
71.23,1261.5,0.0233,0.017,23.2,0.9,-5.7,0.807,246.5,11692.0,78.5,2
89.84,1962.6,0.0058,0.103,3.9,2.9,-3.9,0.087,101.9,2097.0,68.7,0
100.0,1887.8,0.0575,0.0,2.2,2.5,-0.6,0.033,286.2,13745.0,68.9,2
100.0,1761.9,0.0223,0.0,3.8,5.5,1.5,0.0,107.8,11023.0,52.1,0
100.0,1927.5,0.0134,0.0,-5.1,0.1,-2.4,0.0,67.1,14383.0,88.1,1
98.26,1310.5,0.0199,0.0,1.3,1.8,2.9,0.0,196.4,2569.0,73.9,1
100.0,1873.7,0.0046,0.0,-2.9,2.4,2.1,0.116,281.4,1796.0,47.0,0
75.57,1329.8,0.0036,0.311,8.1,7.0,-1.4,0.239,235.9,4058.0,61.9,0
80.34,1712.0,0.015,0.032,13.6,12.9,-3.9,0.0,282.8,11705.0,68.8,0
100.0,1479.5,0.0455,0.0,-8.0,-2.4,0.9,0.262,188.8,10291.0,40.7,0
81.63,1375.0,0.0284,0.002,10.8,7.8,-2.8,0.724,240.9,1659.0,99.8,1
100.0,1721.3,0.0436,0.0,-1.3,-0.4,1.7,0.0,95.0,2145.0,86.6,1
59.65,1223.6,0.0398,0.222,27.6,16.1,-7.4,1.685,246.4,3578.0,91.0,2
35.58,462.9,0.0297,0.019,44.0,15.2,-10.8,1.09,200.1,12767.0,49.3,2
100.0,1679.0,0.0146,0.0,-5.3,-2.0,0.9,0.0,41.4,13262.0,82.6,1
69.72,959.5,0.0062,0.053,22.2,10.2,-5.7,0.931,184.6,2177.0,96.8,2
84.81,1741.8,0.0073,0.102,8.2,5.5,-4.4,0.0,158.0,1788.0,48.0,0
71.2,1669.1,0.0015,0.046,17.6,7.4,-5.8,0.813,188.8,4756.0,42.2,1
45.74,824.6,0.0255,0.104,37.0,16.6,-8.6,1.328,115.4,11811.0,72.9,2
54.45,1113.3,0.0312,0.01,23.6,15.0,-8.8,1.606,170.5,11998.0,58.9,1
35.15,905.4,0.0083,0.227,28.2,10.6,-12.8,2.832,230.5,220.0,89.6,2
33.17,537.6,0.0353,0.001,40.7,21.1,-10.7,1.327,238.5,4664.0,81.3,2
53.37,1227.8,0.0066,0.056,23.4,18.4,-8.1,1.295,255.8,14837.0,73.4,2
66.54,1288.2,0.0114,0.095,15.7,13.5,-10.8,0.443,156.7,2260.0,50.9,1
74.62,1292.5,0.0119,0.01,8.9,9.7,-3.2,0.827,95.8,12654.0,78.3,2
77.39,1331.6,0.0261,0.195,6.2,4.1,-4.2,0.732,160.3,11529.0,91.1,1
100.0,1768.1,0.0831,0.0,2.7,0.6,-2.9,0.0,200.3,2663.0,60.3,1
36.36,921.6,0.0291,0.071,36.8,11.9,-13.8,1.444,105.1,10546.0,78.0,2
44.7,637.1,0.0369,0.049,24.3,17.3,-6.3,0.557,264.0,1712.0,83.9,2
100.0,1848.3,0.031,0.0,2.6,-1.7,2.5,0.0,41.1,11660.0,69.4,0
93.44,1344.9,0.0029,0.0,-1.6,2.7,-4.0,0.387,246.6,13871.0,89.4,1
87.25,1447.7,0.0046,0.112,7.2,4.6,-3.5,0.554,263.7,11091.0,88.1,1
48.78,395.5,0.0084,0.305,26.1,9.6,-9.8,1.137,138.4,13435.0,80.3,2
95.74,1424.4,0.0301,0.0,12.6,1.8,-1.4,0.036,269.4,2814.0,45.1,0
28.08,538.3,0.013,0.059,38.7,26.6,-15.2,2.092,185.2,14964.0,82.1,2
100.0,1735.2,0.0311,0.0,-0.1,-2.7,-0.7,0.0,34.8,6799.0,78.1,1
64.32,644.8,0.0121,0.117,16.1,6.8,-4.8,1.067,93.5,4880.0,94.5,2
91.63,1616.0,0.0035,0.0,7.7,6.3,-2.5,0.0,266.1,4249.0,73.7,1
66.23,1107.3,0.0132,0.158,23.3,3.4,-7.7,0.453,80.0,8433.0,46.1,1
73.97,1554.0,0.0013,0.045,14.0,11.0,-6.6,0.196,96.4,983.0,67.3,2
79.59,1573.0,0.0239,0.0,10.2,2.5,-6.8,0.853,111.6,5912.0,65.0,0
100.0,1343.9,0.0464,0.0,-4.6,4.4,0.6,0.384,240.8,12618.0,55.6,0
81.75,1581.2,0.0134,0.157,10.8,7.8,-1.7,0.0,43.1,6912.0,82.7,1
49.38,516.9,0.0002,0.022,36.8,16.7,-9.9,0.819,197.4,3625.0,74.2,2
100.0,2157.0,0.0131,0.0,-4.6,2.6,1.3,0.221,98.7,13782.0,67.3,0
99.11,1852.1,0.0062,0.0,0.9,-1.4,-2.7,0.863,88.4,6210.0,59.1,0
100.0,1802.4,0.0052,0.0,-5.5,1.2,0.1,0.0,229.4,4757.0,93.4,1
100.0,1802.3,0.0538,0.0,0.2,-0.6,-2.2,0.0,31.1,249.0,99.6,2
91.74,1293.9,0.0008,0.0,9.5,5.7,0.6,0.226,43.6,8919.0,57.7,0
91.38,1902.3,0.0226,0.0,4.1,-1.1,-2.2,0.324,194.9,8303.0,63.8,0
64.88,1042.2,0.0225,0.064,20.5,11.4,-8.6,0.637,33.4,11940.0,71.2,2
45.14,389.1,0.0373,0.155,30.3,16.1,-7.4,0.035,83.9,12885.0,94.8,2
68.61,1084.3,0.0143,0.036,24.4,14.9,-6.3,1.737,241.4,8549.0,46.3,1
83.93,1583.9,0.0434,0.018,5.3,7.7,-3.6,0.157,131.8,10790.0,93.3,1
80.42,1514.9,0.0023,0.09,14.1,2.9,-6.4,0.46,83.1,5658.0,63.6,0
39.73,633.8,0.035,0.095,34.5,15.1,-9.4,1.538,267.9,4172.0,52.1,2
73.37,1300.0,0.0443,0.021,19.4,4.7,-7.1,0.119,163.8,1660.0,55.1,1
4.95,0.0,0.0268,0.131,50.2,28.6,-17.7,2.901,67.2,4567.0,73.2,3
33.93,688.7,0.0275,0.292,44.3,18.0,-7.8,1.539,187.7,11027.0,57.8,2
57.45,1113.5,0.0017,0.032,28.3,16.2,-4.8,1.329,57.1,3968.0,90.8,2
53.99,995.7,0.0408,0.072,34.7,13.3,-7.5,1.034,97.1,3672.0,49.7,1
100.0,2129.5,0.0033,0.0,2.9,-3.5,-0.2,0.47,65.6,1885.0,97.1,1
94.72,1945.1,0.0087,0.0,1.1,2.6,-6.8,0.323,62.1,13753.0,59.3,0
94.33,1465.4,0.0025,0.0,10.0,0.3,3.5,0.141,230.2,7031.0,49.2,0
49.93,876.8,0.0001,0.431,23.8,17.8,-8.9,1.11,244.3,3179.0,95.4,2
50.01,691.8,0.0175,0.05,20.4,16.3,-8.1,0.484,200.7,5894.0,95.3,2
98.96,1500.4,0.0611,0.0,-0.9,-1.1,1.6,0.766,77.9,10171.0,90.8,2
90.58,1783.8,0.0319,0.0,5.8,5.3,-1.8,0.0,128.9,11078.0,64.2,0
90.21,1757.7,0.0194,0.0,9.2,4.1,-4.2,0.966,140.2,6601.0,47.5,0
49.37,899.1,0.0127,0.037,30.9,16.2,-8.5,1.471,240.1,12909.0,54.8,2
14.59,269.9,0.0284,0.103,52.9,26.2,-16.4,2.378,176.4,10521.0,97.2,2
63.27,1299.9,0.0168,0.078,25.1,13.1,-6.4,0.537,138.0,13127.0,76.6,2
51.33,1011.5,0.0341,0.062,27.3,21.9,-11.5,1.953,95.9,13690.0,95.4,2
93.34,1649.4,0.0052,0.0,1.4,5.4,-2.5,0.136,204.1,4340.0,55.5,0
77.68,1358.9,0.0093,0.06,4.3,4.0,-3.6,1.218,120.8,11963.0,90.4,1
87.31,1541.4,0.0289,0.073,7.5,2.6,-5.1,0.0,197.3,13994.0,98.8,1
80.26,1603.6,0.0128,0.188,18.8,7.4,-1.6,1.115,77.6,6352.0,73.1,1
95.59,1501.1,0.0084,0.0,-4.4,-1.1,1.8,0.53,154.5,6372.0,43.1,0
72.79,1330.6,0.0608,0.011,13.2,9.2,-6.9,0.905,232.2,12021.0,69.5,2
74.47,1286.5,0.0345,0.022,12.8,1.4,-6.4,0.507,30.1,6545.0,86.5,2
100.0,1812.3,0.0073,0.0,-0.4,0.0,3.4,0.0,251.2,1391.0,63.7,0
100.0,1894.6,0.0048,0.0,5.1,3.1,0.4,0.481,89.2,3126.0,85.1,1
83.32,1500.0,0.0629,0.141,2.1,1.4,-3.7,0.29,67.0,9803.0,66.9,2
100.0,2160.3,0.0013,0.0,-1.8,-3.4,-3.8,0.0,228.4,8496.0,73.1,1
57.14,1058.3,0.0109,0.106,17.0,15.4,-9.3,1.388,143.0,11369.0,89.6,2
90.96,1759.9,0.0125,0.0,12.6,5.7,-2.1,0.601,30.3,3184.0,93.7,1
52.2,1236.7,0.0046,0.018,23.9,15.6,-8.8,0.87,88.1,8787.0,51.7,1
100.0,1859.5,0.0124,0.0,-2.4,-0.6,-1.4,0.0,116.5,5411.0,43.3,0
44.14,1059.5,0.0214,0.167,32.8,19.1,-11.9,1.658,59.0,1730.0,77.2,2
96.99,1635.8,0.028,0.0,-4.3,1.2,0.1,0.0,117.5,14230.0,74.6,1
100.0,2055.4,0.0274,0.0,8.4,-1.6,2.1,0.034,64.6,4816.0,51.6,0
33.22,791.4,0.0145,0.103,38.2,17.9,-13.3,2.057,280.2,13992.0,63.5,2
100.0,1819.5,0.0076,0.0,-2.2,-0.1,-0.2,0.0,132.2,1420.0,50.0,0
100.0,2089.9,0.0128,0.0,1.9,-1.9,0.0,0.0,280.4,8961.0,80.1,1
100.0,1365.9,0.0086,0.0,4.0,0.2,0.5,0.0,213.7,8440.0,41.6,0
85.09,1443.8,0.0803,0.079,9.5,7.0,-5.8,0.042,267.3,5596.0,73.9,2
17.47,437.3,0.0268,0.12,33.0,21.8,-12.4,0.674,80.7,8914.0,92.7,2
59.75,1156.2,0.0179,0.04,21.1,13.2,-10.2,1.602,142.8,1776.0,87.7,2
33.11,641.8,0.0031,0.022,28.8,19.7,-10.6,0.733,74.1,10025.0,62.6,2
92.36,2034.4,0.0027,0.0,7.5,10.4,-1.8,0.0,56.1,14210.0,64.3,0
49.03,1344.5,0.0023,0.098,32.6,15.0,-9.7,1.555,146.4,538.0,72.1,2
100.0,1893.2,0.0078,0.0,-2.5,-1.2,-0.5,0.0,256.1,1763.0,43.6,0
68.61,1310.4,0.015,0.018,23.5,12.3,-8.7,1.199,47.0,14531.0,58.6,1
90.94,1748.1,0.0104,0.0,6.4,7.1,0.8,0.0,257.4,14151.0,47.6,0
82.83,1740.6,0.0073,0.143,4.9,3.1,-0.1,0.158,153.2,5795.0,61.7,0
98.08,1728.9,0.0542,0.0,-6.0,4.1,-1.0,0.0,72.5,3087.0,98.5,2
87.68,1708.5,0.0173,0.056,4.7,10.4,-5.4,0.939,47.1,2927.0,74.1,1
100.0,1994.2,0.0078,0.0,-1.1,-0.6,0.8,0.701,123.9,1359.0,53.6,0
100.0,1930.9,0.0017,0.0,-1.4,-2.8,-1.7,0.0,206.4,10093.0,66.1,0
0.0,0.0,0.0174,0.064,56.8,25.8,-15.1,2.428,170.3,7623.0,66.2,3
70.8,1155.8,0.0026,0.014,15.5,7.6,-2.3,0.673,43.7,14721.0,68.1,2
90.72,1825.5,0.0264,0.0,0.8,4.2,0.3,0.252,261.2,9466.0,60.9,0
26.97,507.4,0.0047,0.085,28.9,21.3,-13.5,2.874,228.9,6896.0,52.9,2
93.5,1795.7,0.0081,0.0,5.2,4.3,-2.8,0.602,288.1,2316.0,51.9,0
61.51,1102.7,0.0262,0.106,19.4,8.2,-6.3,0.387,159.2,2211.0,56.4,1
61.26,1367.7,0.0035,0.028,23.8,5.3,-7.1,1.967,250.1,6724.0,89.2,2
100.0,1400.5,0.0073,0.0,1.1,-2.1,2.6,0.0,103.7,1963.0,66.3,0
72.98,1275.9,0.0225,0.052,20.9,7.6,-9.1,0.984,264.1,14982.0,76.8,2
45.06,1212.7,0.0181,0.159,21.8,13.7,-6.9,1.243,140.0,8523.0,73.1,2
100.0,1752.7,0.0062,0.0,-4.0,1.7,0.8,0.0,114.9,6025.0,56.1,0
38.72,571.3,0.0028,0.034,37.7,17.9,-11.8,1.602,45.6,14239.0,64.2,2
60.96,864.5,0.0097,0.049,13.5,11.8,-7.5,1.147,213.0,12217.0,54.1,1
80.88,1661.6,0.0178,0.009,9.7,7.4,-4.8,0.418,132.1,12527.0,52.8,0
50.45,817.0,0.0144,0.127,26.4,12.7,-8.2,1.465,231.7,5573.0,51.3,1
47.97,852.5,0.0059,0.147,21.5,14.7,-6.6,1.555,138.9,13850.0,54.8,2
88.65,1545.2,0.0071,0.003,2.9,5.0,3.8,0.0,244.9,13614.0,88.2,1
81.4,1617.5,0.0081,0.08,18.2,6.7,-1.2,0.0,137.8,527.0,49.7,0
88.49,1809.8,0.0371,0.086,6.4,2.8,-5.0,0.539,197.1,11400.0,47.7,0
35.24,645.0,0.0701,0.113,34.7,17.3,-12.7,2.256,232.3,4318.0,47.1,2
32.98,671.4,0.1245,0.153,48.8,16.8,-12.3,2.575,228.9,10170.0,71.4,2
80.06,1497.5,0.0927,0.09,3.0,6.4,-2.7,0.385,296.4,1407.0,64.7,1
58.22,991.8,0.0228,0.167,20.3,16.2,-8.8,1.365,121.0,9095.0,79.5,2
100.0,1693.0,0.0117,0.0,-0.8,-4.1,-1.1,0.0,263.6,463.0,63.8,0
27.87,542.4,0.089,0.152,40.4,14.7,-12.5,2.755,173.4,11689.0,54.7,2
75.08,1235.3,0.0185,0.101,13.1,4.4,-4.2,0.331,151.4,9607.0,52.1,0
100.0,1520.5,0.001,0.0,9.6,3.4,0.2,0.0,119.7,2537.0,52.7,0
77.27,1384.8,0.0147,0.379,9.9,9.6,-6.8,0.473,186.7,11616.0,77.9,1
100.0,1901.3,0.0057,0.0,3.4,-2.3,-1.2,0.157,245.1,3911.0,49.2,0
61.43,974.5,0.0251,0.037,24.4,16.7,-2.4,0.449,113.1,3249.0,81.3,2
61.1,888.3,0.0221,0.025,15.3,14.2,-8.8,2.377,66.5,10403.0,80.5,2
82.16,1219.8,0.0192,0.179,11.3,1.3,-2.8,0.0,94.0,12446.0,72.7,1
6.91,0.0,0.0167,0.089,56.7,23.2,-16.2,2.835,229.1,1078.0,70.9,3
70.98,907.2,0.0015,0.035,15.2,7.0,-6.1,0.706,55.7,9.0,65.9,2
82.77,1105.7,0.0085,0.065,9.7,8.1,-7.0,0.0,118.1,9623.0,64.7,0
66.14,1323.3,0.0346,0.178,17.3,3.8,-4.6,1.457,107.5,3756.0,55.8,1
100.0,2111.8,0.052,0.0,0.3,-3.4,0.8,0.289,172.7,12493.0,58.2,1
100.0,1619.9,0.0089,0.0,0.1,2.6,-3.0,0.0,166.5,9550.0,64.5,0
68.46,1364.6,0.0084,0.066,15.8,11.5,-4.7,0.442,91.5,11390.0,73.2,2
38.09,816.8,0.0222,0.004,39.2,19.4,-10.8,1.443,35.9,12732.0,49.3,2
100.0,1687.6,0.0091,0.0,-6.0,-3.2,-3.7,0.365,274.1,8242.0,49.0,0
100.0,2084.4,0.0088,0.0,0.5,-6.0,0.5,0.0,158.9,5395.0,53.5,0
100.0,1643.4,0.0515,0.0,-10.8,-0.8,-1.2,0.0,239.7,12158.0,82.7,2
63.36,1354.8,0.0063,0.001,23.2,7.5,-6.5,0.99,141.8,2650.0,89.5,2
95.29,1825.7,0.016,0.0,8.5,-7.7,-2.1,0.63,292.0,13589.0,98.2,1
100.0,1415.7,0.0104,0.0,-0.3,-3.6,-1.2,0.0,71.5,11097.0,44.5,0
67.89,1049.4,0.0055,0.033,25.7,9.5,-8.1,0.464,129.6,2622.0,53.2,1
43.16,340.9,0.0149,0.008,27.5,14.3,-12.0,2.421,197.0,13900.0,55.5,2
60.38,1129.9,0.0392,0.018,15.8,11.0,-8.3,1.073,233.5,4277.0,60.1,1
57.97,1140.4,0.0056,0.052,21.0,15.0,-8.0,0.897,162.1,2125.0,49.2,1
100.0,1421.4,0.0005,0.0,7.9,1.5,0.3,0.0,38.7,9216.0,62.4,0
71.3,1323.1,0.0152,0.107,9.0,9.8,-4.1,0.833,132.0,7957.0,75.6,2
89.12,1585.8,0.0132,0.055,2.7,4.6,-1.5,0.0,192.4,11458.0,57.1,0
100.0,1925.1,0.0226,0.0,8.9,2.0,-0.0,0.795,296.7,243.0,67.2,0
97.46,1849.5,0.0172,0.0,-2.6,1.2,-0.6,0.0,101.8,7561.0,45.4,0
86.16,1455.3,0.037,0.072,10.9,3.0,-2.3,0.714,151.0,4192.0,91.3,1
88.84,1783.6,0.012,0.04,2.3,-0.8,-4.0,0.609,213.6,2720.0,80.5,1
100.0,1555.1,0.0007,0.0,14.3,1.1,1.2,0.0,87.7,13501.0,60.6,0
36.59,1003.1,0.0033,0.065,33.3,18.5,-9.5,1.569,193.8,10655.0,82.8,2
37.79,284.7,0.0078,0.003,31.3,14.8,-11.3,1.582,280.5,3969.0,42.4,2
91.61,1418.3,0.0317,0.0,9.7,4.8,-1.7,0.0,121.5,4919.0,45.4,0
98.88,1806.3,0.0275,0.0,1.1,2.7,1.5,0.0,114.9,11609.0,85.9,1
28.57,371.4,0.0024,0.062,36.7,25.6,-15.0,1.387,55.5,14914.0,86.2,2
100.0,1839.7,0.0165,0.0,-1.3,0.2,0.2,0.108,104.5,6213.0,42.5,0
55.73,1016.6,0.023,0.026,35.4,11.7,-7.1,1.641,145.0,4917.0,70.2,2
89.72,1455.2,0.0075,0.014,9.9,4.0,0.7,0.209,99.3,14547.0,87.1,1
58.42,912.6,0.027,0.158,21.0,12.9,-7.6,1.405,281.0,1728.0,73.8,2
98.03,1831.0,0.0265,0.0,4.5,-1.6,-1.4,0.0,62.0,14056.0,93.7,1
99.0,1903.0,0.0056,0.0,14.6,-4.8,-1.7,0.0,299.9,6830.0,92.4,1
43.5,850.0,0.0024,0.12,33.6,18.8,-10.9,2.473,125.9,6787.0,65.0,2
27.78,503.6,0.002,0.043,49.8,23.3,-11.5,1.34,207.0,1410.0,97.0,2
24.31,401.5,0.0126,0.207,37.6,21.1,-14.0,1.938,129.6,3818.0,63.2,2
66.32,1281.2,0.0021,0.095,22.5,13.0,-3.5,1.731,188.6,14493.0,71.3,2
77.06,1257.2,0.0413,0.131,8.8,7.1,-5.7,0.024,181.7,1898.0,85.1,1
100.0,1855.5,0.0091,0.0,-5.4,-3.9,3.2,0.0,39.8,8343.0,53.0,0
52.92,891.7,0.0218,0.161,18.9,17.0,-7.5,0.867,55.3,13320.0,85.9,2
100.0,1592.7,0.0119,0.0,3.4,-7.1,2.1,0.0,226.7,648.0,40.3,0
96.53,1262.0,0.0036,0.0,2.6,0.5,0.3,0.481,170.9,6467.0,75.9,1
66.34,1277.3,0.0021,0.142,23.1,10.5,-12.2,0.203,77.1,11461.0,69.8,2
100.0,1802.7,0.0193,0.0,1.4,1.4,0.7,0.349,83.5,8605.0,69.9,0
93.4,1909.5,0.027,0.0,1.5,5.5,0.7,1.451,129.8,8516.0,44.1,0
65.29,997.3,0.0044,0.123,20.9,8.9,-2.4,0.874,255.6,1334.0,41.4,1
88.38,1864.5,0.0481,0.125,8.2,2.6,-1.3,1.408,297.1,2252.0,89.8,1
100.0,1802.3,0.0192,0.0,2.6,-6.7,2.9,0.085,170.8,6933.0,59.6,0
87.82,1574.1,0.0022,0.212,20.5,6.2,-0.1,0.726,217.3,12715.0,54.3,0
74.34,1500.5,0.0134,0.027,21.6,9.9,-3.3,0.952,189.9,11341.0,61.6,1
14.41,289.3,0.0059,0.065,54.9,30.4,-17.4,1.964,233.3,13388.0,88.3,2
100.0,1722.4,0.0011,0.0,3.9,-3.3,-0.5,0.0,175.1,7307.0,46.4,0
95.13,1572.6,0.0216,0.0,2.2,0.6,0.7,0.0,56.2,13504.0,83.5,1
31.74,705.0,0.0296,0.102,27.7,22.6,-15.6,1.861,117.1,10459.0,97.4,2
74.5,1212.2,0.0201,0.311,18.9,8.5,-6.0,0.205,160.0,8574.0,42.9,1
8.83,51.9,0.0013,0.119,41.6,23.0,-14.2,2.958,57.3,4097.0,71.6,2
10.19,0.0,0.0085,0.114,47.2,27.2,-13.9,3.299,189.7,5079.0,66.8,3
34.33,823.5,0.0137,0.043,34.9,16.8,-13.8,1.78,284.9,7577.0,54.1,2
97.14,1554.1,0.0043,0.0,5.7,8.7,-1.3,0.0,43.8,13850.0,93.0,1
67.91,1330.5,0.015,0.127,18.1,12.6,-7.0,0.0,286.6,12437.0,56.6,1
75.36,1118.7,0.009,0.048,11.3,11.4,-3.1,0.624,56.1,3491.0,90.2,1
97.53,1573.9,0.0345,0.0,-8.8,1.4,1.1,0.0,276.3,2265.0,94.8,1
78.93,1400.6,0.0077,0.023,15.8,10.5,-3.8,0.935,288.7,8784.0,86.9,1
100.0,2242.1,0.0171,0.0,-11.0,-1.6,2.5,0.277,76.7,4795.0,57.6,0
100.0,1983.9,0.0167,0.0,1.8,2.7,-0.6,0.0,100.8,6956.0,41.9,0
83.71,1389.5,0.0446,0.103,11.7,-0.2,-3.4,1.298,57.0,9825.0,99.7,1
25.99,846.4,0.0114,0.002,38.9,25.5,-14.4,2.424,63.0,13893.0,41.6,2
74.75,1554.6,0.1268,0.052,17.0,9.5,-3.6,0.835,138.6,11515.0,93.6,2
65.39,1114.6,0.0416,0.058,21.5,5.3,-6.4,0.649,210.2,6851.0,85.2,2
17.02,474.3,0.0535,0.17,47.4,25.0,-12.3,2.916,163.1,11593.0,56.3,2
93.19,1315.4,0.0108,0.0,15.1,4.0,1.7,0.262,281.6,8568.0,65.3,0
51.09,1172.8,0.0204,0.03,31.7,14.4,-8.1,1.453,200.1,7815.0,65.7,2
89.28,1731.9,0.0664,0.202,9.5,-1.6,-3.6,0.887,108.6,13224.0,83.8,2
63.69,1428.6,0.0289,0.072,25.9,8.2,-8.5,0.81,136.5,8482.0,46.4,1
100.0,1679.4,0.0125,0.0,-9.3,-2.0,-0.0,0.465,48.9,8622.0,68.0,0
59.51,1378.6,0.0053,0.037,21.5,16.2,-4.4,0.604,250.8,11185.0,60.5,1
78.33,1411.0,0.0358,0.153,15.4,10.1,-4.6,0.435,98.9,7667.0,96.9,1
77.36,1198.7,0.0205,0.092,11.7,11.7,-5.1,0.712,265.1,10331.0,72.0,1
84.88,1785.1,0.003,0.067,5.4,5.3,-4.6,0.288,292.4,3709.0,55.0,0
69.58,966.7,0.037,0.025,14.7,8.3,-5.5,0.433,248.0,5329.0,64.6,1
94.56,1654.1,0.0326,0.0,10.8,3.2,-4.5,0.363,179.9,5011.0,56.3,0
59.3,770.2,0.0062,0.041,21.2,16.1,-11.1,0.378,77.2,11472.0,61.6,1
100.0,1990.9,0.0394,0.0,0.7,1.2,-1.7,0.429,51.8,13231.0,87.9,1
86.33,1518.6,0.0162,0.048,7.3,6.2,-2.6,0.0,115.3,1087.0,96.7,1
84.86,1735.3,0.0086,0.074,14.8,-0.7,-2.4,0.086,205.1,7711.0,55.6,0
100.0,1547.1,0.0613,0.0,-6.5,5.2,-0.9,0.0,175.6,14024.0,63.1,1
100.0,2078.4,0.003,0.0,3.2,-2.5,-3.6,0.51,125.4,10192.0,86.2,1
75.0,1499.9,0.0008,0.013,5.7,7.8,-2.3,0.026,227.4,2757.0,49.9,0
100.0,1661.1,0.0304,0.0,-2.7,2.7,-1.1,0.0,279.3,4317.0,80.7,1
100.0,1993.5,0.0246,0.0,-1.2,-0.5,-0.9,1.317,228.8,3329.0,67.1,0
49.67,1195.0,0.0028,0.006,33.0,16.3,-8.9,1.264,42.3,11804.0,66.0,2
100.0,1778.3,0.0443,0.0,-2.6,3.3,1.4,0.28,132.7,6470.0,88.9,1
72.21,1493.8,0.0293,0.088,11.0,8.7,-1.5,0.0,171.8,4766.0,46.3,1
60.97,1024.6,0.0125,0.085,21.5,10.1,-10.0,1.366,35.5,3743.0,47.1,1
88.97,1736.6,0.0049,0.001,15.3,9.1,-5.3,1.523,118.9,8226.0,53.3,0
50.13,1001.0,0.0059,0.168,28.6,18.6,-8.8,1.163,53.9,14618.0,52.2,1
60.06,872.1,0.0028,0.086,25.9,14.9,-7.5,1.714,291.3,864.0,95.4,2
100.0,1787.8,0.0031,0.0,-1.7,-2.7,-2.9,0.316,260.7,517.0,82.5,1
42.28,863.0,0.0402,0.092,34.6,11.8,-11.7,0.906,188.8,5478.0,81.8,2
40.33,618.6,0.0054,0.086,34.3,20.6,-9.2,2.062,96.0,168.0,99.2,2
84.25,1437.1,0.0268,0.024,10.8,4.4,-4.2,0.063,266.3,2304.0,86.6,1
54.12,1135.8,0.0302,0.051,30.3,12.2,-9.1,1.168,57.2,8883.0,55.4,1
96.32,1636.7,0.0296,0.0,2.0,-5.6,0.1,1.064,281.3,7586.0,89.2,1
100.0,1655.6,0.0031,0.0,-6.4,-1.9,-1.4,0.449,193.7,995.0,54.5,0
70.65,1122.5,0.0201,0.018,21.4,6.5,-10.8,0.0,178.2,8445.0,68.4,2
100.0,2053.0,0.0088,0.0,-1.5,-0.4,0.5,0.8,52.8,11616.0,75.4,1
44.91,959.3,0.0061,0.223,17.7,10.1,-12.0,1.643,105.2,10634.0,96.9,2
41.93,749.2,0.0274,0.015,32.1,12.6,-7.6,1.111,68.1,4004.0,91.6,2
78.4,1405.1,0.0271,0.216,13.5,4.1,-4.1,0.235,196.8,75.0,51.1,0
74.13,1386.2,0.0179,0.029,21.3,8.4,-1.5,0.758,97.1,13298.0,45.9,1
78.23,1886.2,0.0194,0.108,5.9,13.5,-2.3,0.377,191.4,6629.0,54.7,0
33.57,551.1,0.0145,0.157,41.8,19.1,-10.5,2.841,290.3,12236.0,83.4,2
100.0,1686.7,0.006,0.0,5.3,1.1,-4.1,0.0,208.0,11714.0,85.7,1
74.89,1350.6,0.0052,0.135,15.2,7.2,-3.4,0.013,155.7,712.0,45.0,1
84.17,1495.9,0.02,0.139,15.0,4.4,-4.6,0.15,204.5,2800.0,96.3,1
95.69,1900.1,0.0047,0.0,7.4,-1.5,-2.6,0.07,103.1,4093.0,49.7,0
65.76,1049.4,0.0006,0.135,19.8,17.7,-5.8,0.711,216.0,14159.0,65.6,2
100.0,1630.9,0.0056,0.0,1.0,-4.7,1.5,0.634,131.7,4550.0,50.4,0
42.24,969.9,0.005,0.027,32.9,15.8,-11.3,1.814,79.6,12.0,75.9,2
100.0,2047.6,0.0572,0.0,4.7,-2.4,3.7,0.0,295.2,14466.0,48.6,1
97.74,1556.1,0.0006,0.0,5.1,3.8,-0.5,0.079,296.4,10080.0,82.6,1
55.61,1048.0,0.0008,0.239,28.3,14.2,-6.5,0.776,283.0,3860.0,69.5,2
90.01,1657.2,0.0209,0.0,8.2,3.7,-0.7,0.228,37.3,8301.0,82.0,1
100.0,1666.1,0.0002,0.0,-3.1,-1.6,-2.2,0.633,279.1,13750.0,79.0,1
74.32,1944.2,0.0004,0.049,12.1,8.8,-3.0,0.585,219.3,11860.0,75.4,2
52.73,1032.8,0.0478,0.064,22.1,22.2,-9.0,0.453,217.8,2085.0,88.5,2
96.64,1874.9,0.0089,0.0,3.5,-1.6,-1.8,0.0,74.3,1988.0,97.2,1
100.0,1807.9,0.002,0.0,-8.8,2.6,0.4,0.314,61.0,8343.0,60.7,0
58.64,1168.5,0.001,0.043,17.8,10.2,-8.2,0.353,40.1,12060.0,46.1,1
44.58,779.3,0.0591,0.048,29.4,19.7,-10.8,1.099,91.6,2832.0,85.8,2
92.87,1603.1,0.0013,0.0,5.5,5.2,-2.4,0.199,160.5,8000.0,59.4,0
100.0,1893.3,0.0218,0.0,6.0,6.7,2.0,0.713,199.7,6316.0,45.4,0
87.65,1459.3,0.0096,0.059,9.9,-0.7,-3.1,1.064,234.2,7455.0,68.8,0
96.37,1954.2,0.0118,0.0,6.5,-2.4,1.6,0.0,49.3,14001.0,96.2,1
90.11,1453.2,0.0289,0.0,9.8,3.5,0.5,0.225,114.0,187.0,66.0,0
90.26,1495.2,0.0142,0.0,1.0,1.9,-1.5,0.0,90.2,14162.0,56.5,0
91.85,1103.5,0.0079,0.0,2.9,-0.0,0.7,0.041,170.6,5102.0,89.3,1
46.04,1020.9,0.0158,0.023,27.7,21.4,-8.2,1.07,136.0,493.0,47.0,2
39.23,920.9,0.0142,0.343,32.3,19.1,-11.9,1.796,115.9,5193.0,75.1,2
78.17,1318.8,0.0004,0.29,22.3,9.4,-2.0,2.09,39.8,12827.0,49.8,0
49.73,806.4,0.0723,0.013,26.8,15.5,-6.9,1.688,279.0,8352.0,52.2,2
100.0,1478.7,0.0084,0.0,0.8,2.3,1.8,0.142,37.7,11107.0,95.6,1
72.16,1302.7,0.0133,0.059,13.3,8.5,-5.6,0.573,274.9,13170.0,88.8,2
69.55,1404.8,0.0087,0.239,9.4,8.4,-5.0,0.85,110.9,3481.0,77.2,2
92.61,1832.1,0.0513,0.0,2.3,-5.9,-2.6,0.0,172.7,1295.0,92.7,2
12.22,263.1,0.0031,0.012,41.9,26.4,-16.4,2.346,118.8,4835.0,40.4,2
35.68,525.5,0.0,0.006,38.5,18.5,-13.5,1.469,234.3,4922.0,89.3,2
59.93,1064.1,0.002,0.193,19.5,7.4,-8.2,0.465,35.5,11878.0,67.1,2
97.51,1875.5,0.0175,0.0,0.1,-4.8,-1.4,0.262,291.0,6588.0,66.8,0
34.53,372.0,0.025,0.023,34.2,24.7,-10.8,1.617,182.4,6632.0,82.3,2
69.26,1025.5,0.0428,0.109,21.6,9.6,-3.1,0.773,261.1,9150.0,47.7,1
100.0,1875.1,0.0235,0.0,2.6,5.6,1.6,0.0,204.1,10773.0,74.0,1
41.62,854.4,0.0268,0.011,41.7,23.5,-10.4,1.491,292.2,13784.0,85.3,2
67.36,1408.2,0.0023,0.006,10.0,11.9,-2.0,1.177,146.7,1629.0,49.2,1
51.71,885.1,0.0368,0.257,19.5,10.5,-11.5,1.453,91.6,8883.0,49.3,1
100.0,1987.3,0.0108,0.0,-1.5,3.3,1.1,0.0,299.4,1717.0,91.1,1
100.0,1803.7,0.0287,0.0,4.4,2.9,2.6,0.437,280.0,9340.0,70.9,0
82.69,1440.9,0.01,0.067,8.1,5.9,-0.2,0.412,160.4,12558.0,58.4,0
97.84,1712.4,0.0453,0.0,4.4,-2.9,-0.1,0.878,231.2,1106.0,85.9,1
48.9,982.4,0.009,0.021,33.5,16.4,-9.8,1.501,240.4,4389.0,88.2,2
58.18,1055.3,0.0025,0.059,18.4,17.3,-6.8,0.384,65.1,7518.0,53.2,1
74.4,1600.6,0.001,0.055,7.4,10.5,-5.3,1.072,196.1,13354.0,76.2,2
75.38,1437.7,0.0317,0.013,21.6,10.5,-6.0,0.9,255.6,10027.0,73.6,1
28.88,705.2,0.0144,0.107,41.2,23.1,-14.5,2.137,189.0,927.0,89.3,2
100.0,2135.3,0.0117,0.0,-6.0,1.5,1.7,0.363,234.1,5251.0,63.4,0
78.65,1294.0,0.0039,0.028,12.7,8.1,-6.5,0.856,52.4,2378.0,65.0,0
89.27,2013.3,0.0492,0.002,3.2,3.1,0.8,1.169,87.0,1929.0,62.8,0
67.17,1094.9,0.0152,0.065,22.9,17.1,-8.7,1.55,105.1,800.0,84.3,2
100.0,1957.3,0.0392,0.0,3.2,-2.3,-1.2,0.0,133.0,584.0,76.0,1
100.0,2038.3,0.0018,0.0,1.7,-0.8,0.7,0.0,146.1,13250.0,54.6,0
100.0,1809.3,0.0382,0.0,6.1,1.9,1.5,0.595,228.2,13014.0,85.5,1
41.28,690.3,0.0336,0.135,25.6,12.9,-7.2,1.423,158.3,9574.0,70.9,2
100.0,1721.4,0.0617,0.0,0.3,4.3,0.5,0.427,282.8,13604.0,74.4,2
73.01,1697.3,0.0102,0.089,14.9,9.3,-5.7,0.832,87.0,2834.0,91.4,2
46.98,498.8,0.0158,0.014,31.8,17.6,-13.4,0.645,168.1,6761.0,85.1,2
59.39,1085.0,0.0258,0.079,23.0,10.8,-9.4,1.149,53.9,3730.0,43.5,1
100.0,1943.7,0.035,0.0,-9.7,-4.0,2.6,0.0,250.8,11886.0,69.5,0
43.2,767.5,0.0097,0.05,27.3,18.6,-10.7,1.331,91.1,7872.0,95.7,2
94.11,1827.7,0.0073,0.0,3.6,-0.6,-2.8,0.532,181.8,9796.0,78.9,1
81.39,1604.2,0.0087,0.065,9.7,9.7,-2.9,0.782,35.4,2362.0,80.0,1
100.0,2369.1,0.0141,0.0,0.4,-1.3,-1.0,0.772,135.4,6417.0,56.8,0
57.27,689.2,0.0093,0.035,21.7,7.8,-5.9,0.705,177.1,4061.0,59.7,1
74.66,1495.5,0.0308,0.058,12.9,3.8,-3.8,0.0,215.1,599.0,87.7,2
97.71,1745.8,0.0041,0.0,5.9,2.0,1.4,0.432,106.5,6360.0,56.7,0
96.38,1953.0,0.0148,0.0,-2.5,2.5,-0.8,0.0,52.0,7049.0,41.7,0
100.0,2165.0,0.0,0.0,8.9,-1.5,-1.0,0.774,156.1,5559.0,52.2,0
74.86,1015.6,0.0243,0.182,13.6,6.6,-6.0,0.518,276.9,10693.0,67.8,2
55.05,1022.7,0.0116,0.033,26.1,12.6,-9.1,1.001,171.3,13869.0,77.2,2
78.12,1442.8,0.0094,0.085,16.8,10.3,-4.1,0.442,131.1,10027.0,88.8,1
86.93,1611.8,0.0033,0.059,17.9,3.4,-3.9,1.042,112.3,7781.0,72.7,1
70.44,1234.0,0.0294,0.113,17.7,14.4,-5.1,0.0,174.9,12430.0,48.3,1
55.67,1120.3,0.0163,0.273,22.6,13.6,-11.7,0.534,205.3,7465.0,45.6,1
43.56,926.9,0.0215,0.014,22.5,13.7,-9.3,2.243,266.5,4430.0,65.5,2
49.21,787.7,0.0314,0.044,29.9,11.9,-8.5,0.619,136.9,4733.0,47.8,2
89.71,1862.0,0.0017,0.038,0.8,1.8,-2.4,0.0,69.1,7828.0,51.8,0
48.31,995.1,0.0082,0.211,30.0,17.4,-8.0,0.531,186.9,3513.0,62.3,2
32.15,369.2,0.0208,0.169,44.1,27.6,-13.2,1.036,33.8,1429.0,67.2,2
60.46,1132.6,0.0061,0.256,20.2,8.6,-5.8,0.995,163.7,2287.0,49.7,1
36.97,514.4,0.0159,0.116,36.4,22.2,-10.6,1.68,152.2,1316.0,83.3,2
100.0,1823.0,0.0238,0.0,-4.2,2.1,2.5,0.0,159.6,13578.0,70.7,0
78.8,1272.9,0.02,0.056,9.6,6.4,-7.8,0.15,251.8,6636.0,85.2,1
100.0,2068.1,0.0109,0.0,-2.3,-0.7,-1.6,0.0,210.6,8207.0,66.9,0
33.09,639.5,0.0098,0.146,33.5,21.0,-11.4,1.546,220.0,2423.0,75.2,2
72.33,1230.4,0.0675,0.026,12.1,4.9,-4.1,1.29,143.3,2622.0,41.7,1
70.85,1137.3,0.0041,0.014,21.1,8.0,-6.5,0.102,113.6,8102.0,95.4,2
100.0,2086.0,0.0414,0.0,-1.6,1.4,-1.7,0.583,89.2,4848.0,75.5,1
100.0,1834.2,0.0065,0.0,7.5,2.9,-0.6,0.003,275.0,1432.0,82.7,1
33.73,429.6,0.0134,0.064,39.6,19.4,-11.5,1.045,237.3,4018.0,75.4,2
58.26,1081.1,0.0082,0.256,19.5,12.0,-7.3,0.968,71.2,7782.0,68.8,2
75.52,1326.3,0.0171,0.012,13.8,10.0,-4.6,0.812,165.8,12840.0,82.6,1
100.0,1942.7,0.0022,0.0,-0.5,0.7,2.1,0.0,216.4,6526.0,64.9,0
55.28,980.0,0.0278,0.064,23.5,12.9,-8.4,1.826,86.0,7857.0,56.8,1
65.57,1101.2,0.0154,0.065,23.2,10.6,-6.9,1.374,289.7,10603.0,99.7,2
66.76,1352.6,0.0012,0.037,14.5,6.4,-4.9,0.0,64.4,10491.0,69.1,2
73.41,1434.4,0.0218,0.015,23.9,6.9,-3.2,0.0,179.1,12538.0,56.8,1
96.76,1853.4,0.0061,0.0,4.5,-1.5,-1.8,0.644,195.9,11193.0,85.1,1
60.63,1237.9,0.0275,0.117,25.4,11.5,-5.1,0.832,60.6,8513.0,51.1,1
57.0,1096.0,0.0229,0.404,20.6,17.0,-7.3,0.57,89.0,13091.0,76.2,2
73.67,1383.0,0.0228,0.043,5.3,8.2,-0.8,0.6,76.4,5765.0,92.1,2
91.28,1475.3,0.008,0.0,2.0,3.7,1.1,0.744,260.7,312.0,51.7,0
96.0,1458.9,0.0157,0.0,3.7,-2.2,-2.8,0.053,38.2,6978.0,97.4,1
82.21,1330.5,0.0241,0.079,11.8,6.3,-7.4,0.052,144.2,12233.0,87.6,1
100.0,1794.2,0.022,0.0,2.0,-1.1,-1.5,1.061,219.0,110.0,61.3,0
49.9,1153.7,0.0247,0.012,19.4,8.9,-8.4,0.848,193.3,1265.0,43.9,2
100.0,1748.5,0.0011,0.0,4.4,3.4,-0.7,0.017,157.4,10708.0,99.8,1
76.4,1651.1,0.0386,0.148,21.6,5.9,-1.0,0.861,170.5,11971.0,55.5,0
92.56,1745.6,0.0074,0.0,0.7,4.9,1.0,0.538,197.0,884.0,52.1,0
97.99,1804.6,0.0005,0.0,0.7,2.5,-0.3,0.0,48.3,7111.0,90.4,1
79.19,1468.5,0.0163,0.042,18.8,5.4,-4.6,0.761,227.2,14245.0,86.0,1
27.88,725.3,0.0151,0.075,41.1,25.0,-13.9,2.237,216.7,14283.0,58.8,2
90.28,1856.6,0.0159,0.0,-1.0,-0.3,-1.0,1.165,189.0,2199.0,65.9,0
72.82,1235.0,0.0031,0.092,2.3,10.5,-5.8,0.474,82.7,13444.0,41.6,1
76.09,1452.4,0.011,0.174,8.8,11.0,-4.2,0.823,224.4,8730.0,52.1,0
74.35,1249.7,0.0033,0.039,11.1,7.7,-4.6,0.771,240.1,11970.0,84.8,2
89.79,1623.8,0.0417,0.098,6.8,3.0,-1.9,0.562,130.2,784.0,84.5,1
58.52,1073.5,0.01,0.004,18.1,11.1,-5.4,1.273,78.7,9204.0,53.7,1
44.24,1102.1,0.0136,0.091,26.4,17.2,-11.0,1.408,254.5,5580.0,74.6,2
77.57,1299.2,0.0157,0.004,7.9,-0.0,-3.2,0.82,276.2,1645.0,67.5,0
36.06,443.7,0.0375,0.086,33.4,17.8,-7.6,1.775,172.6,5014.0,48.9,2
14.41,453.1,0.0353,0.037,46.4,27.9,-18.5,1.845,70.9,2483.0,79.5,2
13.92,0.0,0.056,0.343,40.7,31.7,-14.9,2.389,174.8,3568.0,89.7,3
71.5,1409.2,0.0159,0.006,22.1,5.3,-7.0,0.132,60.3,4326.0,72.0,2
49.58,639.1,0.0036,0.104,24.3,19.8,-9.2,1.896,238.1,283.0,67.3,2
29.07,809.0,0.0036,0.135,35.3,20.8,-14.5,2.391,189.0,7736.0,92.6,2
100.0,1953.1,0.0221,0.0,-3.5,-3.0,1.5,0.085,141.7,11601.0,91.0,1
78.41,1080.2,0.0252,0.082,12.8,12.2,-2.2,0.328,115.6,9810.0,68.9,0
89.99,1188.2,0.0127,0.301,6.0,-0.2,-1.0,0.26,297.2,7402.0,61.3,0
72.59,1037.8,0.001,0.013,27.4,6.4,-5.5,0.397,212.5,3756.0,84.8,2
100.0,1676.6,0.0358,0.0,2.7,-0.0,-0.6,1.213,73.3,9909.0,85.3,1
100.0,1977.4,0.0034,0.0,2.6,0.8,-1.0,0.379,259.1,2860.0,89.3,1
92.93,1718.6,0.0029,0.0,12.4,-1.0,-0.4,0.017,211.4,11536.0,70.3,0
50.91,981.0,0.0532,0.066,16.2,15.4,-9.8,0.483,294.1,6519.0,50.9,1
58.97,1381.8,0.0117,0.109,18.0,14.1,-7.9,0.941,261.4,3267.0,46.4,1
100.0,1961.8,0.0186,0.0,-1.4,-5.2,-2.1,0.159,178.3,6699.0,70.7,0
44.38,751.6,0.0227,0.008,37.7,19.4,-9.4,2.288,101.6,4094.0,66.8,2
52.56,1006.3,0.0047,0.084,16.8,11.3,-7.4,1.197,84.2,14.0,68.4,2
84.1,1350.0,0.036,0.014,5.3,5.8,0.7,1.209,63.6,6251.0,92.2,1
42.29,890.1,0.0091,0.006,30.6,18.8,-10.2,0.0,186.4,6128.0,88.7,2
53.05,1044.1,0.0216,0.034,27.4,15.4,-6.4,1.355,65.7,1163.0,92.5,2
100.0,1729.4,0.0071,0.0,0.7,3.9,-0.6,0.234,157.3,3668.0,83.6,1
66.25,1362.2,0.0009,0.003,22.3,12.7,-6.8,1.009,293.9,6665.0,60.5,1
81.32,1453.0,0.0156,0.032,11.2,2.4,-0.8,0.0,82.3,5171.0,75.4,1
67.32,1078.5,0.0275,0.042,3.9,6.8,-0.4,1.112,247.2,3889.0,76.3,2
100.0,2167.9,0.0489,0.0,-2.7,2.4,-1.4,0.0,43.4,1968.0,78.3,1
44.67,866.6,0.0167,0.045,25.2,15.2,-11.2,2.143,196.6,13033.0,46.6,2
78.73,1250.1,0.0138,0.064,12.5,5.7,-5.7,1.028,47.6,13982.0,70.1,0
77.49,1221.2,0.0002,0.017,7.7,1.9,-4.8,0.846,221.5,9661.0,63.8,0
100.0,1959.0,0.0208,0.0,-3.9,-7.7,-0.9,0.279,113.3,14965.0,95.0,1
91.46,1806.1,0.0093,0.0,-0.8,7.4,-1.3,0.0,34.5,4113.0,97.3,1
41.51,447.0,0.0302,0.038,37.7,18.4,-10.0,1.091,86.4,691.0,67.8,2
77.18,1605.1,0.0042,0.111,10.1,1.4,-3.6,0.933,167.1,14109.0,65.7,0
55.8,1114.7,0.0292,0.079,29.9,10.6,-9.1,1.923,220.1,6169.0,64.1,1
84.64,974.5,0.024,0.401,6.7,5.3,-0.5,0.223,119.7,12398.0,44.4,0
75.32,1297.4,0.0144,0.192,11.6,7.4,-6.0,1.067,111.4,2068.0,79.4,1
76.64,1358.6,0.0114,0.061,14.1,9.3,-6.7,0.059,155.0,9454.0,41.4,0
95.16,1426.9,0.0497,0.0,-0.4,2.0,0.8,0.0,94.2,6638.0,78.1,1
89.03,1923.9,0.0223,0.029,-1.5,8.1,-1.6,0.0,213.7,5813.0,61.8,0
100.0,1630.0,0.0107,0.0,-0.4,0.1,-0.7,0.614,105.7,6632.0,56.1,0
33.3,335.6,0.0294,0.006,39.6,14.8,-18.2,2.034,107.9,2698.0,92.7,2
90.51,1798.3,0.0418,0.0,3.1,2.9,-0.6,0.23,134.6,14118.0,59.4,0
100.0,1679.1,0.0089,0.0,-0.3,0.2,-0.8,0.0,158.1,5120.0,53.0,0
100.0,1770.5,0.0039,0.0,-6.9,-1.4,-1.3,0.735,200.4,2306.0,61.8,0
66.42,1146.5,0.0173,0.134,11.9,4.2,-8.2,0.434,173.5,12010.0,75.7,2
49.46,1130.4,0.0012,0.027,22.8,10.6,-11.4,1.242,93.9,12880.0,54.6,2
57.87,1046.6,0.0052,0.019,33.4,7.4,-8.1,1.659,130.0,4774.0,41.9,1
73.3,1000.2,0.0182,0.009,17.2,5.4,-4.6,0.218,86.2,12178.0,94.8,2
44.37,834.8,0.0056,0.267,25.4,15.4,-8.1,1.68,278.2,1546.0,40.4,2
88.16,1461.2,0.0012,0.076,4.8,4.2,1.1,0.21,196.1,3272.0,79.8,1
46.94,678.1,0.0053,0.24,32.3,19.7,-8.9,1.104,93.4,7977.0,52.3,2
85.49,1960.0,0.018,0.01,3.2,2.8,-2.8,0.0,256.8,13187.0,77.8,1
100.0,1820.5,0.0036,0.0,-0.3,0.8,1.9,0.0,42.5,7872.0,76.9,1
37.54,900.3,0.0076,0.017,41.8,21.9,-9.9,1.106,115.4,5969.0,54.7,2
59.95,1130.5,0.0642,0.01,17.3,13.1,-8.3,0.869,62.5,12252.0,56.5,1
100.0,1870.9,0.0222,0.0,4.2,3.4,-1.7,0.0,278.9,7694.0,77.4,1
82.4,1058.2,0.0142,0.028,6.4,7.2,-2.7,0.196,295.8,3350.0,69.3,0
46.72,774.5,0.0021,0.069,22.2,19.0,-15.1,1.109,141.7,11759.0,65.0,2
100.0,1657.5,0.0185,0.0,1.0,-5.1,3.8,0.0,216.1,9652.0,89.7,1
65.16,1338.4,0.0099,0.122,16.3,8.4,-5.4,1.41,74.5,4321.0,70.6,2
53.22,906.3,0.0185,0.044,27.9,14.7,-11.6,0.344,237.0,807.0,70.4,2
100.0,1545.8,0.0232,0.0,8.4,1.1,-0.8,0.0,277.5,14649.0,58.0,0
56.7,1239.3,0.0141,0.123,21.7,5.1,-8.0,0.998,257.5,9322.0,73.8,2
100.0,2050.4,0.0002,0.0,5.1,-4.4,1.4,0.0,207.8,1319.0,68.4,0
55.27,1070.1,0.0127,0.216,31.5,16.1,-10.1,1.117,297.6,14093.0,47.5,1
100.0,1653.9,0.0002,0.0,-0.1,-0.8,-0.8,0.036,256.0,703.0,50.5,0
50.71,869.1,0.0075,0.181,16.5,17.5,-10.2,1.842,30.9,10108.0,43.3,1
71.68,1538.0,0.0456,0.159,15.9,11.0,-6.5,0.216,212.2,13205.0,98.5,2
100.0,2060.9,0.0035,0.0,-3.7,-4.3,4.1,0.152,75.9,296.0,43.1,0
95.28,1664.4,0.0043,0.0,14.2,-1.4,-2.9,0.0,139.3,6731.0,62.5,0
81.1,1296.4,0.001,0.108,9.1,7.5,-3.8,0.355,159.7,6634.0,48.3,0
97.56,1916.8,0.0137,0.0,-2.2,2.7,-0.1,0.0,199.3,2762.0,46.5,0
100.0,1896.0,0.0183,0.0,1.3,0.2,-1.9,0.006,206.3,7641.0,52.1,0
70.3,1348.1,0.0068,0.038,18.7,8.4,-11.1,0.5,266.5,9031.0,65.4,2
100.0,1647.9,0.0044,0.0,-6.5,4.9,-0.2,0.023,118.5,13048.0,95.0,1
60.58,1189.5,0.0089,0.255,21.4,7.4,-3.9,1.074,185.9,10795.0,50.7,1
47.02,1049.6,0.0216,0.224,28.7,14.6,-11.5,2.354,179.8,4607.0,76.5,2
27.78,366.8,0.0091,0.003,39.4,30.7,-15.2,1.92,100.8,1388.0,73.2,2
83.31,1290.5,0.0216,0.008,10.8,6.7,-0.2,0.886,144.9,3764.0,60.8,0
73.41,1371.9,0.0157,0.597,8.7,3.0,-5.3,0.0,201.2,12957.0,42.5,1
91.39,1793.1,0.02,0.0,2.5,4.2,-3.0,0.0,96.6,2412.0,61.5,0
100.0,1404.5,0.0161,0.0,2.0,3.0,0.8,0.024,264.6,8736.0,57.9,0
100.0,1482.7,0.038,0.0,10.2,-1.9,-0.5,0.0,207.6,9764.0,94.3,1
100.0,1660.2,0.0326,0.0,4.1,3.2,0.3,1.621,68.4,13503.0,93.1,1
77.09,1672.9,0.0148,0.103,16.5,3.1,-3.1,0.0,191.3,9753.0,80.9,1
100.0,1899.4,0.0332,0.0,-4.9,-0.3,-3.0,0.0,94.3,11687.0,45.2,0
100.0,1676.1,0.001,0.0,-3.3,-5.5,0.2,0.0,147.1,6175.0,58.7,0
91.49,1447.8,0.0312,0.0,6.2,3.7,-3.4,0.0,179.2,10940.0,61.3,0
53.08,1023.2,0.0147,0.041,33.1,11.9,-8.5,1.483,226.4,7028.0,41.9,1
100.0,2038.3,0.0032,0.0,9.0,0.4,-0.6,0.675,204.4,14260.0,89.0,1
94.76,1670.2,0.0056,0.0,8.2,3.8,1.7,0.0,54.8,12450.0,52.3,0
60.35,918.3,0.0001,0.073,31.9,9.5,-6.1,1.271,103.0,12400.0,61.1,1
100.0,2020.5,0.0089,0.0,4.0,2.7,0.6,0.566,78.1,9689.0,51.5,0
19.45,334.1,0.0018,0.15,51.5,25.7,-14.6,1.731,245.0,2121.0,71.1,2
74.01,1331.3,0.0016,0.195,14.0,6.5,-4.9,0.399,151.8,8596.0,99.9,2
88.75,1996.5,0.0247,0.286,6.2,8.7,-0.5,0.435,141.3,11188.0,58.8,0
100.0,1797.4,0.0639,0.0,6.9,-0.9,-0.5,0.496,98.8,2568.0,70.4,2
91.38,1950.4,0.004,0.0,-1.5,1.8,-3.4,0.082,189.7,1517.0,72.2,1
60.83,929.2,0.0058,0.18,23.7,15.3,-10.6,1.574,184.0,6655.0,55.0,1
80.15,1489.9,0.0039,0.172,11.1,2.7,-2.6,0.885,170.1,5201.0,90.4,1
100.0,1471.4,0.0421,0.0,4.8,-0.8,-2.4,0.471,192.0,8260.0,57.4,0
100.0,1674.7,0.0208,0.0,0.5,3.0,4.6,0.0,77.5,9931.0,92.7,1
51.84,798.3,0.0086,0.498,28.1,15.9,-8.7,0.539,77.2,13991.0,54.8,1
58.77,737.4,0.0377,0.086,23.5,11.8,-9.2,1.91,118.0,1922.0,98.9,2
24.32,692.7,0.0095,0.101,44.4,22.2,-15.7,1.822,286.7,8530.0,57.7,2
100.0,1874.4,0.0026,0.0,-1.5,-1.4,0.9,0.0,277.1,6206.0,74.5,1
99.06,1960.5,0.0207,0.0,3.9,-1.3,-0.1,0.732,45.5,8969.0,65.7,0
58.88,862.7,0.0091,0.054,10.8,11.7,-8.5,1.42,148.9,12534.0,76.3,2
100.0,1646.3,0.0194,0.0,-11.1,-3.3,-1.5,0.037,237.6,885.0,58.2,0
85.13,1617.5,0.0293,0.048,0.5,2.6,-3.5,0.17,222.1,722.0,73.8,1
50.37,1042.4,0.0041,0.241,31.5,14.4,-11.8,1.468,268.5,6674.0,75.4,2
58.43,1173.7,0.0032,0.26,24.7,9.0,-9.3,0.0,34.2,7926.0,47.8,1
91.13,1760.8,0.0584,0.0,4.6,7.7,1.8,0.715,127.7,8237.0,71.0,2
75.26,1466.8,0.0027,0.172,14.4,8.2,-3.5,0.329,76.8,8761.0,65.2,0
100.0,1889.5,0.0254,0.0,-3.9,1.5,2.7,0.0,261.0,11242.0,57.5,0
69.69,941.7,0.0034,0.111,16.3,10.3,-6.4,0.335,234.8,8045.0,64.9,1
100.0,1589.0,0.0012,0.0,0.8,-1.7,1.6,0.0,58.1,2974.0,89.6,1
100.0,1878.6,0.0016,0.0,1.6,-0.6,-1.4,0.144,246.1,13223.0,79.0,1
98.99,1857.4,0.0189,0.0,-5.7,-0.3,0.0,0.14,72.1,14284.0,76.8,1
59.51,1361.3,0.034,0.005,21.7,11.8,-7.2,1.249,213.6,1015.0,51.0,1
29.41,432.3,0.0008,0.099,16.9,23.2,-8.9,0.767,194.6,2143.0,69.6,2
79.74,965.3,0.0052,0.068,13.0,7.8,-4.5,0.0,124.9,11194.0,88.1,1
20.36,63.6,0.0065,0.061,44.0,25.1,-17.2,2.379,53.7,14933.0,99.7,2
21.51,320.7,0.0411,0.012,45.1,24.3,-14.7,2.105,251.4,10361.0,47.9,2
74.41,1210.1,0.0019,0.111,16.0,7.8,-5.2,0.476,193.4,11404.0,73.9,2
86.95,1735.0,0.0026,0.12,5.3,1.3,-4.3,0.0,213.3,10748.0,71.4,0
53.12,1318.4,0.0159,0.296,33.0,16.0,-4.0,1.296,77.0,5493.0,49.5,1
71.64,1518.5,0.0008,0.068,10.6,9.2,-3.1,0.924,178.4,1446.0,92.4,2
0.0,76.6,0.0007,0.054,52.7,33.1,-17.1,2.576,270.1,14120.0,53.2,2
84.54,1560.8,0.0125,0.097,14.2,0.6,-7.1,0.403,179.7,3787.0,76.1,1
24.25,526.9,0.0066,0.076,47.3,25.0,-11.4,2.186,82.7,9557.0,57.4,2
25.44,157.7,0.0007,0.02,43.0,23.3,-11.2,2.438,114.1,3352.0,87.1,2
74.35,1402.7,0.0022,0.176,16.9,5.9,-0.8,0.467,188.9,7766.0,90.8,2
76.85,1413.2,0.0036,0.034,12.5,10.3,0.9,0.737,67.4,11967.0,67.9,0
62.02,1060.8,0.0792,0.049,18.3,11.2,-3.3,1.217,103.6,3962.0,75.7,2
100.0,1805.6,0.0006,0.0,5.6,-3.0,0.8,1.136,181.6,2540.0,89.2,1
65.9,907.4,0.0408,0.066,17.2,9.1,-8.1,0.778,179.2,3597.0,63.6,1
93.99,1806.4,0.0166,0.0,7.2,0.6,-0.5,0.016,45.4,10011.0,62.1,0
40.12,751.4,0.002,0.077,35.5,20.9,-5.7,1.301,177.4,1129.0,80.1,2
86.07,1387.0,0.0391,0.086,7.5,-0.1,-3.7,0.208,107.3,9313.0,88.0,1
100.0,1992.4,0.0138,0.0,2.8,-0.1,2.0,0.537,165.2,8088.0,89.6,1
71.75,1447.5,0.0065,0.112,22.1,12.1,-2.7,0.188,59.2,10317.0,97.8,2
61.77,782.1,0.0092,0.162,23.3,17.5,-6.5,2.18,62.1,8538.0,49.4,1
100.0,1699.6,0.0369,0.0,6.4,3.5,2.3,0.0,32.7,9392.0,47.2,0
100.0,1873.6,0.0012,0.0,4.5,-0.7,1.7,0.853,65.9,13176.0,90.3,1
80.77,1410.5,0.0028,0.075,12.7,7.1,-3.4,0.317,63.6,310.0,99.6,1
84.06,1856.8,0.0263,0.105,4.4,6.9,-0.1,1.211,299.1,7930.0,63.3,0
95.84,1787.9,0.0298,0.0,3.0,2.6,-1.3,0.0,37.5,573.0,48.1,0
42.22,568.5,0.0061,0.321,34.7,17.9,-9.3,1.099,119.8,13050.0,69.2,2
45.16,588.6,0.0014,0.003,33.2,10.9,-12.8,1.703,171.3,9388.0,61.5,2
100.0,1622.3,0.0006,0.0,16.0,-6.8,1.4,0.0,162.7,3623.0,60.9,0
52.65,1103.8,0.0142,0.163,24.0,10.0,-5.3,1.15,175.1,9575.0,48.4,1
77.45,1418.3,0.0238,0.077,13.3,6.2,-4.2,1.216,129.3,9005.0,45.1,0
63.39,860.5,0.0031,0.066,19.1,13.1,-11.5,1.199,30.1,839.0,61.9,1
65.13,747.5,0.0208,0.166,17.6,7.6,-9.2,0.984,203.1,10877.0,55.8,1
86.75,1550.9,0.0196,0.176,-7.6,5.6,-4.4,0.0,55.9,9603.0,76.7,1
100.0,1952.7,0.0,0.0,-4.3,-2.9,2.1,0.0,106.4,6338.0,45.8,0
28.76,488.3,0.0246,0.145,41.7,21.6,-14.1,2.208,184.0,13374.0,79.1,2
100.0,1878.0,0.001,0.0,-3.2,-0.9,1.1,0.0,297.5,10602.0,61.6,0
39.67,445.1,0.0039,0.05,37.6,16.5,-9.2,1.429,226.6,10792.0,55.8,2
100.0,1780.7,0.0059,0.0,3.1,1.9,-1.1,0.0,242.8,2231.0,67.6,0
53.88,1001.0,0.0147,0.072,27.9,18.8,-7.6,1.475,136.9,4349.0,41.9,1
47.48,588.3,0.0042,0.006,29.3,8.0,-5.3,0.866,217.8,2932.0,66.2,2
13.91,322.9,0.0104,0.05,40.5,28.2,-14.1,3.058,152.1,6506.0,94.5,2
69.95,1155.3,0.0061,0.027,21.5,6.5,-3.4,0.729,182.8,9601.0,50.6,1
100.0,1861.5,0.031,0.0,-1.3,7.3,2.6,0.0,255.0,3071.0,65.8,0
58.96,1149.1,0.0334,0.019,16.9,10.9,-8.3,2.025,268.9,2076.0,43.3,1
71.41,995.0,0.0011,0.216,22.2,7.9,-5.4,0.8,89.7,8906.0,41.5,1
79.39,1217.2,0.0111,0.198,18.6,11.2,-3.0,1.496,53.4,12579.0,73.6,1
64.56,1026.6,0.0511,0.041,16.3,8.2,-8.7,0.784,65.6,11940.0,88.3,2
69.37,1041.7,0.0216,0.016,13.7,9.4,-6.5,1.573,259.1,5241.0,82.6,2
78.0,1820.6,0.0067,0.352,10.5,3.0,-0.5,0.672,162.0,9005.0,53.9,0
81.02,937.0,0.0207,0.109,14.7,-0.1,-4.2,0.979,97.5,6553.0,97.5,1
100.0,1754.0,0.0102,0.0,4.3,-4.0,-0.4,0.0,265.7,13584.0,92.8,1
57.54,1063.1,0.0112,0.048,24.1,12.2,-7.8,0.246,236.1,6498.0,56.4,1
61.36,979.4,0.0366,0.217,22.3,13.9,-7.5,0.962,126.9,6489.0,52.3,1
100.0,1736.8,0.0025,0.0,3.8,0.1,-0.6,0.0,108.7,6942.0,82.3,1
80.31,1618.5,0.0039,0.122,10.0,5.2,-3.9,0.0,293.6,3025.0,48.2,0
79.01,1325.2,0.002,0.238,17.8,3.7,-4.8,1.432,249.7,2416.0,52.5,0
100.0,1685.7,0.0054,0.0,4.6,-3.5,0.0,0.0,34.9,11378.0,66.0,0
70.34,1136.4,0.0039,0.047,18.5,12.3,-5.5,0.64,122.1,7917.0,80.2,2
100.0,1775.5,0.0556,0.0,3.7,4.9,1.9,0.0,149.2,1636.0,95.0,2
45.36,872.9,0.036,0.147,25.3,16.6,-11.6,1.093,275.9,12570.0,88.8,2
45.64,447.2,0.0214,0.152,34.8,14.6,-6.6,1.0,162.5,4103.0,80.0,2
100.0,1447.6,0.012,0.0,6.3,-4.3,1.1,0.611,102.0,8340.0,91.3,1
100.0,2189.7,0.0594,0.0,-2.7,-2.8,2.0,0.0,42.3,11855.0,65.4,2
88.39,2104.0,0.0075,0.153,11.5,4.2,0.8,0.372,269.9,3818.0,79.5,1
24.93,524.6,0.0168,0.115,41.4,21.8,-15.2,2.188,149.3,7081.0,62.4,2
90.64,1584.5,0.0108,0.0,5.2,4.0,-3.3,1.269,42.6,8831.0,74.5,1
100.0,1946.8,0.0005,0.0,-4.2,3.2,3.7,0.0,205.8,3159.0,58.2,0
100.0,1599.2,0.0009,0.0,8.1,1.9,4.2,0.0,168.5,1254.0,56.4,0
26.78,619.0,0.0127,0.056,38.3,19.3,-11.7,1.245,166.5,11143.0,93.5,2
34.85,519.9,0.0098,0.089,28.8,20.7,-11.7,2.586,105.6,12952.0,54.4,2
49.16,1029.2,0.0069,0.086,28.1,11.1,-9.5,1.689,152.2,5291.0,47.1,2
60.55,1441.5,0.0041,0.223,20.1,7.0,-9.1,1.666,173.8,9678.0,76.4,2
78.92,1548.8,0.0457,0.023,11.3,10.8,-1.9,0.0,78.1,7185.0,55.4,0
72.13,1117.5,0.0143,0.003,23.0,9.4,-4.6,1.147,299.9,5236.0,54.7,1
98.26,1802.2,0.0275,0.0,0.5,0.6,3.1,0.854,58.5,12990.0,53.3,0
100.0,1863.1,0.0213,0.0,1.7,-0.1,-1.3,0.065,63.9,6179.0,91.1,1
100.0,1994.0,0.029,0.0,3.8,0.2,-2.5,0.336,275.6,9627.0,75.0,1
100.0,1849.8,0.0005,0.0,-5.0,-5.2,-1.7,0.0,101.0,1831.0,82.1,1
73.54,1191.3,0.0532,0.322,17.9,6.3,-4.9,0.647,57.0,1080.0,41.5,1
67.41,994.4,0.0652,0.025,8.1,9.7,-4.1,1.04,191.9,14382.0,87.3,2
100.0,1951.6,0.0051,0.0,4.9,-1.7,0.2,0.0,158.8,2884.0,90.7,1
92.4,1635.7,0.0312,0.0,-3.1,-1.2,-3.1,0.397,270.8,541.0,67.4,0
100.0,1921.7,0.0333,0.0,5.5,2.8,0.8,0.636,269.2,8369.0,68.5,0
100.0,2114.3,0.0159,0.0,7.1,-3.5,-2.3,0.0,63.3,10827.0,73.4,1
100.0,2010.8,0.0083,0.0,-0.2,-0.1,3.4,0.0,173.5,9090.0,49.4,0
72.25,1275.3,0.013,0.042,18.4,7.6,-5.9,0.611,257.0,9378.0,67.0,2
66.47,1448.8,0.018,0.004,13.4,8.9,-8.5,0.486,233.0,8669.0,88.4,2
66.25,1177.3,0.0032,0.025,10.5,11.6,-10.0,0.62,119.6,8979.0,61.7,1
69.03,1411.4,0.0015,0.193,17.2,10.4,-2.1,1.167,34.5,4065.0,86.6,2
72.94,1284.2,0.0129,0.018,19.3,7.2,-3.6,0.788,189.6,13648.0,80.7,2
78.26,1533.4,0.0262,0.095,6.5,6.3,-3.8,1.385,155.5,14657.0,71.0,0
100.0,1682.0,0.0386,0.0,-5.4,4.3,0.8,0.0,46.4,9830.0,70.3,0
63.97,1020.5,0.0034,0.174,17.5,6.8,-6.3,0.81,200.6,8333.0,86.4,2
100.0,1910.5,0.0021,0.0,-2.8,-3.1,-1.2,0.01,238.7,7894.0,97.0,1
30.17,706.9,0.0322,0.228,32.9,22.2,-9.8,1.544,81.9,9513.0,51.4,2
100.0,2288.8,0.0115,0.0,-0.5,-2.2,-0.5,0.0,34.0,12919.0,77.2,1
74.83,1450.0,0.0086,0.225,13.2,6.4,-3.4,1.516,45.1,9543.0,99.0,2
68.03,1170.9,0.0414,0.065,12.2,14.1,-2.1,0.675,298.8,5564.0,82.6,2
65.05,953.5,0.0163,0.003,17.6,13.3,-7.9,1.741,274.6,1278.0,59.5,1
79.97,1341.4,0.024,0.133,18.5,9.6,-4.4,0.593,148.2,5252.0,53.6,0
66.87,1253.6,0.069,0.096,25.8,13.3,-7.1,0.13,246.5,14060.0,97.4,2
73.59,1690.9,0.0178,0.008,14.0,6.9,-7.5,0.958,71.7,1859.0,95.6,2
62.18,918.5,0.0216,0.193,16.9,15.8,-5.8,1.11,250.6,11180.0,88.5,2
68.92,1379.8,0.016,0.047,20.1,9.1,-4.6,0.55,105.7,8919.0,85.1,2
100.0,1722.4,0.011,0.0,6.9,-1.1,-1.3,0.936,293.2,3622.0,83.4,1
95.55,2134.0,0.0207,0.0,1.1,-2.2,1.4,0.0,103.1,10623.0,69.6,0
100.0,1793.7,0.0212,0.0,7.7,-1.1,-2.2,0.0,270.4,8931.0,98.0,1
100.0,1724.9,0.0018,0.0,-3.6,0.2,3.8,0.0,275.5,5352.0,50.5,0
65.68,1392.4,0.0007,0.019,22.2,8.9,-4.0,0.478,238.9,5424.0,54.9,1
66.14,1200.5,0.0172,0.0,15.9,10.0,-5.8,0.538,290.7,4116.0,86.0,2
100.0,1854.6,0.0184,0.0,-9.9,-7.7,-0.8,0.0,170.0,11953.0,90.3,1
45.85,905.3,0.0,0.099,27.2,20.4,-10.0,2.241,172.7,13352.0,67.3,2
70.17,1389.5,0.0069,0.04,22.6,14.6,-5.4,0.099,95.7,14513.0,62.9,1
100.0,2247.9,0.01,0.0,-0.1,-3.9,3.1,0.038,272.9,14.0,53.7,0
84.41,1230.8,0.0074,0.106,7.6,4.3,-5.2,0.77,280.2,9903.0,51.8,0
83.64,1164.2,0.0043,0.016,7.1,4.2,-2.6,0.346,129.7,6441.0,47.5,0
48.46,797.5,0.008,0.024,27.9,12.9,-9.1,0.687,46.7,5652.0,88.6,2
100.0,1653.4,0.0283,0.0,-4.2,2.3,-2.1,0.02,154.7,3416.0,99.6,1
62.21,1256.8,0.0054,0.152,16.6,10.6,-7.6,0.778,234.3,11185.0,56.3,1
73.99,1541.1,0.0031,0.139,7.6,7.1,-6.2,0.753,159.3,5032.0,54.1,1
85.7,1830.7,0.0526,0.087,5.1,3.7,-2.8,0.0,183.4,5062.0,48.8,1
84.09,1753.5,0.0346,0.016,15.7,7.1,0.6,1.323,92.1,9778.0,63.9,0
78.76,1350.1,0.0182,0.32,10.7,-0.7,-0.4,0.421,112.2,6758.0,79.9,1
100.0,1551.7,0.0304,0.0,5.4,0.6,2.9,0.0,143.9,10693.0,85.9,1
96.81,1849.1,0.0297,0.0,-6.2,5.8,-1.7,0.0,180.8,11021.0,100.0,1
46.63,987.4,0.013,0.172,26.7,17.0,-10.2,1.351,188.3,6739.0,74.2,2
48.67,891.3,0.0039,0.24,23.8,13.2,-9.7,0.903,177.2,11032.0,79.0,2
69.98,1224.6,0.0399,0.025,14.5,7.8,-5.1,0.42,216.3,5352.0,44.0,1
82.84,1515.8,0.0167,0.048,13.3,5.3,-0.1,1.075,163.0,11940.0,97.4,1
74.59,1678.6,0.0011,0.113,11.7,4.0,-3.5,0.225,138.6,8157.0,42.4,1
100.0,1369.6,0.0083,0.0,-2.1,0.4,1.1,0.363,216.5,10734.0,56.5,0
100.0,1904.5,0.0092,0.0,4.5,-5.4,5.2,0.0,37.3,4789.0,51.5,0
59.35,1193.4,0.0217,0.038,24.6,15.0,-11.6,0.974,128.4,9390.0,68.9,2
69.02,1252.2,0.0188,0.396,20.0,8.3,-7.4,0.943,83.2,11801.0,76.1,2
100.0,1973.6,0.001,0.0,-3.5,-1.9,1.7,0.0,222.2,764.0,93.0,1
63.6,1210.8,0.0052,0.06,19.8,10.4,-5.8,1.53,276.5,5367.0,91.6,2
74.41,1311.9,0.0323,0.095,17.0,9.4,-6.6,1.135,229.7,10780.0,45.2,1
76.56,1416.9,0.0279,0.254,5.8,8.9,-3.9,0.0,129.5,4006.0,89.7,1
68.25,1068.3,0.0011,0.065,17.6,10.0,-6.1,0.582,208.1,13186.0,68.6,2
63.26,1797.5,0.0327,0.244,24.4,8.3,-4.8,0.813,138.7,9270.0,58.7,1
100.0,1887.0,0.0048,0.0,3.1,3.6,0.3,0.901,281.2,10961.0,61.0,0
84.12,1263.9,0.0063,0.255,6.7,5.8,-2.8,0.784,207.7,5836.0,94.1,1
100.0,1771.6,0.0022,0.0,-1.7,-1.5,3.1,0.693,114.8,8052.0,60.4,0
82.21,1441.8,0.0239,0.029,11.0,5.9,-2.0,0.135,162.0,5765.0,82.5,1
64.13,940.0,0.0208,0.12,16.2,14.5,-7.6,0.803,54.7,2542.0,87.0,2
100.0,1907.5,0.0154,0.0,-2.6,-2.4,2.6,0.382,51.4,14358.0,65.5,0
46.15,866.3,0.0005,0.049,22.2,11.5,-10.4,1.304,178.3,1928.0,42.1,2
99.52,1778.3,0.0112,0.0,-0.7,-2.2,0.1,0.0,116.2,14998.0,86.2,1
69.85,1469.7,0.0014,0.129,18.5,12.6,-2.1,0.775,185.4,8837.0,52.7,1
51.73,1015.3,0.0161,0.168,28.9,10.5,-7.8,1.66,154.6,1448.0,46.3,1
51.03,898.2,0.0006,0.16,35.3,12.5,-6.0,0.704,280.8,12488.0,78.9,2
67.39,1324.1,0.006,0.136,21.0,15.4,-4.9,1.098,267.6,12284.0,82.8,2
49.5,773.0,0.0046,0.146,24.1,18.6,-11.0,1.039,192.9,14337.0,72.3,2
96.32,1654.5,0.0393,0.0,-1.0,4.3,2.9,0.0,287.3,52.0,52.8,0
88.11,1541.0,0.0398,0.101,6.9,4.1,-3.3,0.02,134.6,7821.0,68.8,0
89.72,1252.0,0.0014,0.068,1.4,8.0,-1.8,0.345,101.4,293.0,49.6,0
74.91,1160.9,0.0418,0.195,8.2,11.9,-2.9,1.287,36.5,7523.0,83.9,2
48.88,1109.2,0.01,0.304,26.3,21.3,-9.5,1.946,192.9,8178.0,43.6,2
49.01,636.2,0.0551,0.108,28.3,17.0,-12.9,1.918,125.0,6932.0,50.0,2
100.0,1779.0,0.1266,0.0,0.3,0.6,-2.1,0.074,135.6,683.0,60.0,1
63.09,1054.3,0.0043,0.012,20.1,11.3,-7.5,1.154,205.1,14642.0,73.0,2
98.19,1491.3,0.0235,0.0,-0.0,-1.6,-2.5,0.0,89.7,10246.0,95.2,1
56.21,1027.5,0.0858,0.105,23.3,15.2,-7.5,0.394,148.8,4436.0,93.0,2
57.65,1114.0,0.0055,0.025,11.1,14.4,-5.8,0.677,32.4,14718.0,94.2,2
35.56,457.9,0.0042,0.062,26.0,17.6,-17.1,1.731,131.9,2186.0,99.9,2
100.0,1450.0,0.0151,0.0,-1.1,-2.3,-0.6,0.0,110.8,10556.0,64.3,0
86.01,1589.6,0.0115,0.124,6.0,3.7,-0.4,0.0,240.2,978.0,59.4,0
50.58,473.2,0.0023,0.039,23.5,18.3,-10.6,1.023,214.9,10893.0,90.7,2
100.0,1842.2,0.0057,0.0,5.7,0.0,-4.7,0.0,43.2,12575.0,70.5,0
90.15,1916.7,0.0539,0.0,2.2,2.8,-1.1,0.169,184.6,5594.0,41.9,1
32.18,668.4,0.0018,0.006,38.0,22.7,-11.8,1.884,115.6,10504.0,89.2,2
99.07,1578.6,0.0007,0.0,-11.4,-1.4,1.8,0.0,178.8,6341.0,99.5,1
90.15,1715.7,0.01,0.0,4.4,2.5,-4.4,0.144,168.2,14879.0,50.4,0
100.0,1745.9,0.0009,0.0,-2.6,-5.4,1.9,0.0,292.7,14954.0,80.2,1
86.91,1419.2,0.0122,0.041,3.5,1.6,-0.4,0.0,129.5,476.0,65.4,0
76.01,1526.3,0.0261,0.051,5.7,-0.7,-3.6,0.815,73.2,7924.0,73.2,1
66.2,1275.8,0.0211,0.29,17.0,8.2,-9.1,1.621,240.4,6390.0,54.1,1
89.75,1355.1,0.0126,0.136,3.7,1.9,-3.0,0.0,45.3,5988.0,91.4,1
100.0,1894.2,0.0049,0.0,3.4,0.4,1.3,0.377,95.0,12350.0,63.8,0
65.66,1260.2,0.0171,0.332,14.8,9.2,-7.2,0.129,275.9,11802.0,75.0,2
96.63,1219.5,0.0033,0.0,-0.9,2.4,-0.6,0.0,144.6,13635.0,47.2,0
79.41,1646.5,0.0442,0.002,2.4,9.5,-4.6,0.873,201.4,58.0,83.7,1
51.29,1152.5,0.0158,0.041,26.6,10.7,-8.8,0.676,145.5,3007.0,92.4,2
35.53,809.9,0.0078,0.013,39.2,18.8,-13.9,2.536,217.1,12699.0,72.4,2
100.0,1695.0,0.035,0.0,-3.4,4.0,1.7,0.0,266.5,5693.0,56.3,0
75.02,1416.3,0.0201,0.004,15.3,2.4,-4.9,0.473,121.6,14176.0,41.8,0
65.55,1371.9,0.0124,0.195,22.3,9.1,-5.7,0.684,292.7,6835.0,78.9,2
93.67,1931.2,0.0782,0.0,10.4,1.5,-4.9,0.0,80.1,14507.0,81.2,2
99.0,1672.0,0.0015,0.0,-1.5,0.4,0.3,0.0,118.3,13143.0,56.1,0
63.73,1362.1,0.0039,0.422,24.6,17.3,-6.1,1.524,219.9,8205.0,90.4,2
41.52,706.4,0.0085,0.036,28.4,16.7,-9.5,1.402,195.5,584.0,47.6,2
87.32,1672.5,0.0184,0.136,8.2,2.4,-4.6,0.688,52.5,8129.0,47.4,0
100.0,1701.3,0.027,0.0,-2.6,-0.7,-4.8,0.0,46.1,5396.0,57.9,0
45.13,699.6,0.0053,0.077,35.3,20.9,-11.3,1.01,133.5,9838.0,75.0,2
76.82,1103.5,0.0151,0.042,15.5,0.8,-4.8,1.389,80.6,9282.0,89.7,1
47.47,796.0,0.0106,0.201,24.0,20.3,-11.4,1.852,268.9,764.0,95.8,2
62.04,1230.4,0.0108,0.049,8.5,10.7,-5.1,1.26,148.9,71.0,81.6,2
85.59,1134.2,0.0124,0.091,6.5,5.9,-2.1,0.09,88.0,9343.0,50.1,0
62.65,1223.5,0.0029,0.055,23.3,6.9,-6.2,0.904,195.8,13301.0,43.5,1
100.0,1781.6,0.0126,0.0,12.8,-3.2,-0.1,0.173,216.6,10652.0,49.6,0
72.95,1090.0,0.0684,0.123,17.9,7.1,-5.6,0.448,171.7,212.0,86.8,2
100.0,1560.7,0.0202,0.0,-4.5,4.3,-1.7,0.281,292.7,11525.0,52.1,0
39.08,875.3,0.0183,0.109,34.1,19.4,-10.0,1.056,121.6,2030.0,68.7,2
0.0,129.8,0.0332,0.07,62.0,30.1,-16.0,2.577,177.3,12230.0,90.4,2
100.0,1761.9,0.0623,0.0,-2.2,6.2,4.2,0.141,221.7,4965.0,77.5,2
40.64,982.8,0.0306,0.067,32.7,10.6,-11.1,1.107,227.0,14432.0,75.5,2
91.86,1354.1,0.0015,0.0,7.6,6.2,2.8,0.0,52.5,12557.0,50.2,0
80.4,1400.4,0.0058,0.083,5.6,2.8,-4.2,0.0,178.4,10383.0,63.6,0
100.0,1788.1,0.0093,0.0,-1.0,-0.1,-1.1,0.0,268.1,9695.0,54.0,0
55.62,1152.9,0.0122,0.002,32.0,9.9,-10.9,0.801,294.7,6365.0,72.0,2
79.87,1341.8,0.025,0.041,19.3,3.8,-6.3,0.901,196.1,1154.0,74.6,1
100.0,2016.4,0.0169,0.0,-3.7,2.2,1.1,0.0,101.4,14853.0,42.7,0
72.15,1266.2,0.0434,0.086,12.9,6.3,-4.8,0.988,232.2,10886.0,82.0,2
55.1,656.8,0.0199,0.113,24.8,11.1,-12.0,1.99,226.5,1903.0,96.3,2
58.14,1264.6,0.0065,0.107,24.7,14.3,-6.0,1.002,284.9,5343.0,65.2,2
75.72,1073.9,0.0193,0.002,19.7,3.0,-1.1,0.596,143.2,8307.0,42.7,0
75.81,1431.6,0.0204,0.229,2.3,2.6,-0.2,0.058,85.7,12395.0,45.6,0
98.76,1613.6,0.0089,0.0,1.1,1.8,-0.8,0.36,95.1,5172.0,63.5,0
61.65,1262.6,0.0121,0.006,22.2,11.5,-8.6,1.138,84.7,5893.0,97.9,2
77.3,1317.9,0.0078,0.071,25.8,2.6,-5.3,0.315,135.8,3820.0,85.3,1
87.45,1640.9,0.0132,0.028,13.0,2.4,-1.9,0.0,259.5,1710.0,95.5,1
29.44,610.9,0.0109,0.194,32.7,18.6,-10.4,2.058,100.0,8897.0,58.0,2
100.0,1506.9,0.0284,0.0,-2.5,-2.8,1.2,0.472,193.9,3557.0,43.8,0
95.81,1785.3,0.0047,0.0,-5.8,0.9,-3.5,0.243,278.6,4020.0,48.3,0
100.0,1386.5,0.0047,0.0,1.8,-8.7,-2.0,0.55,59.8,13881.0,71.2,0
86.45,1667.2,0.0123,0.003,4.3,7.9,0.6,1.029,75.3,2320.0,44.4,0
51.39,1180.4,0.0029,0.224,23.6,15.9,-10.9,1.532,237.0,3743.0,85.6,2
38.54,733.2,0.0403,0.285,33.5,22.7,-9.8,2.777,82.5,10968.0,61.0,2
44.12,754.9,0.0086,0.031,33.8,18.1,-10.9,2.004,279.9,4822.0,68.4,2
100.0,1819.9,0.0225,0.0,-3.2,-0.6,-1.1,0.0,97.4,11143.0,96.9,1
43.75,1055.0,0.0138,0.029,34.5,20.0,-15.0,0.994,123.0,10572.0,63.6,2
55.04,1136.1,0.0154,0.173,19.2,9.4,-6.6,1.25,271.6,4742.0,41.9,1
100.0,1495.4,0.0281,0.0,6.6,2.6,-1.4,0.0,176.9,951.0,96.3,1
99.34,1918.0,0.0769,0.0,3.7,1.6,2.9,0.301,202.8,1204.0,75.1,2
41.39,720.6,0.077,0.071,34.5,19.5,-9.8,1.377,183.0,10078.0,61.3,2
49.44,851.2,0.0057,0.15,30.3,14.6,-10.2,2.056,248.0,2994.0,71.5,2
100.0,1793.7,0.0311,0.0,-6.8,-1.2,-1.4,0.0,130.7,8305.0,98.9,1
42.87,635.1,0.0299,0.154,40.6,17.8,-13.5,1.637,139.4,9535.0,74.6,2
100.0,1586.0,0.012,0.0,1.0,1.8,3.4,0.281,76.4,5788.0,98.4,1
84.91,1269.7,0.1105,0.096,10.1,-0.6,-1.7,0.0,46.4,8101.0,72.8,2
82.27,1297.7,0.0479,0.435,9.0,7.1,-5.2,0.0,252.8,2835.0,82.8,1
100.0,1905.0,0.0253,0.0,-3.1,-2.7,3.6,0.453,284.6,12852.0,60.0,0
59.82,1097.7,0.0003,0.07,23.3,12.3,-7.6,0.856,243.3,3510.0,97.8,2
85.95,1311.4,0.0097,0.013,15.1,4.7,-3.4,0.463,245.6,14063.0,50.3,0
100.0,1837.3,0.0261,0.0,-0.8,-1.6,2.6,0.0,59.8,11884.0,96.5,1
85.81,1599.5,0.0265,0.068,7.6,4.6,-2.5,0.484,207.0,8271.0,95.2,1
100.0,1896.2,0.0109,0.0,13.8,1.8,2.3,0.0,127.4,6722.0,88.1,1
92.2,1740.3,0.0615,0.0,2.4,1.8,0.0,0.615,248.9,288.0,50.5,1
94.07,1654.8,0.0055,0.0,1.2,2.3,0.1,0.0,221.4,3105.0,95.9,1
66.81,1425.0,0.0573,0.015,19.8,5.8,-4.9,0.123,31.6,274.0,86.7,2
41.17,765.6,0.0363,0.077,29.3,19.0,-9.6,0.254,107.8,7932.0,70.0,2
75.69,991.4,0.0172,0.046,16.1,6.6,-3.9,0.22,128.7,14515.0,64.9,0
100.0,2126.5,0.0041,0.0,-0.4,3.5,-0.2,0.0,281.7,11089.0,53.8,0
43.24,661.2,0.037,0.085,23.2,17.9,-11.9,0.706,293.0,5129.0,70.3,2
41.97,604.0,0.1075,0.265,21.0,22.8,-6.3,1.497,243.8,2184.0,80.7,2
64.57,1209.8,0.0076,0.13,16.9,11.5,-8.3,1.112,129.3,13471.0,67.3,2
74.95,1533.1,0.0113,0.13,13.9,13.3,-8.4,0.578,36.1,3900.0,77.3,2
89.95,1656.0,0.0197,0.044,12.2,1.9,-3.3,0.138,148.2,7293.0,78.2,1
59.85,1177.0,0.0818,0.06,27.9,10.9,-6.0,1.094,145.3,6157.0,72.2,2
100.0,1782.5,0.021,0.0,3.5,-2.3,-1.8,0.328,226.9,9642.0,44.2,0
100.0,1884.7,0.0006,0.0,-1.9,0.7,2.4,0.0,192.3,2942.0,80.8,1
100.0,2040.3,0.0146,0.0,1.1,-2.1,-0.3,0.155,169.6,78.0,78.2,1
100.0,1782.2,0.0215,0.0,6.7,4.4,0.5,0.354,297.2,861.0,59.2,0
40.17,1125.0,0.0046,0.179,27.8,19.5,-11.3,1.661,286.2,14695.0,47.2,2
91.57,1541.7,0.023,0.0,-2.1,1.8,-0.1,0.514,297.9,13855.0,44.6,0
96.83,1824.0,0.0192,0.0,3.2,5.5,-0.2,0.0,296.1,2734.0,47.6,0
80.89,1410.8,0.006,0.003,16.2,6.0,-0.9,0.419,239.8,12983.0,54.8,0
88.27,1999.7,0.0061,0.002,4.4,2.8,-0.1,1.298,39.5,11889.0,69.4,0
86.29,1402.5,0.0107,0.105,7.8,3.2,-5.4,0.324,159.0,6300.0,47.7,0
70.37,1143.4,0.0084,0.255,6.4,8.9,-5.1,0.943,37.2,2925.0,43.4,1
66.75,1511.8,0.044,0.059,30.7,9.4,-4.9,1.154,297.4,5388.0,47.6,1
83.01,1379.0,0.0059,0.091,15.4,6.0,-1.3,0.0,120.5,11774.0,78.4,1
56.87,927.0,0.0592,0.024,32.8,13.6,-7.3,0.925,240.3,8181.0,83.4,2
69.43,1432.7,0.0171,0.031,21.9,12.5,-6.4,0.871,82.1,8933.0,46.1,1
80.94,1263.6,0.0164,0.217,12.8,-0.2,-5.5,0.0,57.8,14528.0,80.8,1
100.0,2134.7,0.0191,0.0,1.5,-3.0,-2.4,0.0,72.4,14374.0,55.1,0
100.0,1351.3,0.0209,0.0,-4.1,0.2,-0.4,0.0,260.9,4962.0,84.7,1
84.48,1463.8,0.0006,0.163,5.8,4.5,-0.5,0.0,105.6,1917.0,52.7,0
51.49,1364.5,0.0698,0.07,24.8,14.8,-9.4,1.146,188.3,14439.0,96.9,2
100.0,2061.8,0.0075,0.0,4.1,-3.3,1.5,0.0,229.2,13196.0,92.6,1
85.43,1837.0,0.0087,0.226,4.8,5.0,-2.2,0.695,183.4,5852.0,44.9,0
100.0,1683.2,0.0312,0.0,2.5,-1.0,-0.3,0.278,240.3,8953.0,88.6,1
100.0,1806.0,0.0209,0.0,-6.0,0.4,-2.3,0.0,177.7,2764.0,92.9,1
88.81,1636.2,0.0167,0.02,-6.9,2.6,-1.0,0.075,48.2,7095.0,45.4,0
41.07,1040.8,0.023,0.152,31.4,9.1,-11.3,0.797,267.5,10356.0,50.3,2
100.0,1794.7,0.0167,0.0,1.2,-3.9,-1.1,0.0,239.8,541.0,87.0,1
75.17,1263.4,0.0071,0.098,19.5,6.5,-2.1,0.0,116.2,2626.0,51.3,0
100.0,1679.6,0.0192,0.0,-1.1,1.7,-1.0,0.0,93.3,5528.0,70.0,0
82.73,1341.1,0.0109,0.101,16.6,9.4,-3.0,0.0,231.8,6154.0,84.8,1
100.0,1940.5,0.0379,0.0,-3.3,1.0,-2.4,0.333,194.8,4219.0,48.5,0
75.61,1310.8,0.0108,0.006,20.9,5.6,-3.3,0.826,67.3,1758.0,44.1,0
56.57,590.5,0.0079,0.029,23.7,6.5,-11.5,1.085,165.3,4945.0,98.2,2
65.6,1191.9,0.0079,0.204,15.5,14.6,-6.1,1.406,220.7,8361.0,62.1,1
93.04,1701.1,0.0529,0.0,3.8,0.8,0.7,0.072,45.3,4472.0,44.7,1
98.54,1543.4,0.0018,0.0,1.5,0.2,0.6,0.116,253.2,8953.0,84.9,1
100.0,2137.3,0.0921,0.0,-1.7,-4.7,3.0,0.506,128.7,6423.0,96.0,2
100.0,2031.6,0.0383,0.0,-1.7,2.3,1.6,0.0,38.0,133.0,82.3,1
57.52,982.7,0.0239,0.016,20.8,18.4,-6.8,1.328,110.8,14613.0,90.7,2
42.4,728.7,0.0093,0.096,33.8,16.4,-10.6,1.821,225.2,7860.0,85.7,2
26.53,614.6,0.0019,0.019,34.6,26.3,-15.5,1.012,108.0,13510.0,73.6,2
95.77,1325.6,0.0278,0.0,-0.6,3.7,1.8,0.657,101.5,6130.0,99.5,1
100.0,2046.8,0.055,0.0,-5.9,-1.6,3.9,0.0,201.9,14924.0,42.0,1
44.55,1107.4,0.0063,0.093,24.8,22.8,-10.0,2.085,126.8,8943.0,80.5,2
100.0,2092.5,0.002,0.0,2.7,-0.4,-2.1,0.131,215.8,458.0,60.1,0
65.01,1155.8,0.0102,0.073,21.7,15.9,-6.6,0.6,251.4,7900.0,65.5,2
100.0,1552.5,0.0145,0.0,2.9,3.8,1.8,0.65,291.9,4713.0,71.2,0
34.2,330.3,0.0091,0.103,37.1,22.7,-15.8,1.395,133.0,14764.0,61.9,2
41.67,852.8,0.0077,0.024,34.9,19.1,-10.9,0.911,194.5,14400.0,92.3,2
89.36,1374.8,0.001,0.039,3.4,2.3,-3.3,0.71,228.2,6297.0,75.2,1
100.0,2010.9,0.0585,0.0,6.8,4.0,-2.3,0.0,91.5,10138.0,43.0,1
53.88,1320.1,0.0139,0.083,23.3,17.3,-5.7,1.63,171.0,14585.0,68.2,2
29.86,124.1,0.0124,0.062,32.1,20.4,-11.9,1.712,186.1,7368.0,63.8,2
69.94,1199.9,0.0237,0.043,18.1,5.0,-5.6,0.167,299.3,7314.0,69.7,2
86.22,1149.7,0.0142,0.03,8.5,-2.3,-2.1,0.528,231.4,9122.0,85.3,1
50.1,682.3,0.0162,0.094,25.2,19.2,-9.0,1.696,96.2,4404.0,69.9,2
83.04,1515.3,0.0031,0.001,3.6,8.6,2.4,0.666,96.3,11177.0,96.7,1
100.0,1594.2,0.0038,0.0,3.3,4.4,-0.4,0.0,73.8,14666.0,59.7,0
92.36,1699.5,0.0047,0.0,6.4,5.7,-3.5,0.454,135.4,989.0,87.6,1
81.5,1948.4,0.0387,0.053,14.0,10.8,-6.2,1.148,289.5,4431.0,69.6,0
100.0,1569.3,0.0492,0.0,0.5,-0.6,1.7,1.718,122.6,10574.0,86.7,1
70.24,1076.3,0.009,0.082,14.1,14.9,-6.8,0.684,60.5,10584.0,91.0,2
92.85,1881.6,0.0045,0.0,8.5,4.9,1.7,0.0,278.8,9320.0,76.1,1
94.76,1917.6,0.0253,0.0,0.7,-1.7,-2.0,0.0,158.6,2661.0,69.3,0
71.51,1662.0,0.012,0.123,12.8,6.8,-8.5,0.0,219.9,1237.0,49.6,1
26.4,365.4,0.0057,0.099,45.9,20.7,-13.3,2.568,183.9,201.0,67.9,2
55.17,1077.2,0.0019,0.326,25.5,13.1,-7.0,1.536,76.4,14118.0,93.2,2
53.81,704.4,0.0333,0.014,25.1,11.4,-7.5,0.169,173.1,7808.0,43.6,1
92.28,1549.6,0.0002,0.0,7.2,5.2,-1.2,0.0,143.6,8224.0,74.7,1
74.66,1266.7,0.0156,0.144,4.7,9.2,-2.6,0.0,137.9,12502.0,81.9,2
67.5,1026.3,0.0403,0.177,18.4,9.2,-8.0,1.024,205.2,9087.0,44.2,1
100.0,1675.1,0.0372,0.0,-3.7,3.3,2.5,0.0,236.6,11563.0,93.3,1
68.78,1464.5,0.0226,0.035,16.5,10.0,-6.6,1.96,120.6,2581.0,67.9,2
69.04,1444.3,0.0363,0.153,22.3,14.0,-7.1,0.329,33.5,9442.0,90.7,2
100.0,1691.2,0.0195,0.0,-6.5,0.0,-3.7,0.0,209.5,9933.0,71.5,0
48.25,919.9,0.0202,0.123,37.5,14.1,-9.9,0.822,122.4,5345.0,54.8,2
78.62,1283.0,0.0057,0.161,4.7,12.7,-6.7,1.179,84.9,9065.0,86.9,1
78.99,1463.6,0.0201,0.034,7.7,2.7,-5.4,0.0,238.4,8334.0,56.8,0
100.0,1357.9,0.0187,0.0,0.0,2.4,1.4,0.0,106.3,8140.0,71.6,1
23.63,580.8,0.0402,0.002,40.8,22.4,-11.2,3.526,67.1,3069.0,50.7,2
100.0,1615.0,0.0029,0.0,-0.3,2.4,-3.2,0.0,84.4,9313.0,73.4,1
37.66,1148.3,0.0175,0.298,34.1,18.5,-11.6,1.137,177.8,11321.0,59.3,2
74.59,1149.7,0.0106,0.034,7.6,3.6,-3.5,0.0,274.3,5950.0,96.8,2
48.96,1034.1,0.0268,0.041,29.1,10.3,-12.5,0.716,216.5,9548.0,77.9,2
52.4,1058.1,0.0136,0.141,28.1,14.1,-9.8,1.211,147.8,3754.0,88.4,2
40.85,750.3,0.0023,0.069,31.3,19.9,-10.3,1.213,38.6,7665.0,45.1,2
100.0,1425.2,0.036,0.0,-2.6,6.5,3.4,0.353,163.3,13760.0,61.3,0
63.52,980.1,0.0179,0.014,24.4,5.1,-6.4,0.472,171.5,8967.0,56.5,1
84.93,1486.2,0.0325,0.047,7.5,2.2,-2.7,0.238,69.4,308.0,61.8,0
68.52,1262.5,0.0094,0.101,15.7,5.7,-4.9,0.534,180.3,3686.0,88.6,2
60.12,668.5,0.0021,0.039,28.6,9.9,-4.6,1.368,69.1,10236.0,47.2,1
100.0,1879.5,0.1035,0.0,-0.9,5.9,0.5,0.435,172.6,11600.0,48.2,1
100.0,1943.7,0.0093,0.0,-3.5,1.2,-0.1,0.0,226.3,8114.0,71.8,1
54.12,1000.4,0.0098,0.008,21.6,13.7,-10.0,1.589,295.0,5496.0,96.6,2
25.8,418.5,0.0368,0.044,33.2,19.1,-12.5,1.562,75.3,10988.0,97.0,2
74.11,1292.2,0.0191,0.163,17.8,9.2,-6.3,0.484,291.5,3472.0,59.3,1
100.0,1648.2,0.008,0.0,-5.8,-3.9,-1.7,0.0,271.6,1514.0,91.8,1
50.63,1050.5,0.0008,0.079,25.2,17.8,-8.5,1.184,74.0,10101.0,91.4,2
100.0,1906.1,0.0379,0.0,-2.8,-2.5,-1.8,0.23,255.4,1141.0,84.4,1
100.0,1934.3,0.0123,0.0,3.0,-1.0,3.3,0.202,138.6,1639.0,75.4,1
36.99,1033.4,0.002,0.073,30.9,14.0,-10.0,1.056,68.0,82.0,91.4,2
71.96,1034.6,0.0008,0.007,19.3,7.6,-6.3,0.68,133.4,6974.0,65.5,2
51.4,733.5,0.0091,0.198,30.4,14.5,-12.4,1.27,233.9,13862.0,87.4,2
100.0,2014.3,0.0394,0.0,-10.1,-2.3,-2.4,0.913,53.3,12693.0,40.5,0
74.61,1336.5,0.0575,0.036,22.1,6.7,-5.5,0.0,97.7,9108.0,96.4,2
67.92,1107.4,0.0607,0.236,20.8,8.9,-3.9,0.763,208.1,7656.0,63.0,1
86.98,1257.2,0.0467,0.189,6.1,3.4,0.9,0.267,288.3,13376.0,59.3,0
57.04,901.3,0.0051,0.107,20.8,15.8,-5.7,0.25,40.2,11050.0,57.5,1
100.0,2340.4,0.02,0.0,-2.1,1.8,-1.4,0.0,224.8,8169.0,86.7,1
74.53,1595.8,0.0022,0.018,12.7,1.4,-7.0,0.955,208.4,3355.0,71.0,2
72.73,1214.0,0.0023,0.084,18.2,12.8,-5.6,1.349,42.1,2874.0,76.5,2
34.86,742.0,0.026,0.105,35.5,19.7,-10.7,1.297,90.6,13028.0,81.4,2
67.78,1203.5,0.0579,0.402,15.4,4.5,-5.9,1.134,77.1,400.0,40.3,1
83.25,1689.6,0.0045,0.08,14.1,9.7,-3.4,0.0,275.6,7443.0,67.3,0
100.0,2189.1,0.0067,0.0,1.1,-4.2,0.6,0.0,157.2,12758.0,97.9,1
77.08,1574.4,0.0119,0.027,18.6,12.5,-2.7,1.415,135.3,5677.0,42.2,0
79.9,1281.8,0.0424,0.009,13.7,6.1,-4.3,0.219,170.0,7505.0,49.2,0
34.91,370.9,0.0505,0.067,38.5,24.4,-8.5,1.996,251.6,9850.0,55.0,2
66.07,1359.0,0.0407,0.029,18.5,10.6,-6.7,0.587,90.9,12990.0,84.9,2
100.0,1930.6,0.0082,0.0,-5.6,-5.1,-0.0,1.449,252.8,9833.0,87.8,1
100.0,1526.3,0.0041,0.0,-0.8,-0.3,0.0,0.572,221.3,8211.0,87.3,1
18.69,276.2,0.0019,0.179,49.9,26.3,-9.8,1.739,112.5,8464.0,64.8,2
78.15,1750.5,0.0307,0.15,15.0,6.5,-2.8,0.677,209.4,503.0,87.7,1
69.95,922.4,0.02,0.05,15.4,11.0,-3.7,0.0,103.6,11512.0,82.4,2
100.0,1635.6,0.0156,0.0,4.1,-1.6,-3.5,0.0,200.6,8233.0,40.3,0
54.86,1004.9,0.0461,0.004,24.2,9.1,-2.5,0.881,150.5,5033.0,67.6,2
100.0,1559.8,0.005,0.0,-9.4,2.7,-3.3,0.0,174.0,10842.0,45.6,0
100.0,1944.6,0.0119,0.0,-6.1,5.1,-1.6,0.869,64.0,4216.0,40.7,0
0.0,0.0,0.0129,0.051,48.9,29.1,-23.1,2.706,120.4,4376.0,60.8,3
65.77,1288.1,0.0068,0.073,13.1,12.1,-9.4,0.0,224.6,10669.0,52.2,1
60.51,1466.4,0.0251,0.008,26.7,13.6,-6.2,1.355,167.5,659.0,49.7,1
74.07,1449.2,0.0169,0.23,8.0,7.7,-7.3,0.842,299.0,3219.0,47.8,1
35.93,570.0,0.0383,0.002,27.0,17.2,-14.5,0.754,299.9,14128.0,93.8,2
98.08,1763.0,0.0011,0.0,-4.3,-0.7,-3.0,0.0,201.8,6425.0,97.7,1
39.63,688.3,0.0144,0.051,31.5,20.6,-11.8,1.414,33.7,5821.0,84.2,2
68.54,1248.5,0.0064,0.292,16.0,4.3,-4.6,0.439,289.2,3310.0,46.3,1
49.3,884.1,0.0184,0.15,25.1,16.9,-8.1,1.094,223.9,10706.0,70.9,2
86.43,1586.0,0.0271,0.063,10.0,6.0,-2.2,0.0,164.2,10007.0,46.2,0
56.37,1060.9,0.0071,0.122,28.1,7.7,-9.9,0.059,293.2,11565.0,96.2,2
87.04,1439.0,0.0398,0.163,-0.7,2.2,0.5,0.0,110.4,4892.0,91.6,1
61.25,1117.9,0.0332,0.024,20.7,11.5,-3.9,0.694,54.4,1900.0,49.8,1
90.83,1615.6,0.0012,0.0,4.8,6.5,-4.1,0.107,258.1,8354.0,52.6,0
93.3,1766.0,0.0831,0.0,-4.5,2.8,-2.2,1.087,170.0,13812.0,40.5,1
97.08,1921.6,0.041,0.0,-0.2,4.7,-0.5,0.137,124.9,5102.0,69.3,0
93.94,1738.0,0.003,0.0,3.1,4.2,-1.5,0.0,59.1,14302.0,94.4,1
49.33,944.7,0.0279,0.076,25.9,18.7,-10.0,1.184,89.4,10301.0,45.3,2
0.0,346.7,0.054,0.042,51.1,24.7,-18.0,2.362,54.0,8697.0,60.9,2
72.78,1414.6,0.0123,0.028,20.2,11.9,-2.7,0.596,56.8,10237.0,77.7,2
76.11,1235.7,0.0,0.048,6.7,10.8,-6.2,0.597,85.5,3872.0,61.5,0
89.09,1748.3,0.007,0.124,-3.2,1.7,-0.6,0.0,46.0,10477.0,88.2,1
100.0,1763.4,0.0016,0.0,-5.1,2.7,-2.9,0.0,127.5,7914.0,85.8,1
32.72,251.0,0.009,0.016,36.0,21.4,-10.6,1.275,110.9,50.0,54.1,2
45.02,770.8,0.1045,0.076,30.2,14.9,-7.4,1.105,295.2,13652.0,58.9,2
95.48,1782.8,0.0026,0.0,5.2,7.6,-2.3,0.0,48.0,3650.0,58.1,0
82.81,1741.1,0.0311,0.005,20.2,4.1,-6.4,0.956,193.0,5312.0,51.3,0
76.93,1346.5,0.0402,0.01,17.7,7.0,-5.8,0.0,288.0,2993.0,51.1,0
95.38,1556.7,0.0514,0.0,4.6,-1.3,0.5,0.0,46.5,9986.0,84.4,2
100.0,1827.2,0.0006,0.0,-8.8,-3.4,-5.0,0.865,193.4,7618.0,47.4,0
33.45,558.3,0.0434,0.006,33.8,14.7,-9.2,1.629,259.1,5196.0,70.5,2
76.05,1410.3,0.0223,0.107,13.6,10.4,-5.0,2.121,93.7,2897.0,62.3,0
73.67,982.2,0.0004,0.089,15.3,3.8,-5.5,0.96,281.0,4652.0,83.0,2
58.29,875.2,0.0321,0.011,20.5,19.3,-6.7,0.538,127.0,12427.0,55.8,1
55.94,1167.0,0.0014,0.106,21.3,15.3,-5.5,1.792,221.5,12349.0,72.4,2
45.66,453.0,0.0079,0.286,29.6,16.7,-9.3,1.827,93.5,293.0,46.7,2
83.23,1378.9,0.0204,0.126,10.1,6.4,-4.4,0.929,195.9,327.0,89.0,1
100.0,2054.3,0.0249,0.0,-0.6,2.7,-1.8,0.0,185.6,8517.0,78.8,1
51.11,825.7,0.0079,0.005,25.2,14.5,-8.9,0.999,166.6,8771.0,52.6,1
73.83,1235.1,0.0009,0.05,11.9,7.5,-2.6,0.82,290.7,7072.0,45.0,1
43.98,775.9,0.0079,0.123,44.3,15.6,-9.2,1.017,60.1,11771.0,65.6,2
78.36,1231.4,0.0499,0.113,9.1,-0.7,-0.4,0.14,277.9,6315.0,58.2,0
75.1,1106.2,0.0059,0.167,15.5,8.4,-5.4,0.633,104.2,7137.0,93.7,1
100.0,1801.5,0.0383,0.0,-0.3,-1.0,0.9,0.013,292.8,9927.0,41.0,0
100.0,1815.9,0.0025,0.0,5.1,0.8,-1.6,0.098,93.7,8599.0,86.0,1
66.12,1149.8,0.0096,0.032,24.5,3.1,-6.0,0.807,293.0,776.0,87.7,2
69.29,1617.0,0.0074,0.071,18.8,8.7,-1.5,1.169,151.5,14251.0,66.3,2
78.32,1124.0,0.0046,0.001,14.6,7.8,-5.1,0.858,76.2,9248.0,86.5,1
100.0,1743.9,0.0053,0.0,8.9,-2.2,-5.8,0.522,140.0,13788.0,50.3,0
67.56,1475.4,0.0204,0.036,20.3,8.8,-6.6,1.092,271.9,6505.0,97.7,2
85.26,1651.4,0.0708,0.036,4.1,3.7,-1.3,0.998,124.1,10349.0,86.5,2
100.0,1694.4,0.0156,0.0,-7.1,1.5,-0.3,0.0,188.5,5911.0,73.4,1
54.75,1236.0,0.0005,0.141,23.1,16.1,-5.8,1.673,136.4,1096.0,88.3,2
57.35,998.4,0.0182,0.2,22.2,15.3,-7.4,0.78,282.3,8534.0,70.9,2
38.73,866.7,0.0302,0.028,26.7,17.8,-12.4,1.044,239.7,6229.0,70.6,2
56.25,646.8,0.0072,0.062,20.9,12.5,-12.4,1.048,248.1,9245.0,65.7,2
100.0,1421.1,0.0868,0.0,-4.3,0.4,-2.4,0.841,266.1,11874.0,65.9,2
79.52,1511.4,0.0655,0.242,8.2,12.7,-2.4,0.649,267.5,2129.0,75.0,2
32.99,482.0,0.0091,0.206,34.6,18.1,-15.3,1.714,186.1,7450.0,81.0,2
74.08,1444.6,0.0047,0.195,11.7,9.2,-3.9,0.682,201.8,1082.0,98.1,2
71.9,1005.5,0.0308,0.059,22.0,8.9,-3.0,0.853,116.7,7469.0,89.0,2
100.0,1773.5,0.0129,0.0,-8.6,-1.0,-4.7,0.898,218.4,11390.0,67.4,0
100.0,1577.3,0.0421,0.0,-3.8,0.3,1.2,0.596,109.6,453.0,50.8,0
59.87,713.5,0.0228,0.365,18.9,9.2,-8.1,1.313,161.1,11252.0,45.8,1
56.26,1165.8,0.0601,0.007,27.6,16.0,-7.9,0.685,265.8,7207.0,99.1,2
64.63,1348.3,0.0108,0.286,26.1,12.0,-7.4,1.404,236.4,6115.0,48.5,1
100.0,1858.1,0.0463,0.0,-1.3,0.9,1.0,0.577,147.4,7463.0,50.6,0
40.31,1057.9,0.0531,0.174,34.2,18.8,-11.0,1.098,105.4,521.0,50.2,2
100.0,2077.0,0.0073,0.0,2.1,0.1,-2.3,0.0,221.5,14769.0,55.5,0
74.8,1768.7,0.0439,0.076,12.6,5.6,-5.1,0.964,37.5,12278.0,86.4,2
100.0,1963.3,0.0132,0.0,2.5,1.5,-1.6,0.0,78.3,9672.0,68.0,0
44.55,1011.0,0.0431,0.046,32.4,13.4,-9.1,1.721,252.3,9536.0,57.6,2
49.97,1123.7,0.035,0.058,16.9,15.4,-6.1,0.805,70.4,5029.0,93.1,2
87.34,1313.0,0.0064,0.094,5.9,0.8,-0.2,0.682,67.0,453.0,50.5,0
96.36,1789.6,0.0122,0.0,0.4,-1.7,1.2,0.0,283.8,13024.0,46.1,0
100.0,1656.7,0.0005,0.0,-11.7,-1.7,-0.3,0.871,135.0,8779.0,58.1,0
58.36,975.7,0.0358,0.114,20.6,16.3,-6.5,0.963,288.5,1565.0,51.0,1
63.31,1446.5,0.0218,0.015,16.0,7.9,-7.3,0.948,41.4,4693.0,81.1,2
97.29,1616.1,0.0017,0.0,3.0,0.4,0.4,0.369,95.9,12079.0,52.9,0
69.1,1224.0,0.0438,0.233,24.0,10.5,-5.8,0.646,193.8,10869.0,93.8,2
95.18,1849.0,0.0123,0.0,-2.0,6.1,-0.3,0.0,86.2,8187.0,56.1,0
36.02,975.2,0.0201,0.167,29.2,22.4,-10.6,0.871,100.6,14934.0,73.8,2
57.74,837.6,0.0157,0.242,30.3,13.4,-5.1,0.632,170.7,12749.0,62.6,1
89.57,1487.1,0.0701,0.254,-5.9,5.6,-2.6,0.13,235.5,341.0,46.2,1
100.0,1900.5,0.0142,0.0,1.2,-3.9,1.9,0.0,248.6,13937.0,82.6,1
66.45,1563.9,0.0132,0.025,16.1,6.2,-4.6,0.714,246.8,16.0,71.6,2
100.0,1785.3,0.0129,0.0,9.9,0.0,1.4,0.0,127.2,3868.0,87.3,1
43.75,666.5,0.0226,0.183,34.5,21.4,-10.2,1.903,280.9,7116.0,67.3,2
100.0,1672.5,0.0176,0.0,-5.1,3.0,2.3,0.0,128.2,11351.0,95.4,1
78.0,1440.0,0.0722,0.108,13.8,8.4,-3.6,0.812,290.1,10338.0,72.2,2
100.0,2031.0,0.0203,0.0,-4.8,-2.4,-0.9,0.095,138.0,9121.0,56.8,0
17.04,0.0,0.0387,0.034,54.6,22.0,-14.6,1.342,67.7,10672.0,53.3,3
74.53,1392.0,0.018,0.016,14.2,4.4,-7.3,0.0,253.6,5245.0,85.8,2
78.11,1156.2,0.0337,0.16,15.4,9.8,-5.9,0.585,248.0,9712.0,60.3,0
40.11,832.8,0.0254,0.096,37.5,20.0,-10.1,1.818,138.9,2045.0,81.2,2
84.92,1715.0,0.055,0.065,10.8,3.9,-5.1,0.627,163.3,14051.0,62.7,1
3.89,0.0,0.0243,0.174,53.3,31.1,-20.7,2.439,258.9,14470.0,59.7,3
68.55,1048.3,0.0588,0.024,17.4,7.8,-6.7,0.505,66.0,5474.0,92.3,2
69.22,1094.5,0.0178,0.041,14.1,8.8,-1.2,1.83,185.7,3454.0,56.9,1
100.0,1720.3,0.0317,0.0,10.0,-0.0,1.4,0.26,265.4,4907.0,97.4,1
100.0,1682.5,0.0253,0.0,-5.4,-2.8,-0.9,0.0,82.2,10629.0,58.7,0
100.0,1884.6,0.0332,0.0,-2.3,-0.7,3.0,0.0,213.1,5620.0,42.6,0
89.21,1646.4,0.0046,0.023,17.9,3.0,-2.5,0.0,210.1,9189.0,92.1,1
87.34,1344.3,0.0009,0.181,7.7,1.7,0.1,1.342,144.8,9780.0,69.9,0
100.0,1426.0,0.0125,0.0,-6.6,-0.6,1.7,0.0,287.7,4728.0,61.3,0
92.95,1437.7,0.0048,0.0,11.7,4.3,-3.1,0.043,240.9,13948.0,91.7,1
59.67,1351.9,0.0182,0.009,22.9,18.8,-7.2,1.555,68.4,10243.0,47.4,1
56.78,981.2,0.0043,0.099,23.8,15.1,-9.4,1.628,39.6,13588.0,92.6,2
68.79,1312.6,0.0179,0.237,22.8,5.7,-5.9,1.391,32.4,13255.0,83.7,2
88.24,1522.6,0.0486,0.041,9.6,4.5,-2.9,0.313,219.3,13812.0,76.0,1
100.0,1643.5,0.0297,0.0,0.4,-5.2,-0.6,0.0,89.6,5305.0,64.5,0
100.0,1753.4,0.0098,0.0,-7.1,3.0,0.1,0.0,74.7,1469.0,84.1,1
72.91,1547.2,0.0031,0.041,22.9,8.3,-4.8,0.727,249.2,1928.0,77.0,2
39.08,1028.7,0.0064,0.069,32.3,15.3,-12.3,2.494,237.5,5572.0,78.9,2
100.0,2131.8,0.004,0.0,6.0,0.2,-4.2,0.014,46.7,14909.0,43.3,0
74.57,1149.5,0.0215,0.047,23.4,7.6,-4.0,0.145,244.0,1178.0,70.0,2
93.92,1798.3,0.0045,0.0,11.6,7.9,-1.6,0.489,240.7,3601.0,52.0,0
100.0,1843.4,0.0171,0.0,-2.3,-1.4,-1.7,0.157,267.2,8156.0,57.2,0
62.68,1439.1,0.0068,0.007,19.7,14.6,-4.4,1.49,116.3,14376.0,52.2,1
100.0,1708.7,0.0391,0.0,-2.7,4.2,3.0,0.0,165.5,1156.0,91.8,1
57.73,1325.7,0.0344,0.314,22.6,12.7,-9.7,1.213,74.2,8274.0,69.4,2
75.55,1358.9,0.0007,0.042,14.8,3.1,-5.5,0.694,259.2,11630.0,74.7,1
83.92,1663.2,0.0038,0.059,3.5,4.6,3.2,0.554,58.3,3335.0,60.9,0
51.18,1341.8,0.0355,0.161,24.9,13.7,-5.7,1.374,122.0,10380.0,42.7,1
90.3,1842.8,0.0064,0.0,9.1,1.6,-4.2,0.383,96.0,7172.0,70.5,0
100.0,1708.6,0.0117,0.0,-1.9,-0.2,-3.1,0.0,228.7,859.0,65.5,0
100.0,2102.5,0.0099,0.0,-0.7,-1.9,0.0,0.293,170.1,13841.0,52.0,0
100.0,2052.2,0.0169,0.0,-0.2,-2.5,-1.7,0.0,76.4,12011.0,77.9,1
64.88,1216.5,0.0093,0.045,17.8,8.4,-6.2,1.074,272.5,4511.0,75.8,2
57.14,696.9,0.0228,0.094,17.0,11.8,-4.4,0.382,220.7,2524.0,57.5,1
68.97,1210.1,0.0061,0.072,14.4,7.0,-8.3,0.827,70.1,14669.0,87.2,2
100.0,1698.3,0.0184,0.0,-8.0,0.4,-2.4,0.0,80.7,2328.0,44.5,0
100.0,1617.0,0.0278,0.0,-7.7,-0.7,-2.7,0.129,224.9,1584.0,79.1,1
62.99,1199.1,0.006,0.029,16.6,11.3,-5.4,1.636,65.7,526.0,83.3,2
89.9,1558.8,0.0596,0.064,8.3,1.3,-3.4,0.468,103.9,4017.0,43.0,1
72.7,1549.3,0.0042,0.084,14.8,6.4,-5.7,0.731,129.2,1325.0,85.0,2
67.12,1006.2,0.0419,0.078,19.6,5.6,-4.4,1.204,108.2,13105.0,84.1,2
100.0,1739.7,0.0711,0.0,-7.7,5.3,3.5,0.0,44.6,366.0,49.2,1
41.38,351.5,0.0509,0.01,34.5,17.0,-9.6,0.708,105.6,7789.0,97.3,2
70.92,1203.8,0.0162,0.049,11.0,3.3,-4.9,0.577,128.1,239.0,99.3,2
95.78,1631.8,0.0017,0.0,2.6,-1.2,-1.5,0.682,161.5,55.0,91.6,1
91.88,1297.7,0.0005,0.0,3.3,6.1,-2.5,0.335,92.1,8546.0,64.3,0
93.34,1845.6,0.0229,0.0,-4.4,-4.9,0.4,0.503,238.2,9035.0,74.7,1
76.37,1663.4,0.0033,0.128,14.7,11.1,-4.8,0.395,248.0,12632.0,43.0,0
46.48,1041.6,0.0155,0.041,21.3,21.8,-12.8,0.739,66.1,12902.0,74.6,2
72.69,1149.8,0.0144,0.133,19.0,12.3,-4.1,0.0,176.8,6622.0,51.4,1
63.23,917.6,0.0079,0.201,22.7,9.1,-6.3,0.25,117.1,13529.0,88.4,2
70.33,1741.0,0.0117,0.017,17.4,14.2,-4.9,1.093,133.3,12985.0,98.3,2
60.25,1229.4,0.0101,0.244,22.1,11.3,-10.4,0.504,142.5,4107.0,62.8,1
53.61,959.2,0.0025,0.003,27.1,11.2,-9.0,1.428,57.3,9576.0,63.6,1
51.47,1142.5,0.0399,0.028,30.2,13.0,-11.2,0.228,69.6,4300.0,54.4,1
82.91,1197.1,0.0069,0.202,9.0,3.6,-5.5,0.098,116.4,10066.0,80.7,1
69.19,805.1,0.0158,0.06,13.1,13.7,-7.3,1.022,292.1,10918.0,44.6,1
51.73,1165.1,0.0265,0.012,24.4,14.9,-11.5,0.903,143.9,7911.0,73.8,2
93.88,1591.7,0.0619,0.0,4.3,-1.3,1.1,0.096,142.7,4520.0,63.3,1
30.26,332.4,0.0222,0.056,30.0,22.0,-13.7,1.306,158.2,11650.0,40.3,2
54.87,1011.8,0.0396,0.081,20.6,18.1,-10.8,1.261,289.8,12662.0,90.5,2
64.58,1301.5,0.0153,0.081,17.4,14.1,-6.5,1.51,112.8,12690.0,83.9,2
100.0,1894.4,0.032,0.0,-4.9,4.2,-2.5,0.441,145.2,7805.0,44.8,0
62.93,1548.4,0.0042,0.292,15.4,14.8,-7.2,0.614,264.8,4644.0,83.1,2
43.29,1010.9,0.0213,0.245,22.3,13.7,-12.7,0.395,152.5,10387.0,82.0,2
100.0,1746.6,0.0176,0.0,2.5,-0.7,0.8,0.14,222.6,8690.0,65.5,0
47.55,929.9,0.0343,0.196,22.0,12.4,-8.8,1.81,235.0,12898.0,46.9,2
85.17,1432.4,0.0042,0.02,7.8,4.1,0.5,0.36,145.9,7106.0,44.2,0
55.39,1072.6,0.0001,0.119,28.5,11.6,-6.6,1.269,166.8,5124.0,78.9,2
77.03,1398.2,0.0284,0.276,14.7,10.7,-4.2,0.368,186.0,10489.0,78.3,1
100.0,2051.5,0.0096,0.0,-2.4,0.3,0.8,0.0,77.5,10038.0,84.2,1
100.0,1819.5,0.0195,0.0,-4.2,4.5,3.6,0.505,229.8,10113.0,80.4,1
89.87,1725.7,0.0019,0.063,9.2,7.4,-2.2,0.097,299.5,7293.0,83.5,1
100.0,1709.8,0.0027,0.0,-3.1,3.8,1.7,0.0,217.8,4286.0,68.2,0
85.66,1563.7,0.0166,0.061,3.0,12.0,-3.1,0.46,262.5,7877.0,95.4,1
79.87,1254.9,0.0374,0.059,19.8,8.4,-2.3,0.0,77.5,873.0,47.6,0
100.0,2008.1,0.0023,0.0,5.2,1.6,-1.7,0.498,173.7,14278.0,99.7,1
100.0,1788.5,0.0296,0.0,-0.1,-3.4,-1.3,0.0,88.5,580.0,76.5,1
97.33,1884.1,0.0164,0.0,-0.0,6.4,-2.4,0.28,197.5,8875.0,89.9,1
67.06,1220.5,0.0022,0.164,11.5,13.6,-3.8,0.301,33.1,7298.0,49.2,1
24.0,297.8,0.0062,0.091,42.7,26.3,-12.0,1.837,105.7,4178.0,82.9,2
92.73,2056.4,0.0396,0.0,-10.4,-1.0,-0.3,0.195,296.1,12246.0,87.7,1
42.62,871.2,0.0218,0.42,27.8,18.0,-10.2,1.536,81.5,5236.0,63.5,2
40.65,525.0,0.0174,0.166,43.0,13.8,-11.5,1.533,203.7,13434.0,99.9,2
72.96,1476.3,0.0052,0.028,14.2,8.0,-4.8,0.749,68.4,6471.0,71.4,2
78.65,1161.5,0.0028,0.06,8.8,4.7,-3.3,1.474,86.1,7335.0,50.7,0
100.0,2171.4,0.0104,0.0,-4.0,2.0,-0.0,0.11,239.2,3397.0,96.5,1
47.0,983.4,0.0019,0.027,25.0,13.9,-8.4,1.141,169.6,3501.0,67.1,2
82.14,1578.2,0.0008,0.067,19.4,-0.4,-2.7,0.0,99.3,12855.0,61.7,0
81.06,945.5,0.041,0.166,3.6,10.2,-4.6,0.355,50.3,14865.0,50.5,0
100.0,1949.1,0.0132,0.0,8.6,0.7,3.1,0.396,46.3,5867.0,43.2,0
88.76,1289.0,0.0109,0.17,0.6,3.3,-1.7,0.372,35.8,9844.0,76.8,1
93.23,1438.9,0.0069,0.0,9.2,4.9,-2.8,0.0,116.0,13017.0,70.3,0
75.85,1492.0,0.0574,0.132,12.2,10.4,-5.6,0.316,62.7,10530.0,76.3,2
75.95,1378.0,0.0008,0.138,5.0,9.2,-3.9,0.371,180.6,5373.0,94.5,1
95.45,1545.0,0.0028,0.0,-6.0,0.4,-1.8,0.0,75.5,14468.0,45.2,0
70.83,1361.9,0.041,0.16,12.8,7.9,-4.8,0.734,146.1,14850.0,47.6,1
80.1,1952.4,0.0233,0.134,25.1,6.6,-3.7,0.004,71.2,1095.0,76.9,1
65.79,1146.4,0.0581,0.024,17.4,6.6,-3.7,0.603,263.7,9137.0,48.8,1
14.1,392.9,0.0638,0.066,46.7,20.9,-15.1,1.465,34.7,6820.0,65.8,2
100.0,1636.1,0.0207,0.0,4.7,-1.3,-2.2,0.0,135.7,10736.0,52.0,0
59.61,892.9,0.0194,0.064,22.3,15.1,-7.0,1.07,169.3,2647.0,59.6,1
84.8,1704.9,0.0101,0.053,13.5,3.7,-2.2,0.224,203.3,12860.0,49.1,0
100.0,1974.8,0.0287,0.0,-7.7,-4.3,-0.6,0.021,251.4,7866.0,82.3,1
100.0,2056.2,0.0352,0.0,-4.2,0.2,4.2,0.0,76.4,10789.0,44.2,0
54.56,929.8,0.0248,0.043,30.5,11.2,-6.0,1.187,179.8,14259.0,60.0,1
97.24,1682.9,0.0058,0.0,0.3,0.1,-3.7,0.032,198.4,5850.0,40.7,0
82.91,1410.2,0.0217,0.326,9.5,5.3,-4.9,0.561,97.2,2188.0,48.8,0
75.78,1308.2,0.0024,0.415,16.8,5.2,-5.5,0.336,201.0,6174.0,59.6,0
100.0,1839.4,0.0485,0.0,3.8,1.6,3.8,0.0,122.7,14783.0,81.5,1
80.08,1311.7,0.0065,0.011,13.6,7.2,-4.0,0.781,167.6,13137.0,76.6,1
100.0,1831.2,0.0224,0.0,-6.9,3.9,-0.7,0.0,291.8,11480.0,80.4,1
80.59,1482.5,0.0009,0.005,12.8,9.1,-3.4,0.077,172.6,6265.0,45.1,0
26.58,662.0,0.0285,0.015,40.9,20.8,-13.7,1.988,236.1,6264.0,68.1,2
75.64,1136.3,0.0097,0.125,11.3,8.2,-4.6,1.028,264.7,2642.0,56.7,0
81.81,1224.4,0.0843,0.221,6.2,1.1,-1.3,0.139,286.7,14346.0,56.6,1
73.66,794.8,0.02,0.019,16.3,2.5,-4.8,0.097,89.7,9435.0,79.3,2
100.0,1891.8,0.0123,0.0,-1.8,8.5,-2.4,0.0,210.5,5647.0,59.2,0
100.0,1383.3,0.0187,0.0,-1.0,3.7,-4.1,0.128,129.1,12657.0,72.0,1
90.98,1425.9,0.0114,0.0,4.1,4.2,0.4,0.301,78.8,8817.0,48.6,0
100.0,1205.1,0.0331,0.0,4.7,-0.5,-0.9,0.0,55.1,7729.0,83.6,1
78.32,1222.8,0.0034,0.034,9.1,4.8,0.4,0.199,278.9,3506.0,92.4,1
100.0,2255.3,0.0609,0.0,0.9,-2.7,3.2,0.0,298.4,779.0,71.9,2
66.05,1142.3,0.0113,0.071,12.3,5.4,-5.7,0.885,93.4,13491.0,51.5,1
100.0,1644.0,0.0146,0.0,4.8,-2.3,-0.0,0.0,241.5,6332.0,86.5,1
96.65,1502.4,0.0016,0.0,8.7,7.2,2.0,0.0,126.2,7781.0,85.8,1
56.83,680.3,0.0156,0.005,25.2,14.2,-7.3,1.281,243.8,9758.0,63.8,1
100.0,1828.4,0.0001,0.0,0.5,-0.7,-0.9,0.104,277.1,14236.0,77.8,1
83.24,1615.2,0.0878,0.049,4.3,7.3,-5.8,0.942,160.4,163.0,54.1,1
67.81,1109.3,0.0653,0.246,15.3,4.1,-3.2,0.682,166.1,1450.0,41.1,1
41.05,765.6,0.0224,0.094,26.9,15.8,-10.6,1.591,210.1,9086.0,88.6,2
30.12,540.9,0.0023,0.122,39.7,19.3,-15.0,2.409,245.0,1994.0,88.5,2
97.8,1703.5,0.0056,0.0,4.3,1.6,-2.4,0.301,87.5,10996.0,52.9,0
55.26,1155.5,0.0417,0.143,27.4,12.1,-7.9,0.365,157.6,12902.0,78.8,2
26.15,414.5,0.0236,0.164,39.8,19.7,-15.2,0.933,30.0,3863.0,69.3,2
56.37,918.7,0.0186,0.194,21.4,9.9,-7.7,1.624,51.7,3641.0,93.2,2
18.48,304.8,0.0086,0.014,41.1,23.2,-12.7,2.584,99.7,10533.0,70.6,2
100.0,1829.1,0.0219,0.0,2.7,-1.8,2.7,0.0,94.7,9991.0,49.2,0
67.25,1400.3,0.0369,0.408,21.3,7.2,-4.3,0.995,157.3,4633.0,97.2,2
90.47,2006.0,0.0129,0.0,7.9,2.9,-1.7,0.156,146.5,11369.0,90.9,1
52.86,1154.2,0.0025,0.039,32.6,8.6,-5.9,0.739,282.9,6141.0,44.9,1
100.0,2171.2,0.0178,0.0,1.7,0.2,3.5,0.0,82.8,6310.0,61.1,0
69.18,1614.9,0.0029,0.035,22.9,9.2,-5.3,0.0,138.5,6335.0,98.8,2
91.02,1665.0,0.0214,0.0,2.8,7.5,-1.3,1.072,46.1,7054.0,70.3,0
84.18,1759.8,0.0331,0.193,5.3,2.3,-2.8,0.376,288.4,6335.0,78.9,1
69.11,1529.3,0.0006,0.072,19.8,6.8,-4.8,1.736,274.4,4707.0,90.9,2
89.21,1643.1,0.0322,0.033,-0.8,4.0,-2.3,0.074,104.4,14758.0,83.3,1
100.0,1515.9,0.0051,0.0,4.5,0.5,0.9,0.0,229.0,5022.0,83.7,1
41.83,814.3,0.0194,0.16,32.8,18.6,-9.5,1.282,162.2,8542.0,71.0,2
99.4,1819.1,0.0092,0.0,-6.1,-0.8,-2.3,0.387,66.0,11412.0,46.2,0
61.12,914.5,0.0036,0.003,25.0,14.2,-7.5,0.87,287.4,4879.0,73.5,2
67.01,1326.1,0.0021,0.124,27.1,7.8,-9.6,1.182,279.4,2116.0,76.4,2
53.02,654.0,0.0134,0.086,26.3,17.8,-7.1,0.363,39.4,2142.0,47.2,1
100.0,1795.5,0.0039,0.0,-3.5,-0.5,2.4,0.0,108.7,7687.0,88.4,1
28.32,440.8,0.0225,0.018,40.3,15.1,-12.0,1.839,210.9,5732.0,89.7,2
48.22,934.2,0.0016,0.063,24.1,15.0,-7.6,0.681,71.2,3876.0,71.3,2
59.66,1122.3,0.0261,0.021,29.8,7.9,-6.3,1.874,63.7,13064.0,79.8,2
57.45,1065.7,0.0057,0.052,19.0,10.3,-8.0,2.056,114.8,14173.0,60.6,1
99.07,1774.9,0.0168,0.0,-1.3,-2.1,0.4,1.366,122.6,6093.0,60.4,0
39.7,861.3,0.0097,0.263,39.2,18.2,-9.3,1.656,110.4,5723.0,64.3,2
75.63,1529.8,0.0032,0.003,17.3,8.2,-6.8,0.497,192.8,2023.0,73.0,1
77.92,1829.1,0.0092,0.194,13.4,4.9,-3.7,0.328,57.1,11028.0,75.1,1
100.0,1811.5,0.0181,0.0,4.5,1.7,-0.1,0.0,70.0,7431.0,40.2,0
84.38,1861.9,0.0334,0.542,1.4,4.1,-1.2,0.28,206.9,1545.0,48.8,0
32.08,898.3,0.0128,0.016,36.0,20.0,-12.7,1.826,39.6,3983.0,52.4,2
89.95,1961.9,0.0028,0.009,7.7,1.4,-1.4,0.503,207.4,12578.0,92.3,1
79.3,838.6,0.0404,0.091,7.3,2.8,-4.4,0.236,64.4,14011.0,57.3,0
100.0,1964.1,0.0214,0.0,-1.9,0.3,0.9,0.0,145.4,11955.0,42.5,0
82.02,1237.4,0.0044,0.146,10.3,6.2,-3.8,0.57,242.1,8512.0,73.9,1
72.4,1385.2,0.0229,0.059,17.9,10.9,-5.4,1.264,76.4,13523.0,47.1,1
100.0,1676.9,0.0593,0.0,3.8,4.0,-0.6,0.422,58.2,10312.0,59.1,1
15.76,248.1,0.0163,0.104,60.9,30.4,-18.0,2.384,221.1,12407.0,56.7,2
88.28,1319.7,0.0158,0.004,6.9,1.4,-3.7,0.248,287.7,2214.0,93.4,1
59.13,1102.9,0.0148,0.172,18.6,18.0,-10.7,1.88,282.2,7557.0,90.3,2
100.0,1654.0,0.0324,0.0,9.3,-2.7,4.2,0.193,201.4,908.0,44.6,0
21.34,301.1,0.0322,0.138,47.0,22.9,-15.4,1.804,117.3,4846.0,85.8,2
83.77,1497.7,0.0068,0.119,11.8,6.6,-3.4,0.744,169.3,3936.0,90.6,1
100.0,1832.7,0.0129,0.0,7.7,-0.9,4.5,0.0,291.3,12678.0,49.0,0
55.77,1524.2,0.0012,0.001,22.0,11.5,-5.9,0.268,129.8,929.0,63.7,1
100.0,1725.1,0.0021,0.0,0.1,3.9,-3.2,0.368,232.4,9122.0,63.7,0
80.73,1432.7,0.005,0.128,7.7,6.2,-5.0,0.317,135.3,2855.0,88.2,1
100.0,1782.6,0.0084,0.0,-4.1,4.9,4.1,0.082,160.3,6381.0,74.6,1
58.71,1012.9,0.0146,0.489,18.4,9.7,-5.2,1.531,92.6,2653.0,81.4,2
100.0,1937.8,0.0001,0.0,9.3,5.9,-0.1,0.0,48.2,5510.0,68.4,0
35.29,290.7,0.021,0.118,45.3,17.2,-8.2,1.435,218.0,13969.0,77.3,2
52.82,884.4,0.0124,0.009,26.5,13.1,-12.1,0.889,198.5,9162.0,98.7,2
52.08,815.4,0.0385,0.232,30.0,14.5,-8.1,0.832,182.9,6019.0,73.1,2
89.94,1710.5,0.0026,0.006,-4.0,6.5,-2.2,1.257,45.8,9381.0,79.7,1
62.18,1119.8,0.0268,0.024,25.3,11.6,-1.8,0.763,298.3,6569.0,65.7,2
77.7,1430.4,0.0166,0.008,8.3,8.1,-4.2,0.775,124.8,10355.0,69.5,0
33.63,1210.6,0.0543,0.11,33.1,19.9,-13.6,1.003,75.3,6174.0,83.1,2
50.9,853.2,0.0058,0.035,29.0,15.9,-8.3,0.901,44.2,968.0,46.3,1
76.56,1541.3,0.0106,0.189,16.8,1.5,-4.8,1.409,282.2,2977.0,77.2,1
57.57,1174.5,0.0314,0.002,20.6,12.7,-8.8,0.949,281.3,1643.0,52.5,1
31.5,765.7,0.0587,0.04,41.5,21.5,-10.0,1.566,290.3,2268.0,70.6,2
92.11,1906.1,0.0173,0.0,2.1,0.4,-1.5,0.0,149.2,13303.0,42.1,0
100.0,1668.7,0.0346,0.0,2.0,-0.1,-3.0,0.002,111.8,7004.0,53.7,0
45.54,628.3,0.003,0.065,38.1,16.9,-10.4,2.136,125.5,3519.0,97.5,2
54.12,846.9,0.0046,0.04,25.2,18.0,-4.4,1.204,50.6,11298.0,56.9,1
63.49,1123.5,0.0027,0.029,19.1,10.4,-7.2,0.692,140.5,12419.0,40.0,1
84.07,1635.2,0.0013,0.406,4.2,1.7,-3.4,0.748,226.2,5267.0,69.6,0
68.43,1465.2,0.0616,0.048,14.1,0.4,-7.7,1.318,210.3,9826.0,52.8,1
31.07,797.4,0.0257,0.018,34.8,20.6,-14.8,0.721,211.6,9793.0,84.9,2
100.0,1489.3,0.0321,0.0,-1.3,-0.3,-0.4,0.0,72.5,4478.0,95.2,1
35.47,733.1,0.0013,0.528,31.6,21.0,-13.2,1.065,96.8,10560.0,41.0,2
100.0,1666.5,0.0386,0.0,1.5,-4.6,0.4,0.0,83.6,7659.0,78.0,1
31.79,551.6,0.0056,0.0,25.9,15.8,-9.9,1.89,197.4,14220.0,71.8,2
86.0,1479.4,0.0049,0.006,8.0,0.0,-3.2,0.438,274.1,14508.0,74.1,1
100.0,1829.0,0.0221,0.0,3.1,3.3,-1.2,0.0,207.6,9837.0,93.6,1
83.75,1682.9,0.0026,0.101,14.0,6.9,-2.7,0.763,115.7,8604.0,80.9,1
40.11,817.0,0.0287,0.414,33.1,15.8,-10.6,1.53,83.1,335.0,86.7,2
100.0,1778.1,0.0061,0.0,10.9,-3.5,-2.0,0.574,151.8,6844.0,59.1,0
67.53,1346.3,0.0309,0.018,29.8,4.6,-7.5,0.684,56.1,926.0,43.5,1
56.18,875.7,0.0024,0.067,31.6,12.4,-8.1,1.483,227.7,11047.0,88.2,2
71.17,1163.7,0.0615,0.037,17.0,8.0,-4.4,0.287,291.9,5684.0,54.5,1
56.16,962.6,0.0086,0.017,18.4,15.9,-8.8,1.238,282.7,13612.0,52.3,1
100.0,1590.1,0.0345,0.0,7.0,0.5,4.5,0.0,146.5,3722.0,90.8,1
30.87,396.5,0.0016,0.075,41.0,22.3,-8.4,2.251,135.6,9149.0,52.7,2
66.2,962.6,0.014,0.057,19.5,3.7,-6.5,0.859,247.1,3528.0,84.2,2
52.71,585.2,0.0335,0.187,30.3,18.4,-11.6,1.459,243.4,14857.0,71.6,2
54.39,723.0,0.0064,0.055,11.6,12.8,-6.6,1.214,124.0,10207.0,89.7,2
48.23,864.8,0.0019,0.022,28.9,18.8,-10.1,0.572,255.4,6062.0,57.7,2
42.07,1115.4,0.0034,0.22,36.8,16.5,-12.3,1.987,183.6,2018.0,87.8,2
100.0,1763.1,0.0069,0.0,-3.7,0.1,1.6,0.331,86.3,11063.0,48.8,0
100.0,1658.9,0.0038,0.0,-1.1,0.6,0.2,0.0,152.5,9706.0,85.4,1
100.0,2002.0,0.0166,0.0,-3.8,-2.5,3.9,0.0,123.7,2232.0,71.4,0
49.93,741.8,0.0043,0.081,34.2,15.0,-10.1,1.305,100.8,6392.0,45.7,2
41.87,987.8,0.0128,0.031,28.5,13.8,-13.8,1.072,241.1,4076.0,89.1,2
52.73,872.1,0.0058,0.038,31.2,17.9,-4.5,0.369,142.3,8609.0,76.6,2
100.0,1841.4,0.0238,0.0,5.2,3.2,-0.8,0.0,191.2,11783.0,44.5,0
100.0,1731.0,0.0037,0.0,-3.2,-5.5,2.0,0.0,273.4,1630.0,98.7,1
100.0,1916.2,0.0336,0.0,-4.0,0.9,-3.0,0.781,105.3,2322.0,87.2,1
58.1,1048.4,0.0196,0.021,24.2,11.2,-7.8,1.657,223.1,337.0,44.1,1
94.24,1767.1,0.077,0.0,6.9,-0.9,1.6,0.409,119.4,940.0,97.5,2
84.8,1485.5,0.015,0.116,11.1,5.4,-2.5,0.515,130.2,4136.0,79.6,1
72.14,1806.2,0.0031,0.301,12.7,-0.2,-2.9,1.09,207.5,9639.0,47.5,1
93.33,1662.1,0.0336,0.0,4.1,4.9,-0.5,0.581,144.2,3342.0,52.0,0
79.67,1650.1,0.0238,0.046,1.4,8.7,-4.8,1.987,195.9,10438.0,92.3,1
49.15,931.2,0.0265,0.01,32.2,17.7,-8.0,1.263,42.7,9218.0,83.0,2
23.72,460.8,0.0067,0.055,40.3,21.9,-9.9,2.017,88.1,101.0,55.6,2
100.0,1668.4,0.014,0.0,-5.3,0.2,2.1,0.466,198.3,11414.0,45.9,0
44.19,433.8,0.0122,0.22,28.2,16.1,-9.3,0.653,287.6,7246.0,76.5,2
79.24,1268.0,0.0321,0.022,7.7,2.8,-7.2,0.0,280.3,9376.0,82.7,1
85.57,1491.0,0.0083,0.226,8.7,4.9,-4.7,0.408,175.1,966.0,50.6,0
14.67,95.6,0.0022,0.011,49.6,29.3,-19.2,2.531,115.2,60.0,81.3,2
85.89,1107.5,0.0077,0.014,13.6,5.9,-3.7,1.104,265.1,4584.0,45.7,0
95.51,1646.3,0.0831,0.0,2.7,-1.8,-5.3,0.232,192.1,14698.0,63.2,1
31.62,214.8,0.0239,0.194,36.5,19.7,-14.9,1.382,94.1,10226.0,84.9,2
100.0,1749.6,0.0185,0.0,-3.8,-0.3,-1.6,0.0,147.3,11370.0,90.0,1
79.92,1176.1,0.0047,0.021,15.1,10.1,-4.5,0.351,200.1,10696.0,73.2,1
93.64,1569.3,0.0016,0.0,5.5,-3.3,-0.6,0.264,55.1,4311.0,91.9,1
92.42,1668.1,0.0211,0.0,15.4,5.0,-1.0,0.406,114.4,9834.0,77.3,1
57.53,1266.5,0.0019,0.051,22.4,11.1,-6.5,1.107,171.2,13143.0,62.1,1
100.0,1847.4,0.0521,0.0,3.5,-1.7,0.3,0.0,256.7,10548.0,73.7,2
72.72,1381.8,0.037,0.047,13.3,5.9,-6.6,0.385,97.2,9545.0,42.9,1
48.29,1128.1,0.0033,0.102,34.6,16.5,-9.6,1.472,36.0,540.0,58.5,2
69.88,852.6,0.0083,0.02,20.5,10.5,-6.1,1.265,165.5,12574.0,55.8,1
100.0,1657.3,0.0114,0.0,-6.2,2.2,-1.2,0.0,207.8,6184.0,40.5,0
42.48,315.9,0.0242,0.359,35.9,21.9,-10.7,2.088,130.4,7590.0,70.5,2
9.05,147.0,0.0142,0.019,47.4,28.3,-14.4,2.231,266.7,3674.0,69.5,2
100.0,1660.0,0.0146,0.0,5.1,0.4,0.7,0.0,262.7,6787.0,89.9,1
90.83,1553.0,0.0027,0.0,3.8,1.4,2.7,0.685,144.8,13417.0,93.8,1
80.88,1635.4,0.0314,0.126,7.6,6.4,-2.7,0.439,82.7,7178.0,61.1,0
81.24,1491.9,0.0086,0.013,7.7,-0.1,-6.2,0.235,269.4,7185.0,50.2,0
62.94,950.1,0.0017,0.068,14.8,11.8,-10.5,0.189,167.4,810.0,96.2,2
100.0,1644.3,0.0436,0.0,0.2,0.1,-1.6,0.993,299.9,9421.0,44.0,0
93.2,1924.6,0.0146,0.0,-0.1,5.3,-0.1,0.657,210.2,7709.0,63.9,0
100.0,2113.1,0.0328,0.0,-0.5,-7.4,-3.2,0.0,235.9,6225.0,91.1,1
64.96,1076.9,0.0179,0.082,21.5,11.1,-4.5,1.301,45.7,11871.0,88.5,2
79.4,1486.4,0.0149,0.066,11.4,3.4,-4.6,1.479,199.9,3409.0,63.4,0
59.34,931.7,0.0099,0.009,19.9,11.1,-8.9,0.927,144.0,10449.0,53.6,1
100.0,1763.4,0.065,0.0,4.6,-3.0,-0.0,0.0,284.8,14577.0,94.5,2
42.1,755.4,0.014,0.12,32.3,20.4,-9.6,1.256,299.6,12574.0,53.3,2
100.0,1907.4,0.0108,0.0,1.6,6.4,3.1,0.0,97.0,6997.0,74.6,1
100.0,1947.9,0.0502,0.0,2.3,-0.5,0.1,0.124,289.1,9507.0,93.7,2
78.24,1318.6,0.0351,0.112,21.2,1.4,-4.0,0.516,129.1,12309.0,82.1,1
38.64,961.7,0.1404,0.048,30.1,19.4,-8.9,2.042,216.4,3581.0,68.6,2
100.0,1647.7,0.0119,0.0,2.1,1.9,1.4,0.0,263.0,12223.0,56.6,0
72.85,1306.8,0.0096,0.036,15.7,11.4,-4.8,0.721,254.6,5951.0,43.4,1
82.34,1523.4,0.0616,0.162,15.0,10.5,-4.4,0.777,148.0,8976.0,97.6,2
66.4,1443.4,0.0217,0.007,20.4,10.0,-3.3,0.985,136.6,4062.0,61.3,1
100.0,1022.4,0.0254,0.0,1.1,-0.1,1.2,0.13,32.1,1265.0,69.8,0
100.0,1908.5,0.0334,0.0,5.8,3.1,-0.2,0.495,279.7,7935.0,45.5,0
61.23,1568.3,0.0072,0.084,17.8,17.3,-6.5,0.572,133.8,10458.0,98.1,2
70.14,1112.3,0.0156,0.092,11.4,4.0,-4.8,1.012,103.8,7142.0,56.9,1
100.0,2336.0,0.0202,0.0,-8.8,-6.6,-0.0,0.252,263.6,14363.0,90.8,1
59.18,956.7,0.0217,0.102,20.0,11.4,-6.2,0.921,166.7,2653.0,78.6,2
89.14,1685.4,0.0097,0.162,15.6,1.4,1.0,0.0,150.5,13644.0,43.1,0
51.16,907.2,0.0639,0.106,36.0,14.3,-4.6,1.028,219.5,1531.0,62.0,1
63.92,1458.0,0.0044,0.044,13.3,7.8,-4.6,1.305,91.4,7348.0,72.9,2
46.11,921.6,0.0138,0.424,31.6,16.5,-8.7,0.68,72.0,4903.0,66.2,2
98.04,1742.7,0.0023,0.0,1.4,-2.9,1.3,0.0,282.8,8973.0,72.3,1
85.16,1391.0,0.0064,0.181,5.1,8.5,-2.3,0.686,244.4,7801.0,45.2,0
70.92,990.6,0.0009,0.104,17.8,-1.6,-3.5,1.193,115.8,12779.0,97.2,2
59.43,1324.1,0.018,0.039,21.5,9.7,-6.7,1.669,244.8,3026.0,51.8,1
39.92,751.8,0.0002,0.17,42.6,18.3,-9.7,1.996,94.0,4933.0,76.6,2
61.82,924.2,0.0141,0.022,18.3,8.9,-4.1,1.135,30.7,6867.0,64.8,1
89.01,1477.3,0.0286,0.226,9.9,6.3,-0.6,0.211,258.1,9466.0,72.3,1
100.0,1774.9,0.0096,0.0,3.9,-3.4,-2.3,0.0,145.6,6760.0,50.8,0
84.48,1501.5,0.0215,0.012,10.8,2.6,-1.5,0.393,268.5,6233.0,75.9,1
74.67,1504.8,0.0251,0.072,17.3,8.9,-5.2,0.115,105.1,13967.0,68.3,2
49.74,1215.8,0.0326,0.123,29.6,9.2,-8.5,1.895,287.8,1258.0,77.0,2
100.0,1851.7,0.007,0.0,11.8,-3.8,-0.5,0.0,201.7,4713.0,50.7,0
100.0,1722.8,0.049,0.0,2.4,1.5,0.5,0.138,63.3,6438.0,89.8,1
100.0,2245.7,0.0001,0.0,-0.0,0.8,-1.3,0.382,134.9,167.0,93.2,1
80.57,1256.2,0.001,0.043,15.5,8.3,-3.7,0.25,239.6,2179.0,97.8,1
89.04,1584.6,0.0074,0.43,18.4,5.6,-4.2,0.367,266.3,13764.0,96.0,1
48.83,987.3,0.0917,0.049,30.8,14.7,-10.6,1.032,196.2,13580.0,69.5,2
63.93,1220.1,0.0145,0.047,9.9,11.9,-6.3,0.643,120.2,777.0,80.8,2
82.93,1820.4,0.0075,0.221,13.1,5.3,-3.0,1.075,222.8,1888.0,56.8,0
89.27,1533.0,0.0105,0.556,16.3,4.1,-3.1,0.443,124.1,20.0,45.6,0
37.6,255.8,0.0033,0.012,33.0,21.8,-13.2,1.827,182.9,6081.0,96.5,2
83.99,1428.5,0.0069,0.073,16.1,-1.7,-3.8,0.402,247.4,13164.0,42.7,0
100.0,1688.2,0.0293,0.0,-5.5,1.2,-1.6,0.121,75.8,9217.0,60.2,0
91.95,1588.3,0.0075,0.0,11.8,4.2,0.8,0.0,184.3,11232.0,53.0,0
77.13,1271.7,0.0105,0.248,15.4,7.8,-4.5,0.796,98.1,11511.0,79.8,1
97.61,1655.5,0.0203,0.0,0.4,-0.9,2.6,0.218,138.8,11957.0,67.0,0
61.65,979.2,0.0033,0.045,8.6,11.0,-6.7,0.789,165.2,10153.0,50.1,1
50.74,969.7,0.0027,0.233,17.5,14.1,-5.0,1.123,203.2,14987.0,54.6,1
73.55,1509.2,0.0188,0.028,13.9,6.9,-2.9,0.493,238.7,1007.0,77.7,2
94.16,1501.2,0.0047,0.0,-0.0,1.9,-2.0,0.08,54.0,9291.0,58.9,0
47.96,917.4,0.0102,0.146,36.6,18.1,-10.6,0.94,88.8,2303.0,52.7,2
100.0,1807.0,0.0023,0.0,4.1,0.2,0.8,0.297,240.2,11875.0,98.6,1
71.34,1142.8,0.0097,0.078,17.5,4.6,-5.6,0.624,35.9,4410.0,43.2,1
95.59,1413.9,0.0145,0.0,0.8,1.0,-0.3,0.909,169.5,13950.0,99.9,1
100.0,1391.4,0.0026,0.0,-1.9,3.9,2.2,0.0,294.5,4845.0,54.5,0
67.3,1047.5,0.0017,0.287,16.3,10.1,-7.2,0.572,239.9,4849.0,68.2,2
74.75,1436.3,0.0033,0.033,15.2,2.2,-1.0,1.362,295.2,11612.0,94.9,2
37.22,942.9,0.0088,0.237,30.4,18.5,-8.8,1.408,181.0,13895.0,93.3,2
42.15,466.9,0.0101,0.03,37.1,16.5,-13.3,0.27,107.9,12261.0,42.7,2
88.36,1304.2,0.0128,0.027,9.7,1.2,-4.5,0.033,296.3,2795.0,85.7,1
44.31,785.9,0.0252,0.174,32.6,20.3,-9.7,0.994,204.2,11066.0,73.5,2
89.32,1428.5,0.0011,0.136,-3.1,-2.1,-3.9,1.054,107.2,12548.0,93.6,1
73.72,1077.4,0.0037,0.08,13.3,12.7,-5.0,1.323,119.7,5246.0,55.1,1
100.0,1973.3,0.0057,0.0,4.1,2.6,-1.4,0.0,60.7,3254.0,67.6,0
59.17,1343.7,0.0404,0.142,25.5,6.1,-8.6,1.165,64.5,9547.0,91.9,2
100.0,1702.3,0.0331,0.0,2.0,-1.3,3.1,0.0,265.5,13748.0,45.1,0
63.84,1133.8,0.0118,0.004,14.5,14.3,-5.7,1.408,176.8,14571.0,79.4,2
58.28,1143.1,0.0007,0.082,15.9,11.7,-6.4,1.01,78.4,9025.0,95.0,2
89.75,1450.8,0.034,0.023,8.7,-5.3,3.5,0.0,90.9,10843.0,76.7,1
88.53,1179.4,0.0259,0.038,2.1,-0.7,-2.3,0.118,67.0,11120.0,80.4,1
97.86,1548.3,0.0142,0.0,1.9,-2.3,-0.0,0.788,177.1,14078.0,89.1,1
74.67,1314.0,0.0013,0.019,14.1,7.4,-0.4,1.234,267.6,13911.0,88.1,2
49.83,1122.4,0.0054,0.046,26.4,12.2,-6.9,1.596,247.0,1143.0,69.6,2
78.72,1280.8,0.0317,0.093,8.0,3.7,-3.3,0.938,236.9,3725.0,95.1,1
75.93,1356.6,0.0186,0.069,13.9,2.3,-6.1,1.15,270.0,7475.0,73.5,1
57.57,869.9,0.0063,0.23,22.7,13.1,-8.9,1.128,192.5,870.0,80.6,2
77.13,1178.8,0.0144,0.035,8.8,7.6,-7.4,0.917,280.1,4010.0,92.3,1
100.0,1834.3,0.0093,0.0,2.8,4.3,-0.4,0.173,187.6,5701.0,94.5,1
70.16,1231.2,0.0044,0.11,13.4,6.7,-7.2,1.161,182.6,13097.0,54.0,1
63.65,1458.4,0.0611,0.078,21.6,4.7,-3.4,1.395,120.4,9237.0,42.3,1
100.0,1615.3,0.0112,0.0,1.3,-4.9,-2.0,0.497,104.6,12817.0,76.7,1
66.73,1188.7,0.0173,0.131,15.2,7.8,-3.9,1.217,71.0,2274.0,47.6,1
100.0,1594.5,0.0348,0.0,0.4,-0.3,-0.9,0.578,142.9,10475.0,95.4,1
100.0,2116.9,0.0044,0.0,11.6,3.7,-1.3,0.424,241.1,10343.0,73.7,1
50.99,1029.3,0.0262,0.011,29.4,10.5,-7.2,1.328,142.2,13117.0,43.7,1
90.27,1644.9,0.0139,0.0,16.5,3.1,-2.9,1.179,206.1,1545.0,65.2,0
42.6,406.8,0.0246,0.15,37.5,19.1,-9.2,0.988,239.5,3728.0,89.1,2
92.68,1415.2,0.0516,0.0,12.9,3.2,-2.5,0.102,248.5,6865.0,64.9,1
88.38,1791.7,0.0423,0.095,3.9,1.8,-2.5,1.188,45.7,11694.0,52.7,0
39.15,748.7,0.0047,0.144,25.4,19.4,-12.7,1.516,249.4,6449.0,85.5,2
100.0,1667.5,0.0298,0.0,5.0,1.0,-1.1,0.0,106.5,3524.0,48.0,0
98.05,1677.0,0.0028,0.0,7.8,-2.7,-0.8,0.0,289.6,11126.0,82.7,1
83.32,1696.6,0.0639,0.108,-0.4,0.2,0.5,0.654,36.9,10839.0,95.7,2
88.99,1408.7,0.0072,0.084,13.2,8.6,-1.3,0.0,69.6,2723.0,60.8,0
72.3,1215.2,0.0031,0.016,17.8,5.9,-5.3,0.308,163.2,2574.0,58.8,1
72.22,874.8,0.0071,0.181,14.6,7.0,-6.9,1.664,271.3,5704.0,91.9,2
100.0,1831.3,0.0131,0.0,-5.0,-2.8,3.0,0.0,98.6,6994.0,79.6,1
66.53,993.5,0.0406,0.003,19.6,11.5,-5.5,1.001,264.7,834.0,63.5,1
100.0,1555.6,0.0456,0.0,4.2,5.6,3.6,0.0,121.4,9890.0,98.8,1
100.0,1547.2,0.0042,0.0,5.0,-0.1,-0.5,0.0,251.0,13194.0,46.8,0
70.22,1294.9,0.0081,0.109,20.6,8.9,-8.9,1.419,249.3,739.0,67.2,2
100.0,1911.6,0.0085,0.0,4.3,2.6,0.4,0.0,199.0,1355.0,62.0,0
76.91,1679.7,0.0449,0.006,24.7,11.9,-0.8,0.178,79.5,7920.0,59.2,0
15.22,339.3,0.0225,0.031,40.8,30.8,-14.2,3.259,89.3,9491.0,63.4,2
86.24,1426.0,0.0163,0.014,3.0,0.3,-3.4,0.402,85.8,5508.0,99.4,1
35.65,555.2,0.0171,0.051,31.1,22.1,-12.6,1.22,183.6,2175.0,87.9,2
63.29,925.3,0.0119,0.224,18.2,14.3,-6.1,1.397,244.7,7511.0,73.7,2
52.19,805.3,0.0091,0.3,31.1,21.0,-10.1,1.994,151.4,5419.0,46.4,1
100.0,1788.2,0.011,0.0,-3.1,-7.1,0.1,0.0,191.9,11974.0,59.2,0
100.0,1896.7,0.0184,0.0,-0.3,-3.6,1.5,0.094,82.4,9757.0,46.5,0
34.43,811.2,0.0183,0.19,38.1,23.4,-9.5,1.357,102.5,638.0,73.7,2
100.0,1654.3,0.0144,0.0,-3.1,-1.6,-0.0,0.0,251.2,3319.0,50.6,0
44.79,1124.2,0.0176,0.48,37.3,15.3,-10.7,0.92,55.4,2256.0,75.4,2
31.93,1033.4,0.0084,0.026,34.3,19.6,-13.0,1.7,114.7,11251.0,85.1,2
100.0,1798.0,0.0184,0.0,-1.2,3.0,0.6,0.0,165.3,2765.0,78.8,1
78.31,1297.8,0.023,0.224,20.8,4.7,-2.6,0.0,206.9,13267.0,55.6,0
89.97,1495.1,0.0737,0.022,9.2,0.2,-1.9,0.062,246.2,1354.0,97.5,2
100.0,1432.9,0.0045,0.0,-3.1,0.7,-1.9,0.186,264.0,3608.0,49.6,0
73.04,1020.8,0.0069,0.001,9.6,5.0,-4.8,1.14,161.4,3913.0,50.2,1
52.09,844.1,0.0563,0.079,22.7,17.2,-8.2,0.802,213.2,9308.0,92.9,2
61.63,1017.6,0.0022,0.058,27.7,16.6,-7.4,1.137,87.3,2478.0,96.2,2
27.93,439.7,0.0067,0.057,37.2,27.0,-9.7,1.394,80.9,1640.0,51.8,2
73.24,1509.1,0.038,0.06,6.7,4.9,-6.1,0.763,137.7,12532.0,78.3,2
46.53,726.6,0.0021,0.038,24.5,15.0,-10.7,1.741,152.8,1428.0,83.5,2
78.52,1298.2,0.0201,0.001,20.5,3.9,-4.1,0.0,101.7,12643.0,81.0,1
67.83,1175.8,0.0311,0.193,20.2,5.6,-6.5,0.951,86.5,14687.0,72.8,2
100.0,1873.2,0.0,0.0,5.6,-1.0,-1.2,0.686,186.3,13413.0,84.1,1
100.0,1784.4,0.005,0.0,3.9,-1.7,0.8,0.0,158.9,10038.0,93.0,1
100.0,1992.3,0.0552,0.0,2.2,1.2,0.6,0.204,44.5,14122.0,59.6,1
49.13,1105.8,0.0238,0.011,35.8,15.5,-7.1,1.525,254.3,1587.0,74.8,2
76.83,1486.1,0.0041,0.095,12.4,5.2,-6.3,0.383,88.1,13897.0,89.4,1
20.1,238.4,0.038,0.172,47.5,32.5,-11.5,2.064,271.5,3613.0,50.2,2
80.86,1535.2,0.0047,0.043,11.5,6.2,-3.7,0.442,145.9,12435.0,59.8,0
66.8,1335.5,0.0099,0.152,13.0,10.3,-7.8,0.878,224.9,540.0,87.4,2
100.0,2010.3,0.0135,0.0,-2.1,5.2,-0.3,0.0,287.5,9234.0,58.8,0
87.29,1567.2,0.0022,0.155,4.1,1.2,-6.7,0.754,279.4,3985.0,60.0,0
98.21,1676.8,0.0017,0.0,1.4,3.3,-0.4,0.0,211.9,8416.0,86.6,1
77.85,1353.5,0.0086,0.014,16.0,11.4,-5.6,0.0,90.2,6026.0,79.3,1
100.0,1292.7,0.0132,0.0,1.7,-4.6,1.4,0.085,64.0,1509.0,89.6,1
35.82,616.1,0.006,0.055,42.3,15.5,-12.9,1.163,141.8,4473.0,80.4,2
99.58,2005.4,0.0209,0.0,-5.4,4.3,2.9,0.787,77.6,11941.0,95.7,1
46.95,847.4,0.0031,0.114,26.8,15.8,-9.8,1.009,102.5,8562.0,74.1,2
90.75,1756.6,0.0195,0.0,0.9,5.5,-1.2,0.014,148.8,11970.0,70.6,0
48.62,1140.1,0.0097,0.014,25.6,12.4,-12.7,1.623,170.2,524.0,75.3,2
100.0,1790.9,0.0211,0.0,-0.5,-1.7,-0.5,0.0,125.8,11218.0,82.1,1
100.0,1888.2,0.0111,0.0,-3.2,4.0,3.2,0.681,97.2,837.0,97.8,1
80.44,1761.1,0.0014,0.133,11.1,7.1,-2.3,0.127,171.8,5450.0,40.2,0
100.0,1417.9,0.0029,0.0,4.9,0.0,-2.6,0.213,187.2,6923.0,44.6,0
78.96,1304.9,0.0123,0.097,9.7,4.7,-0.2,0.0,67.0,11964.0,72.0,1
55.43,1061.1,0.0277,0.116,33.2,13.9,-10.9,0.691,210.0,4174.0,53.0,1
89.37,1954.8,0.0218,0.462,11.6,7.0,-1.4,0.142,70.2,6085.0,70.6,0
96.9,1922.7,0.0185,0.0,-2.0,1.6,-0.1,0.12,139.9,4527.0,84.5,1
100.0,2044.1,0.013,0.0,-0.9,-1.3,-1.1,0.0,268.1,11319.0,95.3,1
79.73,1518.9,0.0138,0.068,5.3,5.8,0.1,0.0,31.1,12707.0,48.6,0
92.31,1782.2,0.0225,0.0,1.0,0.5,-2.0,0.041,39.2,9119.0,53.5,0
43.57,434.4,0.0213,0.049,29.1,16.6,-9.7,1.149,79.1,11990.0,81.6,2
13.56,478.5,0.0174,0.084,49.9,27.6,-15.6,2.355,74.6,12153.0,40.9,2
59.61,1358.0,0.0095,0.033,20.9,12.5,-7.4,1.146,285.6,4528.0,55.3,1
68.79,1350.3,0.0229,0.099,16.9,13.4,-3.3,1.306,34.5,9293.0,47.0,1
88.17,1697.9,0.0222,0.032,2.5,-2.4,-2.8,0.0,113.2,17.0,98.6,1
37.17,674.1,0.045,0.066,30.1,19.7,-13.6,2.87,211.6,12908.0,41.1,2
63.39,988.9,0.0138,0.117,17.4,4.6,-8.9,1.379,142.5,8088.0,50.2,1
56.69,1146.8,0.069,0.122,21.9,12.3,-6.2,1.457,174.9,11368.0,76.6,2
97.68,1680.0,0.0144,0.0,6.4,1.0,-0.7,0.115,101.6,4146.0,43.8,0
100.0,1906.4,0.0232,0.0,0.0,2.1,2.0,0.51,108.4,88.0,91.3,1
63.81,1117.5,0.0006,0.125,10.0,15.0,-8.6,0.99,258.6,1072.0,99.4,2
56.44,788.7,0.0344,0.396,21.1,13.6,-6.2,0.68,299.9,4982.0,68.8,2
100.0,1585.7,0.0054,0.0,5.9,5.9,-2.0,0.0,223.6,73.0,94.8,1
87.33,1881.9,0.0057,0.191,4.1,4.8,0.9,0.479,35.9,820.0,51.9,0
95.64,1680.6,0.0026,0.0,-4.6,-1.7,-3.6,0.081,36.9,10917.0,86.3,1
100.0,1601.9,0.0287,0.0,1.2,5.1,-0.2,0.0,224.0,1657.0,88.0,1
62.53,1216.7,0.0042,0.403,27.8,15.1,-5.9,0.0,286.0,10429.0,72.0,2
42.49,715.5,0.0103,0.177,32.7,14.2,-13.6,0.824,284.5,5241.0,55.6,2
51.04,948.3,0.0063,0.026,30.8,14.2,-7.3,1.9,130.8,13224.0,64.5,1
63.95,1080.1,0.0075,0.26,20.9,12.0,-7.1,1.248,286.7,1499.0,79.9,2
100.0,1974.2,0.0012,0.0,6.1,-0.3,-1.8,0.0,212.9,9216.0,95.9,1
100.0,1522.1,0.015,0.0,-0.7,-2.5,-2.5,0.0,239.4,12428.0,50.8,0
63.83,1147.9,0.0047,0.333,20.6,11.5,-6.9,1.145,252.0,10.0,74.1,2
72.97,1381.2,0.0,0.287,8.4,10.5,-6.4,0.0,46.0,12240.0,53.0,1
52.56,923.5,0.029,0.007,18.3,12.3,-8.6,0.938,252.1,10277.0,62.8,1
96.81,1797.1,0.0147,0.0,-4.7,-2.1,-3.3,0.005,185.8,10996.0,49.2,0
53.74,753.5,0.0157,0.096,28.5,13.4,-6.7,0.935,106.1,3701.0,85.9,2
100.0,1475.4,0.0221,0.0,8.3,2.3,-0.7,0.713,106.0,1869.0,85.2,1
62.89,942.8,0.0288,0.347,20.3,6.8,-6.6,0.35,44.3,9240.0,57.9,1
93.21,1779.6,0.022,0.0,2.1,4.4,-2.3,0.587,294.6,502.0,52.5,0
63.63,851.9,0.0205,0.07,14.8,14.9,-7.4,1.966,154.2,3128.0,98.1,2
52.69,811.0,0.0147,0.176,31.2,10.2,-7.2,0.697,91.3,1254.0,46.1,1
81.6,1612.3,0.042,0.03,19.5,4.4,-6.6,0.0,91.4,7895.0,52.6,0
61.48,969.6,0.0032,0.06,20.7,17.9,-5.7,1.378,246.4,14989.0,77.5,2
38.92,882.7,0.0049,0.276,34.3,17.4,-13.3,1.678,170.1,1142.0,97.7,2
98.48,2100.9,0.0009,0.0,4.8,2.2,3.5,0.224,238.6,10772.0,66.8,0
43.75,1041.0,0.0288,0.172,33.0,19.6,-11.2,1.011,144.4,7610.0,51.5,2
100.0,1641.7,0.0134,0.0,-1.2,3.8,-4.3,0.585,40.9,6438.0,67.3,0
100.0,1824.9,0.0097,0.0,-1.5,0.3,0.4,0.219,86.2,10509.0,81.8,1
98.2,1633.6,0.0023,0.0,1.1,-0.1,2.1,0.0,97.5,14622.0,50.5,0
100.0,1810.1,0.0037,0.0,4.1,3.8,0.6,0.463,157.9,4612.0,62.0,0
70.12,1157.7,0.0034,0.106,17.0,10.6,-5.0,0.618,173.3,11832.0,95.6,2
66.99,1168.5,0.0362,0.007,15.3,9.0,-4.6,1.029,196.6,11895.0,93.0,2
96.77,1850.6,0.0154,0.0,5.9,-1.0,-3.5,0.844,221.9,13064.0,52.9,0
100.0,2052.6,0.0078,0.0,6.2,0.0,4.5,0.373,88.8,1369.0,52.0,0
72.49,973.3,0.0006,0.036,2.5,7.2,-6.5,0.257,253.9,3810.0,93.2,2
60.98,1175.0,0.0052,0.081,26.6,15.0,-9.1,1.195,193.7,12070.0,55.5,1
95.91,1430.1,0.0407,0.0,-1.1,2.6,-0.3,0.618,214.3,4278.0,96.0,1
56.04,888.0,0.0311,0.226,31.9,10.1,-5.9,1.069,245.5,14227.0,50.5,1
70.5,1353.0,0.0076,0.149,13.8,6.2,-7.8,0.785,80.1,4455.0,54.8,1
43.84,791.5,0.0066,0.125,31.8,15.3,-10.0,1.686,30.0,11054.0,70.2,2
40.5,582.2,0.0264,0.276,33.2,22.3,-9.7,1.371,94.5,7782.0,70.9,2
100.0,2233.4,0.0256,0.0,-6.4,-8.6,1.8,0.328,260.4,2750.0,65.5,0
85.54,1696.3,0.0023,0.008,7.3,7.9,-1.3,0.0,267.8,13037.0,40.9,0
88.42,1923.3,0.0103,0.165,4.0,6.8,-1.8,0.0,154.3,1061.0,50.6,0
61.36,978.8,0.0473,0.288,10.6,20.0,-6.5,1.256,41.7,14255.0,56.8,1
48.53,712.4,0.0021,0.081,30.5,14.3,-11.2,2.273,103.7,1884.0,48.9,2
56.94,1026.3,0.0183,0.014,24.9,12.5,-9.2,1.398,212.5,6946.0,70.7,2
76.36,1592.9,0.0278,0.055,16.5,7.1,-4.4,0.469,73.0,14428.0,53.4,0
100.0,1776.6,0.0105,0.0,-6.9,-3.5,-5.0,0.0,156.5,14399.0,97.4,1
67.23,923.6,0.007,0.051,12.6,7.8,-6.2,0.732,141.6,5046.0,88.3,2
67.03,1291.8,0.0153,0.039,24.7,9.1,-5.9,0.0,55.8,3881.0,76.4,2
77.41,1733.1,0.0006,0.034,10.1,3.4,-2.8,0.709,174.4,10131.0,59.2,0
14.65,338.9,0.043,0.026,46.4,24.8,-11.8,1.603,163.1,4144.0,93.6,2
88.3,1547.2,0.0071,0.044,4.0,6.2,-2.7,0.244,269.1,6928.0,59.1,0
89.51,1705.0,0.0038,0.081,-1.4,-1.9,1.6,0.0,205.4,9692.0,89.0,1
13.92,203.6,0.011,0.146,45.7,20.0,-18.1,2.846,154.1,5272.0,52.1,2
88.51,1332.5,0.0224,0.023,7.8,1.7,-5.2,0.074,104.6,6251.0,75.0,1
100.0,1759.3,0.0415,0.0,-2.4,2.9,0.6,0.0,112.1,5827.0,85.8,1
82.16,1949.4,0.041,0.119,7.1,8.6,-3.2,0.629,159.4,10212.0,66.2,0
80.58,1269.8,0.0179,0.532,15.8,0.9,-2.4,0.164,63.7,1890.0,41.3,0
68.4,1061.2,0.0492,0.098,16.0,10.5,-2.5,0.785,160.8,5683.0,57.7,1
44.04,717.7,0.0042,0.063,35.1,17.6,-9.8,1.052,106.0,11500.0,83.7,2
93.34,1520.9,0.0272,0.0,9.4,5.7,1.5,0.309,98.7,13449.0,48.8,0
39.65,680.1,0.0331,0.044,39.8,16.0,-9.2,1.27,132.1,11734.0,52.9,2
65.22,1376.8,0.0311,0.109,19.0,10.4,-10.3,0.675,252.5,8493.0,53.1,1
81.04,1671.2,0.0102,0.285,12.9,5.3,1.1,1.054,178.3,9993.0,46.6,0
100.0,1363.4,0.0064,0.0,-0.8,-1.5,-0.4,0.0,244.4,4238.0,52.8,0
7.61,21.7,0.004,0.062,57.0,30.9,-19.3,2.238,195.2,8771.0,72.3,2
55.82,876.6,0.0008,0.274,26.9,15.5,-8.5,1.406,83.3,1345.0,44.5,1
10.09,0.0,0.0369,0.122,42.3,23.8,-18.0,2.694,268.0,5997.0,46.5,3
89.28,1289.3,0.0416,0.014,12.3,4.5,-1.8,0.383,159.1,3441.0,77.3,1
74.42,1099.4,0.0044,0.012,15.2,7.3,-2.8,0.75,233.8,5367.0,44.0,1
95.34,1923.3,0.0008,0.0,5.9,-3.8,-1.1,0.0,224.7,10560.0,49.0,0
27.15,418.3,0.0199,0.097,40.7,17.1,-14.2,2.024,263.8,201.0,88.6,2
100.0,1917.6,0.0066,0.0,-4.9,3.8,-0.1,0.796,168.4,5595.0,59.8,0
66.69,1125.3,0.081,0.016,15.7,14.7,-6.9,0.369,198.9,1632.0,97.6,2
41.55,656.4,0.0019,0.114,29.5,16.3,-10.4,2.201,252.2,9459.0,92.8,2
67.0,1167.9,0.0133,0.005,18.5,12.7,-5.1,1.363,100.8,8127.0,46.7,1
100.0,1577.8,0.0346,0.0,-2.6,-1.1,-2.4,0.0,248.3,2202.0,65.0,0
90.42,1671.6,0.0195,0.0,16.4,7.4,-2.2,0.504,108.2,12532.0,97.9,1
56.04,1238.3,0.0052,0.082,25.5,16.8,-11.3,0.876,86.2,9400.0,66.2,2
83.52,1707.6,0.012,0.055,7.2,0.0,-2.8,0.344,163.3,7925.0,97.3,1
36.36,516.3,0.0206,0.03,34.7,16.0,-12.2,1.96,132.1,4068.0,76.6,2
59.75,979.0,0.0058,0.059,26.2,12.0,-5.3,0.252,187.4,2246.0,92.1,2
48.63,1131.6,0.0074,0.07,26.1,12.4,-11.3,1.417,206.7,5561.0,65.6,2
74.34,1331.8,0.0037,0.009,15.4,8.0,-4.0,0.889,59.9,2303.0,71.8,2
80.66,1641.6,0.0068,0.106,12.4,15.4,-3.1,0.0,146.6,13726.0,51.6,0
57.43,1255.0,0.0309,0.357,28.8,10.6,-10.6,0.37,219.2,14488.0,90.8,2
45.24,760.1,0.0076,0.171,26.8,12.9,-10.6,1.538,286.3,9700.0,73.3,2
100.0,1939.2,0.0433,0.0,11.5,-0.1,0.5,0.276,259.8,13415.0,85.6,1
100.0,1832.9,0.0101,0.0,-1.1,-1.1,1.5,0.179,70.1,14972.0,96.0,1
77.77,1306.3,0.0131,0.06,4.3,7.8,-2.7,0.0,40.4,9173.0,91.6,1
100.0,1734.5,0.0174,0.0,-9.0,3.3,1.4,0.584,204.0,8387.0,65.9,0
53.92,995.7,0.0373,0.071,28.3,13.1,-10.0,0.694,152.1,6585.0,52.6,1
100.0,1752.2,0.0798,0.0,3.5,-1.5,-0.6,0.0,282.7,12689.0,74.1,2
81.47,1302.1,0.0383,0.005,9.3,3.1,-3.1,0.211,299.4,10303.0,94.5,1
100.0,1785.5,0.0262,0.0,-3.8,3.4,-0.3,0.0,65.3,12361.0,92.0,1
85.18,1525.3,0.0045,0.042,5.8,5.8,-1.3,0.769,111.0,9851.0,88.9,1
27.73,456.0,0.0004,0.423,36.9,22.1,-15.3,1.451,198.8,11930.0,63.6,2
45.01,659.9,0.0297,0.078,33.1,20.6,-8.2,1.887,265.6,7129.0,63.5,2
100.0,2150.7,0.0015,0.0,4.5,7.9,0.2,0.0,45.4,10051.0,43.6,0
28.19,401.6,0.0019,0.012,45.0,18.7,-8.8,1.869,100.5,10296.0,93.7,2
100.0,1834.0,0.0006,0.0,1.1,-4.3,-0.2,0.704,244.3,14952.0,96.1,1
42.23,565.7,0.0035,0.078,30.3,17.2,-12.0,1.583,148.5,13403.0,67.1,2
87.94,1477.1,0.0134,0.08,17.5,9.4,-0.9,0.169,67.6,21.0,46.8,0
100.0,1392.9,0.0075,0.0,4.0,-2.5,-0.5,0.297,69.2,2299.0,93.7,1
51.62,621.6,0.0298,0.232,32.8,13.6,-8.6,0.732,259.8,1269.0,91.5,2
100.0,1872.9,0.012,0.0,2.0,1.2,3.7,0.26,79.4,13106.0,89.6,1
51.29,945.1,0.0427,0.121,28.0,15.4,-9.2,1.115,76.8,13733.0,81.0,2
65.37,1581.2,0.0042,0.005,15.7,13.2,-4.8,1.075,235.4,14532.0,93.5,2
57.1,1155.9,0.0092,0.022,20.2,10.0,-9.1,0.796,45.9,8730.0,69.2,2
79.16,1196.2,0.0033,0.105,11.3,7.1,-0.2,0.442,103.0,297.0,96.7,1
73.68,1206.5,0.0027,0.036,19.0,11.2,-2.9,0.826,81.7,11964.0,68.2,2
11.62,0.0,0.0015,0.008,46.4,31.1,-15.0,2.085,236.7,7274.0,79.9,3
100.0,1644.9,0.0163,0.0,-7.2,-0.1,-2.1,0.0,187.2,12584.0,84.8,1
64.79,1155.8,0.0019,0.147,15.8,6.2,-7.4,0.774,69.2,11021.0,67.3,2
100.0,1673.3,0.008,0.0,6.4,1.2,-1.9,0.139,34.5,7650.0,56.7,0
100.0,1558.1,0.0234,0.0,-1.7,1.0,3.2,0.125,151.2,14740.0,48.5,0
95.41,1807.1,0.0187,0.0,3.9,-1.6,-0.1,0.0,75.9,14919.0,54.9,0
69.6,1073.0,0.0799,0.074,25.6,10.0,-4.8,1.008,87.6,11976.0,61.7,1
100.0,1314.7,0.0078,0.0,7.9,0.7,-2.8,0.605,55.0,13798.0,83.1,1
100.0,1511.6,0.0345,0.0,-10.6,-0.1,-0.9,0.569,105.9,9758.0,91.6,1
71.54,1235.4,0.0027,0.01,19.3,9.3,-3.8,0.263,172.2,10992.0,43.9,1
94.67,1839.4,0.0034,0.0,6.6,1.9,-0.1,0.0,102.9,8834.0,99.2,1
93.5,1499.9,0.0028,0.0,9.4,4.9,-3.0,0.0,74.3,14170.0,46.2,0
100.0,2022.7,0.0144,0.0,6.2,5.2,2.8,0.733,173.0,952.0,81.7,1
81.89,1719.7,0.044,0.176,-2.3,4.2,-3.5,0.684,199.8,5509.0,99.7,1
100.0,2269.2,0.0407,0.0,-2.3,-3.8,3.7,0.369,45.5,10766.0,82.0,1
98.94,1851.7,0.0236,0.0,3.7,-4.4,2.5,0.131,99.7,5596.0,61.6,0
100.0,1816.1,0.0361,0.0,-1.4,0.8,3.4,0.0,178.1,4898.0,98.2,1
86.22,1626.1,0.0248,0.011,9.1,4.9,-4.3,0.0,264.3,8543.0,54.7,0
34.73,708.5,0.0416,0.103,40.3,16.1,-11.6,2.302,271.7,1240.0,92.4,2
73.33,1251.4,0.0012,0.04,2.9,7.7,-3.9,1.037,252.1,1241.0,66.0,2
78.2,1101.9,0.0046,0.123,17.4,2.4,-4.2,0.8,284.0,11915.0,51.1,0
100.0,1849.6,0.0198,0.0,4.6,1.8,-0.6,0.245,32.7,3466.0,76.3,1
35.02,308.9,0.0062,0.185,46.0,23.5,-8.5,2.067,249.6,9514.0,92.1,2
35.01,947.2,0.0207,0.001,38.0,20.9,-12.1,2.338,197.6,4778.0,47.1,2
57.84,921.1,0.0136,0.031,25.4,14.9,-9.2,1.541,148.1,9784.0,47.5,1
47.43,1027.6,0.0407,0.056,29.1,14.2,-8.7,1.274,31.5,13510.0,50.4,2
88.76,1503.2,0.0139,0.075,5.3,6.7,-1.8,0.469,285.0,6437.0,63.9,0
48.72,1206.2,0.0115,0.008,30.5,15.1,-9.8,1.672,115.6,14393.0,91.9,2
74.08,1054.6,0.0169,0.055,12.2,7.1,-3.3,0.634,87.4,5771.0,98.1,2
62.67,1412.7,0.0147,0.005,19.6,13.5,-6.8,0.937,46.1,1908.0,62.6,1
100.0,1854.4,0.0,0.0,-0.7,1.7,-1.2,0.073,70.2,8525.0,62.5,0
92.06,1676.1,0.0117,0.0,15.2,7.1,-0.6,1.501,30.4,4057.0,72.9,1
100.0,1659.1,0.054,0.0,-1.3,1.4,-0.5,0.0,267.5,14190.0,42.5,1
41.33,963.1,0.0219,0.203,35.0,19.4,-6.9,1.052,104.4,7058.0,66.5,2
57.63,979.9,0.0009,0.109,26.1,8.5,-5.0,1.316,273.1,7295.0,95.8,2
56.04,1056.5,0.0001,0.26,19.5,19.3,-5.4,0.997,123.9,8474.0,41.7,1
41.71,1120.0,0.0172,0.087,28.9,21.5,-8.6,1.518,162.6,3678.0,57.3,2
100.0,1750.7,0.0024,0.0,2.4,2.2,0.2,0.502,96.0,9870.0,66.3,0
88.62,1917.8,0.0007,0.011,8.9,6.4,-0.5,0.644,36.4,13335.0,95.8,1
93.17,1672.7,0.0034,0.0,13.4,6.3,0.7,0.0,255.8,7430.0,65.7,0
100.0,2038.0,0.0187,0.0,-0.8,-1.7,-1.7,0.0,140.8,5201.0,57.3,0
74.09,946.3,0.0017,0.058,9.6,7.8,-5.8,0.579,278.8,11030.0,74.7,2
66.07,1032.3,0.0582,0.216,17.2,11.3,-7.8,0.0,128.0,11719.0,52.8,1
100.0,1730.5,0.0321,0.0,-5.5,1.2,0.5,0.0,181.2,9099.0,64.1,0
100.0,1699.7,0.0014,0.0,1.0,-1.1,-1.8,0.0,181.7,11245.0,84.1,1
56.41,727.8,0.0373,0.036,24.7,12.0,-10.8,1.524,59.0,3649.0,67.3,2
100.0,1671.6,0.0243,0.0,-0.5,-1.2,0.1,0.0,54.6,12272.0,52.7,0
100.0,1836.9,0.041,0.0,-0.0,-1.3,2.9,0.501,164.8,9324.0,66.1,0
84.1,1487.8,0.0073,0.026,7.2,4.1,-5.5,0.555,233.9,2788.0,54.5,0
75.49,1217.9,0.0253,0.141,14.7,6.9,-4.3,1.79,112.2,5225.0,77.5,1
78.11,1460.8,0.0001,0.197,9.1,5.1,-3.9,0.0,138.1,1682.0,43.6,0
100.0,1834.1,0.006,0.0,5.4,-4.0,1.9,0.0,195.6,5572.0,55.0,0
74.65,1783.0,0.0202,0.065,17.1,8.8,-4.1,0.3,189.0,7945.0,90.9,2
100.0,1870.3,0.0059,0.0,4.0,-7.4,1.2,0.0,299.4,12841.0,44.2,0
71.83,1110.5,0.0445,0.059,12.5,4.1,-7.9,0.762,122.1,762.0,96.7,2
51.58,865.0,0.0284,0.015,19.0,16.6,-9.9,1.399,257.3,1901.0,82.0,2
18.0,225.4,0.0199,0.198,54.3,29.7,-14.2,1.924,96.0,14098.0,52.3,2
62.2,936.0,0.0356,0.008,19.2,14.4,-6.1,0.925,288.7,11875.0,73.4,2
84.19,1369.7,0.0209,0.22,10.8,3.8,-5.1,1.021,269.7,2442.0,51.0,0
73.73,1365.2,0.0006,0.042,19.5,8.6,-7.5,0.0,84.5,11024.0,75.5,2
71.91,1182.9,0.0076,0.141,16.5,7.7,0.3,0.0,90.3,5107.0,67.8,2
84.46,1689.2,0.0181,0.093,7.2,1.4,-1.5,0.529,259.4,8792.0,78.0,1
77.91,1363.9,0.0587,0.068,19.2,7.7,-1.3,0.344,96.2,12022.0,56.8,1
71.29,1073.9,0.0305,0.275,24.4,10.9,-6.7,0.195,239.2,14487.0,52.0,1
100.0,1606.7,0.0123,0.0,-4.7,-4.2,3.4,0.661,158.3,14648.0,70.7,0
84.1,1254.5,0.0331,0.135,17.8,10.3,-3.4,0.0,40.5,10506.0,58.2,0
4.19,707.0,0.0287,0.033,49.1,31.7,-16.3,2.441,240.1,2441.0,96.0,2
100.0,1868.7,0.0086,0.0,7.0,-4.8,-1.6,0.013,152.6,9523.0,95.3,1
75.53,993.7,0.0005,0.205,13.7,9.0,-3.5,0.542,140.5,11673.0,61.9,0
71.45,1424.3,0.0339,0.022,13.8,13.1,-3.8,0.77,119.0,5898.0,75.0,2
61.8,1261.9,0.0484,0.018,16.8,5.6,-4.0,0.851,186.5,4504.0,44.0,1
100.0,1606.6,0.0076,0.0,-0.7,-1.8,-0.6,0.0,79.5,12505.0,47.2,0
98.52,1830.7,0.0092,0.0,-9.4,-2.2,0.9,0.0,128.9,611.0,85.7,1
100.0,1954.9,0.0155,0.0,4.2,5.5,5.6,0.238,241.3,12919.0,92.6,1
74.39,1547.6,0.028,0.047,1.6,4.8,-4.6,0.459,129.8,9980.0,51.8,1
77.41,1405.6,0.0294,0.005,19.2,3.8,-0.2,1.121,214.8,2231.0,71.2,0
97.96,1982.2,0.009,0.0,3.3,-5.7,-0.7,0.778,139.6,11782.0,71.9,1
100.0,1865.1,0.0044,0.0,-8.4,0.3,-2.4,0.068,91.0,11237.0,57.5,0
97.71,2001.2,0.0162,0.0,0.5,0.1,-1.0,0.398,175.7,13700.0,75.9,1
86.43,1510.0,0.0026,0.061,5.3,3.2,-3.8,0.36,193.0,1523.0,45.7,0
98.29,1974.6,0.0153,0.0,1.2,-0.6,-1.3,0.0,132.6,7190.0,88.2,1
67.27,1141.6,0.0187,0.053,13.4,10.7,-6.0,0.852,77.2,14165.0,97.0,2
79.12,1773.1,0.0153,0.151,13.4,6.4,-4.3,0.0,206.2,11306.0,95.6,1
100.0,1479.4,0.0848,0.0,3.4,-0.3,1.1,0.0,124.4,3599.0,95.7,2
100.0,2113.5,0.0136,0.0,-5.5,-1.0,0.7,0.0,141.4,6105.0,45.0,0
100.0,1695.0,0.0579,0.0,7.2,1.5,-3.9,0.016,172.7,1942.0,40.6,1
100.0,1997.0,0.0084,0.0,-1.9,-3.2,0.7,0.878,290.6,11294.0,45.3,0
64.9,1299.8,0.0805,0.027,21.8,11.6,-5.2,0.451,166.8,13932.0,63.7,1
64.33,1206.1,0.0345,0.107,26.7,6.8,-8.7,0.747,197.9,3946.0,92.6,2
70.87,1372.3,0.0127,0.178,16.1,11.9,-6.4,1.015,235.3,9714.0,59.6,1
100.0,1501.6,0.0029,0.0,0.6,-3.1,3.9,0.924,68.3,1229.0,78.3,1
93.25,1981.6,0.0026,0.0,5.0,8.9,0.7,0.0,263.6,11438.0,94.7,1
67.71,1170.8,0.0309,0.213,11.2,13.2,-6.6,1.817,48.0,8979.0,95.1,2
100.0,1914.1,0.0161,0.0,5.5,7.5,-0.5,0.397,281.2,8849.0,50.6,0
15.27,234.8,0.0006,0.142,51.2,26.0,-15.6,2.571,30.1,8149.0,77.7,2
70.39,1470.2,0.0025,0.081,7.3,10.9,-3.5,1.211,56.3,8025.0,77.5,2
76.77,1098.9,0.0422,0.087,18.2,9.0,-4.5,0.084,263.7,12311.0,84.7,1
32.43,604.6,0.015,0.035,33.7,16.6,-10.5,1.969,101.0,10725.0,97.5,2
60.65,1195.6,0.0021,0.069,23.0,12.9,-10.0,1.014,270.9,9004.0,97.6,2
93.07,1674.4,0.0111,0.0,2.4,0.7,-0.9,0.216,200.2,5161.0,63.9,0
100.0,1855.7,0.0009,0.0,5.7,4.5,2.7,0.781,205.6,2359.0,62.8,0
100.0,1645.9,0.0116,0.0,0.4,5.5,-2.8,0.0,284.6,10198.0,61.0,0
78.67,1436.3,0.0179,0.062,13.6,7.6,-5.5,0.486,115.9,7628.0,53.0,0
90.06,1692.3,0.0546,0.0,2.5,1.1,-2.0,0.0,79.1,5349.0,98.0,2
93.05,1549.2,0.0241,0.0,14.1,-0.9,-3.8,0.281,288.5,1248.0,87.4,1
56.69,904.7,0.0288,0.028,20.9,16.4,-6.2,1.178,44.0,5111.0,69.7,2
47.18,689.3,0.013,0.044,29.0,18.7,-8.6,1.351,106.6,229.0,98.1,2
100.0,1634.7,0.0125,0.0,1.7,-0.2,1.0,0.071,38.4,580.0,66.8,0
89.06,1741.6,0.0443,0.021,0.6,3.6,-2.5,0.111,67.7,5434.0,73.3,1
43.86,986.2,0.0114,0.041,33.5,16.4,-12.3,0.858,41.0,990.0,90.3,2
68.25,1190.5,0.0025,0.123,17.8,11.1,-5.6,1.678,278.4,924.0,41.9,1
87.31,1191.4,0.0182,0.009,-3.6,3.5,-3.9,0.091,211.4,11699.0,48.5,0
87.95,1151.2,0.0238,0.094,1.1,4.7,-0.4,0.0,121.3,11726.0,84.9,1
75.33,1252.8,0.0262,0.101,15.9,8.0,-2.8,0.288,156.6,6961.0,50.7,0
18.46,223.2,0.0213,0.205,47.5,24.9,-11.8,1.508,85.4,13033.0,58.3,2
59.86,1187.9,0.0526,0.011,17.7,13.0,-6.8,1.762,151.2,10748.0,62.6,1
100.0,1829.0,0.0017,0.0,-4.1,-3.2,0.1,0.0,108.5,4837.0,83.1,1
87.34,1676.4,0.016,0.056,5.6,7.9,1.5,0.109,154.7,6744.0,89.4,1
100.0,2051.2,0.0098,0.0,-4.2,0.0,2.8,0.0,102.3,5109.0,88.7,1
25.36,502.9,0.0111,0.205,34.4,24.6,-11.5,2.126,194.4,4082.0,64.9,2
82.71,1376.8,0.0089,0.095,0.0,4.5,-2.2,0.603,292.1,5254.0,40.4,0
67.29,1520.2,0.0177,0.034,24.1,13.5,-4.6,1.161,105.0,4990.0,44.9,1
45.79,901.8,0.0192,0.08,32.0,21.6,-8.9,1.046,161.5,5504.0,84.7,2
81.94,1555.0,0.012,0.072,2.4,10.7,-5.5,0.818,183.2,6743.0,59.1,0
100.0,1916.9,0.0007,0.0,6.5,-1.9,2.1,0.451,190.4,2187.0,62.6,0
53.91,808.9,0.0294,0.104,24.2,15.1,-7.3,0.622,144.8,316.0,72.4,2
53.59,1303.7,0.043,0.012,27.0,16.9,-6.6,1.469,192.4,4075.0,97.1,2
54.41,640.2,0.0205,0.021,24.2,19.6,-4.0,2.637,159.1,6858.0,94.2,2
86.85,1622.3,0.0034,0.007,11.0,2.5,-5.1,0.511,57.5,9346.0,88.2,1
68.84,1461.1,0.0243,0.321,18.2,9.1,-5.3,0.133,38.1,10326.0,63.1,1
39.43,406.0,0.0444,0.042,34.4,15.8,-13.8,1.172,176.8,8838.0,91.5,2
48.5,1023.7,0.0262,0.082,27.9,16.5,-8.9,0.432,181.7,12408.0,43.6,2
59.94,969.8,0.0238,0.011,22.5,13.8,-9.5,1.2,274.6,13953.0,84.9,2
38.05,629.1,0.0079,0.083,39.3,19.1,-11.4,2.213,160.9,4018.0,45.2,2
0.0,0.0,0.0051,0.105,62.4,28.9,-14.2,1.796,282.5,8519.0,83.2,3
89.22,1583.5,0.0003,0.35,6.8,5.2,1.3,0.168,89.1,8443.0,49.1,0
100.0,1420.2,0.0037,0.0,-4.2,0.7,-0.1,0.257,275.6,8328.0,61.7,0
82.33,1711.0,0.0115,0.052,10.4,7.1,-6.6,0.312,138.3,14401.0,74.4,1
100.0,1787.8,0.0352,0.0,-1.0,0.4,1.6,0.0,114.5,5965.0,45.4,0
100.0,2265.7,0.0017,0.0,-2.3,1.5,0.9,0.307,38.4,14490.0,94.5,1
100.0,1913.6,0.0168,0.0,-1.2,0.0,1.4,0.317,94.4,10788.0,82.5,1
100.0,1595.1,0.004,0.0,9.3,-0.1,3.0,0.0,220.4,10127.0,60.2,0
100.0,1780.2,0.0222,0.0,8.3,-0.1,0.3,0.367,233.7,6163.0,83.9,1
65.0,1340.8,0.0019,0.043,20.4,15.8,-5.2,1.23,161.6,11436.0,76.7,2
100.0,1827.3,0.0205,0.0,-3.8,1.2,-2.2,0.032,90.7,11577.0,53.9,0
11.2,0.0,0.0015,0.018,43.5,28.3,-17.7,2.581,118.3,4657.0,65.8,3
100.0,1648.2,0.0434,0.0,3.9,-2.9,-3.2,0.0,100.6,2526.0,79.9,1
100.0,1638.7,0.0001,0.0,-7.6,1.0,0.5,0.398,215.2,6143.0,93.3,1
72.62,1603.5,0.0054,0.054,11.7,3.4,-7.5,1.02,250.2,229.0,75.2,2
64.05,1198.4,0.0839,0.018,16.3,9.6,-7.5,1.243,222.1,501.0,92.9,2
27.66,429.7,0.0018,0.04,42.3,23.9,-14.6,1.404,109.4,9123.0,63.5,2
100.0,1498.7,0.0255,0.0,-3.0,6.0,-1.1,0.0,268.2,9143.0,89.4,1
53.43,1159.4,0.0107,0.178,24.0,14.7,-8.8,1.893,127.6,7511.0,57.6,1
64.52,1208.9,0.0078,0.167,20.1,11.2,-5.7,0.033,36.4,9399.0,49.4,1
52.97,854.2,0.0101,0.151,20.2,16.4,-7.5,1.251,52.4,10798.0,70.2,2
57.16,1078.3,0.0543,0.054,29.9,11.1,-8.9,1.59,211.6,5513.0,65.1,2
97.33,1713.9,0.0173,0.0,8.1,1.4,-0.4,0.405,270.4,11983.0,69.6,0
93.54,1794.7,0.0371,0.0,12.6,-1.8,-0.5,0.0,78.6,2398.0,96.3,1
62.86,1158.7,0.0001,0.043,13.9,8.6,-5.0,0.967,162.5,9936.0,93.8,2
64.42,1031.0,0.0339,0.04,11.1,7.1,-9.1,1.59,37.7,6690.0,96.9,2
72.13,1471.6,0.0058,0.109,7.5,7.4,-4.7,0.201,278.4,329.0,45.9,1
100.0,1778.1,0.0171,0.0,10.2,-3.3,1.5,0.652,111.1,6402.0,71.6,1
76.02,1297.0,0.0013,0.06,3.7,4.3,-3.0,0.876,177.1,8897.0,65.2,0
78.53,1211.9,0.004,0.022,7.4,6.6,-1.7,0.594,110.0,2352.0,81.7,1
41.88,408.3,0.0081,0.028,33.6,19.2,-10.1,1.601,299.2,2704.0,61.2,2
54.52,960.4,0.0242,0.177,30.5,14.7,-9.8,0.046,249.7,201.0,90.5,2
87.27,1587.7,0.0094,0.066,16.5,6.0,-0.1,0.139,56.1,9209.0,88.0,1
61.16,900.6,0.0051,0.03,13.7,8.3,-7.5,0.476,213.5,6500.0,92.6,2
60.18,822.4,0.014,0.129,26.3,13.0,-4.8,1.86,172.7,10289.0,65.2,2
100.0,1941.7,0.025,0.0,-4.8,-3.7,-3.6,0.44,110.0,6944.0,78.5,1
100.0,1841.7,0.0123,0.0,-1.2,1.6,1.7,0.231,222.2,2101.0,95.6,1
100.0,1543.1,0.0347,0.0,3.8,-3.4,-1.2,1.061,138.1,81.0,83.3,1
56.82,638.7,0.0062,0.105,25.4,10.5,-6.4,1.171,134.6,8804.0,61.0,1
100.0,1879.0,0.055,0.0,-3.6,-2.4,-0.1,0.0,61.0,13525.0,64.9,1
55.17,1186.1,0.0072,0.116,30.0,10.7,-12.5,0.694,259.7,5974.0,89.3,2
100.0,1832.7,0.0241,0.0,2.1,-3.9,0.6,0.454,235.4,2027.0,61.9,0
27.88,498.8,0.01,0.093,45.3,18.8,-13.1,1.927,81.1,2932.0,95.9,2
81.14,954.3,0.0251,0.001,7.3,6.1,-2.1,0.0,214.1,1784.0,92.0,1
84.24,1488.5,0.0366,0.003,9.8,2.9,-4.7,0.48,87.6,8083.0,87.3,1
57.05,1069.6,0.0055,0.239,20.6,12.7,-6.7,1.149,215.5,5138.0,49.1,1
100.0,1413.8,0.0258,0.0,-5.4,-0.6,-0.9,0.301,75.2,6696.0,48.7,0
80.0,1587.8,0.0339,0.008,5.9,5.7,-3.2,0.24,142.6,8686.0,41.4,0
65.71,1160.8,0.0185,0.039,20.2,12.7,-5.8,0.05,172.8,9043.0,88.6,2
70.69,1195.9,0.0095,0.002,13.1,10.8,-4.2,1.546,284.5,4219.0,73.5,2
100.0,1932.4,0.0028,0.0,8.5,4.1,-2.7,0.0,203.0,2839.0,69.6,0
100.0,1525.3,0.0003,0.0,5.8,1.2,-0.2,0.0,169.0,12512.0,70.5,0
80.77,1678.9,0.0317,0.142,7.7,4.3,-5.9,0.7,252.6,14805.0,79.2,1
96.11,1509.4,0.028,0.0,6.6,0.7,1.2,0.0,107.4,12616.0,74.6,1
100.0,2030.6,0.0089,0.0,-4.9,2.3,2.8,0.581,30.0,8053.0,74.6,1
84.47,1558.9,0.0105,0.187,5.1,2.6,-6.0,0.46,131.6,10489.0,72.9,1
100.0,2083.7,0.0081,0.0,-7.2,2.8,2.8,0.778,31.0,6560.0,84.0,1
96.66,1990.4,0.0077,0.0,6.4,-0.8,-2.7,0.35,124.0,8980.0,72.6,1
97.01,1810.0,0.0022,0.0,-3.0,-5.3,-1.6,0.0,161.2,7028.0,69.2,0
41.23,838.2,0.0062,0.045,31.6,9.2,-12.0,1.031,62.1,9923.0,71.9,2
55.51,767.4,0.0123,0.181,23.2,13.3,-10.3,1.148,213.0,4455.0,80.2,2
89.26,1395.9,0.0158,0.071,14.3,4.5,2.0,0.856,105.8,3942.0,81.8,1
95.99,1756.5,0.0247,0.0,6.4,1.3,1.0,0.0,44.0,10469.0,82.2,1
100.0,1783.0,0.0305,0.0,8.9,-0.9,1.5,0.0,127.1,2364.0,61.8,0
100.0,1881.8,0.0045,0.0,-5.8,3.4,0.8,0.0,61.4,7483.0,71.9,1
94.18,1711.0,0.0256,0.0,2.3,6.0,1.7,0.24,258.5,7618.0,87.0,1
100.0,1950.4,0.0089,0.0,0.2,-0.4,1.4,0.0,233.9,3349.0,75.6,1
62.78,1168.7,0.02,0.105,25.8,11.4,-3.7,0.06,203.7,8448.0,96.2,2
100.0,1792.4,0.0192,0.0,-3.1,-0.1,1.1,0.21,130.9,11218.0,71.9,1
100.0,1555.8,0.0286,0.0,1.4,1.3,-2.9,0.0,289.1,11387.0,54.5,0
43.34,979.3,0.0351,0.012,21.2,13.8,-11.4,2.187,92.7,439.0,60.8,2
41.14,843.4,0.012,0.052,34.3,22.9,-6.2,0.952,236.1,8531.0,93.2,2
15.08,288.9,0.0167,0.188,40.0,23.8,-15.2,2.627,220.5,11661.0,75.9,2
58.85,1022.6,0.0577,0.041,21.9,9.6,-6.7,1.268,135.4,3022.0,40.3,1
100.0,1718.5,0.0009,0.0,6.3,-4.1,4.1,0.0,56.9,13820.0,97.2,1
72.12,1469.4,0.0423,0.029,24.4,8.5,-6.4,0.0,79.8,125.0,41.4,1
91.97,1684.0,0.002,0.0,15.5,-4.2,-1.0,0.068,260.7,10339.0,68.6,0
85.64,1536.9,0.035,0.098,11.5,2.7,1.2,1.027,105.5,3946.0,72.9,1
100.0,2114.2,0.0492,0.0,-2.9,-0.1,1.1,0.419,86.6,2477.0,77.7,1
47.83,672.7,0.0143,0.252,34.9,19.5,-9.5,1.552,166.5,2388.0,76.3,2
100.0,1870.9,0.057,0.0,-1.1,-2.1,0.2,0.155,30.2,3251.0,99.8,2
87.13,1659.6,0.0073,0.069,6.7,2.9,-0.9,0.775,283.7,12865.0,84.4,1
91.7,1870.4,0.0007,0.0,-4.9,2.0,-3.2,0.323,249.5,12161.0,53.7,0
100.0,2123.9,0.024,0.0,-6.0,8.8,2.0,0.112,241.3,8680.0,90.9,1
56.83,1000.6,0.0612,0.176,36.5,12.2,-7.2,1.201,267.1,9417.0,76.2,2
93.31,1422.1,0.0029,0.0,2.8,1.4,-0.2,0.485,240.7,558.0,91.1,1
15.46,433.9,0.0094,0.167,47.9,27.3,-12.9,2.369,114.0,4551.0,47.9,2
92.36,1538.3,0.0312,0.0,-3.8,4.7,-1.3,0.674,206.9,13948.0,86.0,1
82.7,1500.7,0.0384,0.034,12.7,-0.3,-4.4,0.0,246.9,1871.0,66.1,0
100.0,1736.8,0.0059,0.0,0.3,-0.3,2.6,1.041,249.3,13708.0,97.1,1
89.93,1668.2,0.0332,0.13,13.2,0.9,-2.3,0.142,275.1,8889.0,42.2,0
58.5,1082.9,0.007,0.107,16.1,10.0,-6.0,0.718,120.8,8111.0,47.8,1
77.08,1345.5,0.0209,0.014,19.2,1.1,-7.2,1.074,78.2,8538.0,93.6,1
100.0,1627.5,0.0162,0.0,-0.9,0.9,-1.4,0.501,57.8,14504.0,54.6,0
79.73,2056.7,0.0108,0.091,6.2,1.5,-6.5,0.04,92.0,12905.0,81.8,1
75.92,1315.1,0.0097,0.428,15.0,8.1,-6.0,1.396,265.1,10226.0,80.0,1
81.63,1551.1,0.0013,0.17,21.0,1.7,-2.6,0.066,46.2,12536.0,53.6,0
43.16,579.7,0.0042,0.206,24.6,17.1,-10.0,1.611,193.2,3049.0,79.2,2
98.8,1821.2,0.0265,0.0,6.6,-1.0,-1.5,0.0,294.2,6508.0,51.7,0
47.42,679.3,0.0285,0.039,22.6,14.4,-8.7,1.001,198.0,10129.0,56.0,2
100.0,1652.9,0.0036,0.0,-0.0,-3.0,-0.6,0.0,185.2,518.0,82.9,1
60.53,1300.4,0.0049,0.017,21.0,11.7,-8.6,1.18,52.4,11107.0,43.6,1
35.33,224.6,0.0346,0.214,46.2,25.3,-12.7,2.786,45.4,11743.0,40.4,2
100.0,1806.3,0.0034,0.0,-1.1,-3.4,-0.9,0.353,190.5,13009.0,46.7,0
82.74,1266.9,0.0027,0.102,8.0,11.7,-3.7,0.211,104.2,4440.0,76.0,1
100.0,1904.9,0.0204,0.0,-1.3,-3.8,2.2,0.526,179.8,12810.0,67.4,0
72.13,1659.5,0.0103,0.031,13.0,12.6,-3.8,1.418,48.4,8504.0,97.1,2
100.0,2003.3,0.0145,0.0,-9.3,2.4,-2.9,0.018,104.4,13239.0,64.6,0
100.0,1737.5,0.0028,0.0,11.8,2.6,-1.3,0.119,43.7,10602.0,96.1,1
0.0,0.0,0.0033,0.037,36.5,27.8,-18.0,2.237,251.1,10610.0,91.8,3
65.94,1461.3,0.0173,0.204,14.4,6.8,-6.6,1.408,145.9,53.0,64.8,1
100.0,1878.1,0.0028,0.0,3.7,2.3,-0.8,0.0,60.5,6611.0,93.2,1
87.64,1450.0,0.0359,0.011,13.2,7.3,-0.3,0.444,41.4,1925.0,58.7,0
52.83,829.6,0.0017,0.087,20.5,14.3,-9.3,1.102,73.8,13297.0,74.2,2
86.48,1601.6,0.0928,0.001,12.7,8.5,-4.7,0.0,280.7,10548.0,70.1,2
100.0,1528.0,0.0224,0.0,-11.0,-0.4,-4.3,0.666,201.9,955.0,63.5,0
91.27,2014.7,0.0174,0.0,10.7,1.2,-3.3,0.183,63.6,3875.0,89.7,1
100.0,1707.7,0.0119,0.0,7.1,-3.4,0.7,0.222,94.1,8586.0,79.6,1
51.5,1088.8,0.0114,0.056,23.8,20.9,-11.3,0.44,200.2,8932.0,78.4,2
99.38,1794.8,0.0003,0.0,2.7,6.5,0.4,0.0,201.8,9624.0,62.3,0
100.0,1920.4,0.0181,0.0,3.2,3.3,2.9,0.224,203.4,1815.0,55.2,0
95.46,1748.7,0.0029,0.0,7.3,0.6,-0.9,0.086,271.7,5583.0,59.7,0
58.37,913.6,0.0175,0.169,27.3,12.8,-10.8,1.723,73.6,4538.0,57.7,1
100.0,1840.2,0.0454,0.0,1.9,-1.0,-3.2,0.107,137.5,13563.0,84.6,1
100.0,1738.1,0.011,0.0,5.1,-2.8,3.6,0.574,219.3,2758.0,76.0,1
100.0,1847.6,0.1739,0.0,2.9,-2.8,-3.3,0.0,71.7,10155.0,47.4,1
99.82,1630.7,0.0035,0.0,4.8,-1.1,-2.0,0.776,132.2,11643.0,96.6,1
84.56,1815.8,0.0049,0.071,3.5,4.3,-1.2,1.081,80.3,5623.0,92.1,1
56.55,756.7,0.0581,0.081,33.9,14.4,-8.0,1.947,165.8,4857.0,56.1,1
75.68,1851.6,0.0015,0.01,20.1,7.3,-5.4,0.55,223.9,9537.0,91.1,1
100.0,1918.7,0.0202,0.0,-10.8,-3.7,-0.7,0.746,45.1,7612.0,92.5,1
44.07,514.6,0.0299,0.058,31.6,16.5,-10.6,0.978,135.1,8725.0,87.0,2
100.0,1556.2,0.0205,0.0,2.4,-1.9,0.4,0.286,112.0,474.0,69.3,0
100.0,1414.1,0.0251,0.0,1.8,1.9,-1.4,0.585,233.4,12452.0,68.3,0
83.74,1188.0,0.0243,0.064,18.1,10.0,-3.6,0.0,136.7,14263.0,52.5,0
55.16,951.0,0.077,0.007,31.1,8.8,-10.8,1.864,95.0,12283.0,53.2,1
39.05,889.1,0.0179,0.095,21.6,17.5,-9.5,1.492,190.5,540.0,77.3,2
100.0,1601.5,0.0008,0.0,3.3,-2.5,1.6,0.0,224.5,14729.0,66.2,0
53.39,1169.3,0.0304,0.074,29.9,12.8,-11.2,0.0,43.1,9796.0,80.4,2
99.18,1946.4,0.0103,0.0,5.0,6.4,2.5,0.616,287.2,1074.0,52.7,0
93.22,1426.5,0.0169,0.0,-3.4,2.7,-1.1,0.0,204.7,10022.0,40.2,0
100.0,1985.8,0.003,0.0,1.2,-2.3,-0.4,0.072,127.3,10634.0,59.4,0
47.65,935.3,0.021,0.002,25.2,18.5,-12.1,1.093,148.3,11675.0,79.0,2
86.64,1194.4,0.0421,0.038,17.6,4.6,-2.2,0.45,172.5,12707.0,80.2,1
100.0,2049.2,0.0161,0.0,-0.6,-9.3,-2.5,0.259,242.8,1064.0,66.4,0
100.0,2001.0,0.0006,0.0,10.9,-3.3,-2.9,0.0,223.0,9178.0,92.8,1
78.98,1420.0,0.009,0.068,4.0,5.1,-5.5,0.41,217.1,4202.0,50.6,0
56.21,1353.8,0.0139,0.006,16.3,14.1,-7.1,1.108,119.8,13189.0,46.1,1
45.65,1094.9,0.001,0.069,31.7,17.5,-5.1,1.795,109.0,9668.0,89.2,2
100.0,1930.5,0.0116,0.0,2.3,2.5,-4.2,0.0,42.0,57.0,41.2,0
71.89,1392.3,0.0023,0.087,15.9,7.3,-7.7,0.511,71.3,14807.0,53.8,1
96.41,1990.7,0.0294,0.0,8.8,-1.1,-0.8,0.0,180.8,14543.0,49.9,0
24.21,554.6,0.0051,0.281,45.7,25.3,-12.2,2.202,43.6,12705.0,57.4,2
82.11,1410.8,0.0178,0.027,11.0,8.1,-3.2,1.83,158.4,10311.0,81.2,1
100.0,1931.0,0.0168,0.0,0.3,5.0,2.6,0.0,142.5,2242.0,91.3,1
86.73,1830.8,0.0281,0.37,20.5,4.4,-4.4,0.905,41.0,1511.0,62.0,0
87.14,1346.4,0.0056,0.242,6.4,1.3,-3.2,0.858,164.2,4056.0,40.4,0
100.0,1914.6,0.033,0.0,6.5,-0.4,1.8,0.894,158.9,5994.0,91.7,1
83.09,1498.6,0.0307,0.01,14.9,6.5,-3.4,0.003,130.0,815.0,64.9,0
100.0,1886.0,0.0079,0.0,-3.2,-2.5,2.3,0.065,289.9,9898.0,65.0,0
100.0,1932.3,0.0051,0.0,6.9,-1.2,3.4,0.0,232.4,13223.0,94.0,1
99.75,1410.6,0.0058,0.0,5.7,-1.5,-1.9,0.407,214.6,9913.0,75.0,1
44.98,717.7,0.0561,0.091,39.1,15.9,-8.2,1.812,68.0,13678.0,91.8,2
100.0,1602.7,0.0647,0.0,7.4,-2.2,0.7,0.0,37.1,13757.0,85.2,2
69.3,1193.4,0.0118,0.143,14.4,14.2,-4.1,0.595,134.3,13036.0,92.7,2
100.0,2247.3,0.0496,0.0,2.2,3.9,-1.3,0.0,195.4,3691.0,76.9,1
51.14,967.8,0.0004,0.065,30.2,18.8,-6.4,1.398,200.3,10902.0,43.2,1
100.0,2191.7,0.0361,0.0,-5.0,-3.7,-0.6,0.355,32.0,1824.0,85.1,1
70.18,1036.5,0.0029,0.168,8.9,9.0,-7.4,0.533,217.0,14183.0,44.6,1
57.68,894.7,0.0019,0.249,18.8,14.5,-7.2,1.655,64.1,4896.0,51.0,1
100.0,1893.3,0.0133,0.0,-0.1,-3.1,1.7,0.0,255.1,11965.0,87.6,1
87.89,1456.9,0.0277,0.046,16.3,-0.4,-1.2,0.516,110.9,13913.0,100.0,1
70.18,1219.4,0.0156,0.065,11.0,10.9,-5.9,1.726,96.0,13673.0,52.9,1
31.3,522.5,0.0162,0.184,36.3,16.2,-11.1,1.927,171.5,2403.0,56.3,2
96.01,1726.4,0.0025,0.0,2.3,1.1,0.1,0.0,248.3,1370.0,53.5,0
73.13,1704.2,0.0307,0.111,22.5,5.6,0.1,0.442,46.7,5746.0,87.6,2
100.0,1743.2,0.0011,0.0,2.6,-3.0,1.0,0.0,257.7,7364.0,60.8,0
69.21,1354.0,0.0427,0.026,14.8,11.6,-4.7,1.037,35.2,4827.0,94.4,2
59.07,1147.0,0.0414,0.264,19.5,15.4,-4.6,1.519,64.3,3303.0,67.6,2
50.25,1080.8,0.0018,0.025,28.3,13.4,-8.1,1.402,66.4,12790.0,69.4,2
86.37,1669.8,0.0066,0.157,16.7,1.2,-2.8,0.0,198.1,14139.0,99.8,1
100.0,1656.2,0.0204,0.0,0.6,4.8,-1.7,0.146,111.2,13734.0,75.0,1
98.16,1919.2,0.0262,0.0,9.4,0.2,-0.8,0.72,97.2,10475.0,89.6,1
100.0,2261.7,0.0016,0.0,2.6,0.0,-0.7,0.06,249.4,9749.0,88.0,1
78.73,1479.6,0.0145,0.056,16.1,8.0,-1.0,0.779,166.3,12939.0,85.7,1
100.0,1854.9,0.0121,0.0,-4.3,-3.4,0.7,0.181,74.1,3159.0,90.8,1
35.44,694.5,0.0102,0.361,33.6,20.7,-7.6,2.104,276.1,11446.0,86.7,2
100.0,1535.4,0.0234,0.0,-1.7,2.7,-2.0,0.382,90.4,14309.0,43.2,0
100.0,1959.0,0.0009,0.0,-0.2,1.6,-1.5,0.0,206.6,7423.0,80.5,1
95.93,1961.8,0.0358,0.0,6.7,1.0,-1.9,0.0,85.8,8571.0,74.5,1
45.83,611.2,0.004,0.233,29.2,24.3,-8.8,1.725,228.7,3220.0,55.6,2
71.53,1522.3,0.0511,0.082,13.3,9.7,-6.7,1.278,257.0,4933.0,51.6,1
100.0,2070.3,0.0429,0.0,-1.8,5.8,-0.1,0.142,215.0,13926.0,49.7,0
73.29,1580.1,0.0291,0.082,14.5,11.7,-4.9,1.007,298.4,8840.0,57.8,1
72.12,1577.2,0.0305,0.129,10.3,12.3,-8.1,0.0,44.7,5567.0,93.1,2
86.66,1613.1,0.002,0.15,9.5,7.4,-5.3,0.0,169.2,7686.0,73.7,1
84.3,1270.4,0.0462,0.181,6.2,0.8,-5.5,0.0,175.7,14858.0,89.8,1
52.72,1150.2,0.0049,0.105,25.2,12.2,-8.1,1.991,242.7,5379.0,41.6,1
46.96,991.2,0.0018,0.048,44.0,14.2,-3.7,1.571,218.4,2370.0,49.3,2
94.79,1593.0,0.02,0.0,5.0,1.5,-0.2,1.017,185.5,13789.0,69.0,0
65.03,1385.0,0.0094,0.537,20.4,10.1,-9.0,0.019,193.8,6751.0,55.7,1
100.0,2004.4,0.0402,0.0,-5.9,-3.7,1.2,0.207,164.5,14044.0,92.6,1
100.0,1987.2,0.0081,0.0,2.6,-2.3,-0.6,0.0,50.5,14607.0,84.8,1
65.27,1023.1,0.0089,0.139,10.3,14.5,-5.9,0.646,77.3,1579.0,49.3,1
55.27,971.1,0.0244,0.062,22.9,16.4,-4.4,1.453,36.2,3033.0,62.2,1
100.0,1909.2,0.0068,0.0,13.0,2.5,-2.2,0.026,118.8,4884.0,67.3,0
77.99,1470.7,0.0089,0.318,9.9,2.9,-4.8,0.153,218.5,238.0,99.6,1
41.97,735.8,0.0174,0.01,35.2,20.4,-9.5,2.08,120.6,14397.0,59.4,2
100.0,1695.2,0.0527,0.0,-1.5,-6.0,0.9,0.0,136.6,6170.0,96.1,2
66.99,1446.2,0.0357,0.109,20.0,9.3,-4.4,0.319,207.9,1720.0,96.5,2
85.6,1208.6,0.0175,0.009,6.3,6.2,-1.7,0.0,237.9,14884.0,40.7,0
86.88,1877.3,0.0133,0.076,8.0,5.9,0.0,0.126,296.1,7163.0,87.9,1
95.06,1742.5,0.0076,0.0,-4.6,0.6,-0.7,0.069,112.9,7264.0,99.4,1
100.0,1999.1,0.0183,0.0,2.0,-1.1,-3.5,0.229,172.3,14740.0,42.3,0
66.58,1632.8,0.0238,0.093,13.8,15.8,-4.8,0.364,58.9,13460.0,55.0,1
84.22,1579.2,0.018,0.31,3.6,7.3,-4.7,0.541,100.8,12019.0,94.5,1
71.31,1319.7,0.0179,0.086,14.9,6.4,-4.1,0.583,297.9,7047.0,77.2,2
41.49,666.9,0.0168,0.115,28.4,12.1,-11.9,0.983,234.6,1210.0,61.3,2
37.86,829.0,0.0032,0.155,31.0,17.1,-11.9,0.897,84.3,14828.0,77.8,2
100.0,1793.3,0.0343,0.0,-11.2,2.8,-1.4,0.562,299.9,11995.0,95.4,1
100.0,1960.6,0.0074,0.0,9.1,0.7,2.7,0.0,104.2,11763.0,89.2,1
82.91,1238.9,0.0151,0.005,-0.5,3.8,-3.8,0.854,224.0,11926.0,73.0,1
63.38,1129.2,0.0602,0.07,20.4,9.1,-6.6,1.146,210.0,9081.0,49.5,1
100.0,1905.4,0.001,0.0,-5.6,3.4,1.9,0.0,84.3,2105.0,43.8,0
57.46,783.2,0.009,0.149,24.1,14.1,-6.9,1.286,104.7,14944.0,60.2,1
66.62,1216.7,0.0088,0.065,28.9,6.4,-10.1,1.119,88.2,7108.0,58.3,1
100.0,2132.0,0.0139,0.0,4.4,-3.8,-0.0,0.15,190.8,3661.0,42.6,0
57.3,1191.1,0.0011,0.069,18.1,7.7,-6.7,1.036,174.0,7532.0,45.7,1
74.79,1203.4,0.0388,0.014,16.2,6.6,-6.9,0.601,224.7,6972.0,87.5,2
70.23,1086.2,0.0097,0.074,22.3,10.3,-5.2,0.892,185.3,5677.0,77.8,2
65.77,1686.2,0.0045,0.084,25.7,14.0,-8.9,0.744,285.9,7020.0,79.1,2
77.04,1294.5,0.0014,0.079,10.5,1.4,-6.2,0.732,266.9,8200.0,71.0,0
100.0,1786.2,0.0328,0.0,-2.3,1.9,-2.4,0.898,273.4,1342.0,67.1,0
92.64,1599.8,0.019,0.0,2.3,6.8,-1.3,1.394,197.0,9011.0,66.3,0
100.0,1876.0,0.0896,0.0,-0.2,4.1,0.8,0.855,245.0,1436.0,76.5,2
100.0,1784.0,0.0041,0.0,0.7,-7.2,0.6,0.36,91.4,7551.0,46.8,0
20.09,694.1,0.0233,0.122,50.7,26.9,-13.8,2.382,240.8,12389.0,55.7,2
59.69,874.7,0.009,0.261,25.4,8.0,-12.4,1.468,179.5,11317.0,76.0,2
82.83,1695.5,0.0119,0.117,11.0,-1.0,-5.1,0.203,108.5,10030.0,100.0,1
100.0,1504.0,0.0217,0.0,3.6,-2.8,-0.4,0.233,48.0,11694.0,79.0,1
70.64,1037.1,0.0015,0.015,11.2,10.6,-2.7,0.404,266.5,2534.0,86.3,2
100.0,1710.2,0.0322,0.0,-5.6,-1.2,-1.4,0.719,196.4,849.0,61.5,0
76.78,1337.5,0.0067,0.026,12.5,2.7,-7.5,0.23,183.9,5451.0,83.5,1
66.59,1163.9,0.0229,0.014,16.7,8.0,-3.5,0.675,50.7,2148.0,61.0,1
100.0,1772.3,0.0058,0.0,-2.1,0.3,3.1,0.524,123.6,8098.0,55.6,0
86.53,1711.7,0.0077,0.222,14.4,6.1,-0.3,0.116,54.7,14286.0,67.4,0
57.43,911.5,0.0085,0.021,27.8,8.2,-6.4,0.71,290.9,6749.0,69.4,2
71.39,1196.1,0.0129,0.269,15.9,8.2,-6.4,0.511,237.8,179.0,56.1,1
12.61,238.7,0.0461,0.04,52.6,18.0,-12.6,2.712,251.9,6461.0,59.3,2
95.94,1600.1,0.0043,0.0,12.8,4.1,-0.4,0.189,285.6,13720.0,64.4,0
69.47,1159.6,0.0232,0.045,7.8,5.1,-6.9,0.84,293.4,12877.0,53.9,1
100.0,1942.0,0.008,0.0,-5.3,-3.4,0.7,0.0,150.4,1339.0,48.9,0
52.6,893.6,0.0306,0.257,27.1,14.1,-10.1,1.038,43.3,13851.0,48.3,1
100.0,1781.6,0.0148,0.0,5.8,-3.1,-1.5,0.0,119.6,11388.0,91.2,1
55.53,1013.4,0.0013,0.0,23.9,14.6,-9.9,1.208,153.8,3688.0,88.4,2
67.86,1107.0,0.0078,0.02,18.3,9.6,-10.0,0.0,88.0,10477.0,82.1,2
54.08,925.3,0.0022,0.1,28.9,12.1,-8.4,1.286,244.0,11430.0,64.6,1
100.0,1568.0,0.0132,0.0,-10.7,0.5,1.3,0.0,38.7,4835.0,47.7,0
44.12,948.9,0.0095,0.103,30.1,17.9,-7.8,1.295,142.8,14467.0,44.1,2
46.24,967.5,0.0143,0.036,33.1,9.1,-10.9,1.052,243.7,3324.0,70.5,2
47.58,1304.9,0.0055,0.414,33.1,18.5,-8.1,0.926,166.3,5617.0,45.8,2
77.15,1224.8,0.0019,0.134,11.5,4.2,-2.0,0.238,286.3,12607.0,59.0,0
80.89,1361.3,0.0042,0.123,8.4,5.9,-6.6,0.44,289.8,1746.0,86.8,1
68.68,1144.4,0.034,0.02,27.1,10.2,-6.8,0.28,45.3,9490.0,80.7,2
67.19,1017.8,0.0094,0.113,17.6,8.0,-6.5,1.923,189.9,3125.0,89.9,2
75.47,1229.4,0.0528,0.054,15.1,4.7,-5.7,0.924,224.8,5014.0,69.4,2
81.5,1520.9,0.0194,0.167,10.3,5.4,-3.5,0.072,193.8,11749.0,70.6,0
100.0,1789.7,0.0059,0.0,3.2,2.5,-1.0,0.204,251.4,4249.0,91.0,1
100.0,1989.5,0.0214,0.0,2.9,-1.0,-0.2,0.482,142.9,3304.0,45.5,0
99.69,1621.2,0.0323,0.0,-0.4,-2.9,-4.9,0.0,60.6,1120.0,49.7,0
98.29,1643.9,0.0056,0.0,2.8,-0.1,1.5,0.234,144.9,14845.0,73.3,1
100.0,1810.7,0.0038,0.0,-4.7,2.7,2.3,0.0,152.0,13584.0,83.5,1
100.0,1903.8,0.0195,0.0,4.2,3.3,-1.1,0.0,76.2,4650.0,86.1,1
72.28,1327.7,0.0003,0.006,16.4,6.0,-5.5,0.241,45.3,8492.0,73.8,2
81.11,1415.9,0.0225,0.16,13.6,3.6,-1.8,0.991,295.2,11687.0,86.2,1
100.0,2124.8,0.0079,0.0,-3.0,-4.5,2.1,0.0,188.5,3331.0,86.5,1
88.16,1370.1,0.0242,0.008,6.6,-2.1,-3.6,0.259,262.4,1643.0,54.8,0
100.0,1737.3,0.055,0.0,-1.2,0.6,-0.1,0.305,36.8,11713.0,84.0,2
100.0,1695.6,0.0197,0.0,3.2,3.7,3.8,0.167,193.6,7464.0,95.8,1
37.57,775.7,0.1305,0.126,38.8,18.8,-12.0,1.153,127.4,13864.0,47.1,2
34.34,624.2,0.0143,0.297,36.7,19.8,-13.2,1.669,94.5,9005.0,48.6,2
59.75,1202.7,0.0314,0.144,19.8,14.1,-4.5,0.1,224.5,8704.0,50.5,1
72.78,1388.1,0.0565,0.103,7.6,2.9,-0.2,0.712,121.0,10963.0,71.3,2
70.79,1292.4,0.0082,0.083,18.5,9.3,-4.5,1.083,235.2,13195.0,97.7,2
51.68,555.5,0.0076,0.061,21.2,17.2,-9.0,0.576,269.2,13372.0,96.9,2
23.32,473.9,0.0259,0.035,42.1,27.1,-14.7,1.115,299.2,3742.0,78.5,2
48.34,722.7,0.0668,0.103,26.7,16.9,-13.4,1.009,113.9,318.0,44.9,2
78.85,1486.9,0.0035,0.137,13.2,7.9,-0.4,0.942,291.8,1960.0,49.2,0
75.79,1319.1,0.0324,0.049,12.9,8.5,-4.2,0.519,229.5,9209.0,76.0,1
80.98,1294.5,0.0113,0.207,19.4,9.7,-0.4,0.818,105.6,7206.0,84.4,1
90.48,1493.5,0.0195,0.0,8.3,2.3,-4.2,0.681,162.3,1101.0,91.9,1
82.85,1757.6,0.0013,0.031,0.1,6.5,-3.9,0.0,207.8,6165.0,74.3,1
100.0,1918.8,0.0612,0.0,-4.2,-4.8,-0.7,0.0,282.1,7060.0,68.7,2
87.17,1518.2,0.0076,0.088,10.2,5.2,-1.2,0.0,158.3,9694.0,60.3,0
81.01,1510.7,0.0302,0.194,8.6,8.6,-5.0,0.545,173.2,1757.0,46.9,0
39.65,582.6,0.0035,0.153,37.4,21.4,-14.5,1.034,173.4,11591.0,57.0,2
100.0,1875.7,0.0106,0.0,-0.1,-3.6,-5.4,0.641,243.3,7402.0,50.3,0
92.56,1819.7,0.0267,0.0,-0.5,-0.4,-2.0,0.597,190.9,9066.0,50.5,0
100.0,1941.7,0.0022,0.0,-13.7,4.8,0.7,0.667,90.0,2111.0,59.2,0
52.2,877.5,0.0032,0.016,21.0,16.5,-7.2,0.287,161.3,12791.0,46.5,1
60.98,1238.7,0.0103,0.275,23.7,11.4,-5.6,2.068,227.7,3704.0,53.8,1
65.48,1103.1,0.0248,0.063,12.1,11.7,-4.9,1.021,217.0,12779.0,50.6,1
69.61,1350.2,0.0029,0.103,8.2,8.6,-7.6,1.04,138.6,6866.0,70.3,2
97.91,1735.7,0.0065,0.0,10.0,3.6,0.1,0.965,214.2,6115.0,72.6,1
58.89,1058.8,0.0471,0.116,20.4,13.0,-6.1,1.015,42.3,14228.0,65.6,2
78.17,1509.2,0.0022,0.085,10.8,11.1,-2.8,0.464,170.5,14224.0,69.7,0
88.28,1702.1,0.0032,0.021,3.9,9.7,-3.2,0.0,120.5,14057.0,55.0,0
62.72,1424.5,0.0,0.053,16.7,9.0,-6.5,1.173,122.8,6210.0,52.7,1
37.38,604.7,0.0198,0.051,36.5,17.3,-15.3,1.447,172.2,11634.0,88.2,2
14.76,110.7,0.0036,0.199,50.8,28.7,-15.7,1.744,297.8,6389.0,49.9,2
100.0,1761.0,0.016,0.0,4.2,-0.4,1.0,0.151,88.5,11162.0,47.0,0
64.32,973.1,0.1375,0.09,21.7,9.7,-6.9,1.298,166.9,13086.0,52.1,1
100.0,1716.8,0.0693,0.0,3.9,0.6,-2.2,0.447,46.5,120.0,83.2,2
100.0,2146.0,0.033,0.0,4.2,-0.6,-3.7,0.005,183.9,12862.0,75.4,1
71.4,1414.3,0.0331,0.041,17.9,11.9,-1.7,0.526,36.6,1912.0,53.7,1
96.12,2015.2,0.0118,0.0,4.2,2.6,-1.2,0.0,74.4,6249.0,97.2,1
91.26,1483.6,0.0064,0.0,7.8,4.7,-2.0,0.52,233.8,4574.0,69.9,0
30.83,275.9,0.0299,0.154,31.7,16.0,-12.0,1.158,71.2,11097.0,83.4,2
100.0,2167.0,0.002,0.0,-5.7,1.2,3.3,0.0,154.3,13196.0,48.2,0
45.14,814.7,0.0109,0.037,39.1,15.3,-13.9,1.27,282.5,12007.0,47.6,2
100.0,1827.2,0.0062,0.0,-3.9,-5.2,0.7,0.123,35.0,9644.0,78.4,1
61.26,944.1,0.0197,0.008,18.3,9.0,-7.2,1.431,289.6,3806.0,56.2,1
100.0,1898.1,0.0155,0.0,3.2,-0.5,0.4,0.0,136.0,8060.0,85.6,1
71.37,1491.8,0.0116,0.154,12.3,4.0,-4.5,0.34,192.0,7965.0,64.9,1
55.76,1110.5,0.0216,0.098,25.7,6.7,-9.1,1.653,116.6,14100.0,51.2,1
64.6,1175.9,0.0099,0.037,17.3,11.8,-6.7,0.444,91.5,260.0,74.1,2
58.79,1186.9,0.0004,0.124,27.8,13.6,-10.2,0.848,83.7,12242.0,83.8,2
77.82,1362.9,0.0094,0.021,15.5,4.4,-3.6,1.042,51.1,2384.0,41.6,0
76.22,1255.4,0.0218,0.091,19.3,6.1,-2.5,1.133,132.8,5049.0,68.5,0
77.9,1270.1,0.0219,0.101,19.7,8.7,-3.6,1.347,210.6,14116.0,68.4,0
72.58,1526.0,0.0127,0.287,13.8,9.6,-0.2,1.161,93.9,11901.0,67.8,2
49.76,1073.1,0.017,0.152,35.9,19.6,-8.7,1.539,242.0,8056.0,86.8,2
65.65,1160.8,0.0147,0.022,24.0,10.3,-11.6,0.732,281.1,5905.0,59.5,1
6.97,0.0,0.0004,0.213,47.3,34.0,-16.0,2.793,250.5,4800.0,67.3,3
100.0,1463.3,0.023,0.0,-0.2,-1.3,2.0,0.128,109.9,5721.0,50.9,0
44.03,631.2,0.0372,0.187,26.0,14.0,-12.3,2.776,62.1,10342.0,84.3,2
45.78,1015.9,0.0019,0.093,26.2,16.9,-11.3,2.117,254.8,4584.0,65.1,2
68.2,1109.5,0.0092,0.01,21.2,7.4,-7.2,1.774,138.6,11793.0,74.6,2
91.49,1596.7,0.0215,0.0,12.3,5.3,-2.5,0.0,75.0,12259.0,70.9,0
96.65,1416.3,0.0347,0.0,8.4,1.5,3.4,0.0,211.8,3459.0,67.0,0
98.39,2131.2,0.0054,0.0,-1.1,-1.0,-0.8,0.0,155.7,2863.0,45.0,0
81.15,1473.2,0.0149,0.059,17.7,8.3,-0.7,0.112,82.6,1537.0,98.6,1
89.88,1809.9,0.0197,0.084,1.3,-1.0,-0.8,1.003,98.1,12072.0,40.9,0
94.68,1738.5,0.0095,0.0,3.0,3.7,0.0,0.0,30.4,3536.0,47.1,0
100.0,1695.1,0.0088,0.0,1.4,-1.5,-0.8,0.0,202.9,14084.0,99.5,1
100.0,1918.9,0.0289,0.0,-7.7,1.2,-0.8,0.666,247.2,2069.0,50.6,0
59.74,1163.8,0.0062,0.003,15.5,12.1,-6.5,1.737,106.4,6806.0,53.6,1
74.5,1495.8,0.0028,0.088,10.0,8.6,-3.0,0.39,67.4,1388.0,89.1,2
34.46,690.9,0.057,0.065,38.7,21.6,-12.1,1.077,38.2,11669.0,53.8,2
63.51,986.3,0.007,0.107,23.8,13.6,-7.2,1.387,123.0,4449.0,78.0,2
50.87,732.4,0.0231,0.178,27.8,15.6,-10.2,1.574,234.5,6044.0,91.5,2
59.44,1087.0,0.0071,0.03,15.0,15.2,-4.7,1.814,196.4,2333.0,53.3,1
35.26,328.7,0.0178,0.013,45.4,19.2,-14.4,1.558,208.3,12167.0,79.4,2
43.57,810.3,0.0269,0.081,34.3,21.2,-9.5,1.932,239.4,9957.0,94.2,2
38.85,618.7,0.0212,0.063,32.2,17.5,-10.8,2.072,88.7,13746.0,60.6,2
90.25,1796.4,0.0032,0.0,14.1,3.6,-7.3,1.073,146.6,11261.0,43.0,0
93.19,1499.7,0.0085,0.0,1.0,1.2,-2.3,0.597,266.4,3331.0,60.3,0
91.79,1774.4,0.047,0.0,-0.6,7.9,0.4,1.012,291.3,14084.0,79.1,1
43.13,903.6,0.0095,0.027,18.8,17.0,-12.4,1.06,214.8,4343.0,77.4,2
85.57,1714.7,0.0346,0.041,1.5,-0.0,-5.7,0.0,212.8,4818.0,73.2,1
91.39,1809.9,0.0105,0.0,9.1,-0.2,-1.0,0.464,273.4,1045.0,90.2,1
61.17,1175.5,0.0136,0.239,24.7,11.9,-7.1,0.247,121.8,13287.0,92.3,2
100.0,1947.3,0.0223,0.0,0.4,-2.9,-0.1,0.0,245.3,10343.0,56.9,0
100.0,1651.8,0.0173,0.0,-6.7,0.9,-0.2,0.414,105.9,4154.0,78.3,1
68.27,1210.7,0.0066,0.091,18.9,10.2,-8.1,1.044,224.5,14292.0,42.5,1
75.3,1568.4,0.0298,0.28,14.1,7.7,-4.3,0.706,224.5,12123.0,74.5,1
97.27,1530.3,0.0204,0.0,-10.7,5.8,-3.8,0.0,218.0,4082.0,68.2,0
100.0,1640.7,0.0144,0.0,-1.5,-1.6,-3.9,0.0,75.0,599.0,46.3,0
60.82,1335.4,0.0209,0.017,23.8,13.1,-3.4,1.025,269.1,9063.0,90.2,2
76.7,1454.7,0.0671,0.097,15.2,5.3,-2.2,0.089,42.7,6216.0,42.6,1
79.2,1795.9,0.0035,0.033,14.7,6.2,-4.0,0.0,218.5,3385.0,61.2,0
100.0,1856.2,0.0309,0.0,5.8,1.6,-0.2,0.0,203.2,9654.0,71.1,0
98.75,1575.6,0.023,0.0,8.4,-0.3,3.5,0.113,106.2,6055.0,49.4,0
20.58,546.5,0.0083,0.161,46.4,23.3,-12.0,1.966,136.9,9634.0,90.0,2
91.02,1819.8,0.0072,0.0,-3.0,-1.7,-0.4,0.0,238.9,9069.0,99.3,1
78.97,1517.6,0.0142,0.406,12.4,7.9,-1.8,0.346,53.7,10995.0,63.0,0
78.34,1064.1,0.0032,0.116,14.5,1.9,-4.5,0.976,244.1,7344.0,54.1,0
47.9,1108.8,0.0126,0.059,28.5,15.5,-9.0,1.005,236.4,9028.0,83.4,2
70.68,824.0,0.0181,0.121,6.8,7.7,-6.0,1.371,148.6,10405.0,56.3,1
61.16,1091.3,0.006,0.022,23.2,10.4,-5.6,0.951,106.8,717.0,92.4,2
83.37,1317.2,0.0022,0.023,2.9,3.5,-1.8,0.99,284.9,5905.0,98.5,1
79.71,1453.0,0.0095,0.135,19.7,6.9,-1.5,0.522,288.2,5449.0,69.4,0
86.53,1802.4,0.0004,0.228,3.5,5.1,-4.9,0.0,253.2,893.0,92.2,1
71.08,1245.6,0.0114,0.002,12.2,6.6,-5.6,0.874,51.8,7445.0,41.7,1
78.91,1264.4,0.0018,0.391,12.2,0.1,-4.2,0.0,199.2,6197.0,77.7,1
100.0,1971.1,0.0172,0.0,-1.0,4.8,1.7,0.021,147.2,12989.0,86.1,1
78.69,1492.8,0.0049,0.269,17.4,5.3,-1.3,0.366,67.0,187.0,55.2,0
100.0,1611.4,0.0015,0.0,-5.3,-4.0,-0.4,0.0,114.4,8142.0,54.0,0
83.76,1482.3,0.0043,0.04,11.3,1.7,-1.9,0.622,288.4,7546.0,99.6,1
53.71,925.6,0.0332,0.288,27.8,10.7,-8.7,1.381,253.0,11262.0,43.8,1
86.78,1457.5,0.0161,0.083,5.7,5.6,-1.6,0.107,265.0,7899.0,88.5,1
100.0,2010.0,0.005,0.0,12.7,0.5,0.5,0.0,125.6,6482.0,74.6,1
100.0,2031.9,0.0044,0.0,-3.5,-1.0,-5.4,0.0,154.3,14070.0,49.3,0
71.07,1522.3,0.0083,0.036,13.1,9.3,-6.1,1.761,80.9,13665.0,58.9,1
100.0,1823.6,0.0461,0.0,-6.1,1.0,-2.1,0.129,101.8,9275.0,98.4,1
96.43,1488.9,0.1331,0.0,9.9,-1.8,3.6,0.086,160.3,5723.0,82.6,2
83.89,1806.4,0.0586,0.075,8.9,4.4,-3.7,0.221,59.6,12781.0,50.8,1
89.08,1653.9,0.0109,0.09,-3.1,6.3,-3.9,0.083,160.9,13828.0,85.8,1
62.91,1262.3,0.0662,0.107,17.9,13.8,-7.7,0.0,117.9,6694.0,53.5,1
100.0,1629.9,0.0191,0.0,8.7,0.1,-0.5,0.0,208.8,12253.0,98.7,1
88.38,1460.0,0.0052,0.0,-3.8,2.1,-3.0,0.41,130.8,10174.0,76.9,1
52.58,998.9,0.0038,0.005,30.9,17.0,-9.0,1.735,130.0,5718.0,83.4,2
36.56,776.7,0.003,0.206,42.7,14.1,-13.8,1.513,228.2,3243.0,64.1,2
64.14,1082.8,0.0373,0.14,19.2,8.8,-8.9,1.278,109.2,7246.0,93.0,2
60.75,1036.2,0.0128,0.119,19.8,14.0,-9.3,1.193,162.9,4699.0,80.0,2
92.48,1798.7,0.0098,0.0,4.5,3.1,-3.7,0.173,243.3,11018.0,43.0,0
100.0,2142.7,0.0088,0.0,-2.7,-1.1,-3.2,0.0,212.0,10303.0,80.4,1
76.95,1302.6,0.0181,0.021,8.7,9.8,-2.7,0.0,148.9,4988.0,64.9,0
100.0,1824.9,0.0082,0.0,0.4,2.6,-1.4,0.0,37.9,5568.0,67.4,0
31.84,524.0,0.0181,0.11,43.2,16.1,-14.4,1.874,250.0,5069.0,88.8,2
46.06,1160.7,0.0013,0.138,30.1,19.5,-11.6,1.933,83.9,972.0,88.8,2
76.86,1708.6,0.0067,0.017,7.5,4.7,-1.5,0.815,59.5,1735.0,69.7,0
100.0,1851.9,0.0389,0.0,-7.1,2.9,0.9,0.0,110.6,5737.0,72.1,1
100.0,1933.7,0.0427,0.0,-0.9,6.0,-1.5,0.373,56.4,2598.0,96.0,1
70.65,1392.1,0.0304,0.183,22.4,10.9,-6.2,1.285,136.6,8025.0,43.1,1
100.0,1704.1,0.0156,0.0,3.0,-1.1,3.7,0.0,42.1,21.0,41.9,0
100.0,1820.4,0.0855,0.0,-4.7,-4.9,0.8,0.0,258.1,12286.0,89.4,2
95.28,1839.7,0.013,0.0,-0.6,1.3,-2.1,0.199,276.4,7841.0,43.1,0
88.8,1599.0,0.0559,0.102,3.3,3.9,-3.9,0.565,150.2,434.0,64.3,1
100.0,1876.3,0.1551,0.0,4.0,-0.8,-3.1,0.0,277.3,10128.0,86.8,2
77.86,1390.2,0.0526,0.072,22.3,6.5,-2.8,0.618,102.0,11962.0,40.4,1
100.0,1523.1,0.0334,0.0,0.8,1.4,0.9,0.0,62.1,1470.0,96.7,1
69.64,1024.6,0.0208,0.033,15.5,13.3,-3.6,0.851,225.1,2404.0,69.4,2
57.6,1075.0,0.0056,0.086,27.3,12.8,-6.9,1.432,151.7,4391.0,52.3,1
100.0,1621.2,0.0087,0.0,-4.5,7.6,-1.9,0.528,57.6,14465.0,78.3,1
47.26,291.4,0.041,0.67,14.3,16.7,-8.1,0.961,274.8,2969.0,63.1,2
83.0,1786.6,0.0509,0.109,1.5,4.4,-2.0,0.455,151.6,1915.0,90.5,2
71.74,1395.3,0.0249,0.131,18.0,14.0,-7.4,1.207,240.6,14126.0,61.3,1
71.86,1281.4,0.04,0.227,14.9,7.1,-6.0,0.533,130.5,5218.0,44.9,1
92.13,1899.2,0.0098,0.0,2.0,-0.7,-0.8,0.138,46.0,5922.0,47.9,0
88.09,1551.6,0.0072,0.005,10.8,2.3,-4.8,0.877,235.2,11621.0,49.0,0
80.1,946.1,0.0009,0.19,14.9,-0.4,0.7,0.0,119.1,2106.0,96.8,1
82.41,1369.5,0.0094,0.123,1.8,9.0,-2.7,0.997,95.1,4822.0,64.9,0
80.48,1592.7,0.0057,0.025,-4.0,5.6,-3.7,0.418,224.5,1746.0,48.5,0
86.01,1540.7,0.0081,0.163,8.7,6.7,-2.2,0.097,147.5,3365.0,96.8,1
83.2,1338.7,0.0039,0.029,8.3,5.0,0.6,1.094,102.9,5840.0,64.6,0
73.09,1282.2,0.0009,0.043,12.7,9.1,-9.9,1.085,185.6,11423.0,70.7,2
93.55,1687.7,0.0508,0.0,2.1,7.5,-2.5,1.507,119.2,12869.0,81.9,2
100.0,1920.8,0.029,0.0,-7.0,1.1,-0.3,0.0,117.1,1098.0,58.7,0
60.59,1192.6,0.1264,0.063,13.1,10.9,-5.6,1.356,258.7,8761.0,68.9,2
100.0,1774.0,0.0065,0.0,4.5,-1.4,-0.5,0.168,253.9,4507.0,93.4,1
90.92,1516.8,0.0019,0.0,0.0,0.8,-1.9,0.375,93.6,3902.0,57.8,0
82.27,1532.9,0.0346,0.019,0.7,8.6,-3.0,0.786,38.4,12361.0,83.4,1
51.67,1033.5,0.0373,0.001,21.3,12.1,-6.0,0.553,240.4,12995.0,61.8,1
91.42,1577.3,0.0085,0.0,9.3,0.6,-3.7,0.073,265.1,13091.0,62.1,0
82.87,1688.3,0.0206,0.271,11.3,2.1,-1.0,1.06,175.8,6660.0,97.0,1
97.84,1776.6,0.1045,0.0,0.2,-2.3,0.7,0.0,254.9,3537.0,73.3,2
64.26,1253.7,0.0265,0.009,19.1,9.9,-6.4,1.591,94.8,1088.0,61.3,1
79.35,1664.9,0.0044,0.029,8.7,9.1,-5.1,0.491,291.9,5590.0,97.6,1
100.0,1603.6,0.0156,0.0,-3.7,2.5,-0.0,0.0,61.6,10778.0,52.5,0
31.65,549.2,0.0017,0.074,35.8,20.5,-12.3,1.431,166.1,3812.0,42.4,2
100.0,1355.9,0.0012,0.0,-0.6,1.6,2.4,0.0,211.4,7922.0,56.7,0
72.72,1318.3,0.045,0.007,22.9,5.3,-4.5,1.11,230.5,10847.0,40.8,1
76.51,1178.6,0.0111,0.047,16.1,5.1,-5.6,0.818,33.0,12397.0,42.3,0
96.66,1843.7,0.0028,0.0,9.3,4.7,-2.8,0.484,228.2,12435.0,97.9,1
33.8,535.4,0.0226,0.1,40.0,18.1,-11.7,1.12,175.0,8076.0,92.2,2
57.44,780.5,0.0155,0.003,23.2,12.4,-7.0,1.235,41.9,10200.0,59.3,1
74.31,1749.7,0.064,0.001,16.5,11.9,-6.2,1.312,148.2,9303.0,62.9,1
43.13,736.9,0.0168,0.038,31.0,19.2,-10.9,1.316,134.8,9250.0,94.2,2
85.08,1627.5,0.0088,0.15,3.2,6.0,-4.2,0.0,88.1,10931.0,46.1,0
73.95,1281.2,0.0007,0.013,10.2,7.0,-7.0,1.008,239.4,1080.0,95.2,2
83.04,1405.4,0.0061,0.13,21.3,8.5,-6.3,0.244,103.6,14721.0,56.4,0
64.06,904.2,0.0541,0.081,18.2,7.2,-4.5,1.135,42.4,11862.0,53.0,1
100.0,2122.8,0.023,0.0,-4.3,-2.0,-0.9,0.0,225.9,5650.0,90.2,1
85.12,1301.4,0.0042,0.251,2.2,5.4,-1.1,0.645,85.1,1602.0,52.1,0
32.98,563.1,0.0184,0.006,30.5,16.8,-11.5,1.931,85.5,10974.0,74.8,2
98.73,1600.4,0.0,0.0,0.3,3.9,0.3,0.0,116.2,6507.0,81.1,1
78.22,1241.3,0.0123,0.021,7.5,6.5,-1.0,0.62,112.2,7323.0,90.7,1
95.04,1965.8,0.0252,0.0,6.4,0.2,-3.6,1.42,147.5,8963.0,75.8,1
95.48,1700.7,0.0404,0.0,3.2,2.8,-0.8,0.079,160.1,10329.0,93.8,1
86.27,1427.9,0.0239,0.078,6.8,6.0,-5.2,1.117,226.9,14372.0,57.5,0
100.0,1532.6,0.0237,0.0,2.4,-2.1,-2.2,0.494,86.3,13276.0,48.5,0
49.92,1000.2,0.0003,0.0,39.4,17.6,-7.2,2.612,109.1,12286.0,62.6,2
66.42,786.2,0.0266,0.015,23.0,9.9,-5.8,0.818,258.0,11461.0,80.2,2
53.03,1139.3,0.0271,0.036,28.3,17.7,-9.3,1.377,120.7,6957.0,40.1,1
72.11,1092.5,0.084,0.051,9.7,9.5,-3.5,0.446,174.5,12250.0,52.4,1
55.75,821.6,0.0132,0.331,32.4,13.0,-9.4,1.638,191.1,1969.0,65.0,1
100.0,2079.0,0.0178,0.0,0.8,-1.7,-0.6,0.309,229.9,4016.0,92.7,1
100.0,1857.7,0.0708,0.0,-5.5,4.8,1.0,0.068,269.7,195.0,44.8,1
100.0,2122.2,0.0012,0.0,8.8,3.2,-0.1,0.0,237.6,4081.0,82.2,1
82.47,1517.6,0.0215,0.182,5.3,7.0,-4.6,0.0,98.6,14667.0,50.5,0
100.0,1936.1,0.0002,0.0,-0.9,1.5,-1.1,0.0,188.0,14630.0,84.9,1
43.5,901.3,0.0559,0.197,36.0,18.3,-11.4,2.054,111.1,3315.0,45.4,2
79.35,1503.1,0.0093,0.155,15.1,8.3,-8.3,0.772,281.9,234.0,72.5,1
74.54,1673.8,0.0058,0.286,15.7,14.5,-5.8,0.631,228.1,8296.0,48.3,1
65.82,907.0,0.008,0.236,14.8,11.2,-5.0,0.25,185.3,4498.0,47.2,1
63.84,1179.4,0.0126,0.048,22.5,9.7,-5.6,0.698,281.7,4240.0,44.1,1
69.91,1230.2,0.0056,0.026,14.3,11.0,-3.9,0.9,288.7,3020.0,75.9,2
63.29,880.3,0.0528,0.174,10.5,11.9,-6.1,1.022,216.9,14208.0,58.1,1
100.0,1652.5,0.0062,0.0,2.2,-2.9,2.1,0.0,119.7,1238.0,59.3,0
87.83,1660.2,0.0067,0.015,5.8,10.0,0.6,0.148,180.5,922.0,55.9,0
50.84,757.2,0.0065,0.023,32.4,14.3,-9.0,1.368,104.0,6138.0,95.2,2
89.2,1801.2,0.0855,0.135,15.6,4.2,-1.6,0.0,83.0,5667.0,82.3,2
64.42,1102.1,0.0391,0.019,22.2,12.0,-8.8,1.026,31.1,8423.0,40.1,1
96.36,1900.0,0.0132,0.0,6.4,-3.3,-0.6,0.448,190.7,7756.0,60.6,0
63.58,816.6,0.0401,0.102,23.8,6.7,-4.2,0.423,33.8,5466.0,70.9,2
82.82,1626.4,0.024,0.013,6.6,6.5,0.8,0.758,42.2,13695.0,75.5,1
71.96,1159.2,0.0001,0.135,12.3,9.0,-5.4,1.052,177.4,6962.0,65.3,2
100.0,1911.0,0.0001,0.0,-10.4,1.5,-1.8,0.0,191.8,4232.0,42.2,0
52.36,679.4,0.0006,0.073,20.2,14.2,-7.4,0.576,138.5,7056.0,68.0,2
100.0,1734.7,0.0097,0.0,-3.3,2.0,2.0,0.207,225.5,1141.0,56.5,0
20.72,392.3,0.0061,0.103,48.4,19.0,-11.6,2.452,197.5,14898.0,61.5,2
20.85,464.5,0.0037,0.115,46.8,24.1,-15.8,1.574,71.3,7802.0,51.1,2
83.67,1403.5,0.0034,0.133,12.8,5.0,-5.1,0.649,47.5,2970.0,53.3,0
49.84,1068.7,0.0161,0.248,29.0,20.8,-6.6,0.747,291.3,11129.0,62.3,2
29.14,555.4,0.0177,0.219,40.9,24.5,-13.2,1.801,166.4,6293.0,61.8,2
52.85,872.1,0.02,0.016,29.1,10.8,-8.9,1.744,212.1,5995.0,69.2,2
100.0,1836.1,0.0133,0.0,-2.6,7.5,0.5,0.573,181.5,1592.0,52.3,0
52.13,746.7,0.0125,0.039,17.2,13.3,-6.0,0.581,177.4,4683.0,64.7,1
75.58,1735.2,0.0785,0.031,6.4,10.1,-7.1,1.204,217.0,7260.0,74.0,2
55.97,1035.1,0.009,0.022,19.1,14.5,-10.0,0.834,268.7,2055.0,48.7,1
55.35,907.5,0.0429,0.484,28.0,12.9,-4.3,1.284,91.0,9234.0,85.1,2
86.12,1405.0,0.0099,0.092,10.3,3.7,-0.3,0.218,113.2,6644.0,86.4,1
28.91,346.8,0.0434,0.012,39.2,21.0,-14.5,2.753,246.6,14602.0,59.9,2
91.81,1812.3,0.0241,0.0,7.6,5.4,-1.4,0.572,167.6,5248.0,61.7,0
68.1,1326.6,0.0285,0.018,20.7,15.6,-3.6,0.694,233.7,7552.0,70.6,2
100.0,1645.1,0.0026,0.0,0.0,-0.2,-2.6,0.454,80.6,14681.0,43.7,0
100.0,1666.6,0.0032,0.0,4.0,-0.3,2.7,0.0,62.3,14734.0,54.6,0
100.0,1910.2,0.0003,0.0,9.5,5.7,0.9,0.0,89.1,10557.0,84.9,1
51.91,695.2,0.0089,0.148,15.0,13.5,-7.3,0.841,235.7,1063.0,78.6,2
85.57,1333.7,0.0106,0.03,7.9,9.2,-2.2,0.613,123.1,9425.0,60.0,0
80.89,1585.8,0.0042,0.043,8.1,4.2,-3.1,0.296,278.0,13332.0,64.0,0
88.82,1806.4,0.0005,0.124,14.8,5.4,-1.4,1.005,87.2,5346.0,80.3,1
65.2,1414.6,0.0008,0.121,28.0,10.0,-4.3,0.98,214.8,5698.0,89.3,2
74.64,1340.4,0.0013,0.469,15.5,6.0,-5.6,0.59,89.7,3076.0,93.3,2
99.87,2219.2,0.0196,0.0,4.0,-1.1,-1.1,1.076,267.1,11284.0,98.9,1
19.75,165.2,0.0095,0.002,33.9,27.7,-18.2,1.942,209.0,5132.0,43.3,2
100.0,1727.7,0.0157,0.0,2.1,3.1,1.7,0.161,103.6,4270.0,43.7,0
100.0,1751.5,0.0148,0.0,-2.2,1.2,-4.2,0.0,135.7,5735.0,73.6,1
100.0,1866.3,0.0019,0.0,-7.0,-0.8,-1.6,0.052,295.9,8655.0,57.0,0
73.78,1371.4,0.0025,0.099,2.4,8.1,-5.0,1.088,237.4,3522.0,60.6,1
89.39,1879.6,0.0034,0.22,16.6,1.3,-4.3,0.26,181.9,7203.0,43.9,0
90.31,1613.9,0.009,0.0,5.5,3.3,-0.3,0.0,107.9,4932.0,73.0,1
100.0,1595.2,0.0205,0.0,-6.3,-2.5,0.3,0.353,246.5,12582.0,80.4,1
58.19,738.1,0.0363,0.135,22.8,13.9,-5.8,1.096,166.7,9751.0,60.6,1
65.97,1316.9,0.0104,0.044,21.5,15.5,-6.2,0.576,59.2,6706.0,78.2,2
20.07,0.0,0.0007,0.031,37.5,23.2,-15.1,2.958,172.9,8221.0,58.6,3
100.0,1543.9,0.0335,0.0,-5.1,-0.5,2.3,0.04,130.1,6088.0,75.5,1
14.67,496.5,0.0019,0.052,48.9,28.3,-13.6,1.981,222.6,14328.0,81.3,2
86.0,1376.1,0.0039,0.046,3.2,5.3,-1.4,0.323,115.7,9697.0,93.4,1
96.1,1620.9,0.0236,0.0,4.3,-0.9,-0.0,0.0,251.1,2808.0,84.6,1
54.82,1473.7,0.0176,0.102,21.8,15.0,-9.4,0.582,273.0,13407.0,74.7,2
53.26,880.5,0.0138,0.156,27.1,20.7,-5.7,2.139,98.0,3824.0,72.8,2
100.0,1891.5,0.0614,0.0,3.6,1.5,-3.5,0.0,51.7,14318.0,94.5,2
57.46,1085.5,0.0051,0.034,22.4,10.7,-5.8,1.236,279.4,717.0,95.2,2
100.0,1854.6,0.0404,0.0,-5.3,0.7,-5.3,0.136,140.7,9074.0,73.6,1
42.46,1041.5,0.0072,0.311,34.4,17.6,-11.1,1.206,256.8,11803.0,40.6,2
78.97,1591.9,0.003,0.014,12.3,8.1,-4.7,0.0,63.8,12720.0,51.7,0
85.38,1447.0,0.0065,0.005,24.7,3.5,0.4,1.183,210.5,3287.0,61.4,0
80.31,1672.2,0.0269,0.001,9.4,0.7,-1.8,1.024,174.1,3824.0,40.5,0
80.72,1427.7,0.0018,0.208,10.2,4.6,-3.7,1.164,111.3,1316.0,90.3,1
87.2,1683.9,0.0121,0.142,9.8,3.2,0.4,0.0,108.3,9063.0,88.5,1
89.68,1588.8,0.0025,0.014,6.9,0.5,-3.7,1.015,278.5,12164.0,69.8,0
96.26,1581.2,0.0332,0.0,11.4,-2.0,-1.8,0.28,50.0,5942.0,53.8,0
73.69,1461.9,0.0144,0.053,9.4,8.5,-7.4,1.3,288.3,13936.0,90.0,2
61.01,785.8,0.033,0.012,23.4,13.3,-5.1,1.101,209.6,699.0,67.6,2
89.56,1500.5,0.0584,0.08,8.8,5.2,-3.1,1.073,258.9,7171.0,73.5,2
100.0,1577.8,0.0166,0.0,14.5,2.8,-1.5,0.0,103.5,4671.0,61.5,0
100.0,1421.2,0.0238,0.0,-0.6,8.4,1.8,0.186,153.9,5741.0,80.8,1
77.02,1332.8,0.0047,0.057,7.8,11.1,-5.9,0.436,253.3,14719.0,62.7,0
100.0,1684.1,0.0099,0.0,8.2,-2.9,1.4,0.502,235.5,12369.0,59.3,0
79.58,1473.3,0.0402,0.283,16.0,5.3,-7.9,0.767,278.9,11341.0,68.9,0
100.0,1610.3,0.0313,0.0,-1.7,-4.4,2.2,0.0,195.6,3435.0,70.0,0
90.35,1689.9,0.0428,0.0,6.8,5.1,-3.6,0.414,183.0,10249.0,48.6,0
67.47,1043.7,0.0038,0.076,13.0,4.8,-9.8,1.183,294.4,12423.0,47.2,1
90.65,1606.6,0.016,0.0,5.6,1.5,-4.1,0.617,42.6,8928.0,79.7,1
58.0,933.2,0.0087,0.008,18.1,8.2,-7.5,0.0,53.3,5616.0,58.5,1
100.0,2009.5,0.0056,0.0,-1.7,-3.4,-1.6,0.144,45.8,432.0,59.2,0
95.01,1353.8,0.0173,0.0,-6.8,4.6,-1.2,0.411,227.2,7413.0,64.1,0
73.89,1311.7,0.0037,0.011,28.4,12.9,-8.3,0.581,99.0,6386.0,49.7,1
93.93,1223.3,0.0098,0.0,13.8,2.0,-3.1,0.273,83.0,5540.0,64.0,0
56.34,930.8,0.0316,0.081,27.2,13.0,-6.2,0.655,195.2,404.0,82.3,2
79.58,1399.7,0.0217,0.191,8.1,0.8,-5.1,0.062,120.4,4727.0,93.3,1
57.36,736.8,0.0037,0.375,27.4,14.3,-6.5,0.295,298.4,11905.0,46.2,1
31.17,722.7,0.0072,0.086,37.8,19.8,-9.7,1.069,217.9,7216.0,42.6,2
85.15,1447.4,0.0559,0.037,3.1,10.3,-3.6,0.951,218.4,14266.0,55.5,1
85.81,1659.1,0.0057,0.393,-1.3,8.8,-7.8,0.453,228.4,6655.0,72.3,1
90.52,1670.6,0.0304,0.0,5.9,6.9,-4.7,0.747,204.7,2250.0,100.0,1
100.0,1851.0,0.007,0.0,-3.1,2.5,0.9,0.0,271.3,606.0,56.2,0
55.83,948.7,0.0381,0.143,26.3,17.0,-2.2,1.128,212.6,8876.0,89.1,2
55.77,1000.3,0.0462,0.239,18.0,10.7,-6.7,0.922,94.7,2878.0,91.7,2
85.31,1641.4,0.0021,0.349,6.0,7.2,-3.7,0.17,223.9,128.0,70.8,0
20.74,159.2,0.0362,0.026,34.0,23.5,-12.8,2.076,190.1,7526.0,42.4,2
76.77,934.1,0.0131,0.049,12.6,1.0,-4.8,0.143,214.8,911.0,96.9,1
65.9,1334.1,0.0054,0.071,15.6,8.9,-6.6,1.145,284.2,2153.0,43.3,1
0.0,17.1,0.0023,0.03,52.9,29.8,-17.6,2.885,95.6,7414.0,60.1,2
80.99,1763.4,0.0156,0.043,4.5,4.9,-1.2,1.095,293.1,12372.0,98.1,1
58.65,554.2,0.0128,0.028,26.0,6.8,-8.9,1.168,128.0,47.0,95.0,2
100.0,1663.1,0.0628,0.0,-0.6,0.1,-0.1,0.0,245.8,157.0,69.0,2
63.37,955.5,0.0148,0.01,24.7,8.4,-4.8,1.014,145.1,2860.0,56.4,1
37.86,464.8,0.0047,0.097,41.0,18.8,-7.8,1.2,32.0,12486.0,73.8,2
100.0,1246.0,0.0045,0.0,5.7,-0.9,2.1,1.099,48.7,13820.0,51.1,0
92.06,1647.5,0.0307,0.0,10.3,2.3,-2.4,1.057,132.6,8832.0,53.9,0
100.0,1630.2,0.02,0.0,4.3,-3.4,0.2,0.774,72.0,3528.0,56.3,0
79.22,1240.6,0.011,0.345,11.8,5.4,-4.8,0.753,154.3,13627.0,53.2,0
100.0,1682.7,0.0592,0.0,-2.1,-4.4,0.7,0.0,91.1,650.0,50.7,1
32.88,726.6,0.0352,0.013,42.5,19.2,-11.9,1.579,179.7,11226.0,57.0,2
66.0,1429.8,0.0303,0.043,18.1,13.3,-8.5,1.296,43.5,8134.0,62.0,1
55.92,1463.7,0.0393,0.002,32.0,13.8,-5.6,0.125,31.9,768.0,75.5,2
100.0,1935.2,0.0267,0.0,2.4,-6.4,2.9,0.0,153.4,408.0,91.0,1
46.82,455.0,0.0011,0.135,22.0,13.3,-8.7,0.816,172.4,3893.0,40.2,2
48.58,902.7,0.0119,0.045,29.4,13.3,-9.0,1.647,138.5,11382.0,72.5,2
100.0,1880.6,0.0321,0.0,1.9,-5.0,-1.6,0.0,167.6,10781.0,83.6,1
100.0,1779.5,0.0274,0.0,-3.4,-3.0,-0.3,0.014,133.4,5941.0,94.7,1
77.42,1556.7,0.0135,0.005,6.0,3.0,-3.8,0.449,167.8,14987.0,70.4,0
58.7,952.9,0.0058,0.142,19.7,14.0,-7.5,0.794,74.9,146.0,63.8,1
100.0,1913.2,0.025,0.0,3.5,-2.3,-0.0,0.0,260.7,10137.0,78.3,1
59.44,1217.7,0.0026,0.108,25.9,10.1,-1.5,1.292,62.3,3103.0,87.3,2
97.78,1859.3,0.0026,0.0,5.6,-1.9,3.8,1.04,106.7,2242.0,88.5,1
70.29,1226.3,0.0118,0.013,22.2,3.9,-3.6,0.739,86.3,34.0,47.8,1
79.66,1449.8,0.0001,0.61,13.4,9.3,-2.8,0.394,206.2,4797.0,98.2,1
87.3,1973.8,0.012,0.022,9.5,0.6,-4.0,0.18,261.3,14911.0,43.1,0
100.0,1403.5,0.0106,0.0,-12.5,3.6,-0.2,0.483,117.6,2079.0,72.2,1
92.3,1714.1,0.0011,0.0,12.7,-2.6,-1.5,0.292,34.4,8968.0,87.0,1
100.0,1785.9,0.0069,0.0,2.6,-0.9,1.1,0.054,31.4,6637.0,51.7,0
90.83,1802.1,0.147,0.0,8.4,4.3,-4.6,0.37,164.0,1701.0,53.1,1
69.98,1371.1,0.0143,0.054,18.3,6.2,-4.4,1.044,116.7,8108.0,80.6,2
75.06,1083.7,0.0058,0.064,20.8,10.0,-3.4,0.278,269.2,13571.0,89.3,1
82.83,1278.0,0.0895,0.129,10.1,4.1,-2.3,0.0,186.0,12963.0,71.4,2
31.03,588.9,0.0129,0.035,29.7,22.7,-13.0,1.833,141.2,3024.0,67.4,2
100.0,1905.5,0.0042,0.0,-4.6,-3.3,0.6,0.35,96.8,928.0,42.5,0
85.38,1198.2,0.008,0.152,2.8,6.9,0.3,0.021,237.5,9236.0,61.0,0
100.0,1445.2,0.0014,0.0,2.6,-4.0,-1.9,0.302,36.2,4946.0,65.4,0
81.69,1436.4,0.0005,0.091,12.7,4.2,-0.8,0.787,204.5,13855.0,50.3,0
25.05,499.2,0.0143,0.087,42.3,22.7,-14.7,2.12,82.7,2098.0,45.4,2
66.43,1075.6,0.0011,0.006,15.7,3.8,-7.9,1.103,168.5,1831.0,98.7,2
100.0,2339.3,0.0359,0.0,7.8,5.3,4.4,0.0,172.6,6531.0,58.2,0
49.14,683.4,0.0204,0.431,20.8,13.4,-11.5,1.803,275.2,7487.0,73.4,2
73.8,1526.0,0.0512,0.362,6.0,9.4,-7.2,0.845,199.0,2980.0,60.8,1
85.74,1582.3,0.0008,0.282,10.8,2.2,-4.7,0.694,268.1,6577.0,58.8,0
21.82,689.0,0.0131,0.104,53.6,23.9,-13.5,2.144,283.4,6120.0,86.7,2
50.94,851.4,0.0173,0.342,29.1,17.9,-7.3,1.736,72.0,11091.0,89.8,2
84.42,1451.7,0.007,0.207,11.0,0.2,-2.5,0.246,187.2,10200.0,88.9,1
100.0,1786.7,0.053,0.0,-4.1,0.9,0.3,0.129,72.1,747.0,46.7,1
62.29,905.7,0.0297,0.017,19.3,11.6,-5.5,0.775,240.9,10534.0,84.7,2
66.07,1260.2,0.0174,0.008,29.1,11.6,-6.9,0.816,88.1,14048.0,44.0,1
92.88,1437.2,0.0176,0.0,-5.3,1.5,1.0,0.482,66.9,10615.0,94.2,1
19.94,449.5,0.0068,0.032,47.1,22.6,-13.2,1.422,275.8,5271.0,87.6,2
65.74,1489.5,0.0129,0.042,19.1,14.0,-4.6,1.438,252.2,3099.0,45.3,1
82.79,1348.2,0.0057,0.052,16.5,3.6,-4.2,0.081,77.3,6458.0,67.6,0
49.06,984.4,0.0158,0.041,33.5,15.5,-10.2,2.086,88.9,1253.0,69.1,2
31.55,687.0,0.0354,0.189,33.7,20.8,-9.2,1.317,212.3,7422.0,77.5,2
84.34,1589.2,0.0133,0.456,13.4,1.2,-6.8,0.316,176.0,5867.0,77.2,1
43.38,993.4,0.0613,0.105,32.0,12.8,-12.9,1.355,248.1,13914.0,85.6,2
100.0,2084.2,0.016,0.0,1.5,-0.6,-0.3,0.085,179.2,6265.0,79.9,1
66.39,1015.3,0.0019,0.084,27.1,2.7,-1.2,1.049,129.9,498.0,59.8,1
100.0,1565.1,0.0067,0.0,1.7,-0.1,2.9,0.0,50.8,9200.0,41.0,0
58.74,1246.2,0.0093,0.001,26.0,14.9,-6.8,0.491,105.3,8082.0,44.2,1
93.49,1731.2,0.0,0.0,5.1,-1.0,0.4,0.586,295.7,4031.0,83.8,1
85.4,1510.6,0.0234,0.059,12.4,3.2,-7.2,0.252,243.7,13471.0,69.2,0
64.81,1101.8,0.0033,0.189,18.8,8.3,-4.2,0.0,137.1,693.0,48.7,1
79.92,1523.8,0.0019,0.356,6.0,8.0,-7.4,0.918,213.0,14826.0,56.5,0
100.0,1849.8,0.0404,0.0,-1.7,-0.4,4.8,0.0,140.1,13138.0,66.0,0
98.87,1780.4,0.0351,0.0,1.8,2.6,2.7,0.074,214.8,4997.0,51.7,0
53.65,895.8,0.017,0.002,21.7,10.0,-10.6,0.873,172.6,8342.0,42.7,1
91.11,1730.1,0.0266,0.0,-4.6,-0.7,-0.5,0.328,224.4,3956.0,63.1,0
71.11,1313.3,0.0072,0.102,15.3,12.8,-1.8,0.163,80.5,1090.0,81.1,2
67.76,1270.7,0.0039,0.031,10.4,11.2,-8.0,0.887,131.9,8425.0,83.7,2
73.69,1562.6,0.0228,0.05,11.7,11.0,-4.6,0.276,170.0,140.0,57.9,1
78.66,1139.3,0.0037,0.16,17.7,3.1,-4.4,0.518,232.8,9858.0,96.7,1
52.53,1135.9,0.0139,0.187,25.4,10.9,-7.3,1.24,266.5,8090.0,49.1,1
66.68,1163.8,0.0276,0.031,20.7,7.3,-7.3,1.42,217.5,12612.0,90.7,2
55.44,908.5,0.0234,0.332,21.1,8.6,-8.1,1.517,157.9,11843.0,68.0,2
90.7,1678.1,0.0828,0.0,6.0,-0.6,-2.5,0.0,90.0,3471.0,73.1,2
79.21,1380.5,0.032,0.004,9.6,4.5,-6.1,0.487,135.5,12182.0,83.4,1
64.52,941.7,0.0033,0.07,18.9,12.3,-7.6,0.864,175.8,6810.0,75.8,2
44.04,761.8,0.0091,0.017,32.4,14.6,-8.5,1.66,213.1,11610.0,40.7,2
35.85,686.9,0.0065,0.113,29.8,21.6,-11.4,0.406,158.7,10491.0,82.6,2
53.87,1082.3,0.0004,0.051,22.6,18.4,-8.6,1.606,286.7,10150.0,75.1,2
45.45,1108.4,0.0028,0.414,31.0,18.9,-13.4,0.951,259.1,6456.0,98.8,2
65.53,1185.2,0.005,0.034,26.1,9.6,-6.6,0.447,236.2,11104.0,81.0,2
68.1,983.0,0.0025,0.055,10.9,12.9,-6.1,0.768,257.9,14669.0,47.1,1
68.11,1147.6,0.0029,0.017,16.1,10.7,-2.1,0.834,104.4,12425.0,81.0,2
100.0,1699.9,0.0165,0.0,-9.2,2.9,0.2,0.0,244.3,3304.0,44.9,0
69.88,1215.0,0.0147,0.027,19.1,8.9,-6.3,2.066,56.9,1825.0,67.2,2
49.57,674.6,0.0098,0.005,30.2,15.7,-10.5,1.134,196.1,6336.0,81.4,2
52.16,1096.9,0.0488,0.023,20.6,11.8,-4.8,0.461,99.7,11979.0,53.5,1
84.67,1809.9,0.0362,0.404,7.8,6.2,-1.5,0.394,178.8,10156.0,89.0,1
61.84,1261.7,0.0166,0.078,16.9,10.0,-7.3,1.556,273.4,595.0,85.4,2
6.24,173.1,0.0087,0.217,54.3,28.6,-17.6,2.359,295.7,4667.0,62.2,2
62.5,1688.8,0.0161,0.082,18.1,11.8,-6.4,0.0,182.4,8121.0,40.6,1
47.9,871.1,0.0051,0.015,22.7,12.5,-10.1,0.595,181.3,10533.0,64.9,2
82.28,1395.3,0.0606,0.091,6.4,2.9,-6.4,0.475,293.6,10622.0,57.3,1
59.76,1245.9,0.0099,0.248,30.4,13.6,-3.9,0.707,231.8,12201.0,58.5,1
88.09,1590.8,0.0015,0.146,8.3,3.1,-4.4,0.0,235.2,12094.0,70.3,0
67.3,1182.2,0.0212,0.21,11.7,13.4,-6.2,0.489,146.0,5582.0,94.9,2
100.0,1361.1,0.0209,0.0,1.0,4.2,-0.8,1.331,143.9,4081.0,99.8,1
87.11,1339.2,0.0035,0.208,1.1,1.0,-0.6,0.0,246.7,3561.0,60.4,0
37.87,792.8,0.0077,0.029,43.7,16.0,-14.1,1.696,291.7,4870.0,94.9,2
68.9,1307.3,0.0182,0.011,18.5,9.8,-6.4,1.194,66.4,3000.0,50.8,1
100.0,1664.5,0.0519,0.0,-3.6,-2.1,1.1,0.221,101.0,13102.0,54.2,1
100.0,1789.4,0.007,0.0,-2.8,1.4,1.0,0.103,64.9,1568.0,79.7,1
80.88,1817.9,0.003,0.041,12.9,6.1,-1.8,0.261,221.0,12405.0,60.9,0
79.07,1463.4,0.0117,0.058,15.3,7.3,-5.4,0.191,73.4,3622.0,66.8,0
59.74,1045.1,0.0214,0.203,22.5,16.2,-7.0,1.96,58.3,4417.0,90.5,2
69.58,1014.5,0.0188,0.517,17.2,6.9,-6.5,0.965,104.7,3790.0,52.3,1
100.0,1903.3,0.0268,0.0,-3.1,-0.2,3.3,0.137,194.2,13210.0,73.3,1
86.77,1512.6,0.0299,0.021,-2.5,5.4,-3.3,0.0,201.3,6596.0,92.7,1
100.0,1961.6,0.0066,0.0,1.9,2.2,0.4,0.251,60.6,11366.0,78.2,1
71.61,1733.6,0.0317,0.094,12.6,11.1,-5.7,0.768,256.6,14431.0,68.4,2
72.02,1332.0,0.013,0.006,21.7,10.5,-3.3,0.726,148.7,1146.0,73.7,2
100.0,1984.5,0.0041,0.0,1.4,4.2,1.0,0.0,130.9,326.0,59.2,0
16.66,678.0,0.0095,0.065,36.1,27.6,-15.2,1.908,175.8,793.0,88.5,2
20.33,107.7,0.0317,0.173,48.5,28.3,-17.6,2.302,238.5,3165.0,94.2,2
100.0,1960.5,0.0007,0.0,-2.0,-1.8,-1.6,0.309,249.2,3685.0,89.3,1
35.49,687.8,0.0178,0.045,42.4,20.6,-11.4,2.254,116.8,6346.0,44.2,2
47.76,852.8,0.0017,0.074,34.5,20.2,-8.4,2.001,110.1,7838.0,44.0,2
94.34,2086.6,0.0068,0.0,3.1,2.1,-0.2,0.779,49.6,142.0,92.5,1
99.45,1785.8,0.0118,0.0,5.4,2.0,0.7,0.0,85.5,3910.0,80.4,1
40.93,872.2,0.0024,0.042,34.8,19.7,-10.4,1.126,157.4,13266.0,61.5,2
54.99,723.6,0.0148,0.013,30.0,15.3,-9.0,0.723,76.6,14379.0,88.5,2
65.61,1101.6,0.0076,0.013,14.5,14.7,-8.4,0.643,31.2,1884.0,67.7,2
83.19,1620.4,0.0016,0.047,9.6,0.9,-2.1,0.468,242.0,7588.0,74.2,1
72.65,1659.5,0.0183,0.096,17.5,11.1,-5.4,1.148,213.0,13984.0,96.4,2
100.0,1552.4,0.0394,0.0,-2.2,3.2,2.4,0.081,89.9,12467.0,63.4,0
69.41,1220.8,0.0102,0.162,21.8,11.0,-5.1,0.92,64.2,9299.0,47.0,1
53.04,811.7,0.0185,0.215,32.8,15.7,-12.8,1.498,290.9,3932.0,89.3,2
54.19,961.1,0.0139,0.072,20.8,10.4,-6.8,1.7,207.1,7173.0,86.7,2
59.53,1249.5,0.0091,0.213,25.4,15.9,-5.2,1.283,280.1,14080.0,82.0,2
68.8,1510.9,0.0119,0.064,22.8,8.1,-6.8,0.216,257.8,3034.0,41.4,1
49.43,518.1,0.0006,0.128,27.7,19.0,-9.0,2.019,159.1,13934.0,80.2,2
83.23,1311.6,0.0144,0.002,2.6,5.5,-3.6,0.537,65.2,3461.0,72.1,1
100.0,2180.8,0.0124,0.0,-1.8,1.5,-0.5,0.0,158.3,6120.0,62.3,0
64.75,1123.2,0.0135,0.126,26.2,6.7,-6.6,0.442,117.7,13777.0,89.9,2
100.0,2065.0,0.0194,0.0,-8.2,1.4,0.5,0.0,220.1,1327.0,48.8,0
100.0,1841.4,0.0099,0.0,-2.0,-4.8,-0.5,0.029,100.1,12900.0,82.9,1
35.68,858.6,0.0018,0.042,46.0,22.5,-13.7,1.553,193.3,2472.0,73.6,2
24.59,709.0,0.0053,0.109,37.9,24.1,-14.9,1.704,154.9,11105.0,87.1,2
49.18,668.7,0.0715,0.238,23.3,12.2,-8.5,1.235,151.1,1311.0,68.4,2
67.7,1071.0,0.0134,0.326,19.0,7.6,-4.5,0.218,175.6,7809.0,88.2,2
100.0,1518.2,0.011,0.0,-7.5,0.4,1.5,0.646,43.8,1511.0,58.1,0
54.78,1143.7,0.0235,0.025,31.3,7.8,-7.4,1.078,252.1,5403.0,68.7,2
93.38,1693.0,0.0029,0.0,11.6,2.4,-2.8,0.0,176.2,40.0,82.3,1
100.0,1812.0,0.0172,0.0,6.5,-1.9,0.1,0.0,163.1,3743.0,61.7,0
84.05,974.3,0.0163,0.073,10.0,3.2,-2.9,0.324,269.2,12646.0,96.3,1
12.37,579.4,0.0111,0.133,44.8,28.0,-15.9,2.691,152.8,12799.0,86.7,2
68.53,847.6,0.0042,0.007,8.2,10.2,-6.2,1.705,138.6,13701.0,68.2,2
74.62,1189.7,0.0188,0.348,12.4,10.4,-3.8,0.91,186.1,9584.0,60.9,1
71.4,1449.1,0.0014,0.059,24.9,7.6,-4.6,0.102,274.0,801.0,51.8,1
64.5,1093.9,0.013,0.04,23.9,9.2,-5.0,0.765,262.8,8065.0,94.7,2
53.23,1058.7,0.01,0.155,25.9,13.8,-7.5,0.364,172.3,7542.0,50.8,1
60.66,1098.3,0.0117,0.139,21.9,12.5,-9.1,0.743,289.6,3739.0,62.0,1
75.48,1841.0,0.0431,0.192,13.2,9.4,-7.9,0.185,266.0,4235.0,54.8,0
100.0,1649.1,0.0246,0.0,3.7,1.6,1.5,0.349,244.2,14251.0,86.6,1
66.19,1111.3,0.0307,0.074,17.8,3.4,-10.1,0.678,38.8,9645.0,93.9,2
100.0,1512.8,0.0208,0.0,-6.3,3.9,0.8,0.0,275.1,2548.0,91.8,1
91.42,1535.9,0.002,0.0,7.1,0.8,-5.6,0.091,40.6,4100.0,53.8,0
62.36,863.4,0.0087,0.117,32.5,11.4,-6.1,0.961,231.0,177.0,94.4,2
27.0,657.1,0.001,0.016,48.7,27.2,-11.3,1.553,142.4,4589.0,82.7,2
19.14,561.8,0.0081,0.037,46.8,27.0,-15.3,1.493,164.1,11739.0,91.6,2
34.61,706.2,0.0013,0.037,43.4,17.2,-10.7,0.952,294.0,4719.0,53.3,2
100.0,2171.8,0.0031,0.0,1.5,2.8,1.5,0.0,228.6,11835.0,95.1,1
69.76,1231.7,0.0188,0.204,20.9,10.6,-1.7,0.941,65.8,13373.0,71.2,2
96.59,1689.6,0.0066,0.0,-1.8,1.1,0.9,0.0,215.6,14941.0,40.6,0
62.39,975.8,0.0131,0.287,15.1,10.7,-11.2,0.995,239.7,2565.0,49.5,1
47.36,881.3,0.0026,0.101,32.1,11.9,-9.2,0.71,251.6,3450.0,47.4,2
42.86,849.2,0.0048,0.341,29.2,14.9,-7.2,0.474,89.9,4413.0,88.0,2
69.78,1304.0,0.0046,0.063,22.1,6.1,-4.1,0.577,220.5,2307.0,85.3,2
100.0,1891.4,0.0216,0.0,1.8,0.7,-2.3,0.0,267.7,14728.0,97.7,1
97.43,1467.2,0.0238,0.0,2.6,3.0,-1.8,0.0,51.5,11565.0,46.7,0
53.46,1313.2,0.0073,0.04,22.3,17.3,-7.2,1.321,65.7,11150.0,49.2,1
100.0,1807.4,0.0181,0.0,-0.9,6.8,-1.1,0.0,296.8,4501.0,82.4,1
39.32,595.5,0.044,0.066,36.9,23.1,-10.2,1.415,176.0,4363.0,89.0,2
100.0,1842.1,0.0562,0.0,-4.3,3.9,1.3,0.0,293.3,11196.0,51.8,1
68.45,1298.3,0.0136,0.055,18.8,12.0,-3.5,1.055,269.8,12279.0,98.2,2
16.43,527.7,0.0103,0.179,40.4,32.5,-14.2,1.568,143.1,10510.0,56.6,2
88.38,1405.1,0.0151,0.399,11.6,3.7,-3.6,0.635,249.5,1.0,72.7,1
98.87,2020.1,0.0625,0.0,-0.5,-4.7,0.2,0.199,189.4,6243.0,46.3,1
52.64,1084.6,0.0407,0.067,28.2,14.3,-7.5,1.236,267.4,9200.0,50.3,1
93.16,1842.9,0.011,0.0,8.6,-0.6,-1.1,0.424,105.9,6916.0,53.9,0
60.17,843.9,0.0041,0.064,7.4,9.9,-5.7,1.034,225.7,7250.0,81.6,2
95.35,1713.8,0.0063,0.0,2.4,2.0,0.5,0.194,101.4,14362.0,51.9,0
94.32,1834.3,0.0198,0.0,3.8,0.7,-0.6,0.332,153.3,6362.0,61.7,0
100.0,1548.6,0.0395,0.0,-6.0,0.9,2.0,0.016,137.5,1553.0,53.8,0
98.8,1784.6,0.0192,0.0,-1.4,1.6,-1.8,0.218,248.3,13981.0,47.2,0
84.85,1578.9,0.0187,0.181,12.7,3.6,-2.0,0.0,128.8,13086.0,61.3,0
58.89,908.6,0.0033,0.069,14.8,9.2,-5.7,1.408,293.4,4665.0,60.6,1
100.0,1786.2,0.0032,0.0,4.4,6.5,-2.3,0.0,287.7,10628.0,95.2,1
89.37,1633.0,0.0025,0.242,11.0,0.3,-2.2,0.0,72.3,8273.0,71.2,0
79.86,1348.6,0.0121,0.246,3.2,4.2,-3.6,0.185,100.8,11486.0,87.9,1
83.53,1483.0,0.0845,0.069,0.2,2.9,-2.0,1.006,277.8,9424.0,86.1,2
95.67,2096.0,0.0144,0.0,-2.8,0.9,0.9,0.568,227.5,11998.0,46.5,0
100.0,1613.6,0.0048,0.0,5.0,-2.2,1.8,0.407,149.6,2323.0,52.0,0
89.95,1091.3,0.0174,0.131,12.3,0.2,0.1,0.761,187.2,8793.0,40.1,0
29.06,640.0,0.0096,0.117,40.8,21.1,-10.0,1.864,181.1,10191.0,74.3,2
53.41,1001.0,0.0204,0.008,26.9,12.1,-9.1,1.989,192.6,4428.0,68.5,2
97.37,2146.8,0.0347,0.0,3.4,-0.6,0.3,0.407,264.7,12312.0,77.1,1
85.56,1244.1,0.0192,0.162,12.1,7.8,-2.4,1.277,30.1,6922.0,89.9,1
69.52,1363.8,0.0394,0.004,19.9,8.5,-3.3,0.648,197.0,387.0,55.9,1
100.0,1619.9,0.0087,0.0,-2.3,-6.6,1.1,0.0,131.7,6458.0,79.5,1
89.85,1443.7,0.0004,0.064,-4.4,5.5,0.4,0.994,172.6,5432.0,63.9,0
100.0,1622.6,0.0392,0.0,-2.4,3.8,-1.3,0.233,61.3,6473.0,80.0,1
90.28,1540.8,0.0172,0.0,11.0,1.8,1.8,0.415,282.2,13522.0,89.7,1
55.4,983.6,0.0221,0.152,20.4,9.7,-9.3,1.984,163.7,7693.0,99.7,2
100.0,1578.3,0.0266,0.0,3.8,-1.9,1.4,0.839,136.9,6376.0,82.1,1
64.21,1034.2,0.0229,0.047,20.5,13.6,-6.5,1.454,60.0,374.0,42.0,1
100.0,1892.5,0.0469,0.0,3.8,4.1,-1.6,0.0,238.7,12295.0,69.3,0
100.0,1532.9,0.0018,0.0,-5.1,1.3,-0.7,0.048,231.1,4773.0,59.8,0
27.13,342.9,0.0036,0.107,41.1,25.6,-16.2,1.543,34.5,8886.0,82.0,2
100.0,1376.3,0.0128,0.0,-4.9,-3.6,0.1,0.314,121.5,2358.0,47.8,0
58.24,1169.2,0.004,0.103,22.9,15.9,-9.6,1.935,143.1,12952.0,85.6,2
58.7,1079.9,0.0223,0.041,31.8,17.0,-7.3,1.523,114.5,10833.0,82.9,2
67.68,1535.2,0.0015,0.023,15.4,10.3,-6.6,1.052,72.1,11092.0,73.7,2
82.33,1925.5,0.0139,0.123,9.4,0.3,-4.6,0.14,240.4,6496.0,96.5,1
24.2,621.4,0.0098,0.065,43.6,21.5,-12.0,1.298,113.4,7175.0,92.3,2
36.52,647.6,0.0081,0.081,28.4,19.3,-10.3,1.647,99.5,1445.0,61.9,2
98.08,1807.4,0.0001,0.0,2.3,-0.7,0.1,0.0,127.8,877.0,50.0,0
84.24,1364.3,0.0028,0.306,13.4,8.3,-2.8,0.126,261.4,10631.0,73.8,1
46.48,842.5,0.0234,0.053,22.5,17.1,-10.9,1.593,157.4,8267.0,97.5,2
86.98,1693.3,0.0061,0.218,-1.2,1.4,-5.8,0.0,141.0,11976.0,67.3,0
62.14,808.7,0.0514,0.082,25.2,10.1,-4.4,0.472,237.1,8629.0,40.9,1
100.0,1826.7,0.0405,0.0,4.8,5.5,-0.5,0.0,96.0,1030.0,56.2,0
31.31,714.5,0.0014,0.058,44.2,21.9,-9.7,1.187,112.1,8568.0,50.4,2
100.0,1514.7,0.0643,0.0,4.8,-0.0,2.3,0.0,175.5,12207.0,72.1,2
26.34,1038.6,0.0225,0.018,42.1,23.4,-11.3,2.305,234.0,4952.0,70.6,2
30.73,796.1,0.0163,0.022,34.8,19.3,-14.1,2.09,81.4,7412.0,51.7,2
73.06,1322.1,0.0035,0.068,18.3,7.3,-3.8,0.665,146.1,2955.0,54.4,1
92.81,1571.8,0.0185,0.0,4.3,-2.0,-2.5,0.0,149.3,8499.0,75.1,1
88.7,1579.1,0.0122,0.006,9.7,2.8,-3.3,0.615,155.5,1184.0,78.0,1
84.86,1333.5,0.0053,0.101,-1.0,9.1,-4.3,1.34,293.4,3399.0,69.7,0
70.1,1192.3,0.0208,0.138,14.8,7.3,-7.9,0.642,166.3,2349.0,77.2,2
100.0,1516.1,0.0076,0.0,-3.4,0.6,2.6,0.792,184.1,8491.0,70.6,0
62.75,1507.4,0.0149,0.028,15.3,7.7,-6.7,0.769,280.5,7313.0,94.9,2
100.0,1629.4,0.0368,0.0,-17.3,-2.4,-3.8,0.618,237.8,3054.0,48.0,0
100.0,2071.4,0.0384,0.0,-11.0,-2.7,1.5,1.049,180.4,14579.0,71.3,0
92.17,1413.5,0.0386,0.0,9.3,2.1,0.2,0.0,268.0,10738.0,53.9,0
90.02,1747.7,0.0059,0.0,1.9,6.2,0.5,0.026,295.3,2805.0,87.6,1
100.0,1527.7,0.0123,0.0,-13.6,2.5,-2.2,0.284,159.8,1006.0,81.5,1
81.68,1394.1,0.0268,0.11,9.0,4.6,-4.9,0.0,111.1,3346.0,96.5,1
70.76,1345.8,0.017,0.03,15.5,5.2,-6.1,1.256,157.0,5582.0,88.0,2
55.33,1197.7,0.0149,0.118,36.4,16.4,-11.4,0.922,153.8,13428.0,63.7,1
100.0,1930.5,0.0039,0.0,3.7,0.1,-1.6,0.217,299.6,1387.0,93.7,1
68.57,1575.5,0.0267,0.07,8.2,15.8,-5.7,0.0,76.6,11843.0,92.3,2
100.0,1290.3,0.0913,0.0,-1.5,2.6,4.5,0.0,291.9,7617.0,43.2,1
94.05,1445.4,0.0087,0.0,-0.3,2.6,-0.6,0.192,148.3,11012.0,47.5,0
100.0,1765.0,0.0255,0.0,-4.0,8.1,0.3,0.558,109.3,13433.0,84.8,1
72.57,1084.8,0.0316,0.137,17.4,12.8,-3.9,1.471,188.6,5622.0,52.6,1
70.24,1223.3,0.0767,0.067,14.1,10.2,-4.6,0.847,278.6,10748.0,86.7,2
29.88,513.9,0.0072,0.006,35.0,14.9,-8.1,1.637,137.4,8963.0,95.8,2
45.45,853.3,0.0212,0.014,28.8,18.9,-8.9,1.351,262.8,346.0,97.5,2
84.87,1631.6,0.0064,0.004,-0.9,1.2,-4.8,0.0,147.2,968.0,89.3,1
87.1,1421.7,0.0075,0.082,15.0,6.4,-3.0,0.975,192.8,46.0,58.0,0
56.29,1157.3,0.02,0.007,19.8,6.7,-9.3,1.192,105.5,4478.0,76.8,2
59.59,1036.7,0.0119,0.374,14.5,16.2,-3.6,1.387,115.7,8067.0,72.8,2
98.36,1936.4,0.004,0.0,7.0,6.3,-1.1,1.444,65.9,14804.0,81.1,1
96.47,1700.1,0.0204,0.0,13.0,-0.6,-2.7,0.934,297.2,14230.0,55.9,0
38.72,713.9,0.0107,0.003,37.0,21.6,-11.2,1.906,123.5,10767.0,41.5,2
55.99,1113.9,0.0107,0.042,20.1,13.7,-6.8,0.685,253.1,1424.0,83.5,2
100.0,1933.1,0.0162,0.0,10.2,3.2,-4.0,0.0,252.0,2480.0,87.9,1
76.43,1531.9,0.0746,0.258,17.3,4.5,-6.5,0.158,284.3,3077.0,46.8,1
43.42,976.0,0.0341,0.013,29.1,19.2,-7.6,1.211,196.2,7772.0,97.4,2
100.0,1654.7,0.042,0.0,-3.9,2.2,-0.5,0.0,82.8,12825.0,79.9,1
38.98,1074.3,0.0015,0.067,29.6,17.1,-9.6,1.302,198.2,3697.0,63.4,2
100.0,1918.8,0.0294,0.0,2.8,-5.4,-1.0,0.0,36.3,1911.0,90.1,1
100.0,1500.5,0.0297,0.0,2.1,0.8,-2.6,0.598,100.5,13496.0,49.2,0
84.79,1594.3,0.0156,0.033,7.8,10.9,-1.2,0.518,265.4,4207.0,77.1,1
77.72,1267.1,0.1063,0.194,13.1,5.5,-4.7,1.071,128.0,12739.0,91.8,2
50.87,664.2,0.0102,0.27,24.0,11.5,-5.8,0.503,37.8,1803.0,88.1,2
100.0,1895.3,0.0403,0.0,7.0,0.9,7.4,0.0,113.6,13649.0,86.7,1
100.0,1580.3,0.0149,0.0,2.3,-1.6,0.5,0.0,126.0,4645.0,55.1,0
41.06,977.1,0.0093,0.01,32.7,16.4,-7.7,1.938,84.8,5218.0,97.4,2
47.87,817.5,0.0003,0.012,27.4,11.4,-6.4,1.666,102.6,8782.0,43.0,2
53.25,680.3,0.0018,0.151,24.9,10.7,-7.2,1.37,74.6,3466.0,90.8,2
87.67,1801.6,0.0117,0.271,3.2,3.8,-0.3,0.493,168.9,14940.0,68.8,0
52.8,1174.7,0.025,0.223,30.1,16.8,-7.8,0.962,97.9,9396.0,67.8,2
100.0,1700.0,0.04,0.0,-0.4,-0.1,-2.6,0.076,101.0,8126.0,68.1,0
100.0,1942.0,0.0015,0.0,-3.4,2.1,-2.4,0.0,296.6,12870.0,98.5,1
100.0,1886.6,0.0257,0.0,5.5,-2.9,-0.1,0.0,193.3,13365.0,82.9,1
73.81,1588.9,0.0249,0.196,12.3,12.6,-5.4,0.0,246.5,8145.0,100.0,2
72.6,1137.3,0.0104,0.217,9.2,8.2,-6.4,1.416,175.7,672.0,80.4,2
100.0,1765.3,0.0031,0.0,7.4,-1.5,3.3,0.678,105.8,5754.0,92.8,1
72.66,1149.4,0.0201,0.144,13.3,7.2,-7.7,1.013,206.7,4567.0,93.6,2
67.8,1039.5,0.0097,0.1,21.4,9.9,-1.6,1.033,174.3,1230.0,49.8,1
49.45,1009.1,0.0349,0.244,23.5,17.9,-8.5,0.96,84.3,9070.0,49.5,2
89.06,1892.1,0.0424,0.05,7.2,1.7,-3.0,0.0,139.8,4440.0,65.2,0
53.68,979.5,0.0032,0.003,25.3,20.0,-2.9,0.918,41.7,4622.0,85.7,2
100.0,1820.3,0.0168,0.0,-2.9,-2.4,-4.0,0.742,204.4,2438.0,51.3,0
10.87,45.5,0.0128,0.344,40.6,23.8,-15.9,2.253,252.5,5008.0,50.5,2
74.73,1705.3,0.0066,0.01,9.5,10.0,-4.2,0.068,252.6,11151.0,57.0,1
100.0,1771.3,0.014,0.0,-4.5,1.5,0.5,0.44,125.9,1496.0,44.0,0
47.26,997.3,0.0448,0.458,32.5,18.6,-10.5,1.143,33.4,10583.0,79.6,2
100.0,1685.3,0.0059,0.0,-1.0,-0.6,-0.6,0.491,161.6,14655.0,79.4,1
63.15,1143.8,0.0129,0.038,20.2,12.7,-6.3,1.623,252.3,9565.0,44.1,1
100.0,1736.8,0.0062,0.0,11.7,-2.9,3.1,0.0,262.9,10281.0,63.8,0
75.47,1308.4,0.0121,0.169,12.6,7.9,-7.2,0.625,260.7,8743.0,43.6,0
100.0,1684.5,0.0108,0.0,-7.3,-1.2,3.6,0.0,161.2,1533.0,70.1,0
100.0,1740.6,0.0387,0.0,-0.9,1.7,-0.1,0.194,183.0,5100.0,93.7,1
58.82,1086.8,0.0005,0.001,27.0,13.9,-10.7,0.547,272.6,577.0,62.5,1
100.0,1939.7,0.0022,0.0,3.0,1.0,-0.1,0.574,182.2,10298.0,49.4,0
49.91,626.3,0.0069,0.039,26.0,14.2,-9.6,2.139,264.4,9488.0,98.9,2
77.84,1504.1,0.0121,0.112,11.6,5.5,-0.7,0.0,255.4,14507.0,52.6,0
30.18,459.3,0.0173,0.042,37.4,23.4,-10.2,1.479,98.5,11804.0,77.1,2
100.0,1761.2,0.0017,0.0,-6.1,2.0,2.1,0.465,171.2,10670.0,95.8,1
93.29,1702.4,0.0009,0.0,-2.8,1.3,-4.6,0.478,81.4,5868.0,41.7,0
100.0,2005.3,0.0443,0.0,1.3,-0.9,0.3,0.138,250.2,7500.0,48.0,0
100.0,1773.7,0.0116,0.0,1.3,0.2,-0.3,0.0,183.1,2176.0,85.6,1
100.0,1665.1,0.0391,0.0,2.7,-0.8,5.2,0.124,65.3,4741.0,79.5,1
55.25,1101.9,0.0243,0.075,30.3,11.9,-6.7,0.277,177.2,6207.0,97.9,2
48.96,1295.2,0.0561,0.024,32.5,16.2,-9.1,2.204,118.3,13796.0,96.3,2
63.43,907.8,0.0053,0.028,12.1,12.3,-6.0,0.614,220.1,5913.0,40.8,1
91.95,1811.2,0.0257,0.0,2.4,4.2,-4.2,0.305,292.9,6116.0,54.2,0
81.73,1346.8,0.0156,0.224,16.6,8.6,-4.0,0.274,116.8,13183.0,48.6,0
100.0,2252.6,0.0253,0.0,3.3,1.6,-0.7,0.0,114.9,6276.0,93.6,1
56.38,983.4,0.0092,0.043,27.4,11.0,-14.4,1.229,206.9,5566.0,93.4,2
92.01,1574.6,0.0565,0.0,9.2,1.6,-2.5,0.264,278.1,3177.0,64.9,1
100.0,1707.3,0.0037,0.0,-0.9,-1.8,-0.1,0.0,238.6,14822.0,97.2,1
72.91,1322.9,0.0339,0.013,10.3,2.9,-5.9,0.0,242.7,2706.0,94.3,2
100.0,1627.0,0.0046,0.0,6.7,0.6,1.0,0.516,76.9,3827.0,54.1,0
77.95,1507.0,0.0077,0.022,8.6,1.6,-2.7,0.041,46.7,3453.0,95.5,1
69.72,646.0,0.0007,0.012,19.2,10.5,-5.8,0.552,289.3,14949.0,69.3,2
90.14,1780.4,0.044,0.0,-2.9,1.8,-3.8,0.34,292.4,736.0,40.9,0
100.0,1904.9,0.0283,0.0,10.5,0.8,0.3,0.0,150.4,8699.0,44.2,0
73.59,1347.8,0.0202,0.022,15.3,6.3,-6.0,0.064,255.0,4945.0,82.9,2
87.13,1569.2,0.0119,0.398,8.4,2.9,-2.5,0.901,212.6,4389.0,41.8,0
100.0,1738.5,0.0001,0.0,-1.9,-2.2,-0.0,0.329,76.9,14228.0,93.4,1
71.35,1469.2,0.0152,0.029,9.2,7.6,-4.1,0.732,231.2,1438.0,54.0,1
88.39,2213.3,0.0387,0.137,8.8,5.7,-1.5,0.369,68.3,5261.0,40.0,0
60.7,1178.4,0.0093,0.13,23.7,19.8,-4.1,0.443,184.5,10573.0,92.9,2
83.41,1263.0,0.0082,0.18,7.8,4.0,-0.0,1.272,211.6,3712.0,59.6,0
92.94,1570.1,0.0392,0.0,13.6,-2.1,-2.2,0.0,155.1,10348.0,50.8,0
95.6,1751.0,0.0304,0.0,0.9,0.7,-1.5,0.0,279.7,9901.0,68.3,0
53.94,903.1,0.0052,0.074,26.7,15.2,-10.7,1.356,274.8,14712.0,86.6,2
17.94,143.6,0.0107,0.138,42.1,32.6,-14.1,1.415,191.1,7089.0,92.5,2
52.12,666.7,0.0037,0.034,35.0,11.3,-11.7,0.957,86.6,3576.0,73.5,2
97.61,1660.0,0.0528,0.0,3.6,1.8,1.5,0.0,223.7,6379.0,90.5,2
41.06,725.6,0.0307,0.57,29.9,19.3,-13.6,2.179,128.6,4057.0,50.3,2
47.23,720.2,0.0244,0.072,30.0,13.1,-8.6,1.582,75.2,256.0,77.5,2
24.17,316.3,0.0013,0.269,48.7,24.6,-13.2,2.343,298.2,2147.0,59.4,2
100.0,2048.6,0.0224,0.0,8.5,-0.6,4.2,0.287,76.3,4286.0,59.7,0
51.22,904.2,0.0081,0.113,27.4,14.8,-11.1,0.835,244.5,1122.0,58.1,1
39.74,998.0,0.0035,0.057,34.8,20.9,-10.6,0.735,95.0,7437.0,99.4,2
42.53,619.6,0.0008,0.037,19.8,17.8,-8.6,1.372,247.4,14378.0,51.4,2
84.08,1783.2,0.0329,0.148,2.9,2.4,-0.5,0.0,108.1,3101.0,92.5,1
57.88,928.8,0.0658,0.087,18.2,9.4,-6.2,0.212,85.5,1550.0,47.4,1
39.06,773.9,0.011,0.099,41.8,19.3,-13.0,2.334,76.6,2082.0,85.2,2
98.72,1680.7,0.1056,0.0,-0.1,-1.1,1.9,0.0,210.1,9652.0,45.5,1
100.0,1499.2,0.0199,0.0,-6.2,-1.5,-2.7,0.0,34.4,5725.0,93.3,1
93.19,1456.0,0.0024,0.0,11.9,4.7,-3.8,0.0,141.7,2871.0,65.2,0
65.53,1170.9,0.0411,0.125,25.9,10.7,-6.6,0.325,201.9,10182.0,84.4,2
9.83,151.5,0.0189,0.253,54.5,25.4,-12.4,2.961,187.8,2064.0,55.7,2
63.23,931.6,0.0155,0.03,15.4,12.3,-7.8,0.529,112.8,14155.0,91.8,2
57.9,1039.4,0.023,0.016,28.7,12.2,-4.6,1.173,175.1,2831.0,65.9,2
81.01,1629.8,0.0176,0.027,13.5,7.5,-2.5,0.258,267.8,13779.0,54.5,0
54.8,965.4,0.0109,0.018,25.1,14.1,-8.7,1.165,171.5,6458.0,65.6,2
91.27,1381.5,0.0031,0.0,2.0,-0.1,-3.8,0.0,172.9,13951.0,86.3,1
13.72,320.1,0.0072,0.086,45.3,25.1,-13.1,2.466,180.8,3484.0,64.3,2
100.0,1627.5,0.0049,0.0,-2.7,-3.2,0.0,0.0,191.2,4489.0,91.1,1
36.8,423.0,0.0182,0.042,34.7,15.5,-13.9,1.572,218.0,10132.0,59.2,2
87.46,1461.3,0.0377,0.034,6.6,4.0,-2.6,1.269,83.3,11453.0,64.5,0
100.0,1850.5,0.0132,0.0,2.2,-2.6,-3.8,0.849,168.5,11752.0,57.5,0
84.81,1349.5,0.0223,0.081,6.4,0.3,-1.1,0.982,289.6,1705.0,74.1,1
80.06,1786.9,0.0102,0.028,10.4,2.6,0.9,1.691,237.6,3874.0,67.2,0
70.69,1045.9,0.0104,0.038,15.9,8.9,-6.9,0.828,41.1,14176.0,65.7,2
100.0,1469.6,0.0094,0.0,-10.2,-2.7,-0.9,0.489,255.7,1297.0,76.5,1
66.71,1682.8,0.0159,0.045,22.4,8.1,-5.7,0.582,50.0,2376.0,79.4,2
45.33,1188.7,0.0155,0.311,28.0,11.7,-8.3,1.356,140.9,104.0,85.5,2
100.0,2011.2,0.0176,0.0,-7.8,-0.6,0.5,0.0,131.4,605.0,88.7,1
44.26,806.1,0.0157,0.006,29.1,19.1,-10.0,1.081,152.1,14560.0,61.3,2
41.67,845.3,0.0258,0.039,34.6,16.3,-11.2,2.042,97.5,2699.0,48.1,2
94.95,1899.0,0.0362,0.0,13.7,-0.4,-2.6,0.535,148.7,5619.0,98.4,1
100.0,1820.9,0.0031,0.0,7.9,7.5,0.5,0.627,296.0,12631.0,43.4,0
23.44,101.3,0.052,0.013,36.9,27.6,-16.0,2.043,294.4,7533.0,42.6,2
100.0,1941.6,0.01,0.0,-6.4,3.4,-2.1,0.0,292.7,151.0,91.4,1
75.24,1678.2,0.0294,0.23,8.0,9.4,-5.9,0.638,172.4,6074.0,95.2,1
84.13,1680.2,0.0142,0.054,9.6,-0.5,-6.2,0.0,262.3,6881.0,40.7,0
100.0,2161.9,0.0076,0.0,0.8,-0.1,0.6,0.199,256.4,4202.0,80.0,1
100.0,1805.4,0.0142,0.0,-2.2,-0.3,-2.2,0.0,85.3,10506.0,68.1,0
26.93,354.0,0.0159,0.007,42.5,19.9,-12.6,1.819,157.0,10177.0,87.9,2
35.34,371.4,0.0234,0.03,34.1,14.6,-10.0,2.657,53.0,2214.0,42.3,2
87.97,1600.7,0.0634,0.136,9.8,2.2,-1.1,0.0,218.3,7183.0,44.4,1
73.04,1245.2,0.0023,0.155,11.0,4.3,-4.8,1.218,73.8,9993.0,64.0,1
57.38,1432.8,0.0075,0.003,12.9,9.2,-7.8,0.816,241.7,10262.0,65.5,2
23.93,209.6,0.0109,0.088,40.3,23.1,-15.2,1.998,99.7,6410.0,80.3,2
14.81,149.4,0.0072,0.032,41.9,25.2,-15.4,1.862,74.4,3913.0,80.8,2
36.81,743.8,0.0127,0.099,36.9,20.6,-10.9,2.14,194.4,7735.0,81.3,2
100.0,1552.9,0.042,0.0,0.8,1.5,0.3,0.0,262.1,8436.0,88.7,1
63.55,760.2,0.0193,0.156,16.1,10.4,-7.6,0.668,297.1,8943.0,70.7,2
100.0,1765.6,0.1028,0.0,7.7,-2.0,0.3,0.0,72.7,4667.0,80.3,2
76.36,1441.5,0.0091,0.124,8.1,15.1,-4.9,0.006,132.9,5363.0,61.8,0
30.43,576.0,0.019,0.05,41.7,25.1,-13.7,1.936,140.1,14614.0,82.0,2
94.32,1382.9,0.0065,0.0,1.9,0.4,0.4,0.034,92.8,4320.0,41.4,0
100.0,1738.3,0.0207,0.0,-3.8,3.0,-1.9,0.387,268.5,2407.0,44.1,0
100.0,1637.1,0.0007,0.0,-0.2,-5.2,1.7,0.006,281.4,12269.0,93.2,1
91.18,1443.7,0.0289,0.0,3.0,1.6,1.0,0.344,162.9,351.0,93.4,1
76.45,1560.6,0.0079,0.131,17.0,8.9,-8.7,0.525,69.5,2598.0,49.2,0
100.0,1556.6,0.0251,0.0,0.0,8.3,2.4,0.557,197.7,8717.0,94.3,1
73.59,1390.3,0.0022,0.236,15.7,7.5,-7.8,0.585,264.2,356.0,92.8,2
18.12,284.8,0.0223,0.052,40.5,22.5,-15.3,1.827,120.9,7473.0,93.3,2
100.0,2014.2,0.0691,0.0,-3.6,-1.3,-0.1,0.128,124.0,13326.0,59.5,1
81.81,1212.1,0.0365,0.005,12.6,6.1,-2.4,0.535,141.1,542.0,62.0,0
64.25,975.9,0.013,0.047,26.0,9.4,-9.2,1.036,282.5,13561.0,95.4,2
100.0,2014.9,0.0032,0.0,-0.9,-2.3,-2.3,0.0,209.6,14745.0,74.0,1
13.81,115.5,0.0013,0.09,53.8,24.1,-15.1,1.955,247.9,7655.0,42.3,2
55.01,514.9,0.019,0.095,30.3,15.4,-5.9,0.843,197.2,4263.0,42.9,1
66.01,1336.7,0.0033,0.029,13.6,13.1,-6.1,1.392,158.3,14928.0,78.3,2
100.0,2022.2,0.0018,0.0,3.6,-1.6,3.0,0.0,224.8,4677.0,62.9,0
89.16,1379.7,0.009,0.07,1.2,0.1,-1.6,0.778,31.2,12636.0,73.5,1
99.76,1735.0,0.0239,0.0,5.7,-5.0,3.9,0.0,42.9,1767.0,50.9,0
59.21,656.2,0.135,0.004,25.7,9.0,-2.8,1.277,52.5,12182.0,47.8,1
65.09,1528.2,0.0107,0.388,16.9,14.9,-6.8,0.247,71.0,11928.0,96.0,2
54.75,845.1,0.0069,0.471,29.8,7.9,-5.6,1.676,297.8,12720.0,93.2,2
100.0,1450.8,0.0159,0.0,-3.7,2.5,-1.2,0.353,148.4,7583.0,48.9,0
29.22,503.4,0.006,0.267,41.6,23.8,-13.5,2.075,95.1,7532.0,68.0,2
63.63,1132.2,0.0007,0.063,19.3,11.4,-8.7,1.118,252.5,375.0,41.3,1
100.0,1991.2,0.0069,0.0,2.6,4.3,-1.9,0.0,247.4,430.0,62.3,0
49.56,1041.6,0.0228,0.066,24.0,18.6,-10.8,0.557,87.5,3641.0,97.8,2
100.0,1547.8,0.0005,0.0,12.1,-0.9,-1.1,0.0,228.9,8232.0,88.3,1
62.45,1064.8,0.0292,0.12,29.7,10.0,-7.5,0.779,103.8,10062.0,82.2,2
100.0,1919.6,0.0826,0.0,-3.3,3.3,-0.3,0.0,98.6,3633.0,93.9,2
4.57,8.6,0.0055,0.06,55.5,25.9,-16.5,2.388,220.1,1075.0,75.7,2
100.0,1960.9,0.0084,0.0,-2.4,-4.6,-2.5,0.0,116.3,7231.0,74.0,1
75.38,1130.0,0.0398,0.16,12.8,3.8,-5.7,1.521,267.3,6565.0,55.1,0
69.33,1278.0,0.0291,0.243,15.7,6.1,-5.2,0.807,273.0,3443.0,49.5,1
73.18,1401.6,0.0148,0.089,14.8,4.7,-7.0,0.621,244.5,9862.0,50.2,1
89.09,1433.9,0.0243,0.115,5.3,1.6,-3.7,0.263,163.0,12074.0,94.1,1
28.58,432.4,0.016,0.093,37.1,22.3,-12.6,1.955,298.8,6840.0,77.7,2
100.0,1337.9,0.0325,0.0,0.5,4.0,0.2,0.094,257.9,7939.0,87.0,1
37.91,363.4,0.0325,0.017,32.9,16.9,-10.8,1.657,286.8,4807.0,49.6,2
52.59,676.5,0.0147,0.094,14.7,15.6,-6.7,1.679,247.9,3601.0,97.9,2
70.93,1366.3,0.0186,0.286,14.8,6.8,-4.3,0.0,235.6,3366.0,99.6,2
9.1,0.0,0.0021,0.065,41.4,27.9,-15.0,2.538,191.0,1583.0,79.3,3
96.2,1758.7,0.005,0.0,0.2,0.1,-0.6,0.0,207.7,9258.0,66.1,0
62.58,1310.5,0.0031,0.002,21.0,9.0,-7.8,1.045,160.5,4338.0,84.0,2
68.18,894.3,0.0037,0.095,22.4,12.6,-4.2,1.211,268.3,4805.0,72.8,2
47.01,593.5,0.008,0.046,26.0,15.9,-12.0,1.515,78.4,13678.0,54.1,2
42.75,1029.3,0.0098,0.157,33.3,17.1,-12.3,1.896,297.9,10157.0,78.2,2
68.08,1283.3,0.0024,0.021,24.2,9.1,-8.2,0.0,113.0,13072.0,60.3,1
100.0,1992.0,0.0178,0.0,-3.5,-4.5,-2.0,0.0,181.2,14488.0,92.0,1
84.06,1375.2,0.0334,0.213,8.8,1.5,-0.7,0.409,289.3,14433.0,41.1,0
97.17,1340.3,0.0066,0.0,-4.7,1.5,3.1,0.548,106.1,8308.0,58.2,0
55.5,927.0,0.0024,0.01,16.8,15.2,-9.3,1.107,286.7,2446.0,80.9,2
100.0,1997.9,0.0063,0.0,6.8,1.0,0.3,0.424,237.2,2420.0,55.2,0
80.75,1332.2,0.0505,0.023,10.8,6.4,-1.0,0.0,258.7,3748.0,53.1,1
100.0,1971.3,0.0102,0.0,-1.9,-1.9,-4.0,0.0,256.8,3664.0,62.8,0
81.51,1735.8,0.0087,0.16,17.6,4.8,-3.1,1.243,99.2,4741.0,68.7,0
75.8,1892.8,0.0375,0.159,8.6,8.0,-3.4,0.251,292.1,3455.0,95.7,1
89.63,1991.1,0.0109,0.397,3.4,1.5,-5.5,0.328,98.8,10878.0,85.3,1
87.74,1316.1,0.0015,0.005,-1.2,8.1,-4.7,0.0,237.9,8051.0,71.7,1
96.83,1639.0,0.0004,0.0,0.2,1.5,-0.4,0.0,69.7,2193.0,90.6,1
88.93,1139.3,0.0297,0.188,1.4,0.2,-3.4,0.0,170.8,1362.0,87.9,1
100.0,1845.1,0.033,0.0,-4.4,-0.5,-0.2,0.31,281.9,5310.0,64.6,0
70.91,1195.3,0.0432,0.009,14.5,9.7,-5.5,1.258,64.5,6107.0,56.9,1
91.72,1621.7,0.0057,0.0,6.2,3.2,-2.0,0.155,162.7,9855.0,58.8,0
100.0,1792.5,0.0103,0.0,-1.2,-2.0,-2.2,0.0,137.3,6811.0,79.2,1
59.3,1183.6,0.0192,0.034,27.7,12.0,-7.5,2.023,286.0,14224.0,97.2,2
100.0,1558.8,0.008,0.0,7.5,2.2,-0.1,0.754,294.9,1046.0,47.3,0
96.23,1854.8,0.0147,0.0,9.2,-0.2,0.0,0.73,111.3,12115.0,45.3,0
54.81,895.0,0.0257,0.267,23.5,17.3,-10.4,0.953,34.9,10626.0,61.3,1
63.85,1348.0,0.0496,0.128,13.2,12.2,-4.2,1.347,134.2,3616.0,69.5,2
100.0,1855.2,0.0116,0.0,6.0,4.1,0.3,0.114,89.9,7816.0,80.4,1
74.26,1413.1,0.0195,0.051,5.3,9.3,-2.3,1.154,107.5,14877.0,78.7,2
100.0,1973.5,0.0068,0.0,-3.4,-2.0,-0.7,0.0,246.4,9448.0,40.5,0
87.39,1643.7,0.0776,0.024,5.5,3.9,-5.2,0.0,119.7,12609.0,64.4,1
100.0,1775.5,0.0013,0.0,2.5,-0.5,-1.2,0.0,138.0,11023.0,63.4,0
56.81,675.7,0.0122,0.002,17.0,3.6,-9.7,0.848,84.9,12289.0,91.6,2
80.37,1921.4,0.0049,0.287,10.3,7.9,-2.4,0.0,226.4,6384.0,43.2,0
100.0,1923.5,0.0003,0.0,6.2,0.6,-3.3,0.832,178.1,10231.0,70.7,0
100.0,1483.3,0.0274,0.0,0.4,2.1,-0.5,0.262,235.1,12946.0,84.2,1
90.76,1270.2,0.0053,0.0,6.1,4.2,-6.9,0.0,238.4,9414.0,84.0,1
100.0,1747.3,0.0103,0.0,-0.9,-2.9,-2.4,0.505,209.3,2906.0,73.7,1
94.6,1489.3,0.006,0.0,-2.7,0.2,-1.1,0.061,143.7,768.0,83.6,1
61.68,1335.5,0.0038,0.061,21.4,16.2,-7.2,0.755,255.5,8666.0,40.1,1
62.16,1023.9,0.0306,0.001,21.4,5.6,-7.5,1.378,86.3,13727.0,52.7,1
74.01,1603.7,0.0513,0.003,13.2,8.0,-3.1,0.0,37.2,12162.0,94.3,2
100.0,1697.7,0.0035,0.0,1.0,1.1,1.7,0.0,47.2,5843.0,82.9,1
67.52,1192.1,0.0195,0.089,19.5,7.6,-5.4,0.535,248.1,1353.0,45.9,1
100.0,1952.0,0.0183,0.0,-0.2,2.9,-1.5,0.0,128.5,14851.0,86.1,1
23.06,245.9,0.0273,0.019,43.8,24.7,-15.9,1.529,192.2,14592.0,49.2,2
30.61,788.9,0.0242,0.052,43.6,21.5,-13.1,1.788,258.5,11229.0,68.2,2
34.79,496.5,0.016,0.115,22.2,17.7,-14.8,0.946,206.5,3194.0,50.8,2
75.25,1761.6,0.0062,0.16,21.5,7.3,-0.6,0.289,163.2,1168.0,99.9,1
35.38,436.6,0.0282,0.058,37.9,19.6,-11.9,2.294,55.4,14685.0,47.7,2
100.0,1924.4,0.0155,0.0,-0.2,1.4,-0.8,0.0,100.3,14026.0,78.6,1
67.71,1392.7,0.0,0.001,19.0,3.4,-11.9,0.92,30.4,4990.0,90.4,2
100.0,1871.6,0.0042,0.0,2.3,-2.8,1.6,0.293,52.9,13048.0,80.1,1
57.52,1252.9,0.0395,0.035,31.0,8.9,-8.6,0.721,75.6,9448.0,45.4,1
100.0,1667.4,0.0047,0.0,0.0,0.1,-1.6,0.534,139.8,1852.0,81.7,1
100.0,2050.1,0.0062,0.0,4.1,-5.9,-0.1,0.0,280.1,10696.0,98.3,1
71.14,1242.3,0.0225,0.002,16.4,12.4,-7.8,1.082,71.4,912.0,96.9,2
100.0,1659.7,0.0147,0.0,10.0,1.3,2.4,0.0,181.7,4585.0,57.1,0
100.0,2009.6,0.0347,0.0,0.9,3.0,0.5,0.0,153.7,14249.0,69.1,0
100.0,1780.8,0.0013,0.0,1.6,2.0,-1.9,0.0,84.4,3216.0,42.0,0
82.9,1572.6,0.0443,0.143,2.1,4.3,-4.7,0.0,155.7,2201.0,58.9,0
45.82,842.5,0.0079,0.133,32.5,21.0,-13.5,1.491,140.1,4388.0,89.8,2
99.03,2136.4,0.0251,0.0,9.8,1.2,-2.9,0.0,118.7,359.0,62.4,0
100.0,1729.2,0.0463,0.0,2.2,-4.0,-0.2,1.19,282.3,10711.0,87.0,1
52.02,653.5,0.0352,0.025,32.7,12.8,-8.4,1.405,228.6,8584.0,66.0,2
100.0,1608.1,0.0257,0.0,3.3,4.2,-1.2,0.0,164.1,281.0,50.0,0
47.6,1051.5,0.0027,0.108,16.7,10.4,-6.8,0.95,138.2,6805.0,94.7,2
75.26,1448.3,0.0317,0.004,20.3,7.4,-4.5,1.02,119.8,130.0,40.9,0
93.15,1559.3,0.0738,0.0,-3.2,-6.6,-2.0,0.235,279.8,6578.0,48.3,1
100.0,1883.7,0.0012,0.0,2.7,-4.3,2.1,0.849,155.4,7182.0,98.2,1
73.62,840.7,0.0255,0.127,22.2,7.6,-5.6,0.366,60.7,12760.0,57.9,1
87.92,1471.1,0.0039,0.068,9.5,4.2,-3.1,0.266,176.9,13171.0,43.0,0
35.75,677.2,0.0143,0.273,30.7,16.8,-14.4,1.323,222.8,6576.0,97.8,2
98.32,1749.3,0.0027,0.0,-6.6,0.2,-0.2,0.0,173.7,5437.0,41.3,0
48.81,1073.4,0.0109,0.163,37.2,18.7,-8.2,1.405,31.7,13856.0,49.9,2
97.25,1828.4,0.0023,0.0,7.6,0.4,-0.1,0.0,101.4,10635.0,71.9,1
67.56,1128.6,0.0404,0.279,5.4,13.2,-4.7,0.353,293.8,12842.0,87.5,2
92.36,1863.8,0.0459,0.0,6.9,3.4,2.4,0.47,243.5,14745.0,63.9,0
69.35,1365.6,0.0002,0.15,22.5,9.1,-6.3,0.551,104.3,353.0,52.9,1
55.52,632.3,0.0142,0.186,26.4,10.4,-7.2,1.023,231.3,13339.0,78.4,2
100.0,1823.2,0.0186,0.0,3.9,-3.1,-1.0,0.092,45.9,13057.0,53.2,0
74.2,1328.8,0.0098,0.012,16.3,11.2,-6.5,0.38,155.2,1578.0,53.0,1
86.36,1900.0,0.0506,0.061,4.1,7.6,0.1,0.562,188.7,4337.0,88.1,2
43.44,771.8,0.0116,0.093,30.5,11.9,-14.4,1.783,213.6,4942.0,43.4,2
52.61,759.0,0.0498,0.043,29.2,16.5,-7.9,1.586,258.7,11451.0,49.6,1
100.0,1612.3,0.0166,0.0,-9.2,4.2,-1.2,0.0,199.2,7052.0,54.4,0
100.0,1971.8,0.0798,0.0,-8.3,-6.9,-2.1,0.0,62.6,11299.0,94.7,2
51.53,958.0,0.0037,0.188,30.8,13.4,-7.8,0.223,290.4,3967.0,92.7,2
72.85,1740.4,0.0259,0.135,15.6,9.5,-6.1,0.149,196.1,9759.0,89.8,2
94.96,1682.1,0.0037,0.0,1.9,-1.0,-2.8,0.0,129.2,275.0,87.0,1
80.55,1236.9,0.0482,0.24,4.0,10.5,-0.8,0.032,131.7,14703.0,67.6,0
89.74,1784.4,0.0038,0.03,10.4,-0.3,1.8,0.0,240.4,9834.0,61.8,0
74.22,1289.6,0.0565,0.04,15.0,4.5,-3.2,1.005,228.5,10417.0,72.3,2
89.33,1430.5,0.0026,0.252,19.0,-0.5,-7.3,0.0,165.9,2278.0,88.6,1
52.86,738.6,0.0029,0.018,31.3,14.3,-6.6,1.027,295.2,14720.0,98.1,2
98.57,1779.8,0.009,0.0,1.3,2.7,-4.5,0.0,154.5,11893.0,73.0,1
8.97,501.6,0.0013,0.093,54.0,24.9,-21.4,2.045,180.8,13571.0,65.4,3
85.34,1571.7,0.0227,0.495,10.3,5.3,-0.9,0.0,199.4,8053.0,69.7,0
45.27,513.3,0.0324,0.076,30.6,9.6,-13.4,1.933,227.1,7858.0,56.0,2
79.87,1362.5,0.0262,0.172,6.7,12.0,-4.3,0.898,172.7,5635.0,53.1,0
100.0,1874.6,0.0378,0.0,-2.0,3.2,-5.7,0.155,71.3,10085.0,95.7,1
95.07,1465.0,0.01,0.0,4.2,1.0,-0.7,0.477,211.3,4322.0,41.5,0
85.81,1924.8,0.0442,0.089,8.6,6.2,-7.7,0.353,92.4,13666.0,51.0,0
25.75,247.5,0.0098,0.082,42.7,20.4,-13.1,1.327,135.0,10184.0,87.2,2
100.0,2003.2,0.0001,0.0,-0.9,3.9,0.1,0.0,296.7,13920.0,42.9,0
100.0,1653.8,0.0068,0.0,9.1,-4.1,-0.1,0.742,119.8,8585.0,83.9,1
77.14,1467.9,0.0476,0.063,19.2,4.2,-1.7,0.656,40.5,9491.0,54.5,0
100.0,1876.3,0.0378,0.0,-5.1,-0.1,-2.7,0.0,90.1,11401.0,42.3,0
57.87,547.6,0.0019,0.175,20.2,8.9,-3.7,1.468,104.4,13847.0,75.0,2
42.39,969.1,0.019,0.091,32.8,18.3,-11.0,2.489,65.2,2264.0,56.4,2
69.79,1134.0,0.1132,0.032,26.4,13.7,-3.9,0.0,124.2,1289.0,95.1,2
96.61,1677.9,0.0221,0.0,5.6,4.4,-4.3,0.256,49.0,10493.0,84.2,1
81.09,1480.9,0.0299,0.179,6.6,4.2,-3.4,0.0,160.0,4195.0,65.1,0
16.43,467.2,0.0008,0.157,46.1,27.7,-12.5,2.351,144.2,10079.0,45.3,2
55.99,1261.2,0.0003,0.023,24.7,16.1,-4.4,1.112,278.4,14830.0,65.3,2
85.95,1448.7,0.0089,0.427,4.5,0.4,0.0,1.103,90.3,11568.0,53.6,0
70.92,1070.5,0.005,0.02,13.0,9.6,-8.8,1.567,276.1,1170.0,85.1,2
92.07,1431.0,0.0648,0.0,0.7,2.5,1.2,0.415,173.4,12409.0,63.2,1
69.47,1247.4,0.0201,0.04,15.1,12.1,-4.6,1.403,218.8,151.0,56.5,1
64.76,926.0,0.0435,0.073,17.9,8.8,-6.4,2.104,159.2,7294.0,87.2,2
66.86,799.9,0.0171,0.241,11.8,13.4,-5.9,0.0,289.1,12264.0,85.1,2
32.58,592.8,0.021,0.081,35.0,21.5,-10.0,2.112,263.4,169.0,96.1,2
83.41,1482.4,0.0171,0.215,14.7,0.4,-4.0,0.397,263.0,14751.0,86.7,1
82.33,1338.4,0.0139,0.198,12.3,2.1,-3.5,1.253,205.9,10909.0,61.2,0
13.01,222.4,0.0092,0.175,40.6,24.1,-13.8,3.027,39.6,7368.0,65.6,2
100.0,1737.8,0.0085,0.0,1.2,-4.6,2.0,0.427,143.8,8364.0,62.6,0
100.0,1649.8,0.0194,0.0,-0.9,0.2,1.0,0.136,265.7,1815.0,52.9,0
73.71,1240.5,0.0092,0.07,21.3,5.8,-3.1,1.549,132.2,4610.0,40.9,1
79.42,1493.9,0.0118,0.095,21.1,5.6,-4.9,0.93,270.9,11868.0,72.1,1
90.39,1569.3,0.0028,0.0,-0.6,-1.9,-1.6,0.629,44.1,14921.0,90.6,1
100.0,2234.7,0.026,0.0,3.7,-1.4,0.1,0.787,104.1,12281.0,73.4,1
86.81,1401.1,0.029,0.23,13.8,1.8,0.9,0.043,182.0,4815.0,57.2,0
85.64,1571.8,0.0082,0.184,5.5,0.9,-0.0,0.146,193.9,4283.0,94.3,1
87.54,1548.3,0.0632,0.053,5.1,2.7,-0.4,0.267,194.5,10166.0,46.9,1
100.0,1804.3,0.0208,0.0,0.2,4.4,0.6,0.625,130.2,11511.0,80.3,1
100.0,1993.3,0.0071,0.0,0.4,2.9,2.2,0.627,38.7,10819.0,78.7,1
35.16,577.3,0.029,0.049,28.3,14.3,-10.2,0.897,134.1,3194.0,69.2,2
50.04,941.9,0.0375,0.271,29.5,16.8,-7.1,1.331,210.4,13403.0,73.5,2
74.55,1284.4,0.0094,0.143,16.5,10.8,-5.3,0.552,49.0,2732.0,73.5,2
74.05,1955.1,0.0548,0.032,17.0,8.1,-1.7,0.0,208.3,3751.0,99.8,2
65.51,986.4,0.0588,0.086,18.6,9.4,-4.7,1.088,73.8,546.0,49.1,1
100.0,1717.0,0.0014,0.0,-1.7,-1.8,6.0,0.0,35.8,7190.0,92.1,1
52.99,1137.6,0.0374,0.009,16.6,12.6,-9.0,0.876,273.4,3345.0,90.4,2
90.18,1451.2,0.0212,0.0,3.6,5.6,-1.2,0.0,103.2,7120.0,98.9,1
64.51,1221.3,0.0032,0.146,19.0,11.8,-7.7,1.059,216.7,5273.0,84.2,2
72.97,1340.0,0.0823,0.005,19.7,4.2,-4.0,0.0,134.2,8045.0,82.3,2
62.0,926.1,0.0715,0.008,23.8,12.3,-8.7,1.869,109.6,4053.0,50.9,1
87.68,1543.2,0.0008,0.138,15.4,-2.4,0.2,0.318,279.3,9956.0,94.6,1
100.0,2056.5,0.0054,0.0,-7.0,4.9,-3.5,0.209,102.2,9234.0,69.9,0
72.05,1389.4,0.0058,0.223,15.6,3.8,-3.9,0.0,247.3,7970.0,57.6,1
42.98,692.0,0.016,0.022,25.8,17.4,-9.7,1.535,173.3,5956.0,88.1,2
96.11,1812.3,0.0114,0.0,3.0,-1.4,-2.4,0.185,44.7,5918.0,66.2,0
100.0,1491.2,0.0003,0.0,-0.3,0.1,0.3,0.0,252.6,3990.0,51.0,0
79.68,1352.2,0.0208,0.197,14.7,8.7,-2.3,0.176,185.9,13979.0,99.1,1
100.0,1880.9,0.021,0.0,-5.9,-2.1,0.8,0.0,177.1,8981.0,81.8,1
98.59,2099.0,0.0816,0.0,1.3,-3.8,-0.0,0.605,149.8,6215.0,72.2,2
63.79,1239.3,0.0151,0.044,13.8,10.9,-6.6,1.508,69.0,1554.0,46.2,1
0.0,7.7,0.0066,0.036,57.5,30.3,-17.0,2.199,272.8,14044.0,66.6,2
58.14,1278.9,0.0188,0.144,27.8,12.7,-5.5,1.224,259.3,13238.0,92.4,2
42.07,893.0,0.0165,0.052,33.1,18.4,-5.5,1.403,293.2,2580.0,44.6,2
84.31,1737.5,0.0209,0.24,10.7,-0.7,-0.2,0.118,107.3,9564.0,89.0,1
73.7,1476.1,0.0125,0.021,7.8,9.5,-5.3,0.197,109.8,7325.0,85.1,2
71.28,1187.5,0.0005,0.179,21.5,5.3,-5.9,0.61,132.0,8935.0,75.8,2
37.87,786.9,0.0187,0.266,33.7,18.3,-12.2,2.138,229.3,3859.0,58.3,2
100.0,1920.3,0.0042,0.0,-0.0,2.7,0.8,0.103,67.5,10926.0,54.5,0
84.85,1543.8,0.0316,0.046,2.8,4.6,-1.5,0.841,217.2,1991.0,51.6,0
62.24,1170.2,0.049,0.043,35.0,6.8,-6.5,1.133,156.1,1995.0,78.3,2
63.96,865.8,0.0012,0.037,15.0,9.2,-7.6,0.079,141.6,12441.0,90.4,2
79.16,1447.8,0.0182,0.007,13.9,2.7,-2.4,0.0,95.3,986.0,48.9,0
83.11,1317.5,0.0052,0.001,15.1,5.6,-4.2,0.0,297.1,5691.0,77.6,1
100.0,1958.6,0.0286,0.0,1.3,-0.5,1.4,0.433,258.6,4484.0,47.5,0
64.06,1052.4,0.0007,0.623,15.1,8.7,-8.5,1.572,263.8,14173.0,78.5,2
97.67,1545.7,0.0304,0.0,11.7,0.9,-1.7,0.0,233.4,11116.0,65.7,0
88.51,1703.8,0.0024,0.102,8.5,-4.3,-2.1,1.104,206.2,2223.0,83.5,1
36.86,767.5,0.002,0.047,31.2,19.0,-9.4,1.308,58.4,11966.0,56.9,2
100.0,1821.2,0.0117,0.0,-0.2,-2.4,-2.0,0.602,200.0,4302.0,55.2,0
100.0,1557.7,0.0034,0.0,-2.9,5.7,3.3,0.0,264.6,11041.0,57.2,0
100.0,1588.2,0.0126,0.0,-3.7,1.9,-0.1,0.95,232.1,13745.0,72.3,1
76.98,1154.8,0.0239,0.018,11.1,6.6,-7.6,0.963,151.1,10266.0,78.4,1
90.57,1430.7,0.0192,0.0,2.0,4.4,-3.2,0.495,87.5,8726.0,89.0,1
100.0,2154.1,0.0656,0.0,2.6,4.5,1.3,0.0,257.9,445.0,49.7,1
100.0,2171.6,0.0571,0.0,-5.2,-1.1,-0.8,0.768,140.1,13694.0,86.8,2
100.0,1887.3,0.0042,0.0,9.2,-0.7,1.9,0.0,119.1,8077.0,76.5,1
75.7,1230.5,0.0166,0.083,11.8,6.3,-6.5,0.735,188.4,2716.0,88.5,1
100.0,1727.6,0.0087,0.0,-6.8,-3.2,0.7,0.0,121.4,3522.0,66.8,0
53.3,1162.5,0.0663,0.204,29.1,12.5,-9.7,1.545,254.7,8361.0,62.2,1
86.5,2012.7,0.0087,0.011,9.0,1.1,-0.8,1.103,100.6,13866.0,61.4,0
94.31,1846.0,0.0122,0.0,4.2,0.3,-1.3,0.651,93.1,6406.0,47.3,0
32.35,949.9,0.0179,0.406,36.9,19.4,-13.7,2.209,222.1,5351.0,73.7,2
61.0,1106.8,0.0074,0.237,24.2,7.1,-8.5,0.958,119.2,2339.0,97.4,2
92.07,1636.9,0.0135,0.0,6.5,6.2,-4.1,0.0,289.1,2389.0,40.0,0
25.77,457.2,0.0258,0.05,49.5,24.9,-16.6,2.623,142.0,4414.0,90.2,2
75.45,1451.9,0.0205,0.35,9.7,10.7,-1.4,0.829,290.2,4496.0,43.5,0
84.35,1614.4,0.0165,0.006,2.3,6.9,-3.7,0.576,180.5,10929.0,61.2,0
100.0,2018.8,0.0147,0.0,-7.5,-2.9,-2.1,0.783,46.2,4270.0,66.3,0
100.0,1474.1,0.0063,0.0,-8.3,-0.3,0.0,0.008,48.4,1250.0,68.6,0
98.67,1372.0,0.0227,0.0,5.8,-3.3,-0.3,0.0,196.6,12978.0,41.4,0
100.0,1922.0,0.0005,0.0,-3.5,-0.7,-2.6,0.0,254.8,9210.0,44.2,0
47.89,521.1,0.0046,0.024,28.1,15.2,-11.6,0.812,267.7,670.0,62.4,2
87.92,1476.0,0.016,0.008,-0.1,-6.1,-4.8,0.6,80.2,7947.0,61.4,0
98.62,2054.2,0.0046,0.0,7.5,1.9,0.7,0.0,86.6,5273.0,72.2,1
96.2,2013.2,0.0028,0.0,6.9,0.5,1.3,0.0,73.9,14255.0,70.4,0
75.4,1621.6,0.0071,0.058,15.5,2.3,-1.3,1.384,41.0,5812.0,54.1,0
100.0,1693.5,0.0487,0.0,-4.6,-0.6,-3.6,0.073,72.7,15.0,76.4,1
62.61,1135.4,0.0051,0.045,24.9,11.9,-6.0,0.919,173.0,8067.0,55.6,1
93.35,1784.0,0.0029,0.0,-3.0,2.3,0.3,0.669,198.2,6174.0,66.1,0
79.94,1190.2,0.0288,0.042,9.7,6.3,-6.4,0.0,259.4,5983.0,81.8,1
82.85,1305.1,0.0035,0.052,9.4,2.9,-2.8,0.18,121.7,6316.0,80.9,1
59.13,1001.1,0.0048,0.071,28.7,11.7,-5.0,1.226,132.4,7171.0,65.9,2
100.0,2011.6,0.0156,0.0,-7.4,1.5,-2.0,0.0,242.9,12603.0,90.4,1
81.01,1624.6,0.0022,0.073,12.7,5.3,-4.6,0.744,182.5,2116.0,79.6,1
47.73,850.9,0.0136,0.005,25.4,13.3,-9.6,0.095,183.6,4788.0,79.1,2
58.3,1244.2,0.0087,0.012,19.0,18.2,-7.0,1.14,89.5,11160.0,86.2,2
93.65,1684.9,0.0032,0.0,0.8,4.7,0.5,0.23,36.9,7371.0,64.6,0
90.48,1714.2,0.0111,0.0,5.6,5.8,-3.4,0.972,277.2,8263.0,76.9,1
64.55,1311.7,0.0327,0.267,18.6,8.9,-1.9,0.466,53.6,9593.0,82.0,2
68.69,1440.2,0.0125,0.042,8.8,5.5,-5.7,0.0,196.6,10649.0,40.5,1
81.37,1256.5,0.0381,0.105,11.4,7.8,-1.6,0.53,137.5,1021.0,57.3,0
53.39,919.5,0.0224,0.155,18.9,12.8,-5.6,0.03,69.9,3298.0,98.5,2
69.54,1443.9,0.0011,0.051,23.2,9.2,-6.2,0.95,234.3,3514.0,70.8,2
72.39,1219.0,0.0126,0.192,21.5,7.2,-2.7,0.756,142.4,7059.0,86.8,2
98.21,1726.3,0.0256,0.0,8.1,-4.7,-1.2,0.0,281.0,4019.0,60.9,0
100.0,1654.8,0.0174,0.0,-5.8,0.4,0.1,0.0,290.7,6849.0,90.1,1
90.0,1507.3,0.0024,0.214,13.9,-0.3,0.4,0.094,176.1,3916.0,99.3,1
100.0,1686.2,0.0024,0.0,-8.9,2.3,-0.1,0.0,290.8,12960.0,59.4,0
47.52,922.7,0.0157,0.259,33.8,18.9,-10.5,1.449,203.2,14315.0,50.4,2
92.5,1593.5,0.0166,0.0,-3.2,1.0,-3.5,0.797,177.2,14857.0,82.2,1
100.0,1487.2,0.003,0.0,13.3,-1.0,2.2,0.75,52.7,10994.0,87.3,1
93.79,2161.2,0.0088,0.0,12.4,1.9,-1.8,0.475,91.9,11546.0,84.9,1
94.2,1792.6,0.0039,0.0,-0.8,3.9,0.9,0.324,99.8,13252.0,55.0,0
37.21,567.9,0.009,0.018,24.0,15.1,-11.3,2.076,174.9,2263.0,68.1,2
70.16,1439.0,0.0038,0.204,23.5,12.7,-7.3,0.944,138.1,2945.0,56.7,1
100.0,2039.0,0.0421,0.0,0.3,3.6,-2.0,0.0,285.1,11952.0,67.1,0
70.39,1616.4,0.006,0.159,11.7,7.5,-1.7,1.161,124.9,3883.0,76.6,2
51.53,788.4,0.0053,0.031,23.8,16.5,-8.5,1.822,290.5,12418.0,73.1,2
34.66,161.5,0.0163,0.065,36.3,18.4,-14.4,2.217,33.7,705.0,56.2,2
65.91,963.8,0.0147,0.312,16.6,15.4,-6.2,0.0,39.0,11968.0,77.6,2
37.27,757.5,0.0399,0.185,35.3,18.6,-11.6,1.456,177.0,12856.0,63.4,2
100.0,1690.7,0.0083,0.0,12.2,-0.1,-0.0,0.0,64.8,13998.0,85.8,1
99.47,1855.8,0.0123,0.0,-4.7,1.6,-0.1,0.076,72.4,2002.0,72.1,1
89.62,1712.7,0.0391,0.068,2.1,4.6,-1.7,0.077,69.0,13885.0,45.8,0
81.47,1274.9,0.003,0.08,11.2,7.7,-3.6,0.0,123.0,12304.0,99.0,1
72.17,902.8,0.0113,0.32,18.6,11.4,-5.2,0.164,54.4,1328.0,58.7,1
52.05,975.6,0.0086,0.368,21.7,18.4,-5.1,1.708,187.1,11254.0,55.8,1
48.21,785.0,0.0167,0.06,23.4,15.6,-9.5,1.715,218.8,9179.0,45.1,2
100.0,1805.8,0.0204,0.0,-2.5,1.7,-1.5,0.0,132.4,4949.0,57.9,0
36.05,743.0,0.0019,0.111,39.8,18.6,-10.9,1.424,135.0,9945.0,61.2,2
90.21,2077.0,0.0263,0.0,8.1,5.3,-6.5,0.404,247.9,1831.0,89.1,1
51.8,845.8,0.0094,0.023,34.0,20.3,-10.4,0.871,81.1,2077.0,77.8,2
64.54,1336.5,0.0711,0.023,26.3,11.5,-3.9,0.206,51.9,10094.0,67.1,2
100.0,1600.2,0.0079,0.0,-0.4,-1.6,-2.1,0.0,73.3,300.0,85.8,1
100.0,2054.4,0.0017,0.0,1.3,1.7,0.8,0.041,170.2,9081.0,83.6,1
82.75,1495.1,0.0039,0.015,19.1,3.0,-3.0,0.0,216.9,14353.0,55.0,0
100.0,1810.4,0.003,0.0,-3.7,3.6,1.3,0.392,90.1,3911.0,76.7,1
93.09,1835.7,0.006,0.0,-0.1,4.1,-3.2,0.0,104.6,8502.0,44.0,0
100.0,2073.3,0.0341,0.0,2.3,1.9,-0.3,0.0,169.1,7185.0,84.8,1
54.81,1064.8,0.0022,0.011,33.0,10.0,-3.8,1.405,44.7,3017.0,83.8,2
63.59,1159.3,0.0004,0.008,18.9,7.0,-9.1,0.269,172.4,3892.0,73.3,2
80.34,1547.3,0.0177,0.12,19.0,5.8,-2.3,0.844,231.3,10935.0,92.2,1
76.1,1314.0,0.0116,0.004,15.7,4.5,-0.6,0.881,92.6,1930.0,75.6,1
91.07,1438.2,0.0252,0.0,8.1,-1.1,-1.2,0.113,180.3,10439.0,65.8,0
81.63,1303.1,0.0073,0.156,7.7,4.6,-1.7,0.015,64.8,3323.0,96.9,1
83.87,1637.6,0.0371,0.005,9.4,0.7,-2.6,1.0,275.4,12704.0,50.7,0
30.53,577.2,0.0524,0.002,39.8,27.2,-12.1,3.228,282.6,5396.0,50.4,2
70.42,1317.4,0.0016,0.042,9.4,12.8,-3.4,0.031,59.2,48.0,86.5,2
59.18,1261.7,0.0135,0.096,17.9,-0.5,-8.9,1.289,102.6,6619.0,82.5,2
70.08,1175.7,0.0064,0.035,9.8,10.6,-6.0,0.481,271.8,3202.0,59.6,1
82.8,1688.7,0.0088,0.314,16.2,4.0,-2.1,0.0,143.5,14260.0,44.1,0
91.56,1869.4,0.0181,0.0,2.0,0.6,-2.0,0.0,233.8,8973.0,40.7,0
75.56,1470.4,0.0199,0.013,5.5,8.5,-4.4,0.482,194.0,6550.0,85.2,1
84.92,1698.4,0.0261,0.018,7.1,1.0,-2.8,0.426,86.2,618.0,47.9,0
100.0,1780.6,0.003,0.0,6.9,-1.8,-1.9,0.113,234.4,8050.0,68.5,0
58.02,762.7,0.0626,0.233,18.5,6.8,-7.3,0.766,246.2,8173.0,81.2,2
100.0,1817.8,0.0024,0.0,-0.1,-1.8,-1.0,0.54,255.2,3817.0,59.8,0
44.21,1007.8,0.0268,0.027,32.7,17.2,-11.0,1.989,211.4,11138.0,98.2,2
30.66,791.9,0.0662,0.022,37.4,16.5,-14.6,1.239,237.3,1718.0,89.4,2
65.35,729.0,0.0199,0.038,17.3,9.1,-7.7,0.264,202.1,3639.0,54.9,1
27.38,526.7,0.0022,0.054,44.2,18.3,-10.5,1.639,286.5,12636.0,92.0,2
9.13,312.0,0.0341,0.165,45.2,26.1,-17.2,1.747,189.0,2116.0,58.9,2
55.41,808.6,0.0395,0.197,23.4,11.3,-7.4,0.643,202.1,9586.0,90.0,2
100.0,1537.1,0.0202,0.0,-3.0,-3.5,-6.0,0.873,101.3,13355.0,62.6,0
92.62,1582.7,0.0074,0.0,5.0,2.1,-1.2,0.917,282.8,707.0,79.1,1
94.67,1675.1,0.0079,0.0,-2.4,1.9,-3.4,0.008,75.9,10261.0,49.3,0
45.67,821.1,0.0012,0.129,30.4,15.1,-9.6,1.251,73.6,3119.0,75.8,2
95.29,1802.9,0.042,0.0,9.4,-4.9,-3.0,0.45,256.5,5339.0,72.1,1
56.43,1143.2,0.002,0.046,29.2,8.9,-7.7,1.763,284.3,6918.0,58.7,1
100.0,1714.6,0.0066,0.0,6.6,-2.4,-3.7,0.924,227.5,8984.0,65.8,0
17.11,349.8,0.0111,0.0,45.7,14.7,-13.9,2.167,248.9,13328.0,88.2,2
85.18,1588.2,0.0035,0.777,4.5,3.3,0.7,0.293,270.9,229.0,93.0,1
100.0,1903.7,0.0151,0.0,0.9,-3.0,2.5,0.877,163.9,5851.0,78.4,1
89.65,1425.8,0.0302,0.146,7.2,6.1,-2.8,0.0,89.1,14020.0,66.9,0
95.58,1723.0,0.0001,0.0,-4.9,3.9,-1.6,0.369,56.8,7766.0,49.3,0
85.35,1714.8,0.0221,0.373,6.7,0.4,-3.2,0.203,224.4,2841.0,78.1,1
97.19,1735.2,0.0038,0.0,1.3,0.8,4.5,0.0,239.7,9475.0,89.1,1
86.89,1449.4,0.0127,0.05,11.9,7.5,-6.6,0.671,180.0,10657.0,49.0,0
79.09,1182.8,0.0122,0.034,15.3,2.0,-3.8,1.425,160.9,13523.0,92.7,1
64.32,1608.8,0.0063,0.087,21.1,7.1,-10.1,0.585,92.9,3555.0,62.1,1
37.45,609.1,0.0045,0.086,34.1,16.1,-9.6,1.763,126.1,13791.0,90.4,2
100.0,1682.0,0.0269,0.0,-9.9,-2.2,4.6,0.305,257.8,12554.0,64.9,0
72.07,1283.8,0.0032,0.012,15.9,8.6,-3.5,0.039,208.8,12915.0,51.9,1
40.64,312.5,0.0034,0.124,34.7,17.0,-10.8,1.188,90.5,6145.0,47.9,2
70.02,1381.8,0.0145,0.026,16.3,7.4,-5.4,1.467,200.3,576.0,86.6,2
75.01,1346.2,0.045,0.014,8.8,6.8,-5.9,1.14,34.6,5604.0,63.5,0
92.97,1593.6,0.0374,0.0,8.6,-5.4,-1.3,0.521,123.4,9548.0,66.7,0
100.0,2030.2,0.003,0.0,12.8,-1.5,0.7,0.0,88.7,1699.0,63.9,0
64.38,865.1,0.015,0.074,10.7,13.3,-7.6,0.675,157.0,3995.0,84.5,2
61.61,726.1,0.0187,0.04,28.3,9.4,-7.9,1.16,149.4,13989.0,55.9,1
78.35,1186.3,0.0106,0.164,2.0,3.1,-4.9,0.651,265.0,4872.0,46.6,0
66.03,1437.6,0.017,0.246,20.1,8.8,-8.4,1.948,237.0,13058.0,41.3,1
100.0,1558.8,0.0093,0.0,2.8,0.3,-0.4,0.0,37.6,6245.0,83.5,1
52.45,1249.7,0.0063,0.031,28.0,15.5,-12.0,0.948,238.6,13194.0,66.6,2
88.92,1443.1,0.0475,0.067,16.4,0.6,0.0,0.471,298.5,567.0,95.2,1
89.71,1399.4,0.03,0.029,13.6,0.8,-3.9,0.904,95.4,10390.0,76.8,1
100.0,2036.8,0.0047,0.0,-2.8,0.9,-1.9,0.645,184.3,12552.0,99.6,1
65.25,1030.3,0.0066,0.015,19.9,7.7,-7.9,1.142,264.0,10645.0,83.0,2
100.0,1710.3,0.0054,0.0,-0.7,0.4,-0.9,0.122,108.8,13702.0,84.8,1
82.72,1723.7,0.0374,0.174,11.2,4.4,-1.3,0.504,93.8,6337.0,83.1,1
73.31,1197.1,0.0446,0.187,17.9,7.0,-7.3,1.118,252.1,11070.0,47.3,1
82.91,1581.4,0.0591,0.128,7.7,4.6,-5.0,0.0,51.6,6283.0,77.9,2
78.12,1226.4,0.0109,0.039,14.4,7.5,-3.2,1.206,235.1,816.0,40.0,0
100.0,1740.4,0.0273,0.0,-6.4,6.3,-4.9,0.744,185.6,12401.0,69.0,0
95.41,1245.8,0.0184,0.0,5.2,6.5,-1.6,0.0,35.0,1433.0,99.5,1
90.28,1714.8,0.0354,0.0,1.2,1.1,-2.4,0.42,85.3,7925.0,92.3,1
94.64,1737.3,0.0196,0.0,10.0,5.6,-1.7,0.093,150.1,9212.0,73.1,1
48.61,929.9,0.0832,0.058,24.2,16.7,-6.1,0.93,280.9,14841.0,42.5,2
58.19,1114.3,0.0035,0.119,22.0,13.5,-10.6,0.98,136.6,5918.0,73.7,2
77.78,1733.9,0.002,0.11,16.2,6.6,-6.6,0.503,78.4,8055.0,57.9,0
36.51,482.5,0.0352,0.021,31.1,16.9,-11.2,1.364,255.2,4939.0,74.1,2
100.0,1660.5,0.0958,0.0,1.7,-2.1,0.5,0.0,198.9,14786.0,98.2,2
100.0,1356.4,0.0293,0.0,-4.1,-5.1,-1.0,0.0,254.7,6181.0,56.0,0
68.6,1024.5,0.0273,0.084,11.2,14.3,-7.0,0.409,148.0,13269.0,40.7,1
69.61,1487.5,0.0654,0.001,25.2,5.1,-6.4,1.272,107.4,2434.0,85.3,2
89.63,1556.4,0.0184,0.097,5.6,4.0,-1.8,0.609,71.9,8305.0,54.4,0
40.26,765.7,0.0094,0.286,37.8,12.8,-11.1,0.774,153.7,14997.0,60.1,2
67.21,1359.3,0.0273,0.136,26.9,12.5,-3.1,0.359,139.4,7386.0,71.3,2
88.95,1586.8,0.0108,0.339,14.3,4.1,1.0,0.068,96.9,1970.0,57.5,0
92.32,1580.2,0.015,0.0,9.9,1.8,-1.7,0.0,78.9,1680.0,73.9,1
82.42,1674.7,0.0671,0.038,16.4,8.0,-4.2,0.422,171.0,13589.0,90.0,2
63.1,1644.5,0.0055,0.003,15.9,16.2,-7.4,0.949,85.8,1507.0,50.1,1
44.38,1033.8,0.0543,0.067,29.2,20.7,-9.5,1.856,185.1,2807.0,51.9,2
46.66,780.0,0.0245,0.013,24.1,20.9,-8.8,1.749,158.9,5971.0,85.2,2
100.0,1349.1,0.0217,0.0,0.5,2.5,0.3,0.522,240.9,6116.0,68.8,0
100.0,1920.1,0.0758,0.0,-2.8,1.8,2.5,0.0,64.1,12244.0,80.5,2
42.38,985.9,0.0434,0.064,30.1,21.4,-9.4,0.996,295.2,4160.0,56.6,2
96.81,1903.7,0.018,0.0,8.1,-1.6,-1.3,0.849,141.4,8266.0,85.7,1
81.29,1608.9,0.0202,0.019,18.1,5.9,-4.8,0.34,110.0,6569.0,96.2,1
93.1,1362.3,0.0293,0.0,4.5,2.4,0.5,0.532,65.7,7549.0,45.4,0
86.46,1589.9,0.0327,0.035,7.5,-0.7,-3.1,0.015,156.8,13598.0,86.1,1
100.0,1685.7,0.0119,0.0,2.3,-0.8,-1.8,0.0,240.4,9124.0,51.8,0
100.0,1923.1,0.0283,0.0,10.9,2.8,-1.3,1.086,93.2,9695.0,53.4,0
98.05,1389.7,0.0424,0.0,3.8,-2.0,-1.8,1.032,197.9,14813.0,98.4,1
100.0,1687.7,0.0159,0.0,-13.8,-0.2,1.8,0.008,263.3,7659.0,63.1,0
85.59,1595.8,0.0066,0.247,0.1,7.8,-3.4,0.14,295.4,12119.0,90.3,1
95.49,1577.8,0.0266,0.0,0.6,-3.2,1.9,0.212,143.2,14652.0,93.0,1
64.34,1365.0,0.0243,0.01,16.5,15.7,-7.7,1.056,150.3,1037.0,53.1,1
68.76,1112.2,0.0016,0.121,21.6,6.9,-6.0,1.094,41.3,4160.0,68.5,2
55.6,1182.7,0.0077,0.131,21.1,14.1,-8.0,1.58,175.8,5369.0,94.1,2
44.34,649.6,0.0248,0.162,29.8,14.7,-12.0,1.04,233.8,3684.0,47.2,2
100.0,1564.8,0.0313,0.0,3.5,0.5,3.1,0.0,141.7,6199.0,42.9,0
93.77,1697.1,0.0016,0.0,0.1,-0.0,-2.5,0.0,94.8,11439.0,40.3,0
87.96,1495.1,0.0045,0.036,6.6,3.4,-2.0,0.0,182.0,4659.0,96.0,1
57.57,957.8,0.0439,0.033,28.8,10.3,-6.9,0.181,288.2,5011.0,91.6,2
91.79,1747.5,0.0258,0.0,0.3,0.3,-2.2,0.047,103.2,8728.0,97.2,1
100.0,1847.2,0.0011,0.0,-2.7,1.0,1.0,0.0,181.3,9214.0,47.2,0
62.84,1153.7,0.0057,0.005,20.4,9.4,-8.2,1.452,38.0,6374.0,41.5,1
55.38,1228.8,0.0126,0.03,25.7,15.0,-8.0,1.248,176.8,12780.0,88.6,2
100.0,1561.9,0.0106,0.0,3.0,-1.3,-0.9,0.932,141.7,10897.0,63.8,0
100.0,1749.8,0.0145,0.0,1.7,-0.5,0.2,0.555,72.4,9372.0,52.0,0
100.0,2131.2,0.0314,0.0,9.0,1.0,-1.8,0.0,154.6,7916.0,54.4,0
62.63,1106.0,0.0273,0.062,17.0,9.8,-4.9,0.899,216.5,11255.0,49.9,1
74.1,1902.5,0.0185,0.095,8.3,8.9,-4.5,1.094,103.7,3392.0,52.9,1
100.0,2112.8,0.0304,0.0,3.6,-1.3,1.5,0.0,175.9,558.0,87.5,1
86.81,1633.7,0.0554,0.019,0.9,5.8,-4.2,0.276,69.2,11127.0,71.4,2
100.0,2024.9,0.0204,0.0,1.5,-4.3,0.1,0.477,57.3,12996.0,70.0,0
87.24,1520.4,0.0053,0.109,0.5,6.8,0.7,0.0,167.4,12592.0,88.6,1
87.79,1476.6,0.0021,0.073,6.5,0.3,-1.9,0.265,166.8,14555.0,44.8,0
100.0,1536.4,0.0021,0.0,4.2,-1.7,-0.2,0.0,84.1,13454.0,71.3,0
93.78,1900.4,0.0216,0.0,8.2,0.4,-2.2,0.361,240.6,13479.0,52.3,0
41.39,684.2,0.0035,0.01,36.4,20.6,-11.3,0.613,172.2,13234.0,74.0,2
64.21,962.2,0.0099,0.046,10.2,9.2,-6.3,0.846,72.7,2558.0,74.4,2
30.39,432.5,0.0284,0.073,38.3,30.4,-13.2,1.959,271.3,6518.0,45.0,2
100.0,1449.1,0.0222,0.0,-0.7,-1.6,-3.0,0.058,176.2,11976.0,45.2,0
100.0,1771.1,0.0052,0.0,1.7,2.5,-1.5,0.761,291.1,543.0,43.3,0
87.73,1660.3,0.002,0.164,9.7,5.3,-5.4,0.265,97.6,9351.0,52.8,0
34.48,409.8,0.0087,0.1,33.0,22.8,-13.0,1.904,50.4,13977.0,44.0,2
100.0,1661.0,0.05,0.0,-8.1,-0.3,-0.9,0.324,80.9,271.0,81.3,1
100.0,1609.5,0.0357,0.0,-4.1,-3.4,-2.5,0.207,147.5,2733.0,86.7,1
29.43,643.7,0.0033,0.054,29.4,23.1,-16.1,1.164,32.3,5869.0,63.6,2
100.0,1779.1,0.0075,0.0,1.9,-2.8,-1.3,0.755,282.4,13414.0,92.9,1
93.95,1758.2,0.0054,0.0,11.8,0.4,-0.6,0.0,259.6,5088.0,91.8,1
73.62,1340.8,0.0086,0.044,7.2,7.0,-3.4,0.886,122.7,11109.0,86.7,2
100.0,1631.9,0.0158,0.0,0.5,0.7,0.1,0.033,122.3,8419.0,91.1,1
81.56,1836.4,0.0294,0.136,7.4,6.7,-2.5,0.0,195.4,3717.0,94.7,1
100.0,2062.0,0.0068,0.0,-1.5,4.9,4.2,0.0,87.9,1682.0,70.8,0
83.03,1360.1,0.0099,0.115,18.9,5.1,-5.3,0.925,230.3,1568.0,61.4,0
40.08,768.4,0.0193,0.229,25.6,18.2,-12.5,1.794,107.2,8557.0,98.6,2
100.0,1947.1,0.0504,0.0,-6.8,-5.7,2.3,0.455,165.9,6183.0,50.8,1
100.0,1786.0,0.0076,0.0,-4.9,1.3,1.1,0.0,294.1,180.0,98.3,1
38.77,476.8,0.0803,0.24,35.3,15.2,-9.2,2.262,271.1,7957.0,74.4,2
53.26,1061.6,0.0004,0.045,32.8,14.9,-7.0,0.831,87.0,1039.0,67.4,2
62.52,1159.0,0.0043,0.198,21.6,13.0,-9.6,0.0,192.2,8216.0,60.2,1
52.31,698.2,0.0049,0.008,24.4,18.7,-6.0,1.659,125.6,4926.0,53.7,1
89.54,1456.1,0.0132,0.003,13.4,3.1,-3.3,0.124,228.8,10975.0,61.9,0
64.12,1370.6,0.0114,0.072,18.6,14.2,-6.3,0.653,62.5,8945.0,71.3,2
82.72,1562.5,0.0092,0.159,6.8,2.3,-1.4,0.0,35.5,314.0,59.1,0
100.0,1773.8,0.0692,0.0,-3.8,1.0,1.7,0.635,68.3,501.0,73.8,2
85.01,1375.8,0.0175,0.157,10.9,5.8,-1.9,0.0,73.4,6601.0,78.2,1
84.71,1451.4,0.0597,0.13,8.0,3.6,-3.2,0.693,266.4,9015.0,76.0,2
53.53,1298.4,0.0207,0.103,28.1,9.8,-9.7,1.826,219.2,705.0,70.3,2
98.34,1716.9,0.0046,0.0,-7.5,-1.5,-0.5,0.315,171.8,9878.0,98.6,1
77.96,1307.7,0.0272,0.09,12.8,10.5,-3.7,1.209,239.6,1735.0,84.4,1
75.26,1359.9,0.0124,0.013,18.1,8.5,-4.9,0.0,39.3,4843.0,75.9,1
83.5,1817.5,0.0109,0.073,3.4,3.0,-0.8,0.0,201.2,11581.0,86.6,1
33.52,249.0,0.032,0.034,37.3,17.7,-10.5,1.724,90.5,8036.0,74.3,2
100.0,1732.7,0.0076,0.0,-1.9,0.4,1.8,0.311,65.0,8546.0,88.0,1
66.65,1174.0,0.0021,0.037,10.8,10.2,-6.1,0.549,143.0,1718.0,66.2,2
100.0,1686.0,0.0169,0.0,1.5,2.7,2.7,0.047,107.6,12811.0,79.8,1
100.0,1510.7,0.046,0.0,3.8,-3.9,-2.3,0.568,118.6,1064.0,63.1,0
48.11,613.2,0.0023,0.002,31.9,14.6,-9.6,0.945,35.2,13494.0,74.7,2
100.0,1932.5,0.0137,0.0,-0.7,-1.3,1.5,0.231,242.9,1713.0,93.8,1
61.91,1010.7,0.0087,0.008,20.9,7.5,-6.0,1.016,68.8,14124.0,45.5,1
100.0,1582.2,0.0121,0.0,-5.4,-3.8,-2.4,0.303,118.1,9767.0,94.5,1
81.22,1484.1,0.025,0.111,18.8,9.8,-0.2,0.2,67.2,2609.0,44.1,0
79.99,1331.3,0.0024,0.046,4.2,6.4,-4.6,0.493,149.7,8479.0,43.7,0
34.51,324.7,0.0079,0.019,39.5,17.0,-12.3,1.518,162.1,12593.0,40.2,2
74.83,1421.6,0.0148,0.009,19.1,8.0,-3.6,0.466,91.9,3184.0,40.7,1
80.82,1447.0,0.0167,0.046,10.0,7.2,-5.1,0.996,228.3,8255.0,62.6,0
100.0,1998.2,0.0173,0.0,11.6,-2.8,-0.6,0.0,59.9,7335.0,45.0,0
100.0,1697.4,0.025,0.0,3.2,-1.7,3.6,0.0,270.1,2003.0,83.3,1
71.74,1584.9,0.0196,0.091,8.6,3.3,-3.4,0.474,188.2,8771.0,64.2,1
99.07,1779.5,0.0012,0.0,4.5,3.8,-0.4,0.525,36.8,8901.0,68.8,0
56.25,1423.2,0.034,0.049,24.2,10.5,-10.2,0.869,280.0,13716.0,71.0,2
57.03,840.0,0.0104,0.237,28.8,13.7,-6.4,1.584,210.7,8210.0,88.9,2
47.13,923.0,0.0033,0.015,34.2,16.2,-8.9,2.002,75.3,10936.0,58.5,2
100.0,1481.8,0.0431,0.0,-2.8,6.3,-1.2,0.221,34.1,9249.0,68.4,0
58.43,1093.3,0.0036,0.037,16.6,12.0,-7.7,1.04,110.7,14088.0,57.0,1
74.05,1309.2,0.0021,0.073,7.7,14.3,-4.0,0.553,88.9,5952.0,83.8,2
42.53,915.7,0.0164,0.03,41.4,17.5,-14.7,1.455,56.3,4606.0,67.5,2
100.0,1773.8,0.0735,0.0,-5.6,-1.6,1.0,0.0,71.3,1014.0,90.2,2
91.1,1476.9,0.0053,0.0,1.0,-3.0,0.3,0.0,178.4,10146.0,46.3,0
90.0,1728.3,0.0086,0.011,7.6,7.6,-1.2,0.0,205.1,8070.0,64.6,0
24.65,430.3,0.0393,0.004,45.9,19.8,-16.3,1.471,137.2,9500.0,91.7,2
15.75,0.0,0.0087,0.104,36.3,27.2,-12.1,2.059,51.6,65.0,46.2,3
100.0,2048.0,0.0151,0.0,-2.2,-3.4,2.7,0.249,74.7,7813.0,54.6,0
48.4,870.1,0.0072,0.302,31.1,9.0,-9.3,1.474,142.7,4554.0,87.6,2
51.16,1035.9,0.0119,0.073,31.6,16.1,-8.7,1.206,278.2,14448.0,84.2,2
97.08,2053.4,0.0117,0.0,2.9,-2.7,1.2,0.314,133.5,4667.0,83.0,1
46.56,580.3,0.0004,0.14,23.9,19.7,-11.6,1.331,222.2,6744.0,67.7,2
100.0,2009.0,0.0041,0.0,5.6,1.3,-0.9,0.191,253.4,9428.0,69.0,0
75.69,1118.1,0.003,0.03,18.3,10.2,-3.7,0.698,93.3,14612.0,66.2,0
62.33,864.5,0.0058,0.269,24.2,10.6,-4.3,0.443,91.2,8060.0,93.8,2
64.49,1365.1,0.0066,0.018,17.5,7.7,-5.3,0.675,255.3,14456.0,83.9,2
100.0,2005.4,0.0027,0.0,-4.5,2.0,3.3,0.502,219.2,11450.0,76.1,1
100.0,1846.5,0.0068,0.0,-3.4,7.8,-1.8,0.0,235.8,3491.0,53.8,0
100.0,1557.1,0.0559,0.0,-4.4,2.4,0.9,0.0,201.5,4046.0,73.3,2
41.0,767.1,0.0129,0.085,34.6,20.9,-12.7,1.312,170.7,1240.0,66.4,2
66.78,1107.2,0.0246,0.001,26.1,9.3,-9.4,0.876,258.2,5632.0,74.8,2
70.85,1392.1,0.0696,0.206,12.7,8.6,-4.2,0.437,58.2,2314.0,80.1,2
77.25,1483.9,0.0291,0.018,7.1,3.6,-5.4,1.252,289.1,7567.0,72.9,1
100.0,2189.6,0.0086,0.0,2.7,-0.3,-0.2,0.137,93.6,6478.0,77.6,1
54.21,1067.2,0.0855,0.175,31.9,13.1,-10.2,0.432,116.2,3859.0,65.6,2
66.09,803.4,0.0058,0.064,15.5,15.0,-9.7,0.014,203.8,14113.0,48.0,1
88.18,1638.4,0.0812,0.322,6.7,4.0,-1.2,0.004,203.7,4294.0,96.8,2
76.92,1337.4,0.0275,0.118,11.2,8.3,-5.9,0.539,72.0,13102.0,86.2,1
100.0,1984.0,0.016,0.0,6.9,0.5,-0.1,0.0,273.6,14717.0,43.5,0
62.71,1049.1,0.0262,0.011,23.5,16.3,-3.4,1.01,105.3,5255.0,87.8,2
71.66,1417.6,0.0446,0.081,16.8,10.0,-4.2,0.663,153.0,644.0,93.9,2
94.45,1823.2,0.0009,0.0,4.6,4.5,-1.1,0.0,124.5,3891.0,54.2,0
74.05,1404.8,0.0129,0.056,9.9,8.1,-5.7,1.286,114.8,4258.0,77.4,2
91.13,1938.6,0.0211,0.0,6.3,-2.0,0.9,0.168,132.6,1914.0,70.6,0
30.06,596.8,0.0077,0.034,35.1,18.1,-13.6,2.034,62.9,3367.0,54.2,2
98.34,1853.1,0.0086,0.0,-3.9,3.4,-1.9,0.292,66.9,11845.0,71.2,0
100.0,1925.1,0.0079,0.0,8.1,-5.0,-2.2,0.0,32.0,8287.0,73.0,1
66.91,939.6,0.0043,0.099,23.1,10.7,-6.8,0.78,94.7,10878.0,53.5,1
100.0,1848.8,0.0306,0.0,0.9,4.2,0.7,0.0,162.0,12648.0,44.5,0
17.78,297.0,0.0031,0.026,42.7,28.6,-19.5,2.103,283.1,4798.0,47.5,2
93.37,1705.6,0.0014,0.0,12.5,-1.3,-2.5,0.543,204.8,7344.0,92.6,1
100.0,1897.0,0.0751,0.0,1.2,-0.1,0.9,0.0,241.5,6277.0,77.8,2
100.0,1536.8,0.0045,0.0,-1.2,-1.2,-3.1,0.0,156.4,487.0,66.6,0
100.0,2274.7,0.0106,0.0,-7.5,1.2,-4.2,0.0,105.1,1062.0,66.5,0
35.49,650.1,0.013,0.039,35.4,16.9,-13.1,1.197,39.6,4699.0,85.9,2
92.29,1843.3,0.0153,0.0,3.9,0.6,0.5,0.0,245.5,1511.0,71.1,0
91.87,1773.3,0.0007,0.0,-2.7,3.2,-1.5,0.0,119.0,12714.0,41.2,0
75.7,1309.8,0.0139,0.085,16.5,5.2,-2.6,0.498,157.4,13169.0,69.7,0
100.0,1885.1,0.0129,0.0,1.5,7.0,-0.4,0.523,253.5,8019.0,67.4,0
100.0,1955.3,0.0057,0.0,-0.3,-1.7,-0.8,0.0,274.5,4176.0,59.1,0
35.95,953.7,0.0095,0.115,45.9,17.4,-12.1,1.717,119.2,9627.0,64.3,2
66.59,1225.5,0.0109,0.262,7.6,9.8,-5.3,0.999,299.8,8982.0,80.9,2
100.0,1680.1,0.0265,0.0,5.7,-5.2,-0.3,0.0,202.4,8114.0,49.1,0
87.9,1365.2,0.0006,0.174,7.0,1.6,-0.1,0.121,182.5,10892.0,48.9,0
77.73,1420.1,0.0061,0.048,14.3,9.3,-3.2,0.38,169.9,7154.0,41.9,0
74.58,1318.7,0.0089,0.071,23.7,5.5,-3.0,1.364,38.3,7797.0,45.1,1
79.69,1330.5,0.0063,0.121,26.0,4.5,-3.0,1.154,55.9,2910.0,53.0,0
75.44,923.0,0.0202,0.158,17.2,12.8,-3.0,1.149,44.6,12339.0,79.9,1
100.0,1960.9,0.0026,0.0,-7.7,3.3,0.8,0.351,131.6,9155.0,55.1,0
65.78,1277.6,0.0739,0.016,20.1,8.4,-6.0,0.571,273.2,683.0,54.8,1
22.39,477.0,0.0113,0.259,37.1,23.1,-15.0,2.577,171.4,5886.0,72.4,2
87.76,1814.3,0.0147,0.025,4.6,1.2,-1.2,0.081,219.2,12289.0,45.7,0
74.64,1367.6,0.0557,0.077,4.7,7.5,-5.2,0.907,225.7,8500.0,67.0,2
70.33,1065.2,0.0041,0.056,11.6,4.4,-5.1,0.0,171.0,11993.0,65.8,2
100.0,2020.7,0.0225,0.0,-4.3,-3.1,-1.1,0.997,135.7,8738.0,44.1,0
87.64,1427.8,0.0012,0.151,8.2,5.2,-3.2,0.402,239.4,5845.0,68.1,0
62.29,1481.5,0.0322,0.124,28.3,16.0,-5.2,0.402,150.4,8214.0,73.1,2
100.0,1644.7,0.0108,0.0,-8.1,5.1,-1.0,0.0,201.3,9378.0,90.4,1
43.88,725.4,0.0563,0.132,27.5,21.5,-11.4,0.899,141.3,5063.0,97.9,2
100.0,1599.8,0.0347,0.0,-5.1,-3.5,2.2,0.801,291.2,13774.0,69.0,0
100.0,1749.1,0.0723,0.0,5.4,0.2,1.1,0.0,124.8,12203.0,96.9,2
100.0,1536.6,0.0279,0.0,8.2,-3.5,0.5,0.293,205.1,8875.0,42.1,0
85.9,1525.6,0.0412,0.112,3.2,0.0,-3.7,0.0,67.2,2183.0,58.3,0
100.0,1821.2,0.0707,0.0,-4.6,0.7,-3.9,0.0,104.5,1524.0,79.8,2
42.17,922.3,0.0902,0.075,39.6,23.8,-9.6,1.627,126.1,7870.0,69.4,2
100.0,2132.7,0.0234,0.0,0.6,-0.3,2.0,1.2,200.6,11342.0,94.3,1
100.0,2282.9,0.0366,0.0,3.0,-7.7,1.9,0.276,296.8,1556.0,69.1,0
86.69,1547.7,0.0143,0.066,7.1,1.6,-0.8,0.294,49.7,5258.0,47.6,0
100.0,1985.6,0.0096,0.0,7.1,-4.2,0.1,0.377,287.8,11544.0,79.1,1
75.9,1482.2,0.0517,0.023,12.7,12.6,-3.0,1.632,218.2,3712.0,66.1,2
100.0,1776.6,0.0212,0.0,4.0,-4.2,1.5,0.537,189.1,12382.0,80.7,1
93.14,1503.3,0.0042,0.0,7.4,2.5,-1.2,0.268,174.1,11164.0,55.8,0
82.17,1762.9,0.0259,0.01,2.8,4.3,0.9,0.074,199.0,8778.0,87.6,1
59.85,1188.9,0.0049,0.132,22.0,10.4,-5.9,1.873,50.4,11810.0,46.1,1
58.65,787.2,0.0138,0.071,24.2,19.1,-10.2,0.936,72.8,12043.0,60.7,1
44.81,953.1,0.0,0.445,24.4,17.2,-13.3,1.493,186.6,13533.0,65.3,2
88.23,1337.8,0.0012,0.156,1.3,5.4,-6.1,0.0,266.1,8198.0,58.8,0
100.0,1821.1,0.0,0.0,-0.1,4.1,-3.6,0.386,51.0,10950.0,66.5,0
100.0,2116.7,0.0027,0.0,5.0,-0.2,-0.9,1.017,251.9,12024.0,72.4,1
78.62,1328.6,0.0088,0.224,8.7,6.9,-2.1,0.59,278.1,11751.0,76.2,1
100.0,2105.1,0.0298,0.0,-8.8,0.8,-0.2,0.056,258.3,1893.0,83.5,1
82.92,1679.4,0.0587,0.248,5.9,2.1,-3.5,0.599,58.9,477.0,82.9,2
100.0,1564.2,0.0011,0.0,-1.1,1.4,3.2,0.0,113.3,1424.0,40.2,0
75.63,1319.8,0.0214,0.001,16.7,9.7,-1.5,1.086,185.3,6005.0,97.0,1
91.69,1646.9,0.0049,0.0,1.9,4.2,-5.4,0.0,280.1,6128.0,58.2,0
100.0,1597.4,0.0672,0.0,-1.4,-2.1,-0.1,0.269,48.4,7907.0,80.5,2
100.0,1763.7,0.0178,0.0,-7.7,3.2,0.0,0.0,109.9,13239.0,50.3,0
92.32,1837.5,0.0234,0.0,-0.1,2.1,-4.2,0.0,38.3,12666.0,66.4,0
82.5,1711.6,0.0023,0.535,6.3,7.8,-1.7,0.13,58.9,9530.0,83.7,1
95.76,1940.3,0.014,0.0,-4.8,5.5,-0.3,0.46,276.0,5928.0,99.5,1
100.0,1574.2,0.0231,0.0,-7.9,-2.1,-0.5,0.244,87.9,6929.0,42.1,0
100.0,1939.7,0.0166,0.0,10.1,-2.3,0.3,0.0,86.3,5012.0,70.7,0
68.53,992.6,0.0102,0.087,14.4,11.5,-4.7,1.204,269.2,7263.0,47.4,1
71.48,1066.8,0.0019,0.36,16.8,5.8,-8.4,0.503,175.2,14753.0,85.1,2
78.17,1299.5,0.0132,0.021,11.6,9.7,-2.3,0.453,208.5,13428.0,85.2,1
100.0,1663.0,0.0027,0.0,0.2,4.2,1.1,0.456,69.6,13516.0,53.8,0
22.48,311.1,0.0405,0.37,45.6,24.8,-14.3,2.098,142.0,10815.0,62.9,2
62.29,1296.3,0.0325,0.216,13.6,7.7,-8.1,0.916,139.8,1743.0,41.3,1
89.75,1737.8,0.0039,0.25,6.7,0.2,-3.2,0.0,180.9,2793.0,43.6,0
88.02,1795.1,0.0157,0.24,4.0,3.6,-3.6,0.178,146.7,11782.0,61.1,0
51.72,1032.3,0.0017,0.038,35.3,15.2,-9.4,1.73,211.2,9848.0,40.0,1
55.71,864.6,0.017,0.122,27.5,16.9,-11.1,1.127,241.8,7790.0,68.6,2
12.77,250.2,0.0016,0.275,42.8,26.1,-15.3,2.207,191.6,1027.0,98.2,2
23.84,565.4,0.0095,0.111,39.2,24.7,-11.7,2.781,256.5,5688.0,80.7,2
76.8,1097.9,0.0332,0.029,7.6,-0.1,-2.5,0.243,122.7,11993.0,76.9,1
100.0,1535.6,0.019,0.0,1.5,-2.2,0.5,0.008,183.7,9022.0,43.5,0
93.9,1668.1,0.0061,0.0,2.2,-2.9,-1.2,0.694,289.0,14909.0,61.6,0
91.17,2116.5,0.0056,0.0,5.3,2.7,-2.2,0.197,191.8,2513.0,72.1,1
66.32,1430.4,0.0089,0.045,17.6,9.4,-8.5,0.005,243.9,14674.0,51.8,1
53.3,739.9,0.0073,0.005,30.0,14.1,-4.7,1.545,39.0,960.0,96.3,2
30.71,625.0,0.0067,0.14,40.5,16.2,-12.5,1.772,283.2,1756.0,86.4,2
100.0,1760.7,0.0357,0.0,-1.6,-1.5,-2.4,0.656,175.9,7692.0,45.7,0
66.98,1145.9,0.0084,0.023,31.8,14.9,-4.5,0.946,170.6,9209.0,66.7,2
96.75,1767.1,0.0357,0.0,-0.3,1.2,-2.5,0.0,284.1,4151.0,95.1,1
100.0,1579.5,0.0364,0.0,-0.0,2.2,-1.3,0.0,88.5,3199.0,77.3,1
85.22,1196.9,0.0344,0.248,15.2,1.9,-1.7,0.089,225.8,1150.0,47.5,0
65.76,1393.2,0.0149,0.107,19.9,10.3,-6.3,0.983,39.4,10461.0,97.0,2
75.62,1480.5,0.0273,0.1,6.6,7.0,-2.3,0.871,287.3,10513.0,88.6,1
82.08,1192.3,0.055,0.059,-0.0,3.7,-3.8,0.383,38.6,10522.0,52.9,1
35.31,582.3,0.003,0.214,44.2,24.8,-12.5,2.084,145.7,4868.0,99.2,2
84.32,1218.8,0.063,0.027,9.7,8.5,-2.8,0.122,276.8,14097.0,46.5,1
63.51,1376.4,0.0227,0.134,18.8,9.3,-5.5,1.144,292.5,13789.0,55.2,1
69.81,1347.6,0.0129,0.008,19.2,9.5,-4.8,0.359,191.5,9881.0,93.7,2
65.42,1394.1,0.0167,0.113,26.8,9.8,-4.5,0.501,151.5,9166.0,74.5,2
78.46,1587.9,0.0176,0.087,4.9,7.2,-3.3,0.808,209.2,10786.0,62.7,0
100.0,1673.0,0.0081,0.0,-3.3,-2.4,-2.8,0.336,47.2,13644.0,74.0,1
89.13,1608.7,0.0001,0.457,8.2,1.3,-1.8,0.202,243.7,8169.0,73.9,1
85.41,1604.9,0.0067,0.017,9.8,2.3,-3.7,0.0,125.8,12961.0,42.2,0
98.48,1669.6,0.0043,0.0,5.0,-6.2,0.3,1.078,41.6,5382.0,58.1,0
25.56,333.3,0.021,0.008,44.8,23.4,-10.9,1.578,39.6,12837.0,61.8,2
97.48,1601.2,0.0264,0.0,-3.6,5.8,-3.6,0.52,166.1,9126.0,79.2,1
72.24,1036.1,0.0059,0.047,14.2,6.8,-6.8,0.1,129.3,12521.0,95.0,2
69.07,1253.6,0.0039,0.184,25.6,11.9,-6.7,0.025,117.8,2420.0,56.5,1
83.55,1533.6,0.0062,0.124,16.6,4.3,-2.4,0.083,62.9,9907.0,93.3,1
46.53,664.7,0.0096,0.384,24.2,15.9,-6.5,1.262,281.0,11060.0,96.6,2
100.0,1848.0,0.0063,0.0,-5.0,2.2,-1.7,0.0,233.4,13602.0,50.0,0
78.87,1223.4,0.0573,0.11,10.2,8.0,-4.7,0.152,72.9,5131.0,67.5,2
60.21,858.3,0.0286,0.101,25.2,9.5,-5.4,1.149,298.3,11614.0,73.2,2
100.0,1802.9,0.031,0.0,-1.1,2.8,-0.3,0.0,137.6,5398.0,94.4,1
75.4,1363.1,0.0093,0.005,21.0,5.4,-7.5,0.0,284.9,167.0,74.2,1
88.16,1340.7,0.0266,0.037,1.1,2.5,-2.9,0.479,278.4,9494.0,81.5,1
74.38,1225.2,0.0364,0.076,9.8,11.3,-5.0,1.014,120.5,6432.0,70.8,2
88.33,1654.4,0.0001,0.015,9.6,-3.0,-2.6,0.799,208.6,2454.0,50.5,0
95.62,1629.1,0.0008,0.0,11.6,-4.5,-1.6,0.0,120.6,14950.0,79.5,1
65.73,1412.7,0.0408,0.132,7.5,14.1,-4.1,0.71,164.3,6117.0,91.5,2
72.93,1072.1,0.0387,0.057,13.1,0.2,-5.5,0.038,197.9,10519.0,77.3,2
76.85,1408.4,0.0163,0.222,9.5,4.5,-3.1,0.0,79.3,5219.0,50.3,0
87.98,1464.8,0.0499,0.257,8.5,3.4,-1.8,1.042,124.4,565.0,80.9,1
96.5,1733.5,0.0085,0.0,1.1,-0.7,4.4,0.107,211.8,9571.0,47.5,0
76.3,1462.5,0.0214,0.101,9.7,0.1,-5.0,0.251,119.1,3248.0,73.2,1
25.1,482.6,0.0323,0.001,37.2,20.9,-11.6,2.282,85.3,10303.0,44.2,2
100.0,1985.4,0.035,0.0,-3.7,-3.2,1.1,0.0,264.4,13521.0,91.5,1
100.0,1667.5,0.0368,0.0,3.6,4.5,-1.0,0.0,139.2,12940.0,75.0,1
44.72,914.2,0.0033,0.01,21.7,12.0,-9.0,0.946,99.1,7359.0,54.8,2
66.92,1154.6,0.0236,0.036,12.1,9.4,-3.6,1.893,154.6,1349.0,64.7,1
77.04,1228.7,0.0102,0.058,25.2,2.9,-7.6,1.601,163.2,5089.0,71.1,0
38.15,762.0,0.0059,0.003,38.3,21.4,-10.8,2.348,132.4,7992.0,63.5,2
59.1,1181.6,0.0308,0.147,18.3,8.5,-9.5,1.011,279.3,8567.0,64.9,1
100.0,2023.6,0.0033,0.0,8.1,0.3,-0.3,0.678,49.3,9309.0,61.4,0
42.84,719.6,0.0157,0.061,24.1,15.6,-7.2,1.657,57.5,6354.0,98.7,2
64.27,990.2,0.0263,0.077,22.8,11.4,-5.0,1.167,137.8,7703.0,92.8,2
85.02,1340.8,0.0122,0.019,11.6,8.8,-3.6,0.488,82.8,8078.0,80.2,1
91.87,1646.5,0.0086,0.0,-2.8,-1.3,-1.1,0.23,167.8,14921.0,64.5,0
69.55,1209.9,0.0123,0.212,22.1,9.1,-5.0,0.353,134.2,8208.0,55.2,1
92.03,1634.9,0.0042,0.0,6.6,-4.3,0.1,0.756,226.2,9175.0,89.7,1
63.83,765.9,0.0367,0.218,21.6,6.0,-8.5,0.644,119.8,12866.0,62.6,1
49.04,746.8,0.0035,0.071,33.5,16.1,-9.4,0.432,126.1,5525.0,72.9,2
75.29,1038.4,0.0123,0.126,10.3,8.7,-3.0,0.609,150.3,10696.0,93.3,1
15.89,300.6,0.0659,0.146,49.6,25.3,-18.9,1.823,58.4,13800.0,72.7,2
87.32,1580.7,0.07,0.127,5.5,9.0,-2.5,0.384,38.7,2818.0,86.8,2
93.79,1781.9,0.0077,0.0,7.1,4.1,0.3,0.0,173.3,13639.0,46.3,0
100.0,1946.8,0.0126,0.0,8.4,-1.3,-2.3,0.126,85.1,8694.0,58.8,0
81.13,1614.6,0.0156,0.101,3.5,7.8,-7.4,0.0,295.2,1329.0,76.4,1
100.0,1595.5,0.017,0.0,-1.5,-1.0,0.6,0.0,280.6,3260.0,70.0,0
65.29,1242.6,0.0032,0.1,18.0,4.2,-6.1,1.166,110.7,2758.0,96.3,2
93.59,1691.3,0.023,0.0,-3.7,0.5,-3.8,0.673,267.8,8415.0,62.4,0
100.0,1887.2,0.0105,0.0,0.2,1.9,4.3,0.109,54.7,13005.0,67.4,0
87.39,1536.5,0.0096,0.288,8.4,4.5,-1.9,0.88,64.2,213.0,87.6,1
100.0,2049.7,0.0054,0.0,-3.0,-2.2,-1.5,0.0,59.3,11596.0,61.9,0
100.0,1858.7,0.0038,0.0,-10.6,0.9,-0.9,0.0,280.8,8546.0,58.5,0
57.62,747.5,0.0009,0.027,16.1,14.3,-9.4,0.128,137.4,7045.0,84.4,2
83.99,1217.7,0.0013,0.256,16.7,1.9,-0.8,0.196,141.1,7182.0,53.4,0
59.42,982.3,0.1076,0.007,22.9,7.7,-6.0,1.743,66.6,5632.0,79.2,2
92.1,1630.6,0.0034,0.0,5.7,6.7,-1.5,0.411,74.9,4568.0,92.2,1
64.85,1267.2,0.0207,0.041,17.1,10.4,-9.2,1.978,115.4,11229.0,98.5,2
81.02,1647.2,0.0065,0.005,15.0,5.1,-4.4,1.032,98.6,10687.0,78.9,1
62.62,1032.9,0.0045,0.026,14.9,9.1,-8.6,1.377,157.4,8759.0,81.5,2
3.81,0.0,0.0216,0.217,47.4,33.0,-19.5,3.178,253.5,12795.0,63.6,3
29.93,196.2,0.0274,0.011,38.5,20.5,-15.2,1.688,189.9,9474.0,96.5,2
85.76,1399.6,0.0206,0.115,10.3,5.0,-3.0,0.437,149.4,6928.0,99.8,1
40.85,752.7,0.0006,0.253,25.3,17.7,-9.0,1.888,45.1,5171.0,48.1,2
95.2,1639.3,0.0157,0.0,2.0,5.6,0.8,0.0,281.7,9590.0,57.3,0
89.47,1742.1,0.0229,0.023,6.2,4.6,-2.8,1.113,278.7,14343.0,51.8,0
81.84,1856.4,0.0495,0.045,10.0,1.8,-4.0,0.466,63.7,6589.0,94.4,1
76.22,1337.1,0.0018,0.084,8.9,2.5,-3.8,0.097,103.5,9963.0,84.3,1
78.37,1413.6,0.0098,0.012,10.7,10.0,-7.0,0.217,126.8,5577.0,66.2,0
78.22,1144.4,0.0061,0.2,15.8,5.8,-4.6,0.743,184.4,963.0,53.8,0
100.0,2009.6,0.0012,0.0,-2.0,2.0,-2.3,0.183,267.3,496.0,83.6,1
69.76,1360.5,0.0866,0.094,26.4,4.6,-5.8,1.42,273.2,14730.0,54.1,1
56.35,1075.3,0.0363,0.233,16.4,15.1,-10.5,1.862,51.4,12110.0,91.9,2
50.45,792.9,0.0135,0.077,20.8,16.5,-10.3,1.182,43.1,4682.0,69.8,2
100.0,1933.1,0.0387,0.0,-2.6,3.0,1.6,0.0,194.6,581.0,79.5,1
100.0,2187.2,0.0423,0.0,-4.6,0.5,2.1,0.049,88.1,2386.0,42.7,0
100.0,1657.6,0.015,0.0,5.3,4.9,0.2,0.329,104.3,6331.0,62.0,0
91.59,1502.7,0.0012,0.0,-7.3,4.2,-0.9,0.396,141.2,14295.0,40.7,0
100.0,1844.0,0.0097,0.0,-2.3,1.0,2.5,0.0,114.0,5158.0,79.6,1
96.38,2115.4,0.0232,0.0,-3.2,6.7,-0.9,0.423,258.3,5483.0,87.4,1
100.0,2038.2,0.0095,0.0,-3.9,-5.5,-0.6,1.258,103.9,5776.0,67.4,0
55.13,976.4,0.0402,0.038,14.4,15.5,-10.4,0.781,181.8,7142.0,90.9,2
89.95,1688.2,0.038,0.152,14.7,0.8,-1.3,0.003,47.2,10735.0,46.3,0
76.84,1352.6,0.0642,0.028,4.6,8.8,-2.8,0.965,295.8,11862.0,81.8,2
50.52,1046.3,0.0128,0.055,22.5,13.8,-9.6,1.443,185.9,12529.0,96.5,2
90.8,1414.7,0.0098,0.0,5.3,-0.0,-0.5,0.152,256.8,14095.0,72.9,1
100.0,2088.6,0.0034,0.0,-0.9,-2.9,-1.4,0.0,269.0,8809.0,64.3,0
38.72,623.8,0.0196,0.169,37.6,28.3,-10.4,0.453,146.1,4834.0,40.9,2
74.84,1316.2,0.037,0.195,20.8,12.7,-1.1,0.151,178.0,9548.0,85.2,2
77.52,1350.2,0.066,0.079,13.0,8.0,-2.7,0.903,266.5,9971.0,79.9,2
76.93,1324.5,0.0025,0.055,9.7,12.0,-7.0,0.872,287.7,7275.0,97.1,1
68.04,652.0,0.0202,0.099,16.8,8.9,-6.5,0.0,298.4,10615.0,47.9,1
97.9,1838.1,0.0068,0.0,-5.9,2.8,-1.9,0.164,195.0,8481.0,75.9,1
100.0,1330.7,0.0091,0.0,-1.5,3.5,-2.9,0.0,272.0,3289.0,81.1,1
76.27,1678.9,0.0348,0.003,15.6,2.8,-5.4,0.0,180.1,1800.0,53.5,0
99.04,2060.5,0.0069,0.0,1.6,-0.7,-0.9,0.0,202.6,5059.0,71.1,0
52.01,843.0,0.0245,0.115,16.8,14.4,-10.2,1.79,144.3,6152.0,65.8,2
91.68,1353.4,0.0016,0.0,-1.8,5.9,-2.8,0.0,195.5,6985.0,68.1,0
61.7,1019.5,0.0471,0.073,26.1,12.6,-10.2,1.232,150.8,1276.0,89.3,2
100.0,1921.7,0.0061,0.0,4.9,-1.3,1.3,0.158,125.1,9798.0,89.7,1
97.61,1760.2,0.0141,0.0,1.5,-0.1,2.7,0.195,41.1,8857.0,70.2,0
62.7,1005.7,0.0369,0.103,12.1,13.0,-9.9,1.279,141.6,12846.0,48.3,1
75.56,1401.9,0.0049,0.197,14.6,8.1,-5.8,0.802,175.8,3839.0,47.8,0
54.69,658.6,0.0002,0.041,28.4,10.7,-7.1,1.423,288.1,10907.0,53.6,1
52.68,733.2,0.0393,0.091,28.3,18.8,-9.4,0.883,34.8,5657.0,41.7,1
79.15,1840.4,0.0211,0.107,11.3,9.3,-4.2,0.199,217.5,11330.0,42.9,0
100.0,1827.8,0.0177,0.0,-2.7,3.2,-0.7,0.0,43.7,11625.0,90.5,1
77.91,1677.6,0.0014,0.012,11.2,12.9,-4.7,0.422,79.9,5821.0,44.2,0
100.0,1829.5,0.0095,0.0,-1.1,-1.5,0.2,0.004,202.7,10454.0,86.3,1
75.6,1390.4,0.019,0.016,8.6,8.4,-3.8,0.447,263.8,13814.0,81.6,1
88.18,1441.3,0.0504,0.028,2.7,5.3,-4.7,0.089,51.6,9273.0,82.5,2
61.65,1180.2,0.0585,0.068,16.1,10.2,-6.4,0.984,41.0,12767.0,67.1,2
46.34,706.8,0.0031,0.049,21.2,20.8,-10.2,0.661,161.3,13014.0,91.3,2
87.09,1477.6,0.0006,0.002,5.0,6.8,-1.9,0.71,85.1,4374.0,73.1,1
100.0,1309.9,0.0037,0.0,-1.1,1.1,-1.6,0.548,125.0,8160.0,77.7,1
100.0,1382.9,0.0407,0.0,7.4,-1.7,2.1,0.065,246.2,7907.0,49.3,0
33.14,634.7,0.0038,0.071,48.0,21.5,-10.1,1.929,264.3,11152.0,68.6,2
63.53,597.4,0.0657,0.065,17.0,10.6,-5.5,1.354,148.0,11765.0,60.4,1
97.67,2026.9,0.0043,0.0,13.4,-0.2,2.7,0.0,85.3,14154.0,72.9,1
100.0,1528.9,0.0082,0.0,0.6,1.0,4.2,0.0,62.9,10071.0,72.0,1
75.08,1290.5,0.0018,0.043,6.7,6.7,-3.6,0.0,285.6,2183.0,96.3,1
90.13,1261.4,0.0167,0.0,10.3,0.9,-1.9,0.489,253.9,10970.0,98.6,1
89.49,1650.7,0.0228,0.024,6.9,3.2,-4.9,0.879,150.4,11543.0,92.2,1
80.01,1581.6,0.0506,0.045,8.4,6.0,-5.5,0.666,46.7,52.0,71.6,2
100.0,1828.8,0.0215,0.0,5.1,-0.2,0.6,0.0,246.6,12871.0,99.7,1
87.98,2017.2,0.0087,0.201,4.3,-0.3,1.9,0.631,195.7,10387.0,75.3,1
57.49,1062.6,0.011,0.117,31.8,11.5,-5.2,0.71,189.2,13955.0,97.6,2
71.96,1397.2,0.0043,0.097,9.9,6.5,-5.8,0.714,209.5,6554.0,42.6,1
100.0,1784.2,0.0069,0.0,-4.7,-1.4,2.1,0.0,214.3,8983.0,81.8,1
26.67,661.6,0.0154,0.022,43.6,19.3,-10.3,1.645,133.5,2321.0,89.0,2
97.8,1872.7,0.0226,0.0,6.1,-1.5,-0.9,0.789,225.5,10510.0,94.8,1
100.0,1540.0,0.0009,0.0,0.7,2.1,0.0,0.232,203.2,751.0,45.8,0
100.0,1873.5,0.0269,0.0,0.7,-2.7,2.5,0.024,158.0,10382.0,65.0,0
31.29,568.2,0.0063,0.124,39.6,21.6,-10.3,2.028,120.1,9918.0,77.0,2
57.43,756.6,0.0065,0.641,30.3,13.8,-8.9,1.131,42.2,4992.0,75.1,2
89.86,1561.5,0.0296,0.107,2.2,5.1,-4.7,0.506,125.5,2486.0,75.1,1
100.0,1692.1,0.0415,0.0,-1.3,-2.4,-1.3,0.225,112.6,10416.0,84.6,1
90.59,1296.1,0.0094,0.0,4.4,7.2,1.3,0.424,49.2,14431.0,91.4,1
83.01,1713.7,0.0384,0.032,5.6,3.8,-1.6,0.871,265.0,7957.0,76.0,1
85.74,1487.7,0.0154,0.077,5.5,5.8,-2.3,0.0,291.1,1023.0,60.1,0
100.0,1727.7,0.0044,0.0,6.1,-0.4,1.3,0.0,262.0,7787.0,54.5,0
95.83,1241.7,0.0045,0.0,-0.5,1.0,-0.9,0.0,66.4,2993.0,79.7,1
53.44,1070.2,0.0106,0.096,19.1,13.9,-7.7,1.135,58.2,1723.0,50.1,1
56.89,964.4,0.0049,0.05,17.4,11.5,-9.3,1.268,148.6,2313.0,51.9,1
82.55,1394.8,0.0135,0.1,3.4,4.7,-4.9,0.828,39.0,12059.0,53.3,0
99.37,1967.9,0.035,0.0,-3.9,2.7,0.7,0.548,286.4,10146.0,90.7,1
49.87,783.8,0.0268,0.001,23.9,12.1,-10.3,0.399,205.1,12313.0,84.9,2
85.01,1888.8,0.013,0.06,10.1,6.1,-3.1,0.425,171.8,1915.0,79.6,1
100.0,1975.0,0.0199,0.0,-9.4,3.9,0.5,0.0,228.8,7562.0,75.5,1
63.78,1446.4,0.0001,0.065,7.6,12.4,-9.0,0.674,191.2,7014.0,55.5,1
26.61,568.3,0.0251,0.282,37.2,22.7,-11.6,2.163,140.3,8969.0,99.4,2
56.76,638.5,0.0077,0.023,31.2,9.4,-4.7,1.734,142.0,12955.0,73.2,2
60.99,1444.0,0.0538,0.023,22.4,7.5,-7.1,0.576,273.5,11158.0,50.9,1
52.47,1330.5,0.0103,0.233,23.2,15.8,-8.3,1.228,95.9,13123.0,97.6,2
59.77,1042.7,0.0746,0.041,22.5,7.8,-9.3,1.422,152.3,5227.0,93.6,2
100.0,2045.2,0.0004,0.0,-1.1,4.8,2.5,0.486,155.4,3251.0,76.8,1
56.89,801.4,0.0462,0.068,22.9,11.4,-10.3,1.926,161.4,1823.0,85.6,2
100.0,1991.7,0.0626,0.0,-2.5,-2.9,-1.5,0.0,135.4,9301.0,79.7,2
67.58,1259.9,0.0155,0.012,17.5,12.4,-6.2,0.567,84.0,13912.0,87.4,2
41.77,694.4,0.0022,0.005,33.3,19.1,-6.7,1.021,60.9,5857.0,54.0,2
36.13,716.6,0.0234,0.215,38.3,19.3,-10.5,1.268,289.7,11516.0,60.0,2
67.76,1190.7,0.0116,0.0,11.7,12.5,-7.8,1.018,47.5,10581.0,56.2,1
100.0,1406.6,0.0067,0.0,-5.5,0.3,-0.8,0.0,94.6,3909.0,87.4,1
100.0,2238.9,0.0073,0.0,-2.7,0.4,-0.7,0.0,115.0,1233.0,65.8,0
62.83,850.5,0.0119,0.011,26.0,9.8,-6.5,0.088,200.0,7992.0,62.3,1
100.0,1904.7,0.0048,0.0,-7.4,-2.2,-1.8,0.0,122.7,9846.0,75.5,1
58.67,1145.0,0.0087,0.202,18.8,13.2,-7.2,1.714,289.6,197.0,88.3,2
64.24,996.3,0.0313,0.137,15.6,10.8,-6.0,1.034,241.2,4624.0,61.2,1
86.08,1666.2,0.0218,0.122,6.9,7.4,-2.1,0.0,227.4,13896.0,62.1,0
74.98,1526.3,0.0109,0.016,7.5,12.9,-0.5,0.258,264.2,12946.0,91.5,2
31.2,1023.0,0.0964,0.022,34.6,23.7,-10.7,1.231,95.5,9780.0,52.7,2
85.84,1687.4,0.0026,0.091,17.3,7.1,0.1,0.0,266.1,2438.0,53.0,0
48.68,832.6,0.0015,0.238,25.9,17.1,-10.7,1.059,216.0,594.0,45.0,2
91.68,1733.6,0.002,0.0,-0.7,7.1,-3.2,0.0,45.4,9246.0,48.7,0
72.04,1532.9,0.0047,0.012,20.9,6.4,-5.7,0.963,97.8,6489.0,50.8,1
79.44,1284.5,0.005,0.041,7.7,5.4,-3.8,0.861,38.5,1686.0,53.6,0
59.81,1043.4,0.0122,0.174,28.8,9.0,-4.7,0.982,242.6,9108.0,66.2,2
93.72,1444.5,0.009,0.0,-2.7,-0.3,-1.0,0.0,214.1,13553.0,59.5,0
100.0,1441.0,0.0206,0.0,0.5,0.2,2.1,0.352,213.4,1286.0,91.7,1
40.09,921.1,0.0064,0.281,34.4,17.9,-10.6,2.057,223.7,12078.0,41.8,2
58.6,954.1,0.0068,0.145,21.9,17.3,-10.0,0.807,226.3,2695.0,40.1,1
53.14,1046.0,0.001,0.005,30.4,9.6,-6.4,1.044,99.3,10784.0,77.9,2
80.19,1362.7,0.0009,0.109,14.9,2.6,-2.0,0.384,50.8,5215.0,77.1,1
77.55,1442.6,0.019,0.055,9.0,6.0,-1.4,0.633,154.8,14387.0,76.5,1
92.14,1481.7,0.0041,0.0,-1.6,1.0,1.8,0.113,105.5,13466.0,92.1,1
96.84,1694.7,0.011,0.0,-2.8,-2.5,1.3,0.0,221.5,10075.0,87.1,1
81.94,1175.7,0.0108,0.026,9.0,3.3,-1.0,0.493,248.0,8542.0,77.2,1
100.0,1659.4,0.0255,0.0,-5.3,3.6,1.9,0.0,243.3,10491.0,86.0,1
100.0,1808.3,0.0319,0.0,-3.6,-6.9,5.2,0.107,253.5,12456.0,87.6,1
84.64,1125.2,0.0244,0.069,10.7,5.4,0.7,0.572,116.1,10567.0,91.3,1
100.0,1738.1,0.0649,0.0,-2.0,-3.2,0.7,0.635,228.6,14424.0,62.1,1
37.03,598.7,0.0301,0.275,31.2,22.4,-12.4,1.258,96.7,2018.0,92.5,2
100.0,1931.0,0.0324,0.0,3.0,2.1,1.8,0.0,51.9,6078.0,73.6,1
100.0,1979.3,0.0091,0.0,2.5,1.0,0.5,0.0,52.7,9257.0,64.4,0
100.0,1725.3,0.0027,0.0,0.6,0.2,0.2,0.107,190.6,9356.0,80.0,1
100.0,2008.8,0.0198,0.0,1.6,-2.7,-4.9,0.0,168.0,6779.0,91.7,1
61.52,995.5,0.0064,0.088,22.9,11.4,-9.0,1.418,259.9,7725.0,44.1,1
76.32,1271.1,0.009,0.09,18.0,3.6,-3.5,1.147,232.1,960.0,56.6,0
100.0,1885.8,0.0505,0.0,1.9,-0.8,-2.2,0.0,207.7,4297.0,95.1,2
55.13,1012.9,0.0028,0.03,28.9,11.2,-7.1,0.748,60.4,11343.0,66.5,2
100.0,1667.7,0.0031,0.0,-2.7,0.8,0.4,0.249,298.8,3338.0,50.7,0
100.0,1537.2,0.0106,0.0,-2.1,7.2,1.5,0.0,206.8,5716.0,60.8,0
100.0,1811.6,0.0051,0.0,-7.8,4.3,-0.9,0.0,219.0,848.0,95.3,1
100.0,1994.8,0.0042,0.0,-0.9,5.1,-1.6,0.781,115.8,6189.0,67.3,0
67.16,1204.3,0.0167,0.148,19.1,11.8,-7.7,0.989,37.2,14464.0,49.9,1
100.0,1392.1,0.0016,0.0,-0.9,-4.3,0.2,0.0,76.3,14562.0,87.9,1
79.1,1390.8,0.004,0.028,14.0,3.6,-2.7,1.165,257.8,7346.0,62.1,0
100.0,1960.1,0.0281,0.0,1.9,-6.0,-1.2,0.339,177.7,14277.0,62.4,0
78.88,1639.5,0.0256,0.001,12.2,6.1,-1.5,0.195,108.0,3344.0,63.3,0
100.0,1619.8,0.015,0.0,-11.4,4.7,-0.3,0.257,82.9,1780.0,62.2,0
49.45,686.3,0.0315,0.39,22.8,13.9,-9.0,1.34,226.8,2879.0,48.2,2
87.04,1696.2,0.0109,0.338,4.7,7.9,-3.5,0.0,221.4,9374.0,73.2,1
45.47,642.9,0.0244,0.064,27.1,12.5,-9.2,1.69,189.2,9939.0,74.4,2
89.44,1657.8,0.0102,0.041,7.6,2.9,-5.8,0.0,277.9,3883.0,81.6,1
84.02,1272.7,0.0206,0.062,12.6,8.5,-0.1,0.668,281.5,12909.0,77.4,1
81.63,1420.7,0.0036,0.107,-1.7,8.5,-3.9,0.953,165.0,3434.0,87.3,1
53.05,710.3,0.0514,0.046,33.3,12.9,-10.4,1.493,67.2,8669.0,62.7,1
76.22,1274.2,0.0411,0.063,11.2,9.0,-3.3,1.14,261.5,9780.0,50.2,0
63.72,1215.2,0.0173,0.012,27.3,9.5,-9.2,0.7,237.5,5953.0,96.4,2
58.15,934.7,0.0102,0.304,32.2,8.1,-5.4,0.923,260.2,12757.0,70.3,2
67.76,1351.6,0.0006,0.13,17.2,14.4,-6.2,1.238,92.4,14924.0,48.1,1
100.0,1867.4,0.0163,0.0,-1.1,6.9,-0.8,0.0,287.2,13064.0,46.7,0
66.53,1278.1,0.0781,0.295,18.6,9.4,-4.0,0.141,74.2,616.0,94.0,2
100.0,1694.8,0.0094,0.0,-0.5,1.9,-2.0,0.0,285.4,14507.0,69.2,0
83.85,1531.4,0.0046,0.15,5.6,8.8,-3.1,0.953,104.2,12964.0,98.2,1
75.86,1257.8,0.018,0.018,7.2,9.3,-3.7,0.473,258.1,11753.0,58.2,0
90.44,1439.4,0.0244,0.0,-0.5,-2.8,-4.0,0.299,102.1,9427.0,62.0,0
56.07,821.5,0.0642,0.066,28.2,12.4,-10.4,0.676,116.2,3049.0,45.0,1
99.05,1766.6,0.0032,0.0,-4.2,-1.8,-2.7,0.325,240.6,1166.0,48.5,0
100.0,1637.7,0.0622,0.0,-1.0,-6.4,3.9,0.0,34.3,12975.0,58.0,1
84.85,1318.8,0.0146,0.007,10.9,4.1,-4.2,0.894,237.7,13591.0,78.5,1
32.72,594.7,0.0021,0.145,42.0,20.3,-12.3,1.106,37.5,9036.0,44.1,2
100.0,1686.9,0.0267,0.0,12.3,1.8,-0.6,0.62,196.8,7606.0,73.4,1
79.49,1376.0,0.0265,0.155,8.1,7.9,-4.3,0.0,203.6,11941.0,86.8,1
80.53,1486.2,0.0013,0.154,15.5,6.8,-3.6,0.908,73.3,1005.0,46.2,0
71.2,1305.6,0.0433,0.009,16.1,7.4,-3.9,0.86,201.1,5483.0,61.2,1
54.7,938.3,0.0628,0.357,32.2,17.1,-8.6,0.65,150.6,8423.0,78.8,2
68.06,1015.2,0.0037,0.052,16.3,9.9,-5.9,0.835,98.0,11515.0,40.3,1
47.36,674.5,0.0424,0.267,20.5,17.3,-6.9,1.595,173.7,8257.0,59.1,2
31.78,554.7,0.0265,0.302,44.9,16.7,-13.0,1.641,105.1,3383.0,41.0,2
91.46,1709.9,0.0085,0.0,5.9,-0.6,-3.9,0.359,219.3,2440.0,82.1,1
37.16,817.0,0.0008,0.128,33.9,21.2,-12.0,2.629,115.6,6014.0,57.1,2
74.46,1220.1,0.0221,0.015,7.3,9.6,-2.7,0.925,297.2,9644.0,86.4,2
78.25,1413.3,0.0091,0.023,6.9,9.1,-3.1,0.216,167.2,11709.0,88.4,1
42.67,750.4,0.0327,0.002,34.0,11.9,-12.5,1.19,48.3,2242.0,77.7,2
81.37,975.9,0.0031,0.24,11.7,1.9,0.6,1.226,123.8,1793.0,85.1,1
100.0,1538.5,0.0144,0.0,-6.3,-2.4,-1.3,0.224,271.9,8761.0,85.2,1
41.87,761.8,0.0188,0.168,34.7,22.4,-10.5,2.36,255.7,5741.0,52.7,2
100.0,1639.7,0.0125,0.0,-1.9,0.9,0.3,0.572,75.4,3282.0,62.3,0
100.0,1689.9,0.0072,0.0,4.7,-3.1,1.6,0.535,139.9,5116.0,83.4,1
50.33,951.9,0.0358,0.016,23.1,17.4,-10.9,1.661,82.0,11972.0,94.8,2
97.97,1899.2,0.0297,0.0,5.3,-1.0,-1.0,0.0,163.2,5349.0,86.6,1
61.29,1321.4,0.0111,0.045,22.0,10.5,-4.9,0.843,190.4,1494.0,72.7,2
14.25,332.0,0.0113,0.003,48.6,25.9,-15.0,2.348,284.0,349.0,53.1,2
100.0,1449.8,0.0156,0.0,6.9,2.8,3.4,0.186,122.4,1837.0,44.2,0
100.0,1493.2,0.0281,0.0,0.1,4.0,3.2,0.0,158.2,3155.0,47.1,0
100.0,1709.6,0.0101,0.0,-4.3,-2.5,-0.7,0.0,47.1,11210.0,43.4,0
62.28,923.4,0.002,0.217,26.1,11.6,-6.4,0.0,138.2,8228.0,84.6,2
100.0,1795.9,0.0143,0.0,0.7,-2.0,-1.7,0.0,114.5,1520.0,100.0,1
53.16,825.2,0.0097,0.05,23.5,17.8,-9.0,0.552,34.5,13561.0,82.0,2
88.54,1826.2,0.0001,0.09,15.8,2.1,-2.8,0.305,127.8,1668.0,53.3,0
62.69,1133.7,0.0073,0.08,27.8,11.1,-3.5,0.237,267.0,12115.0,86.7,2
100.0,1754.3,0.0113,0.0,2.6,-2.1,1.0,0.0,142.0,7028.0,74.9,1
85.95,1562.8,0.0019,0.199,8.2,2.1,-5.2,0.0,246.4,2150.0,75.1,1
96.27,1651.0,0.0058,0.0,0.2,-4.7,-1.4,0.117,248.5,9600.0,94.2,1
45.43,625.7,0.0171,0.083,26.8,12.3,-9.6,1.522,94.0,12476.0,93.5,2
80.6,1644.2,0.0017,0.239,17.2,11.3,-1.5,0.19,283.4,6364.0,40.9,0
50.74,1090.9,0.0379,0.031,16.8,11.9,-8.2,1.549,259.2,963.0,62.4,1
100.0,1724.4,0.0004,0.0,7.0,-3.5,0.3,0.139,101.0,99.0,76.9,1
81.65,1395.5,0.0124,0.003,6.8,7.7,0.3,0.0,276.3,2749.0,74.5,1
56.45,902.0,0.062,0.009,24.0,9.5,-7.1,1.695,234.8,951.0,69.8,2
59.57,1003.6,0.0471,0.124,15.9,14.6,-8.9,0.751,286.3,2336.0,87.3,2
35.92,413.9,0.003,0.084,36.5,17.8,-12.5,1.71,76.9,8196.0,40.7,2
82.75,1211.8,0.0032,0.025,12.4,6.2,-5.3,0.0,299.5,12869.0,96.9,1
47.56,1302.9,0.0138,0.031,25.2,15.2,-9.1,1.741,198.9,3698.0,84.0,2
61.52,1237.1,0.0009,0.01,21.7,13.4,-6.3,1.342,156.0,12446.0,50.8,1
32.84,789.0,0.022,0.04,41.0,15.3,-13.3,1.72,60.3,7452.0,75.4,2
61.83,1043.6,0.0007,0.13,19.9,11.4,-8.0,0.704,118.0,5378.0,93.3,2
22.21,161.0,0.0198,0.023,42.3,29.1,-12.7,0.871,101.5,727.0,63.2,2
89.13,1786.9,0.0099,0.359,7.6,-0.9,1.7,0.091,258.1,155.0,65.3,0
93.63,1549.6,0.0003,0.0,3.8,1.6,-2.6,1.316,64.5,12717.0,90.0,1
60.28,1144.9,0.0462,0.08,15.8,18.4,-4.8,1.094,81.1,2850.0,70.0,2
100.0,1577.6,0.0413,0.0,4.4,5.8,-1.3,0.0,89.3,14065.0,59.5,0
87.98,2000.7,0.0151,0.121,7.2,2.2,-5.7,0.702,248.7,1702.0,61.7,0
69.22,1548.5,0.0093,0.197,25.2,2.6,-5.8,0.732,201.4,13550.0,97.4,2
100.0,2077.1,0.0165,0.0,-4.7,-5.4,1.9,0.5,101.7,14541.0,65.8,0
87.99,1488.3,0.0171,0.098,6.7,0.9,-2.2,0.0,295.7,5159.0,78.0,1
100.0,1734.9,0.0753,0.0,6.3,3.1,3.5,1.129,241.5,14281.0,63.4,1
97.19,2037.4,0.0286,0.0,2.8,-1.5,-0.8,0.0,269.7,3112.0,79.1,1
67.1,1088.9,0.0181,0.371,17.1,7.3,-5.6,0.0,205.8,9285.0,42.4,1
68.54,1457.6,0.0178,0.03,27.0,11.0,-8.7,0.639,271.4,5772.0,83.6,2
86.27,1370.5,0.0171,0.064,9.8,3.8,1.5,0.038,143.9,6586.0,74.6,1
100.0,1399.1,0.0001,0.0,-4.5,1.3,1.4,0.0,61.9,204.0,96.2,1
90.0,1456.4,0.0204,0.015,2.7,0.7,-2.4,0.938,274.3,11519.0,66.9,0
100.0,1567.2,0.0232,0.0,-3.0,-0.5,1.6,0.0,217.8,9085.0,57.0,0
77.48,1626.0,0.0222,0.093,8.6,13.3,-5.5,0.894,251.5,9200.0,74.3,1
36.75,902.7,0.0283,0.046,30.5,22.4,-9.3,2.216,262.9,10080.0,89.2,2
57.36,892.7,0.0134,0.062,19.3,13.5,-12.9,1.18,296.0,8336.0,59.8,1
100.0,1900.9,0.0244,0.0,-3.6,2.3,3.6,0.0,89.0,3379.0,76.2,1
66.72,1029.2,0.0271,0.218,10.6,9.9,-5.8,0.607,163.1,12848.0,80.9,2
85.18,1678.8,0.0386,0.013,2.5,2.1,-3.6,2.016,217.2,5139.0,77.4,1
82.36,1692.5,0.0171,0.184,14.8,1.8,-5.3,0.0,71.2,10153.0,66.7,0
100.0,1857.3,0.0242,0.0,-1.0,2.8,0.8,0.945,143.6,4778.0,69.0,0
96.6,1653.2,0.0008,0.0,-0.1,4.3,-2.3,0.677,247.0,10712.0,60.2,0
88.03,1687.9,0.0008,0.085,9.2,5.6,-4.7,0.279,158.9,12009.0,57.2,0
79.79,935.1,0.0395,0.021,8.4,8.4,-6.1,0.696,89.8,13150.0,98.7,1
100.0,2101.3,0.0446,0.0,0.3,-5.4,-1.7,0.0,47.7,7467.0,95.5,1
87.92,1717.3,0.0279,0.317,-9.8,8.2,0.5,0.677,166.2,1336.0,81.1,1
84.05,1561.8,0.0034,0.004,10.5,2.7,-3.0,0.0,231.3,10830.0,81.5,1
100.0,1992.1,0.002,0.0,-3.2,1.0,2.2,0.0,239.1,1393.0,53.3,0
48.48,767.5,0.0009,0.038,20.8,16.0,-9.7,0.897,188.9,10883.0,90.6,2
30.03,633.9,0.0024,0.034,32.2,20.5,-12.8,2.143,222.6,5347.0,82.4,2
100.0,1670.6,0.0267,0.0,-1.8,1.2,-0.5,0.131,298.4,9693.0,93.8,1
100.0,1878.0,0.0121,0.0,-3.3,-3.6,1.8,0.0,198.2,11524.0,60.7,0
43.3,880.4,0.0148,0.067,29.6,18.1,-10.0,2.136,216.8,6447.0,50.7,2
100.0,1808.2,0.1051,0.0,5.0,-2.2,-0.1,0.0,48.3,13641.0,42.7,1
75.38,1260.9,0.0128,0.018,11.1,-1.9,-2.1,0.638,219.0,12417.0,66.8,0
61.09,1028.5,0.0357,0.062,29.6,12.9,-7.3,1.416,200.6,11082.0,64.4,1
73.14,1122.9,0.0284,0.093,14.3,3.0,-5.7,0.387,249.8,14662.0,96.4,2
67.55,925.0,0.0493,0.025,9.4,10.6,-6.9,0.461,34.7,7840.0,62.0,1
28.25,738.5,0.0141,0.077,33.6,20.1,-15.5,1.529,127.5,4000.0,79.8,2
93.36,2221.7,0.0101,0.0,9.5,-3.3,-5.1,0.017,121.2,2844.0,79.8,1
62.41,1232.2,0.0159,0.041,23.8,19.4,-4.2,1.874,130.2,3573.0,51.8,1
100.0,2071.5,0.0337,0.0,-3.7,-1.5,-0.8,0.381,163.4,13052.0,82.4,1
54.64,1078.5,0.0524,0.356,29.7,15.1,-9.3,1.063,219.4,6693.0,60.9,1
100.0,1782.9,0.0034,0.0,2.4,4.2,0.1,0.473,173.2,7240.0,47.5,0
7.33,133.9,0.0653,0.17,52.0,35.5,-16.6,1.936,67.5,6901.0,97.7,2
67.41,1458.9,0.0234,0.112,15.7,4.5,-10.0,1.197,298.7,8438.0,97.9,2
58.82,1352.3,0.0114,0.217,23.5,12.4,-7.4,0.77,141.6,7907.0,78.2,2
92.96,1606.7,0.0107,0.0,5.0,-3.2,-4.6,0.243,244.9,10510.0,81.3,1
100.0,1602.2,0.0242,0.0,8.3,3.6,2.4,0.0,50.5,7945.0,54.8,0
69.56,1036.5,0.0009,0.038,25.4,9.4,-10.6,0.0,268.7,10852.0,55.5,1
80.29,1728.5,0.0106,0.085,17.1,5.9,-2.7,0.307,266.0,1452.0,63.8,0
88.02,1680.8,0.0063,0.113,6.6,5.2,-2.7,0.825,290.9,8251.0,48.6,0
28.31,453.6,0.0124,0.048,41.0,21.5,-14.3,1.78,100.8,101.0,76.6,2
98.36,1774.3,0.0116,0.0,-0.2,2.4,-0.9,0.193,37.6,9628.0,72.8,1
100.0,1540.9,0.0238,0.0,2.2,3.5,-3.3,0.0,236.8,5897.0,99.0,1
55.29,865.9,0.0418,0.018,16.1,12.7,-7.8,0.759,232.0,2351.0,47.3,1
72.24,1386.3,0.0239,0.03,15.0,7.2,-4.9,0.63,39.0,13097.0,77.2,2
68.37,878.5,0.0033,0.166,16.5,11.8,-7.6,0.637,198.4,3253.0,66.7,2
52.33,755.4,0.0279,0.089,22.1,13.8,-7.8,1.943,280.6,286.0,92.8,2
90.04,1438.9,0.0593,0.0,7.9,4.5,-4.7,0.65,206.5,78.0,53.7,1
100.0,1515.1,0.0182,0.0,-7.9,3.9,2.9,0.489,267.2,7026.0,54.4,0
80.41,1429.0,0.0064,0.208,22.1,5.6,-3.2,0.485,52.7,6820.0,56.8,0
11.51,364.5,0.0028,0.15,46.6,31.0,-17.5,2.406,240.6,9418.0,71.7,2
98.97,1795.2,0.0098,0.0,4.5,-1.7,-3.7,0.323,97.4,13716.0,79.8,1
100.0,1954.9,0.0145,0.0,-10.5,-0.5,-3.7,0.0,53.4,367.0,98.7,1
72.3,1298.0,0.0089,0.19,5.5,4.2,-4.0,0.559,85.3,12420.0,62.0,1
10.78,297.6,0.0217,0.113,47.9,32.4,-17.5,2.148,140.0,8084.0,61.1,2
82.68,1802.0,0.0416,0.053,5.2,3.0,-1.2,0.0,44.1,3806.0,41.5,0
85.46,1378.1,0.0384,0.068,6.8,-2.0,-3.8,0.0,220.9,1949.0,89.1,1
100.0,1872.1,0.0163,0.0,-2.5,1.0,0.7,0.576,246.0,5023.0,85.4,1
62.9,1060.5,0.061,0.425,15.7,9.2,-6.6,0.459,247.9,4500.0,50.9,1
81.89,1824.4,0.0094,0.082,8.9,5.5,-5.1,1.211,34.0,11707.0,86.9,1
52.81,1143.9,0.0053,0.116,28.9,12.7,-11.5,1.017,176.5,12248.0,86.9,2
43.09,564.8,0.0048,0.249,36.1,18.6,-8.1,1.436,139.5,3406.0,45.4,2
49.25,1134.9,0.0014,0.065,20.9,13.4,-12.7,1.449,222.6,3500.0,48.0,2
16.09,0.0,0.0241,0.074,35.1,24.9,-17.1,1.543,242.3,5277.0,85.2,3
20.42,390.6,0.0448,0.027,42.2,22.8,-14.2,1.866,177.9,2054.0,97.7,2
100.0,1797.0,0.0739,0.0,-7.2,1.9,-1.8,1.174,272.3,5766.0,98.4,2
99.61,2212.8,0.0351,0.0,9.7,-5.4,-3.0,0.164,89.4,12004.0,98.0,1
100.0,2044.0,0.0307,0.0,-4.3,3.2,0.9,0.294,224.2,5728.0,72.2,1
87.42,1595.9,0.0169,0.009,1.8,5.8,-2.2,0.0,118.4,2402.0,44.0,0
82.46,1413.3,0.0193,0.028,14.7,7.7,-3.3,0.814,227.2,14458.0,79.9,1
86.53,1546.6,0.0066,0.058,16.8,8.9,-4.7,0.625,96.7,14963.0,88.3,1
71.24,1184.7,0.0212,0.024,24.3,12.1,-5.0,0.913,152.3,13225.0,54.5,1
100.0,1947.3,0.0198,0.0,2.3,3.0,-0.0,0.0,206.5,14801.0,75.1,1
72.96,1263.5,0.0227,0.173,13.1,13.2,-5.5,0.709,293.6,9040.0,41.0,1
73.9,1341.1,0.0281,0.009,18.3,9.2,-1.1,0.436,102.9,6396.0,54.8,1
100.0,1857.6,0.01,0.0,3.8,-1.5,-0.6,0.0,175.3,2866.0,48.2,0
73.49,913.5,0.038,0.384,14.0,5.2,-4.5,0.629,190.4,14197.0,85.8,2
72.86,1382.0,0.0044,0.015,25.7,10.4,-3.0,0.536,231.9,12370.0,52.0,1
100.0,1674.6,0.0347,0.0,1.5,0.6,-1.4,0.202,298.6,1245.0,63.8,0
100.0,1571.1,0.0114,0.0,-0.8,-6.4,1.6,0.0,255.0,5921.0,65.2,0
71.64,1673.8,0.0011,0.058,23.4,5.8,-5.0,0.979,106.5,2441.0,91.0,2
100.0,1835.4,0.0203,0.0,2.0,2.0,2.3,0.0,196.1,13202.0,47.9,0
70.12,1117.7,0.0167,0.012,17.1,12.0,-2.4,0.893,258.1,5844.0,68.0,2
44.62,764.0,0.0309,0.126,36.4,22.1,-11.7,2.447,55.7,1997.0,74.6,2
73.01,1312.7,0.0199,0.192,11.4,6.4,-7.6,0.309,94.9,7201.0,40.4,1
46.56,1156.9,0.077,0.017,33.7,22.1,-7.8,1.212,273.4,6709.0,86.9,2
84.26,1529.7,0.0296,0.188,9.4,6.9,-2.9,0.955,296.7,2199.0,53.6,0
81.28,1057.4,0.0065,0.049,11.0,7.7,-3.8,0.018,297.6,2248.0,50.4,0
86.98,1457.0,0.0426,0.019,5.4,5.7,-2.8,0.0,204.7,7208.0,98.3,1
81.49,1710.4,0.0075,0.069,12.1,7.9,-0.5,0.291,159.1,8502.0,45.1,0
95.0,1840.5,0.0194,0.0,3.5,0.3,-2.1,0.0,240.0,8942.0,52.6,0
80.97,1507.0,0.0873,0.111,5.0,10.3,-4.7,0.88,67.0,8845.0,93.9,2
71.38,1216.8,0.0019,0.048,16.9,7.3,-7.8,0.017,122.7,13135.0,72.0,2
84.66,1003.6,0.016,0.209,5.1,5.4,-0.7,0.052,111.7,4885.0,95.0,1
92.53,1755.4,0.1129,0.0,7.3,2.6,-0.8,0.776,279.5,9587.0,83.7,2
10.36,144.1,0.0344,0.005,49.7,26.2,-17.0,1.998,57.7,3605.0,70.5,2
57.87,1153.2,0.0448,0.228,29.6,15.9,-10.7,1.016,70.5,10797.0,82.5,2
54.99,727.2,0.0633,0.157,24.1,10.8,-5.9,1.215,48.7,11203.0,47.3,1
84.09,1604.2,0.0353,0.031,6.8,3.9,1.5,0.554,45.7,14695.0,66.9,0
73.6,1550.9,0.0414,0.321,10.8,2.7,-3.9,0.533,233.2,12551.0,77.2,2
86.76,1303.5,0.0053,0.214,15.0,1.4,-5.0,0.124,218.3,13573.0,59.6,0
73.74,1099.0,0.01,0.133,8.3,2.1,-3.3,0.377,108.7,1813.0,46.4,1
33.22,732.5,0.0185,0.051,32.4,15.6,-13.8,1.721,177.8,12597.0,47.8,2
100.0,1713.2,0.0094,0.0,-0.7,3.5,0.8,0.354,154.4,1196.0,58.1,0
100.0,1905.2,0.0112,0.0,1.3,-2.0,-1.1,0.229,206.4,13229.0,79.2,1
47.09,1094.0,0.0068,0.15,36.0,14.0,-7.0,1.219,163.0,1296.0,69.0,2
100.0,1704.4,0.0015,0.0,-1.8,2.9,-1.3,0.0,247.5,6790.0,69.5,0
53.23,646.2,0.0008,0.1,30.5,15.6,-9.4,1.431,238.4,5895.0,68.0,2
100.0,1928.8,0.017,0.0,4.5,2.6,0.5,0.0,202.5,819.0,70.2,0
61.7,1023.3,0.0065,0.028,22.9,11.2,-6.9,1.526,68.3,14486.0,81.5,2
87.94,1297.1,0.0342,0.008,8.6,1.4,-1.0,0.225,230.8,7451.0,55.5,0
11.81,245.8,0.0136,0.285,52.6,27.0,-14.0,2.327,260.6,9799.0,76.1,2
66.08,1191.5,0.0415,0.14,28.4,8.9,-3.8,0.781,165.1,6386.0,65.8,2
58.36,1171.7,0.0249,0.051,22.8,10.4,-8.1,1.014,106.1,3419.0,93.2,2
61.1,1095.9,0.003,0.053,30.8,11.0,-4.6,0.305,260.8,4885.0,80.8,2
44.98,800.0,0.0131,0.008,30.1,10.9,-10.8,1.874,223.0,5476.0,78.8,2
61.71,1263.7,0.0382,0.013,18.0,9.2,-6.0,1.752,153.2,9178.0,73.4,2
100.0,1791.6,0.03,0.0,-2.5,1.9,-0.6,0.0,126.7,7149.0,88.2,1
88.44,1303.1,0.0136,0.127,5.6,6.9,-0.8,0.201,43.5,2041.0,93.5,1
85.01,1377.4,0.0278,0.046,14.8,2.3,-0.9,0.737,101.1,1854.0,67.3,0
46.49,715.0,0.0493,0.044,36.2,13.0,-9.4,1.881,220.7,6390.0,54.1,2
82.99,1642.7,0.0236,0.127,14.5,4.0,-3.5,1.381,88.4,11444.0,56.3,0
37.98,668.0,0.003,0.098,26.3,18.8,-9.8,1.211,171.8,11711.0,68.4,2
69.15,1428.8,0.0029,0.146,20.3,5.1,-6.9,0.466,119.1,12407.0,80.0,2
97.67,1958.2,0.0573,0.0,2.3,-2.2,-1.5,0.0,110.8,10219.0,90.5,2
68.92,847.0,0.0056,0.223,19.2,9.4,-6.1,0.773,241.5,4624.0,87.2,2
89.83,1481.5,0.0534,0.058,4.8,4.6,-1.9,0.721,208.1,12227.0,46.2,1
100.0,1517.3,0.0043,0.0,7.7,1.3,3.8,0.887,117.1,2091.0,83.6,1
61.28,1645.2,0.0021,0.027,14.2,12.4,-9.3,1.348,204.8,5920.0,94.4,2
29.25,523.2,0.0185,0.144,45.8,22.4,-11.1,1.644,259.9,1442.0,87.1,2
57.25,1294.5,0.0004,0.209,24.8,18.2,-10.8,1.012,203.2,1109.0,78.3,2
100.0,1794.0,0.0146,0.0,0.6,1.8,0.6,0.271,149.9,11220.0,51.9,0
77.42,1613.0,0.007,0.175,10.3,13.6,-1.2,0.635,238.8,1203.0,89.4,1
100.0,1879.2,0.0189,0.0,0.8,-1.5,0.3,0.972,291.7,11073.0,57.3,0
92.43,1519.2,0.0063,0.0,3.2,-0.2,0.3,0.0,86.0,6254.0,55.3,0
94.15,1560.3,0.0168,0.0,4.7,6.4,0.8,0.61,251.8,12539.0,46.1,0
70.96,1417.2,0.0049,0.093,12.0,6.8,-2.4,1.109,33.6,8887.0,74.6,2
100.0,1927.8,0.0067,0.0,-5.5,-0.0,2.8,0.0,141.9,2744.0,46.7,0
76.18,1101.1,0.0638,0.184,5.3,4.3,-3.9,0.0,33.3,7153.0,41.3,1
52.58,882.2,0.0052,0.258,25.5,16.7,-8.3,0.298,79.5,11918.0,93.0,2
88.15,1476.7,0.0184,0.008,10.0,0.8,-1.1,0.0,131.1,10146.0,99.0,1
74.69,1457.7,0.0966,0.031,16.3,11.5,-7.0,0.64,296.1,9128.0,96.7,2
98.4,1792.8,0.0027,0.0,-4.0,0.4,-1.1,0.0,274.6,2481.0,51.0,0
80.36,1373.5,0.0177,0.096,15.5,8.1,-5.1,0.832,175.6,1941.0,90.2,1
71.67,1419.3,0.0353,0.012,19.3,8.7,-6.3,0.829,157.2,1410.0,96.5,2
41.76,951.6,0.0832,0.044,28.4,16.2,-11.1,1.838,80.7,7329.0,62.0,2
41.4,681.4,0.0109,0.001,34.1,15.8,-9.4,1.266,59.4,1276.0,59.6,2
51.47,1180.6,0.0121,0.032,29.7,13.1,-8.2,1.287,96.7,10993.0,69.2,2
52.89,778.7,0.0304,0.123,19.4,11.1,-12.8,1.633,37.6,10257.0,72.3,2
100.0,1492.1,0.0021,0.0,-7.8,2.8,-0.2,0.0,278.8,5552.0,81.4,1
88.24,1466.4,0.0105,0.076,6.9,5.3,-0.9,0.0,208.7,7205.0,80.9,1
52.89,1349.9,0.0083,0.026,26.5,15.2,-5.5,1.057,157.0,9515.0,49.4,1
100.0,1772.4,0.0083,0.0,-0.0,-1.6,-0.6,0.074,141.7,12224.0,59.3,0
55.33,1042.8,0.0602,0.111,26.7,8.8,-9.8,1.018,251.1,14332.0,47.3,1
100.0,1653.0,0.0162,0.0,1.1,-0.2,-1.0,0.0,220.2,8343.0,88.0,1
18.92,531.7,0.0103,0.251,49.6,26.0,-14.4,1.173,246.2,13859.0,85.6,2
100.0,2198.9,0.0092,0.0,-2.7,3.6,-1.2,0.0,226.0,337.0,71.1,0
74.65,1025.2,0.0389,0.207,13.3,5.0,-2.5,0.719,261.4,12995.0,79.3,2
80.08,1335.7,0.043,0.028,8.2,1.0,-7.3,0.0,220.2,6154.0,54.6,0
100.0,1892.7,0.0187,0.0,6.1,4.8,-2.5,0.242,145.0,14838.0,95.5,1
64.04,1068.2,0.0478,0.21,7.8,10.8,-9.0,0.829,104.0,13266.0,91.7,2
75.3,1524.9,0.0612,0.02,8.6,9.2,-7.5,0.889,73.7,7640.0,42.9,1
100.0,1635.8,0.0377,0.0,1.5,-0.9,1.4,0.165,282.2,817.0,92.9,1
54.72,814.5,0.0051,0.044,13.8,11.2,-9.3,0.413,49.5,13022.0,53.9,1
67.69,942.7,0.0267,0.238,25.1,14.9,-6.8,0.247,109.4,1964.0,57.3,1
100.0,1394.6,0.0435,0.0,-1.1,1.6,1.6,0.368,111.9,8053.0,90.2,1
100.0,1625.7,0.0057,0.0,-3.8,-1.1,-0.4,0.0,52.6,10314.0,90.4,1
100.0,1781.2,0.0275,0.0,2.1,-7.4,-0.7,0.0,161.9,9000.0,52.6,0
85.5,1618.8,0.0063,0.017,6.8,-3.0,-4.8,0.0,220.6,11066.0,52.6,0
61.41,1239.6,0.0189,0.035,26.8,18.4,-5.6,1.201,262.3,8349.0,78.8,2
100.0,1885.3,0.0435,0.0,-4.6,1.9,-1.3,0.07,177.4,13767.0,71.1,0
90.88,1608.8,0.0184,0.0,8.3,6.7,-0.3,0.494,111.7,8232.0,95.3,1
69.1,1333.9,0.0536,0.048,18.0,9.7,-6.5,1.729,278.3,2211.0,56.6,1
87.19,1454.1,0.0196,0.164,7.6,8.5,-1.1,0.832,218.6,11786.0,81.7,1
85.46,1561.9,0.0054,0.28,6.7,1.9,-4.2,0.216,170.3,6302.0,97.3,1
100.0,1601.2,0.0071,0.0,2.6,-2.3,-3.1,0.0,89.0,13907.0,73.7,1
49.02,958.3,0.0054,0.075,25.6,16.8,-10.2,1.234,151.7,4433.0,72.3,2
65.15,1148.8,0.0316,0.02,18.8,7.8,-6.1,1.206,70.6,29.0,60.1,1
74.23,896.8,0.0494,0.097,2.4,4.4,-5.2,0.0,122.0,1268.0,87.6,2
49.13,966.6,0.0093,0.072,29.7,15.1,-7.5,1.341,78.7,305.0,58.7,2
82.63,1754.5,0.0469,0.193,9.6,4.8,-3.7,0.077,247.7,1772.0,51.1,0
100.0,1877.6,0.0545,0.0,0.1,-3.0,-0.7,0.0,150.3,13517.0,67.0,2
28.04,475.6,0.0067,0.001,39.1,26.9,-10.0,2.265,172.7,8510.0,81.4,2
100.0,1617.9,0.0052,0.0,-4.5,-3.8,0.7,0.077,154.6,14600.0,74.7,1
77.83,1320.8,0.013,0.116,9.2,8.2,-5.3,0.71,62.5,1334.0,41.4,0
18.29,234.0,0.0012,0.094,50.7,23.3,-18.9,2.215,157.8,12385.0,47.2,2
71.75,1432.0,0.0116,0.135,15.3,7.0,-5.7,1.02,146.6,3843.0,69.5,2
99.4,1725.2,0.046,0.0,4.4,-0.1,-1.7,0.434,47.5,12607.0,89.7,1
53.16,1550.1,0.0248,0.134,34.3,13.7,-8.0,1.335,214.2,5428.0,52.7,1
31.47,883.2,0.0174,0.026,35.1,27.3,-13.8,1.354,285.7,5510.0,92.3,2
48.03,842.4,0.0008,0.121,38.7,10.1,-7.4,0.781,198.0,10229.0,68.7,2
46.34,358.5,0.0641,0.171,29.2,13.0,-7.3,1.284,215.1,10055.0,88.6,2
68.44,1273.9,0.0061,0.122,18.2,8.4,-4.7,1.239,46.3,13055.0,90.3,2
30.85,748.3,0.0123,0.008,45.2,21.3,-12.5,1.679,261.9,5090.0,43.4,2
14.74,442.2,0.0014,0.019,51.0,25.7,-16.9,1.551,171.8,9005.0,48.0,2
92.73,1683.7,0.0048,0.0,7.5,0.0,-4.7,0.0,194.4,3920.0,45.1,0
61.12,1197.2,0.0059,0.061,15.6,5.7,-2.5,1.039,221.4,4010.0,51.8,1
100.0,1760.1,0.0038,0.0,5.9,1.6,-4.3,0.0,68.4,1811.0,59.1,0
55.05,863.4,0.0031,0.013,28.7,15.1,-6.8,1.089,60.8,11412.0,77.9,2
79.01,1517.6,0.0207,0.003,13.3,8.4,-5.3,1.116,183.8,8735.0,83.0,1
75.0,1218.1,0.0087,0.108,14.1,13.4,-2.9,0.511,113.7,8347.0,82.7,1
42.98,900.9,0.0301,0.134,36.9,18.0,-14.9,0.534,31.0,1528.0,87.2,2
100.0,2027.0,0.0006,0.0,2.2,0.6,-2.9,0.373,110.1,6801.0,68.5,0
100.0,2059.5,0.0362,0.0,5.1,-4.8,0.8,0.323,191.4,6812.0,50.3,0
25.16,564.6,0.0321,0.173,48.9,19.8,-10.5,2.278,157.1,10646.0,54.3,2
88.57,1662.5,0.0205,0.034,4.3,7.1,1.4,0.0,70.9,3085.0,87.3,1
39.42,882.6,0.0096,0.028,28.3,20.6,-11.7,1.965,34.1,8462.0,79.4,2
47.77,1219.5,0.001,0.098,26.7,15.7,-7.4,0.859,236.7,11854.0,50.5,2
100.0,2118.0,0.0303,0.0,7.2,3.8,1.4,0.388,203.9,55.0,44.8,0
96.79,1877.6,0.0057,0.0,1.5,1.6,-0.8,0.061,213.8,3740.0,86.0,1
62.41,1272.1,0.008,0.016,25.2,12.0,-7.8,0.467,51.9,1212.0,43.1,1
87.11,1572.5,0.0219,0.043,13.3,1.4,-2.1,0.824,94.4,459.0,58.5,0
39.81,1065.0,0.0013,0.248,26.0,14.6,-10.9,2.451,237.5,4462.0,58.5,2
100.0,1711.7,0.0339,0.0,-2.0,-2.1,-0.2,0.0,136.0,12363.0,42.6,0
62.04,971.9,0.0025,0.06,18.3,10.1,-10.1,0.998,177.4,8884.0,48.2,1
56.78,1030.2,0.0048,0.109,19.3,7.8,-5.5,1.729,282.8,8842.0,59.1,1
92.21,1495.3,0.0375,0.0,3.4,2.6,-0.7,0.194,261.2,893.0,90.7,1
74.87,1304.2,0.0152,0.072,8.8,14.9,-7.8,0.764,45.0,14740.0,92.9,2
100.0,1847.9,0.014,0.0,5.2,4.6,0.0,0.199,288.9,10737.0,87.1,1
17.68,289.6,0.0029,0.236,40.3,28.2,-12.1,1.748,110.3,5951.0,73.0,2
64.0,1076.3,0.0077,0.202,17.3,11.2,-3.4,0.303,33.5,11321.0,50.8,1
86.35,1530.9,0.0307,0.391,8.0,8.5,-5.1,0.0,278.6,13845.0,84.5,1
89.56,1425.7,0.0608,0.1,2.5,5.5,-2.3,0.491,46.2,11708.0,55.0,1
72.34,1055.5,0.0076,0.008,12.6,6.8,-3.4,1.547,256.4,569.0,56.9,1
79.17,1160.1,0.0254,0.189,11.7,4.4,-5.2,0.505,260.5,2232.0,56.9,0
48.92,720.2,0.0146,0.046,28.5,17.9,-12.3,1.654,191.0,4803.0,91.7,2
37.92,800.7,0.0124,0.338,30.8,17.5,-12.6,1.585,274.6,11457.0,84.2,2
100.0,1886.2,0.0332,0.0,-3.0,-7.9,1.2,0.398,122.2,6366.0,61.9,0
95.56,2014.4,0.0069,0.0,9.2,5.4,-3.2,0.471,270.8,6662.0,46.1,0
100.0,1691.2,0.0525,0.0,-7.2,1.4,-1.5,0.0,248.8,12917.0,87.1,2
66.63,1329.1,0.0122,0.215,17.7,8.2,-4.9,0.528,296.2,3970.0,94.7,2
95.32,1917.1,0.0087,0.0,2.8,-0.4,-2.6,0.0,280.4,202.0,53.1,0
100.0,1818.9,0.0126,0.0,-1.3,-2.4,0.9,0.264,126.9,6293.0,69.0,0
96.94,1523.0,0.0125,0.0,7.7,-5.6,-0.7,0.15,171.9,14296.0,62.0,0
62.38,1299.2,0.0293,0.01,16.6,11.0,-2.5,0.562,274.5,7548.0,90.9,2
63.72,1336.8,0.0158,0.054,18.3,10.7,-7.2,1.92,192.2,5079.0,75.6,2
97.2,1521.4,0.0109,0.0,1.9,2.1,0.4,0.06,285.7,11873.0,61.3,0
55.33,797.5,0.002,0.052,14.5,12.0,-5.0,1.037,169.8,11356.0,44.6,1
45.09,897.4,0.0344,0.165,26.4,21.1,-11.3,1.022,44.8,12653.0,53.5,2
100.0,1971.1,0.0042,0.0,-8.5,0.7,-1.0,1.005,135.5,13196.0,46.6,0
88.0,1735.6,0.0142,0.013,5.2,1.6,-1.5,0.376,203.3,10973.0,64.2,0
43.78,1066.9,0.013,0.038,32.2,17.3,-8.6,0.336,43.7,9405.0,72.1,2
79.27,939.3,0.0012,0.075,16.9,6.4,-6.3,1.0,251.1,14579.0,69.4,0
63.6,1085.2,0.0016,0.127,24.6,5.6,-4.3,0.998,211.9,751.0,80.9,2
31.05,382.7,0.0108,0.006,29.8,24.4,-15.0,1.703,244.2,13154.0,42.6,2
71.28,1319.1,0.0026,0.141,19.1,15.4,-4.6,1.292,284.0,6338.0,95.0,2
46.13,727.8,0.0256,0.036,36.3,16.1,-8.6,1.618,192.6,14020.0,54.4,2
75.42,1336.8,0.0199,0.163,14.2,13.6,-4.0,1.131,103.7,4095.0,59.5,0
100.0,1747.2,0.0241,0.0,-0.0,-1.2,2.4,0.943,267.7,4625.0,79.7,1
83.26,1323.0,0.0088,0.015,11.2,-0.4,-3.9,0.05,232.6,4299.0,59.6,0
65.12,1330.4,0.0349,0.105,10.6,11.9,-4.1,1.49,248.6,799.0,90.2,2
42.3,697.4,0.0126,0.026,25.0,19.2,-6.5,2.358,129.6,11902.0,41.8,2
100.0,1338.5,0.0043,0.0,6.3,1.1,-1.1,0.033,95.6,7244.0,60.9,0
100.0,1659.8,0.0353,0.0,-3.2,-2.7,-1.2,0.0,265.0,8441.0,41.1,0
55.65,871.3,0.0454,0.363,29.3,10.6,-9.0,0.727,226.5,5237.0,82.3,2
90.61,1862.7,0.0697,0.0,0.4,2.7,-3.0,0.0,155.2,3983.0,89.8,2
91.29,1652.6,0.015,0.0,7.0,2.1,-0.2,0.2,186.5,5730.0,80.2,1
54.1,890.0,0.0003,0.066,18.2,13.7,-9.4,1.998,169.8,14034.0,81.3,2
40.42,1133.0,0.0392,0.191,35.5,18.7,-8.3,1.988,230.3,4378.0,75.2,2
76.92,1455.3,0.0577,0.033,13.6,5.0,-3.5,0.0,235.5,4232.0,56.2,1
79.38,1469.0,0.0104,0.13,10.3,3.2,-2.9,1.495,188.3,3124.0,95.4,1
100.0,1607.9,0.0299,0.0,-1.8,-3.8,-2.6,0.284,120.8,3891.0,81.3,1
12.48,0.0,0.0123,0.044,45.9,25.7,-14.8,2.917,41.4,5038.0,99.2,3
100.0,2176.8,0.0266,0.0,-2.5,0.8,1.2,0.0,221.2,5738.0,56.0,0
50.7,564.3,0.0241,0.079,18.1,13.0,-6.3,1.499,284.9,10057.0,77.1,2
67.48,1233.6,0.0002,0.111,25.3,11.5,-5.2,0.77,201.1,642.0,66.9,2
69.75,1155.6,0.0578,0.216,15.0,14.6,-3.5,0.689,208.7,5869.0,64.0,1
100.0,1456.0,0.0342,0.0,5.2,6.6,-0.5,0.069,51.6,12428.0,77.0,1
91.98,1347.0,0.0079,0.0,8.5,3.9,1.1,0.432,175.1,1037.0,89.3,1
70.0,1247.1,0.0037,0.037,9.1,8.2,-5.5,0.807,97.8,1475.0,95.5,2
92.47,2023.1,0.0164,0.0,4.4,1.5,-1.8,0.0,125.1,4297.0,62.4,0
56.46,1028.6,0.0317,0.078,21.4,14.2,-7.0,1.571,61.0,6202.0,79.5,2
70.09,1691.9,0.0244,0.134,12.2,8.4,-4.6,0.795,213.7,6824.0,83.5,2
46.23,1268.8,0.0175,0.209,28.9,9.4,-7.0,1.385,125.5,13454.0,81.9,2
92.44,1890.9,0.0161,0.0,7.4,0.7,0.2,0.0,113.3,3084.0,60.0,0
100.0,1509.4,0.0022,0.0,-3.1,-7.4,-2.4,0.0,213.0,4237.0,41.3,0
56.64,781.0,0.0012,0.098,26.9,7.7,-8.9,2.098,245.2,4089.0,97.2,2
100.0,2106.5,0.0557,0.0,-5.3,0.8,0.7,0.241,80.0,13427.0,43.8,1
100.0,1942.1,0.0188,0.0,-3.0,-1.4,3.4,0.0,287.1,12923.0,47.9,0
87.74,1199.4,0.051,0.022,7.6,1.1,-1.8,0.287,104.5,8667.0,96.2,2
55.02,867.1,0.004,0.018,23.9,21.9,-9.1,1.82,96.5,4285.0,91.4,2
100.0,1926.7,0.0005,0.0,0.1,-1.5,1.8,0.0,104.9,14635.0,85.8,1
100.0,1893.5,0.0377,0.0,-5.7,-1.7,4.7,0.0,39.0,13601.0,95.0,1
74.35,1678.5,0.0215,0.13,18.6,12.5,-3.7,0.979,56.8,10713.0,73.2,2
53.8,1013.5,0.0686,0.222,23.8,12.2,-6.5,0.676,85.1,14235.0,46.0,1
100.0,1578.4,0.0459,0.0,1.7,-4.7,-2.6,0.0,292.8,8744.0,60.2,0
74.13,1342.4,0.0741,0.083,20.9,10.1,-5.5,0.204,215.5,10862.0,50.8,1
77.64,1578.4,0.0371,0.027,7.6,8.3,-6.2,0.86,92.6,10305.0,82.9,1
100.0,1313.2,0.0095,0.0,-4.0,-0.4,0.8,0.164,219.0,14668.0,80.4,1
100.0,1776.5,0.0247,0.0,-2.9,3.9,3.5,0.502,252.7,2662.0,76.9,1
75.0,1354.0,0.0016,0.234,14.6,2.9,-7.0,0.659,129.7,7182.0,70.0,0
27.43,0.0,0.0394,0.326,47.5,17.0,-16.1,2.195,238.7,8521.0,50.5,3
100.0,1635.6,0.0457,0.0,10.1,0.4,-0.1,0.0,116.2,14208.0,67.3,0
30.67,243.4,0.0077,0.046,41.5,19.8,-13.1,2.117,259.7,12673.0,50.3,2
71.55,1205.2,0.021,0.12,14.9,8.3,-7.0,0.0,123.9,5551.0,55.6,1
100.0,1701.3,0.0047,0.0,8.1,-3.2,0.1,0.845,296.0,8936.0,97.6,1
82.16,1518.1,0.0281,0.081,11.6,3.1,-3.6,0.502,203.1,5897.0,44.7,0
86.1,1572.1,0.0018,0.062,8.0,1.3,0.0,0.302,246.5,6206.0,41.5,0
100.0,1978.9,0.0233,0.0,4.7,0.7,-2.3,0.445,239.2,6115.0,70.4,0
93.31,1754.9,0.0058,0.0,3.6,0.9,0.4,0.0,157.2,1686.0,95.6,1
70.01,1162.1,0.0155,0.121,25.6,8.2,-5.0,0.004,108.1,7732.0,94.2,2
78.16,1228.5,0.0278,0.048,17.7,9.4,-4.2,0.0,191.8,3512.0,90.4,1
48.57,1084.0,0.0156,0.078,30.9,14.9,-9.4,1.514,275.3,1934.0,62.1,2
80.74,1183.9,0.0597,0.079,6.4,3.5,-2.0,0.667,73.6,13702.0,60.9,1
89.71,1563.5,0.0112,0.075,3.1,-1.1,-1.6,0.761,193.4,4618.0,61.0,0
80.01,1635.5,0.0025,0.044,15.6,1.9,-2.8,0.61,54.7,1833.0,41.1,0
62.89,1677.6,0.0081,0.078,17.8,8.3,-7.1,0.985,132.1,13884.0,93.8,2
12.93,52.7,0.0375,0.048,43.6,28.3,-16.9,2.059,295.5,8105.0,98.1,2
65.67,1311.2,0.0099,0.019,16.6,15.0,-4.8,0.98,152.9,13142.0,50.8,1
87.87,1341.8,0.0207,0.454,9.5,5.4,0.4,0.136,75.2,11954.0,95.1,1
100.0,1785.1,0.008,0.0,-0.0,0.8,2.0,0.96,85.3,9248.0,96.2,1
76.77,1357.5,0.0311,0.135,15.9,7.2,-4.7,0.644,37.8,2769.0,80.3,1
45.35,908.7,0.0325,0.015,33.2,18.3,-5.9,1.249,182.0,6466.0,41.5,2
79.86,1635.1,0.0225,0.05,9.9,0.5,-2.4,0.0,136.7,13757.0,71.6,1
81.42,1473.0,0.0277,0.039,23.3,4.5,-5.8,0.0,172.0,2076.0,77.5,1
39.39,800.4,0.0017,0.049,35.4,10.3,-12.4,1.817,128.6,7263.0,60.3,2
57.95,1133.7,0.0036,0.033,24.2,9.2,-9.1,2.209,51.6,708.0,61.8,1
48.22,1226.4,0.0254,0.01,30.0,10.1,-7.3,0.175,60.5,1627.0,80.4,2
35.48,530.2,0.007,0.013,31.5,17.4,-10.3,1.754,93.7,2012.0,87.7,2
78.95,1322.8,0.0203,0.074,9.9,9.5,-1.8,0.378,244.0,287.0,65.8,0
57.45,1033.7,0.0344,0.086,25.5,13.2,-8.0,1.664,112.2,6691.0,56.9,1
60.0,1162.2,0.005,0.036,20.7,8.1,-8.3,1.354,196.6,10185.0,61.7,1
82.09,1154.7,0.0607,0.036,11.4,6.3,-2.0,0.575,158.4,6093.0,42.9,1
100.0,1579.5,0.0127,0.0,-7.7,-5.4,-2.4,0.0,131.4,13792.0,59.5,0
61.33,996.8,0.0089,0.02,22.1,12.0,-7.5,1.968,108.8,12647.0,96.1,2
60.91,986.2,0.0007,0.283,21.7,9.9,-9.2,0.407,235.1,6459.0,98.7,2
55.01,962.7,0.0005,0.3,25.2,18.9,-8.4,0.394,109.5,1991.0,42.6,1
78.73,1260.5,0.0091,0.224,19.7,3.6,-8.9,0.523,148.6,9008.0,91.9,1
92.3,1505.1,0.0229,0.0,3.6,-4.6,-0.3,0.0,256.0,776.0,40.9,0
81.39,1593.9,0.0012,0.352,-4.5,5.9,-2.1,0.364,119.6,8458.0,78.9,1
52.38,1082.3,0.0979,0.091,23.7,16.7,-9.5,1.859,76.6,14056.0,41.4,1
100.0,1860.9,0.0327,0.0,0.4,-2.2,0.3,0.0,56.4,10993.0,70.9,0
56.2,979.6,0.0663,0.084,28.0,15.8,-13.0,0.802,106.7,10534.0,47.0,1
96.92,1552.9,0.0457,0.0,4.1,1.2,-1.3,0.053,89.6,889.0,71.6,1
55.51,1135.6,0.0106,0.024,15.9,13.2,-9.3,1.352,183.5,13626.0,75.9,2
67.19,1231.2,0.072,0.055,22.0,13.2,-5.4,0.678,283.5,12960.0,84.6,2
100.0,1994.5,0.0144,0.0,-2.5,-1.3,-3.3,0.0,77.8,1211.0,56.4,0
96.69,1572.3,0.0151,0.0,-0.7,3.5,-0.4,0.0,132.8,12519.0,54.7,0
100.0,1775.5,0.0131,0.0,1.5,-3.7,1.1,0.0,229.1,13584.0,89.9,1
27.01,633.8,0.0105,0.045,37.9,23.4,-14.0,1.6,208.6,6560.0,75.3,2
95.02,1681.8,0.0116,0.0,-4.9,-3.8,-0.2,0.0,267.0,10915.0,66.2,0
62.72,1004.1,0.01,0.009,24.1,10.2,-5.5,0.938,152.5,14806.0,58.4,1
1.57,0.0,0.0304,0.058,52.9,29.3,-19.4,2.724,46.8,4259.0,41.4,3
100.0,1369.9,0.0225,0.0,-3.1,-2.3,-0.8,0.0,271.0,4624.0,56.0,0
22.47,539.3,0.04,0.081,34.6,24.1,-15.3,2.209,157.3,3421.0,63.7,2
61.55,963.5,0.0055,0.026,26.4,12.2,-9.7,0.974,178.6,4600.0,52.9,1
96.27,1958.4,0.043,0.0,14.0,1.1,0.4,0.0,68.5,1288.0,92.5,1
100.0,1643.0,0.0044,0.0,2.3,-1.2,-0.3,0.133,160.3,14909.0,59.4,0
56.9,1173.0,0.0174,0.351,22.3,14.9,-4.2,1.186,240.8,12419.0,67.1,2
74.15,1234.1,0.0031,0.04,9.4,3.3,-4.8,0.076,215.0,789.0,58.8,1
99.51,2282.7,0.0213,0.0,6.9,1.6,-1.2,0.0,195.8,6434.0,75.8,1
68.94,1410.6,0.0464,0.113,11.2,9.2,-4.2,0.233,245.3,11549.0,88.6,2
74.83,1252.7,0.0151,0.112,16.8,9.1,-7.9,1.362,231.7,7524.0,64.5,1
78.57,1590.6,0.0084,0.277,12.7,7.0,-5.5,0.426,163.2,4005.0,59.3,0
100.0,1515.7,0.0024,0.0,-2.1,-1.6,0.1,0.045,136.3,12319.0,71.8,1
82.43,1602.6,0.0384,0.055,12.8,4.8,-1.1,0.038,278.5,14225.0,59.1,0
88.53,1562.4,0.0304,0.351,10.9,7.9,1.8,0.55,162.7,11037.0,94.3,1
95.62,1738.6,0.001,0.0,1.6,2.5,-2.3,0.0,237.4,11102.0,98.4,1
100.0,1852.5,0.0227,0.0,0.6,-11.4,-1.8,0.354,133.4,533.0,44.7,0
72.04,1178.5,0.0017,0.023,18.5,1.4,-6.5,0.193,123.3,5447.0,74.8,2
68.38,1133.2,0.0003,0.105,8.9,10.5,-0.9,1.328,222.0,6100.0,47.5,1
63.19,1185.6,0.0422,0.196,16.9,5.9,-8.0,1.546,290.1,4218.0,64.8,1
100.0,1740.3,0.0003,0.0,-2.0,0.6,0.1,0.0,104.0,3578.0,57.3,0
83.12,1327.5,0.0215,0.025,12.1,7.3,-1.1,0.925,78.1,7423.0,95.2,1
38.83,410.9,0.0328,0.042,28.0,18.2,-12.5,2.66,242.4,9150.0,82.3,2
30.14,396.8,0.0027,0.047,30.4,21.4,-13.2,0.976,45.0,9692.0,95.7,2
7.39,0.0,0.0212,0.026,57.9,25.6,-17.6,1.901,66.1,2920.0,92.2,3
54.03,628.3,0.006,0.127,23.0,13.6,-9.8,0.282,161.5,14817.0,87.2,2
95.48,2107.6,0.0119,0.0,5.4,0.3,2.6,0.118,100.9,13817.0,59.3,0
65.01,1278.2,0.0146,0.104,18.8,11.3,-4.4,0.328,143.3,9955.0,51.9,1
100.0,1643.5,0.0826,0.0,-0.6,1.9,4.8,0.0,198.8,14985.0,47.4,1
58.2,1214.8,0.0176,0.173,21.7,14.2,-9.4,2.014,125.9,3373.0,68.2,2
100.0,1907.9,0.0056,0.0,5.0,-2.1,0.8,0.311,164.4,1128.0,76.6,1
90.16,1568.1,0.1111,0.0,1.0,7.1,-4.5,0.858,68.3,1567.0,64.6,1
70.74,1140.3,0.0011,0.071,21.9,12.3,-3.0,0.435,271.6,10116.0,69.7,2
66.04,1016.6,0.0013,0.087,19.6,6.1,-6.0,1.421,256.8,9250.0,53.4,1
35.95,514.0,0.0008,0.034,31.7,16.1,-10.0,1.39,183.1,11958.0,57.9,2
73.78,1257.7,0.0321,0.045,15.5,8.2,-5.9,0.382,178.1,3418.0,66.0,2
77.31,1589.4,0.0237,0.082,13.8,10.0,-0.5,0.438,236.2,14604.0,99.3,1
48.04,955.4,0.036,0.14,15.6,16.0,-9.8,1.971,123.0,1677.0,43.3,2
61.1,1633.1,0.0108,0.112,21.1,17.6,-5.5,1.749,111.0,1152.0,91.2,2
76.26,1374.9,0.0189,0.166,9.5,4.3,-6.7,0.696,177.0,9125.0,42.7,0
43.78,792.7,0.0084,0.024,28.3,21.6,-11.4,1.006,269.3,8164.0,54.7,2
83.83,1052.0,0.0141,0.041,13.3,-0.8,-3.5,0.886,98.4,4931.0,60.2,0
68.45,1465.5,0.0037,0.116,18.6,12.3,-5.9,1.273,245.0,5729.0,72.7,2
99.66,1902.2,0.0433,0.0,1.3,1.7,2.9,0.0,99.4,2473.0,56.6,0
47.8,857.6,0.0285,0.067,36.0,11.0,-8.3,0.091,45.7,13657.0,71.3,2
76.84,1334.8,0.0576,0.039,19.6,3.1,-4.6,0.0,170.7,8102.0,46.7,1
65.57,1122.5,0.0049,0.079,9.0,8.1,-6.4,1.095,290.0,2896.0,46.0,1
100.0,1834.5,0.0092,0.0,-6.2,-3.5,-2.1,0.05,238.6,4804.0,74.5,1
100.0,1634.3,0.0357,0.0,4.8,0.2,4.2,0.558,124.3,7013.0,85.3,1
76.08,1349.0,0.0378,0.082,7.2,5.5,-7.5,0.805,267.8,13295.0,66.6,0
54.09,831.5,0.0038,0.036,28.3,17.8,-5.1,0.935,35.3,7769.0,76.6,2
70.25,852.4,0.0493,0.191,20.8,6.8,-5.1,1.676,122.4,5558.0,46.2,1
100.0,1993.4,0.0007,0.0,0.0,-4.4,-1.0,0.015,126.2,7346.0,66.1,0
66.93,1433.8,0.0145,0.048,17.4,10.3,-7.6,0.306,280.4,2921.0,83.8,2
100.0,1309.8,0.0248,0.0,2.6,-2.9,-0.5,0.0,230.1,2463.0,59.0,0
62.0,815.1,0.0161,0.139,18.3,12.1,-7.7,1.103,268.1,10986.0,44.1,1
95.33,1731.3,0.0426,0.0,5.0,4.0,-0.7,0.0,164.0,14061.0,82.5,1
100.0,2067.7,0.0123,0.0,6.1,0.8,0.1,0.036,93.4,13728.0,73.6,1
58.01,1472.0,0.0109,0.146,19.1,10.3,-7.0,0.744,112.1,14120.0,74.9,2
78.21,1380.9,0.0093,0.0,10.9,-1.0,-3.4,0.0,117.5,5518.0,52.4,0
60.97,1102.8,0.0259,0.054,24.5,13.4,-7.3,1.765,251.7,9951.0,81.3,2
60.26,1244.2,0.0402,0.011,24.9,11.3,-8.1,0.782,40.5,11142.0,96.9,2
34.41,678.5,0.0306,0.1,37.0,19.1,-12.9,1.029,265.2,4591.0,62.0,2
100.0,1456.1,0.0176,0.0,-6.2,-3.1,-2.1,0.0,212.4,2506.0,59.6,0
100.0,1796.7,0.0257,0.0,-3.4,-2.4,-1.1,0.426,256.8,2761.0,42.0,0
97.69,1819.4,0.0087,0.0,-3.0,-2.4,0.7,0.494,76.6,6947.0,50.3,0
69.15,956.9,0.0221,0.047,14.7,9.1,-5.6,0.635,157.6,4672.0,44.9,1
100.0,1973.4,0.0146,0.0,-0.6,2.2,-0.4,0.0,252.2,4556.0,54.1,0
45.17,1387.2,0.0428,0.434,33.1,14.4,-10.6,1.568,232.1,7885.0,87.5,2
29.08,402.2,0.0106,0.12,34.2,17.9,-12.1,1.8,80.9,2809.0,97.2,2
95.64,1654.8,0.0014,0.0,1.7,3.1,-0.2,0.0,246.4,14454.0,51.8,0
67.58,1292.8,0.0042,0.029,13.0,10.0,-8.9,1.314,121.6,10611.0,45.0,1
89.39,1666.3,0.0509,0.003,0.2,2.4,1.0,1.33,72.5,1790.0,99.9,2
28.37,280.7,0.0078,0.006,49.1,24.7,-12.8,1.743,168.4,14174.0,63.9,2
81.87,1253.1,0.0121,0.146,12.0,8.4,-6.5,0.305,277.9,3535.0,78.7,1
58.17,827.4,0.0017,0.055,24.5,6.8,-3.6,0.841,47.6,322.0,68.6,2
100.0,1913.5,0.0115,0.0,-2.0,3.1,-1.1,0.0,264.9,10397.0,55.9,0
100.0,2001.5,0.0298,0.0,-2.7,-1.7,-0.7,0.894,120.3,5355.0,42.0,0
53.43,982.3,0.022,0.029,21.9,12.3,-6.8,0.815,141.5,5391.0,48.9,1
97.83,1635.6,0.033,0.0,1.1,3.9,-1.9,0.0,110.1,11185.0,63.8,0
100.0,1675.1,0.0103,0.0,-3.4,0.1,4.0,0.0,229.4,9494.0,58.9,0
95.81,1960.1,0.0698,0.0,-1.0,4.1,0.2,0.074,268.5,6998.0,87.5,2
89.16,1709.4,0.0025,0.023,0.8,2.9,-0.4,0.0,260.9,14386.0,63.0,0
98.38,1738.3,0.0195,0.0,2.2,6.6,-0.1,0.0,127.5,6235.0,90.9,1
68.52,1030.9,0.0142,0.009,17.4,7.2,-6.0,0.664,74.4,4025.0,45.0,1
36.76,481.7,0.0741,0.068,38.6,24.5,-9.7,1.298,267.3,13074.0,84.5,2
100.0,2201.4,0.0478,0.0,7.2,-1.8,-0.5,0.141,32.7,3869.0,87.1,1
100.0,2002.2,0.0388,0.0,5.1,-1.8,-3.5,0.912,87.5,9753.0,79.3,1
64.88,1022.7,0.0198,0.104,22.4,12.2,-7.2,0.669,249.3,6241.0,85.8,2
100.0,1796.3,0.0043,0.0,-2.5,3.4,1.2,0.118,263.3,2351.0,42.1,0
52.63,827.0,0.0335,0.017,20.8,11.4,-7.1,0.98,96.3,5811.0,55.7,1
38.79,808.1,0.0065,0.018,33.5,19.7,-10.5,0.677,284.4,7866.0,88.2,2
56.02,1056.6,0.0081,0.161,19.5,28.2,-6.7,1.765,230.9,448.0,50.2,1
47.82,726.2,0.0045,0.009,25.0,13.8,-11.8,0.325,282.8,10910.0,60.2,2
100.0,1791.7,0.011,0.0,-0.1,2.1,2.1,0.467,63.2,9456.0,74.2,1
44.46,398.6,0.0418,0.042,33.2,8.3,-6.9,1.967,111.2,75.0,83.3,2
70.48,1321.9,0.0728,0.103,21.5,9.8,-8.4,0.22,157.2,7371.0,99.8,2
72.06,936.3,0.0122,0.035,18.0,9.7,-5.6,0.395,34.7,13620.0,71.4,2
30.18,537.4,0.0317,0.079,35.7,18.1,-11.4,1.704,118.3,1322.0,85.1,2
40.45,999.9,0.0073,0.033,26.5,15.1,-11.6,2.097,163.5,4905.0,60.1,2
73.72,1152.4,0.0107,0.187,19.0,6.4,-2.4,0.465,295.1,360.0,44.9,1
94.78,1694.4,0.0003,0.0,-3.1,-5.1,-2.0,0.033,99.9,11940.0,88.1,1
0.0,105.4,0.0141,0.021,55.1,33.4,-19.1,2.48,43.5,7807.0,94.4,2
94.33,1751.7,0.0352,0.0,7.6,-3.3,-2.3,0.938,237.1,755.0,56.4,0
76.22,1205.1,0.023,0.053,12.0,1.2,-4.5,0.936,109.8,1945.0,90.0,1
61.54,1057.1,0.0042,0.094,22.7,6.3,-6.8,0.941,42.7,1675.0,59.3,1
100.0,1586.2,0.0067,0.0,0.3,-1.5,-1.3,0.679,215.3,5875.0,88.4,1
100.0,1868.4,0.0121,0.0,-7.9,4.6,0.4,0.04,231.0,13717.0,61.3,0
25.65,355.6,0.0141,0.01,45.1,14.6,-7.8,1.653,55.7,7227.0,83.9,2
72.89,1089.5,0.0157,0.003,8.0,13.1,-4.7,1.724,60.2,6485.0,47.5,1
72.22,1494.6,0.0533,0.304,22.5,11.6,-2.3,1.103,160.1,13045.0,51.4,1
100.0,1939.5,0.0081,0.0,-2.5,-0.3,2.2,0.058,73.7,8628.0,53.3,0
45.08,970.5,0.0218,0.013,28.2,18.8,-10.6,0.87,165.1,2076.0,65.6,2
77.15,1643.4,0.0743,0.206,10.4,7.2,-4.3,1.031,54.5,11954.0,60.4,1
87.7,1420.5,0.0121,0.115,15.6,3.4,0.6,0.363,294.2,6676.0,81.5,1
100.0,1653.9,0.0377,0.0,7.2,-1.8,2.4,0.524,31.1,6106.0,49.0,0
76.38,1792.9,0.0327,0.087,7.3,4.2,-5.6,0.771,284.9,10070.0,57.2,0
100.0,1821.3,0.0173,0.0,-5.4,3.5,3.0,0.033,94.2,12005.0,69.5,0
100.0,1932.8,0.0018,0.0,-3.5,2.7,-0.9,0.0,177.2,8073.0,72.3,1
100.0,1838.6,0.1703,0.0,-9.9,0.8,-1.1,0.0,277.8,974.0,87.9,2
100.0,1824.9,0.0073,0.0,8.0,-0.9,-2.5,0.0,136.6,10609.0,79.7,1
68.56,1460.5,0.018,0.047,17.3,7.7,-4.9,1.677,136.8,4939.0,76.5,2
72.0,1405.7,0.0064,0.008,18.2,9.4,-7.2,0.625,134.2,11682.0,85.9,2
100.0,1837.4,0.0588,0.0,-6.6,3.6,-0.4,0.0,296.7,7611.0,80.3,2
46.17,956.6,0.0076,0.105,27.7,15.5,-9.6,0.336,279.0,2228.0,88.2,2
100.0,2186.0,0.0581,0.0,7.0,0.1,0.7,0.0,132.7,8036.0,91.7,2
33.75,924.1,0.012,0.282,40.1,24.0,-9.6,1.317,202.5,14044.0,42.3,2
100.0,1808.5,0.0016,0.0,-6.7,2.5,-0.8,0.63,272.6,10464.0,97.9,1
66.03,1472.1,0.0085,0.001,13.7,12.6,-6.0,0.874,216.6,11183.0,65.5,2
34.54,277.4,0.0087,0.141,39.6,21.2,-12.4,2.15,237.4,3808.0,98.0,2
21.25,0.0,0.0052,0.011,42.4,24.4,-12.6,1.905,195.7,2308.0,88.6,3
63.98,1306.7,0.0083,0.061,21.0,8.8,-7.5,0.0,122.8,2807.0,92.1,2
51.64,1296.0,0.0432,0.207,21.8,17.8,-5.8,1.876,146.9,8533.0,55.4,1
74.13,1025.8,0.0133,0.257,11.0,8.2,-3.6,0.852,256.7,4553.0,45.7,1
35.89,628.5,0.0155,0.122,24.9,14.7,-10.5,0.785,70.6,11486.0,65.8,2
82.56,1491.8,0.0012,0.012,5.2,8.6,-3.6,0.619,35.1,12260.0,88.2,1
100.0,1708.9,0.0536,0.0,-5.3,-0.8,-0.2,0.071,172.7,6613.0,47.4,1
62.77,1084.6,0.0073,0.185,17.8,10.2,-4.3,1.458,223.0,9090.0,49.5,1
93.91,1726.4,0.0005,0.0,5.1,-7.3,1.0,0.0,77.3,2063.0,84.9,1
69.79,1434.1,0.008,0.005,17.1,8.4,-3.9,0.328,77.3,12486.0,60.8,1
17.99,537.3,0.0452,0.171,37.3,22.6,-16.2,1.949,252.2,12184.0,40.1,2
57.76,1477.2,0.042,0.084,13.8,12.9,-6.2,0.486,98.6,5269.0,93.3,2
98.77,1724.9,0.0098,0.0,5.5,3.2,-2.5,0.177,284.5,11335.0,75.9,1
75.55,1547.6,0.038,0.055,2.7,1.8,-7.1,0.234,67.1,9432.0,65.4,0
78.54,1642.5,0.0475,0.226,13.4,2.6,-2.8,0.723,245.7,13196.0,85.2,1
86.8,1643.1,0.031,0.196,0.1,7.8,-4.6,1.07,165.6,1792.0,59.5,0
51.67,777.0,0.0078,0.192,20.0,13.5,-10.5,2.141,116.0,11438.0,45.8,1
90.16,1860.4,0.0156,0.0,0.7,-1.4,-2.5,0.404,75.5,10840.0,54.3,0
87.12,1669.7,0.0119,0.125,1.9,5.0,-4.4,0.363,86.8,12645.0,43.2,0
93.55,1470.1,0.0289,0.0,2.8,5.5,-2.8,0.0,202.6,10121.0,52.9,0
91.65,1499.0,0.0208,0.0,12.4,1.8,-2.0,0.006,227.9,6561.0,69.5,0
100.0,1922.7,0.0044,0.0,-7.0,-0.7,-1.3,0.0,90.7,586.0,60.6,0
38.76,505.9,0.024,0.031,28.9,22.2,-11.5,2.67,172.5,2604.0,51.0,2
100.0,1712.2,0.0302,0.0,-3.1,-1.1,0.0,0.46,204.6,6436.0,96.9,1
81.19,1268.2,0.0497,0.254,6.2,9.4,-6.2,0.139,209.6,12806.0,92.1,1
70.04,1451.2,0.0128,0.021,13.4,4.9,-4.9,1.155,55.3,10334.0,50.3,1
16.9,479.8,0.0195,0.125,41.8,24.5,-14.4,2.035,172.4,14452.0,74.9,2
81.04,1478.5,0.0085,0.08,5.6,8.2,-2.5,0.0,252.1,14872.0,58.1,0
94.71,1772.9,0.0054,0.0,4.8,3.5,0.9,0.186,50.9,14479.0,75.8,1
98.9,1714.8,0.0003,0.0,8.9,2.6,0.1,0.598,81.0,3927.0,83.9,1
99.61,2117.1,0.0067,0.0,-2.2,3.6,-3.7,0.1,212.4,13369.0,99.4,1
39.62,690.3,0.0164,0.013,33.2,20.3,-10.0,1.445,194.6,14273.0,69.0,2
54.59,1080.2,0.0064,0.157,28.1,18.3,-10.2,1.612,60.2,13866.0,95.3,2
72.36,1553.8,0.0061,0.155,9.6,8.6,-6.6,1.439,289.3,6577.0,65.4,2
100.0,1733.3,0.005,0.0,-5.6,3.8,0.8,0.087,41.0,2482.0,73.2,1
71.06,1475.4,0.0046,0.01,24.9,3.5,-5.2,0.973,36.2,9025.0,63.5,1
15.06,338.7,0.0191,0.06,57.1,24.8,-14.4,2.063,147.8,1480.0,90.4,2
56.69,1051.0,0.0007,0.009,19.1,15.7,-8.7,2.389,135.8,14661.0,52.3,1
100.0,1836.8,0.0851,0.0,3.3,4.2,-1.2,0.0,63.2,1054.0,98.2,2
100.0,1803.8,0.0076,0.0,10.7,-1.1,-0.5,0.23,187.0,1452.0,92.8,1
94.57,1578.9,0.0179,0.0,-1.2,-0.6,-0.4,0.0,236.4,3379.0,58.8,0
100.0,1698.7,0.0196,0.0,3.1,0.5,2.4,0.0,190.0,12164.0,58.3,0
56.34,1192.6,0.0391,0.069,19.0,17.7,-7.1,1.201,261.2,1281.0,94.0,2
43.89,1168.9,0.0166,0.03,37.8,17.5,-11.9,1.718,173.8,11166.0,61.5,2
89.18,1328.4,0.0163,0.017,6.3,-0.4,-1.4,0.531,114.7,6542.0,99.7,1
15.25,295.5,0.0097,0.057,46.7,24.3,-14.1,2.223,69.0,3690.0,90.0,2
66.16,1265.3,0.0153,0.053,21.3,12.3,-6.2,0.0,145.8,3124.0,86.7,2
67.22,1371.3,0.0217,0.134,23.1,5.2,-6.9,1.133,254.6,9244.0,46.7,1
66.92,1156.3,0.0297,0.302,17.9,9.8,-4.8,0.684,200.9,13495.0,85.6,2
85.93,1789.4,0.0202,0.043,14.2,6.3,-0.4,0.509,55.8,8926.0,88.5,1
100.0,2048.8,0.0211,0.0,3.9,6.6,-3.1,0.115,81.4,7235.0,47.9,0
100.0,1710.1,0.0009,0.0,-0.5,-0.0,0.7,0.46,214.1,14156.0,83.6,1
67.49,1591.8,0.0354,0.011,20.8,10.4,-12.8,0.329,200.4,14158.0,61.3,1
100.0,1777.5,0.0152,0.0,-3.7,2.1,2.5,0.0,155.9,12517.0,49.2,0
75.29,1827.3,0.0406,0.109,18.6,6.8,-4.2,0.618,167.5,8724.0,92.9,1
45.85,725.2,0.0066,0.216,32.0,15.7,-11.3,1.567,116.2,8096.0,75.8,2
66.61,1162.7,0.0267,0.015,18.3,15.7,-6.1,1.542,219.2,6260.0,51.1,1
83.5,1504.1,0.0043,0.05,7.8,10.0,-1.7,0.889,229.8,7427.0,93.7,1
78.76,1172.5,0.0117,0.016,10.3,8.8,0.2,1.294,113.7,9851.0,94.1,1
100.0,2067.6,0.0162,0.0,7.8,3.5,-3.8,0.531,140.4,7475.0,71.4,0
92.43,1504.9,0.0088,0.0,2.5,4.7,-2.0,0.0,235.0,2924.0,70.7,0
100.0,1960.7,0.0067,0.0,-6.3,-0.3,-2.6,0.0,214.7,8560.0,46.0,0
56.58,1032.5,0.0218,0.089,30.9,15.5,-6.2,0.659,200.0,10175.0,57.0,1
84.4,1641.8,0.0363,0.08,9.1,8.8,-3.6,0.479,256.2,13581.0,98.5,1
82.59,1015.3,0.0015,0.014,10.0,7.4,-4.0,0.457,239.7,9133.0,65.4,0
81.55,1480.6,0.0344,0.062,5.3,9.9,-2.7,1.157,291.9,13169.0,69.6,0
76.17,1493.9,0.0118,0.265,15.1,3.8,-6.5,0.818,152.8,14232.0,75.4,1
61.85,1160.6,0.0423,0.134,33.2,11.8,-10.0,1.275,192.0,12724.0,41.6,1
52.48,766.1,0.0036,0.013,23.3,17.9,-6.7,1.822,159.7,11016.0,55.9,1
92.45,1678.4,0.0042,0.0,12.1,1.6,0.3,0.448,75.8,12193.0,85.3,1
50.93,1003.3,0.0104,0.008,21.3,19.3,-9.6,1.953,101.6,14046.0,96.3,2
88.79,1584.9,0.0231,0.024,18.0,-1.7,-4.4,0.869,103.3,2261.0,74.5,1
100.0,1590.6,0.014,0.0,0.5,-3.2,1.8,0.01,228.9,3086.0,98.0,1
71.64,1412.4,0.0196,0.09,19.3,11.7,-1.4,0.0,263.7,10202.0,89.0,2
37.1,689.3,0.0136,0.444,34.2,20.6,-11.0,1.664,60.9,9053.0,61.8,2
87.2,1494.0,0.0101,0.024,5.6,6.6,0.8,0.982,238.2,14497.0,47.9,0
100.0,1606.6,0.0191,0.0,-5.7,0.8,-1.3,0.091,249.2,1430.0,96.1,1
82.08,1904.4,0.0383,0.326,11.7,1.5,-3.8,0.0,57.2,5557.0,84.7,1
81.16,1253.7,0.0066,0.054,11.7,5.4,-2.7,0.0,124.0,14540.0,97.2,1
100.0,1911.3,0.0072,0.0,-0.0,-2.4,-1.9,0.876,231.0,10352.0,90.7,1
90.29,1559.3,0.0806,0.0,9.0,5.8,-1.1,0.279,208.0,12483.0,90.3,2
41.83,978.0,0.046,0.218,38.5,12.2,-11.3,0.907,121.3,5448.0,95.9,2
90.8,1792.4,0.0111,0.0,10.4,3.9,-0.1,0.0,49.5,12886.0,86.6,1
63.79,1554.7,0.0306,0.045,18.7,10.8,-7.8,1.239,139.0,9391.0,65.8,2
76.38,1288.0,0.0243,0.282,13.5,8.0,-6.5,1.912,199.5,12182.0,88.1,1
68.75,1266.2,0.0402,0.162,22.6,8.1,-10.9,0.765,57.4,1922.0,53.5,1
54.12,925.2,0.0023,0.171,28.5,10.7,-8.8,0.647,65.8,5824.0,85.6,2
90.22,1679.2,0.0893,0.0,-4.7,3.3,-3.6,0.0,112.4,1233.0,41.5,1
80.0,1058.8,0.0223,0.05,10.9,13.2,-5.6,0.703,242.0,3460.0,87.5,1
73.6,1613.1,0.0248,0.056,7.4,8.2,-5.8,0.229,292.3,12392.0,47.0,1
100.0,1986.9,0.0157,0.0,0.3,-1.0,-0.5,0.0,215.3,11333.0,58.6,0
75.51,1197.6,0.004,0.043,18.7,3.0,-3.1,0.374,74.3,13766.0,82.3,1
49.98,915.3,0.0009,0.145,27.7,15.5,-11.0,1.34,143.3,7473.0,82.8,2
40.29,668.6,0.0065,0.036,27.4,16.5,-10.1,2.011,69.8,12664.0,44.8,2
100.0,1578.2,0.0085,0.0,6.8,2.1,-3.5,0.351,139.5,6888.0,64.6,0
88.1,1515.1,0.075,0.014,6.3,3.0,-0.7,1.249,120.7,5037.0,75.8,2
82.07,1682.5,0.0097,0.02,9.6,8.3,-2.0,0.0,273.7,4770.0,97.5,1
71.52,1319.6,0.0082,0.143,22.7,8.6,-4.7,1.377,143.2,1520.0,95.3,2
66.12,1280.4,0.0292,0.073,24.2,12.6,-3.8,1.519,226.3,13172.0,51.1,1
43.55,713.4,0.0104,0.182,28.4,14.8,-11.0,1.646,100.6,2417.0,67.0,2
36.48,405.9,0.0294,0.979,32.6,21.4,-10.7,1.756,159.7,11429.0,40.3,2
67.37,1145.4,0.0367,0.013,14.0,9.5,-5.7,1.414,240.5,5317.0,68.6,2
69.67,1766.8,0.0209,0.156,18.6,10.9,-5.5,0.827,204.5,8718.0,65.5,2
80.48,1378.2,0.0137,0.013,21.4,9.0,-4.9,0.0,73.2,6242.0,73.0,1
50.91,851.0,0.0058,0.006,26.0,12.0,-6.4,1.429,171.6,8591.0,67.4,2
33.79,817.6,0.019,0.195,43.2,21.7,-11.5,2.086,143.1,7121.0,58.8,2
76.78,1060.5,0.0163,0.159,8.6,1.4,-2.4,0.705,83.1,1983.0,95.9,1
100.0,1695.7,0.0142,0.0,5.6,-1.7,3.0,0.558,43.0,338.0,83.8,1
59.38,1205.5,0.0211,0.741,36.3,12.5,-8.6,0.886,85.7,8859.0,90.2,2
60.44,792.6,0.0046,0.001,16.1,6.6,-5.2,0.489,289.5,1598.0,88.1,2
100.0,1901.0,0.0038,0.0,4.4,-1.0,-2.1,0.0,299.4,5209.0,91.0,1
75.43,1637.3,0.0183,0.014,7.3,5.7,-2.6,0.19,236.7,11049.0,73.1,1
63.56,1396.3,0.0218,0.045,19.1,13.2,-2.5,0.772,141.0,6549.0,43.6,1
59.02,1058.7,0.0373,0.04,6.7,16.4,-4.1,1.349,232.7,336.0,79.1,2
99.17,2038.2,0.0004,0.0,4.7,1.6,-1.7,0.525,146.3,10647.0,46.1,0
75.57,1308.1,0.0131,0.16,17.9,4.8,-3.3,0.031,215.8,7053.0,51.1,0
80.28,1392.6,0.0135,0.261,8.5,0.3,-4.0,0.023,99.7,5777.0,66.6,0
55.31,675.7,0.0368,0.239,35.3,17.9,-5.4,0.47,74.7,3948.0,75.9,2
100.0,1589.5,0.045,0.0,-7.4,-0.4,-0.4,0.37,99.7,9118.0,98.9,1
0.0,312.4,0.0118,0.141,66.3,26.4,-18.0,2.748,159.1,1902.0,93.6,2
67.53,1324.3,0.016,0.0,19.5,7.1,-6.4,0.168,259.2,13127.0,44.6,1
89.24,1286.5,0.0006,0.107,8.6,7.4,-2.8,0.111,222.3,4720.0,87.0,1
20.1,300.2,0.0368,0.154,48.4,26.8,-11.7,1.824,223.9,11971.0,56.2,2
40.41,608.4,0.0131,0.095,29.0,16.9,-10.5,2.388,92.8,9214.0,40.2,2
69.75,1070.2,0.0094,0.055,11.4,6.0,-8.1,1.013,47.6,12610.0,100.0,2
66.31,1376.6,0.0278,0.01,21.3,9.5,-7.3,0.786,163.5,10853.0,65.8,2
69.34,1352.3,0.0097,0.052,21.6,15.0,-7.1,0.303,155.1,8898.0,73.8,2
100.0,2063.5,0.0144,0.0,0.3,2.6,-1.0,0.109,41.4,7419.0,47.5,0
39.74,714.3,0.0245,0.004,27.7,17.2,-12.0,0.381,267.8,7695.0,99.1,2
100.0,1733.0,0.0086,0.0,-1.4,3.2,-1.1,0.298,298.5,12535.0,83.3,1
100.0,1490.2,0.0318,0.0,8.0,2.8,-0.4,0.002,181.1,7959.0,82.9,1
94.72,1481.9,0.0136,0.0,0.6,0.8,-0.4,0.222,191.7,4134.0,64.5,0
100.0,2088.0,0.0094,0.0,-2.5,-1.3,0.6,0.363,127.3,14614.0,47.6,0
66.85,1351.6,0.0142,0.324,21.6,14.6,-5.4,0.584,270.7,6403.0,70.0,2
100.0,1864.4,0.0187,0.0,0.0,3.4,0.9,0.219,87.4,1049.0,55.7,0
53.95,856.0,0.0049,0.039,25.7,14.0,-10.4,1.999,285.6,11444.0,59.4,1
90.55,1442.2,0.0131,0.0,6.8,4.4,-3.1,0.0,161.4,4962.0,83.1,1
87.59,1371.9,0.0032,0.03,9.8,7.9,-1.6,0.508,217.7,7881.0,70.9,0
90.71,1668.2,0.0188,0.0,9.8,-1.0,-1.6,1.35,41.6,4105.0,61.4,0
70.2,1334.4,0.0139,0.183,13.4,14.0,-6.3,1.316,231.6,4066.0,43.4,1
41.04,871.6,0.1049,0.062,28.6,23.6,-10.7,1.436,79.3,14643.0,79.7,2
78.93,1143.9,0.0048,0.043,12.0,3.9,-5.6,0.673,157.1,8377.0,82.4,1
81.84,1573.1,0.0107,0.097,12.0,8.3,-3.9,0.305,64.5,10582.0,65.8,0
35.12,761.1,0.0025,0.066,38.4,23.2,-9.6,2.091,34.6,5510.0,63.6,2
45.69,656.4,0.0028,0.438,29.8,15.5,-7.3,1.299,121.6,6865.0,64.7,2
72.4,1205.3,0.0005,0.093,13.5,12.6,-4.9,0.466,74.2,5075.0,62.9,1
68.95,1070.8,0.0249,0.092,19.1,7.7,-4.2,1.019,188.3,9806.0,43.1,1
100.0,1537.8,0.006,0.0,-2.4,1.9,-1.0,0.0,74.2,3294.0,97.8,1
43.65,682.9,0.0375,0.08,33.4,17.9,-9.8,2.202,256.1,14183.0,82.8,2
16.41,172.7,0.0395,0.003,51.1,26.2,-15.9,1.827,52.8,10928.0,99.5,2
91.71,1697.6,0.0113,0.0,8.0,3.4,-2.1,0.0,194.0,10500.0,54.4,0
100.0,1821.3,0.0134,0.0,5.8,3.2,0.4,0.278,246.5,5418.0,57.8,0
52.71,896.0,0.045,0.009,28.8,17.1,-9.2,0.596,147.7,4053.0,87.4,2
95.34,1918.3,0.0276,0.0,-1.4,1.1,0.1,1.164,171.0,5743.0,64.9,0
57.63,859.7,0.0313,0.018,23.9,10.1,-8.0,0.54,130.6,1396.0,76.5,2
86.87,1408.0,0.0284,0.047,0.5,7.6,-2.7,0.093,258.0,14366.0,90.7,1
24.88,0.0,0.0054,0.325,32.5,21.0,-14.6,1.847,106.0,7202.0,79.2,3
50.48,1041.9,0.0009,0.096,21.9,10.6,-10.0,1.425,211.9,12631.0,50.0,1
81.37,1543.0,0.0163,0.046,10.1,6.4,-4.2,0.522,90.5,13901.0,73.0,1
100.0,1792.5,0.0087,0.0,4.3,-0.4,0.4,0.0,69.7,10647.0,43.1,0
100.0,1799.3,0.0654,0.0,5.5,-2.2,-1.5,0.0,78.6,2712.0,73.0,2
66.99,1473.5,0.0019,0.009,8.5,14.2,-6.4,1.664,161.6,6323.0,87.8,2
52.03,612.4,0.0136,0.058,41.1,9.4,-11.9,1.485,189.4,11426.0,55.7,1
88.78,1384.1,0.0186,0.343,6.6,2.0,-2.6,0.0,50.1,3482.0,77.1,1
47.15,1151.5,0.027,0.068,30.4,13.4,-9.6,1.186,63.7,4014.0,98.5,2
100.0,1526.7,0.003,0.0,-3.8,-3.6,-2.4,0.411,192.8,6233.0,97.6,1
89.31,1501.6,0.0058,0.126,2.9,8.4,-3.0,0.0,55.9,12104.0,86.8,1
100.0,1845.3,0.0077,0.0,2.7,4.6,-1.7,0.0,100.0,12661.0,93.5,1
91.46,1779.4,0.0053,0.0,10.0,-0.7,-2.3,0.0,165.1,4909.0,67.4,0
44.68,878.8,0.0091,0.074,24.2,12.2,-8.7,1.02,135.5,9862.0,97.9,2
100.0,1639.2,0.0139,0.0,3.9,-3.2,2.4,0.0,211.3,2057.0,67.0,0
59.38,1415.2,0.0419,0.264,23.1,9.6,-10.5,1.632,148.6,8045.0,88.1,2
100.0,1867.5,0.0024,0.0,4.0,-3.8,2.7,0.0,242.4,671.0,76.7,1
73.26,1015.2,0.016,0.037,11.9,7.4,-9.2,0.591,128.4,11806.0,54.1,1
80.46,1712.7,0.0027,0.112,12.4,4.1,-1.5,0.03,259.9,14659.0,88.4,1
39.73,506.3,0.0179,0.079,27.1,19.2,-16.3,1.029,145.4,9248.0,46.2,2
88.82,1657.8,0.0046,0.032,13.4,0.2,-3.0,0.227,255.5,762.0,78.0,1
33.52,376.7,0.0087,0.044,32.3,18.9,-12.1,2.833,47.5,9419.0,62.9,2
100.0,1630.5,0.0191,0.0,-2.0,6.0,0.8,0.0,89.7,11205.0,60.9,0
100.0,1869.5,0.0248,0.0,4.2,-1.9,2.2,0.0,89.4,8500.0,64.9,0
77.29,1611.8,0.0554,0.343,13.3,7.7,-2.7,1.342,263.4,8558.0,97.9,2
100.0,1822.3,0.0245,0.0,-2.5,2.8,-0.7,0.296,282.3,13108.0,64.1,0
86.05,1804.4,0.0039,0.066,3.9,1.7,-2.4,0.723,239.1,5753.0,80.5,1
61.16,1235.7,0.0166,0.351,21.3,10.0,-6.7,1.012,176.3,2645.0,53.9,1
100.0,1863.0,0.0106,0.0,0.6,-0.4,0.2,0.468,121.0,12891.0,84.9,1
100.0,1879.4,0.0263,0.0,-5.9,-2.5,-1.4,0.0,249.4,10719.0,91.0,1
100.0,1855.4,0.0001,0.0,9.1,4.9,-1.5,0.124,103.0,8486.0,83.8,1
77.43,1435.9,0.0187,0.191,8.4,9.7,-6.2,0.683,202.1,4013.0,41.0,0
88.54,1924.2,0.0316,0.02,11.1,2.3,1.4,1.323,230.4,4257.0,41.3,0
40.37,709.8,0.0046,0.079,18.6,19.7,-11.1,1.22,146.2,9937.0,90.7,2
93.71,1763.2,0.0002,0.0,15.2,2.5,0.9,0.319,91.3,11999.0,96.4,1
59.43,857.0,0.0027,0.262,26.3,10.3,-6.3,0.217,257.4,8129.0,62.2,1
65.47,904.0,0.0028,0.094,19.6,8.1,-4.5,1.646,171.1,8457.0,72.0,2
75.74,956.3,0.046,0.134,14.3,7.5,-5.7,1.148,216.6,14528.0,41.2,0
34.23,439.8,0.0015,0.013,40.1,21.6,-12.2,0.935,119.6,14186.0,71.6,2
87.3,1745.3,0.0268,0.022,3.5,2.4,-1.0,0.493,98.7,14808.0,89.2,1
39.95,497.1,0.0012,0.085,31.1,17.7,-12.9,0.667,165.4,4133.0,92.5,2
91.92,1502.7,0.0036,0.0,10.3,3.7,-2.7,0.795,228.2,12466.0,89.8,1
34.51,307.2,0.0098,0.187,36.3,21.0,-11.8,1.56,100.4,9597.0,72.7,2
94.4,1491.2,0.0134,0.0,-8.4,-3.9,-3.6,0.567,40.9,11230.0,82.0,1
87.8,1391.6,0.0001,0.044,17.7,2.6,-0.7,0.243,226.2,9880.0,89.5,1
87.86,1444.9,0.003,0.158,17.8,5.9,-4.1,0.941,43.5,6919.0,76.5,1
100.0,1888.1,0.0143,0.0,0.7,-0.3,0.7,0.04,217.6,4780.0,63.9,0
26.57,683.1,0.0044,0.138,43.3,20.5,-14.2,2.023,272.7,13285.0,55.1,2
69.45,1419.8,0.0407,0.108,18.8,11.5,-1.5,0.088,254.9,9930.0,88.8,2
50.5,985.5,0.0221,0.012,29.6,15.9,-7.4,1.184,294.3,6319.0,75.4,2
76.23,1084.0,0.0054,0.12,12.9,3.9,-4.3,1.044,75.0,1086.0,75.3,1
100.0,1884.8,0.0227,0.0,-3.1,-1.0,-0.1,0.0,156.6,10714.0,43.8,0
100.0,2003.1,0.0202,0.0,-1.5,2.9,1.5,0.494,213.8,6634.0,65.0,0
78.4,1274.0,0.0205,0.211,9.6,8.9,-6.7,0.709,232.7,1981.0,56.5,0
94.13,1242.7,0.0303,0.0,3.5,-1.1,-0.7,0.0,290.6,5263.0,94.9,1
100.0,1849.3,0.0775,0.0,-1.4,-0.7,0.5,0.199,200.1,10819.0,69.7,2
90.27,1497.3,0.0136,0.0,14.6,4.2,1.9,0.106,208.0,5867.0,62.9,0
80.99,1490.7,0.0002,0.071,15.4,5.7,-1.8,0.927,164.3,9638.0,66.5,0
70.39,1262.0,0.0007,0.044,22.0,8.4,-0.5,0.566,297.8,4143.0,61.7,1
44.6,1005.5,0.0074,0.019,31.0,19.0,-14.0,2.271,169.5,9191.0,45.7,2
18.75,293.9,0.0126,0.029,48.4,28.7,-13.2,1.902,123.1,5146.0,90.5,2
100.0,1830.2,0.0128,0.0,1.4,0.4,3.7,0.0,287.6,3558.0,59.0,0
67.86,1290.1,0.0049,0.053,18.3,7.0,-6.3,0.252,226.9,12740.0,45.6,1
48.99,710.3,0.0176,0.02,27.6,18.5,-7.9,0.448,78.3,3170.0,75.9,2
71.05,1449.9,0.0213,0.115,27.0,6.3,-4.4,1.113,202.1,14800.0,60.8,1
100.0,2031.3,0.0034,0.0,-6.0,0.4,3.3,0.0,173.0,3203.0,52.7,0
67.44,1332.8,0.0186,0.053,11.9,9.8,-3.7,1.036,102.8,6469.0,52.5,1
0.0,287.5,0.002,0.143,44.0,29.7,-15.5,2.762,292.4,2843.0,71.9,2
22.63,277.5,0.0536,0.272,37.0,26.6,-12.3,2.079,58.1,11658.0,69.1,2
67.93,1396.8,0.0076,0.158,24.8,10.5,-4.4,0.192,63.9,5156.0,97.3,2
72.52,1451.5,0.0049,0.105,8.3,2.8,-5.4,0.597,277.9,11768.0,51.1,1
100.0,1817.0,0.001,0.0,3.5,0.9,1.4,0.168,39.6,6208.0,75.6,1
13.55,306.3,0.0132,0.048,42.9,29.9,-15.3,2.186,143.1,6332.0,75.3,2
100.0,1699.3,0.0102,0.0,-1.9,-0.3,-2.2,0.0,81.1,1104.0,99.8,1
94.64,1709.8,0.0311,0.0,4.2,1.0,0.4,0.0,60.2,3948.0,55.7,0
100.0,1673.1,0.0064,0.0,3.6,-4.2,0.4,0.0,238.6,6558.0,59.2,0
28.69,497.9,0.061,0.054,40.2,24.3,-12.0,1.067,276.1,4468.0,83.9,2
92.17,1724.1,0.0167,0.0,2.4,0.4,-0.2,0.533,269.7,6673.0,52.3,0
74.87,1076.9,0.0103,0.11,10.5,9.4,-4.7,0.336,141.9,12696.0,91.8,2
12.57,84.8,0.0002,0.082,49.3,26.1,-12.8,3.193,69.8,1859.0,98.6,2
61.67,1185.3,0.0146,0.022,20.2,16.0,-6.1,1.165,131.3,123.0,78.2,2
86.0,1416.9,0.0387,0.069,1.9,6.6,-0.3,0.0,263.2,13745.0,80.6,1
45.07,1068.1,0.0097,0.095,26.5,18.2,-8.6,0.534,282.8,11950.0,93.8,2
100.0,1680.6,0.0121,0.0,2.4,-0.3,1.5,0.0,225.6,13277.0,51.8,0
65.92,1198.5,0.014,0.111,19.6,11.9,-8.7,1.107,267.3,2592.0,63.1,1
51.83,843.4,0.0116,0.077,27.5,15.2,-11.1,0.982,262.5,9164.0,68.6,2
100.0,1778.2,0.0565,0.0,-1.5,2.1,1.5,0.0,107.0,5739.0,80.9,2
67.27,1243.1,0.0185,0.058,16.9,12.9,-7.2,1.413,39.9,4260.0,90.7,2
100.0,1757.9,0.0213,0.0,2.1,-4.3,-2.6,0.653,240.2,11330.0,67.3,0
38.54,817.6,0.0851,0.145,31.2,17.6,-14.7,2.578,182.9,10471.0,76.8,2
94.41,1700.2,0.0007,0.0,-8.1,1.0,-1.6,0.299,96.7,7362.0,64.9,0
70.84,1012.6,0.0104,0.132,15.8,7.3,-8.6,1.362,53.0,13727.0,64.9,1
65.74,1010.6,0.0029,0.041,16.5,12.5,-6.9,0.914,135.5,4618.0,50.9,1
100.0,1564.0,0.0032,0.0,-6.0,-0.4,1.8,0.278,69.5,6560.0,94.2,1
59.23,974.5,0.0081,0.057,19.7,14.3,-6.9,1.188,218.2,9850.0,52.9,1
90.12,1460.8,0.0102,0.0,-5.2,5.2,0.1,0.0,50.4,4233.0,85.6,1
73.69,1435.6,0.0245,0.351,18.3,11.1,-7.3,1.229,103.3,11651.0,60.5,1
95.22,1410.7,0.0179,0.0,0.2,-0.5,1.9,0.126,253.5,7403.0,70.0,0
53.25,940.9,0.0102,0.084,31.3,16.6,-8.7,0.424,211.6,5935.0,45.7,1
67.2,1120.0,0.0353,0.314,23.4,8.3,-8.1,1.353,233.7,11022.0,99.5,2
52.57,1042.6,0.0276,0.027,24.2,8.4,-10.4,1.939,292.7,14193.0,66.5,2
71.81,1296.3,0.0078,0.041,12.1,8.0,-6.7,0.0,213.0,3011.0,80.6,2
86.91,1935.0,0.0038,0.015,6.5,6.4,-4.5,0.537,209.0,12397.0,72.0,1
100.0,2034.8,0.01,0.0,-11.6,-0.4,0.9,0.0,256.8,7072.0,54.4,0
50.91,1183.8,0.003,0.014,32.8,14.6,-6.0,1.014,43.0,13360.0,84.5,2
62.85,1095.1,0.0063,0.048,14.8,12.4,-8.7,0.308,256.9,5687.0,78.8,2
100.0,1842.9,0.0097,0.0,2.2,-2.2,-2.2,0.676,186.4,318.0,66.9,0
67.83,945.7,0.0119,0.022,14.9,15.5,-4.5,1.131,235.0,1381.0,60.0,1
12.79,129.9,0.0097,0.142,45.8,23.0,-18.1,2.308,246.1,8391.0,67.6,2
96.24,1821.7,0.0094,0.0,-0.9,3.4,-0.0,0.0,226.6,12617.0,95.7,1
72.7,1406.8,0.0093,0.113,10.1,4.5,-3.7,1.27,105.3,5706.0,97.5,2
13.6,0.0,0.0021,0.087,44.4,25.7,-14.7,2.252,116.8,4791.0,55.1,3
93.58,1826.9,0.0005,0.0,1.4,3.9,-3.0,0.122,63.3,2858.0,93.1,1
82.72,1473.0,0.0105,0.075,13.8,6.3,-5.8,0.01,107.6,12098.0,91.9,1
99.27,1810.9,0.0039,0.0,-2.6,-2.7,1.1,0.0,204.8,12851.0,96.1,1
94.41,1659.1,0.0114,0.0,-9.9,0.9,0.9,0.148,89.5,5906.0,77.4,1
100.0,2013.1,0.0212,0.0,-1.2,-0.7,-1.7,0.0,148.2,1892.0,52.4,0
92.63,1539.1,0.0184,0.0,-0.8,0.6,0.0,0.42,138.0,832.0,46.0,0
50.08,868.0,0.0302,0.172,27.6,9.3,-10.6,1.494,88.9,12680.0,92.9,2
23.59,704.1,0.0765,0.246,43.8,20.0,-12.7,1.848,123.6,4975.0,89.9,2
55.68,1040.4,0.0028,0.046,29.6,10.6,-6.5,1.48,62.2,6513.0,43.8,1
71.56,1228.3,0.0219,0.131,17.2,10.3,-5.0,0.814,197.6,13940.0,50.0,1
85.19,1506.4,0.0244,0.059,6.3,8.3,-4.1,0.038,174.4,5125.0,42.4,0
88.36,1492.1,0.0049,0.041,7.6,4.7,-5.8,0.0,263.5,13787.0,99.1,1
100.0,1517.6,0.0023,0.0,10.3,0.1,0.2,0.26,32.1,7934.0,93.3,1
30.38,626.0,0.0003,0.347,39.1,20.2,-9.6,2.395,282.5,2643.0,40.3,2
87.8,1529.9,0.0098,0.062,6.3,3.1,-2.3,0.335,248.8,1415.0,83.1,1
100.0,1971.3,0.0002,0.0,-5.7,-0.4,0.6,0.0,183.4,6159.0,84.6,1
86.75,1447.1,0.0127,0.371,5.2,6.1,-6.2,0.989,129.6,5747.0,67.2,0
100.0,1855.6,0.0713,0.0,-4.9,-1.2,0.4,0.448,230.7,4008.0,44.6,1
100.0,1758.7,0.0244,0.0,-3.3,1.2,4.4,0.521,285.1,12283.0,42.1,0
74.78,1233.8,0.0013,0.172,6.2,9.5,-5.2,0.153,149.9,5986.0,47.9,1
62.82,1160.7,0.0255,0.005,13.6,23.4,-8.8,2.407,216.6,14360.0,51.6,1
68.64,1304.9,0.0556,0.131,18.2,6.4,-4.8,0.967,43.2,9521.0,57.2,1
100.0,1771.5,0.0029,0.0,5.8,3.9,0.8,0.0,148.3,8645.0,80.2,1
61.13,980.3,0.0118,0.053,18.4,8.6,-5.9,0.439,141.9,9680.0,48.7,1
100.0,1661.6,0.0037,0.0,-6.6,-2.6,-1.3,1.152,41.4,28.0,53.5,0
61.62,1027.0,0.0252,0.3,20.8,16.0,-6.0,1.414,215.9,3987.0,61.0,1
67.16,901.1,0.0049,0.002,21.1,8.4,-4.3,0.0,298.9,5566.0,69.9,2
97.55,1692.4,0.0376,0.0,6.4,-0.4,-1.1,1.171,67.1,9343.0,56.0,0
99.36,1624.2,0.053,0.0,5.9,-0.1,1.9,0.0,166.7,12031.0,73.0,2
88.88,1796.1,0.0354,0.06,3.2,4.4,-3.4,0.743,276.0,5183.0,68.6,0
100.0,2041.3,0.0164,0.0,-6.7,0.7,0.3,0.0,114.0,8636.0,43.0,0
51.07,992.4,0.0116,0.128,33.0,17.5,-10.8,0.787,75.0,6380.0,80.2,2
84.05,1397.3,0.0336,0.318,-1.9,7.9,-0.5,0.238,54.1,14831.0,69.2,0
58.11,1043.0,0.0115,0.169,36.4,10.4,-7.4,0.667,132.5,11523.0,75.7,2
100.0,1871.2,0.0002,0.0,-4.4,-0.2,-2.3,0.0,115.6,2949.0,91.9,1
65.23,1337.1,0.0142,0.119,22.7,12.1,-5.9,1.692,104.6,13937.0,62.2,1
100.0,1755.4,0.0088,0.0,4.9,2.8,2.5,0.208,99.2,13414.0,51.5,0
100.0,2011.7,0.0131,0.0,-10.4,-2.5,-0.7,0.0,252.9,2054.0,85.1,1
52.43,778.0,0.0289,0.072,30.2,17.2,-9.3,1.174,137.4,8580.0,50.2,1
95.9,1666.8,0.023,0.0,4.4,0.3,-2.0,0.0,194.0,9114.0,60.7,0
100.0,1757.7,0.0688,0.0,-2.5,1.5,-1.7,0.0,55.7,769.0,49.0,1
83.92,1245.4,0.0203,0.019,6.6,4.4,2.1,0.623,118.6,1410.0,48.9,0
59.15,894.2,0.0231,0.071,22.3,7.7,-7.8,0.605,237.4,14604.0,91.4,2
77.53,1384.1,0.0034,0.117,13.8,5.9,-4.5,0.935,79.5,8116.0,45.0,0
74.52,1058.1,0.0388,0.262,6.1,8.8,-4.6,0.316,181.7,5701.0,79.8,2
71.93,1103.9,0.005,0.129,10.1,8.9,-5.9,0.49,163.4,10045.0,45.4,1
85.52,1628.3,0.0449,0.068,7.1,5.9,-1.0,0.845,132.9,3487.0,64.2,0
76.66,1383.8,0.0015,0.027,0.1,9.0,-1.3,0.307,255.2,10048.0,62.9,0
89.16,1973.3,0.012,0.047,3.9,5.9,-1.0,0.624,34.0,8790.0,62.6,0
100.0,1870.7,0.0072,0.0,-2.1,1.7,-2.8,0.0,129.9,3523.0,84.5,1
100.0,1990.0,0.0273,0.0,8.2,3.5,0.4,0.0,70.2,13980.0,46.7,0
100.0,1379.1,0.002,0.0,2.2,-0.2,1.4,0.0,243.1,4884.0,48.9,0
72.79,1204.0,0.0023,0.005,15.5,7.3,-4.8,0.598,135.2,6976.0,68.1,2
90.25,1436.1,0.0655,0.0,-1.0,2.2,-4.7,0.0,98.0,9241.0,60.7,1
76.85,1497.4,0.0102,0.023,9.7,11.5,-6.4,1.169,241.8,4916.0,77.3,1
56.72,1106.2,0.0051,0.075,22.9,9.7,-6.0,1.792,241.4,10492.0,86.0,2
100.0,2063.8,0.1116,0.0,-5.6,-1.5,-2.5,0.0,242.6,911.0,45.0,1
100.0,2009.7,0.0304,0.0,9.0,-3.4,1.5,0.755,199.6,14723.0,59.8,0
58.26,1160.9,0.0214,0.221,19.9,12.1,-7.6,0.727,114.6,5421.0,43.9,1
86.52,1271.4,0.0022,0.029,17.5,3.1,1.2,0.013,276.6,12857.0,74.6,1
100.0,1730.3,0.008,0.0,-2.5,-6.5,2.5,0.113,283.3,10825.0,95.6,1
100.0,1745.1,0.0018,0.0,1.4,-0.3,1.8,0.0,209.0,9057.0,64.0,0
73.33,1557.9,0.004,0.026,14.6,8.2,-3.7,0.693,51.0,3852.0,47.6,1
88.31,1627.2,0.0057,0.219,1.8,7.6,-1.6,0.507,239.3,7158.0,65.2,0
94.78,1654.1,0.0013,0.0,3.6,2.5,-0.2,0.0,234.1,4658.0,72.9,1
100.0,1242.2,0.0047,0.0,0.6,-3.3,-2.3,0.0,47.0,9303.0,97.5,1
66.68,1031.4,0.0197,0.12,22.9,10.4,-8.6,0.659,74.5,8386.0,43.7,1
88.55,1994.7,0.0097,0.114,14.7,1.7,0.1,0.482,53.7,1479.0,70.8,0
100.0,1386.9,0.0114,0.0,-1.3,-0.4,2.2,0.0,270.5,757.0,86.5,1
75.88,1430.4,0.0491,0.302,21.3,4.9,-5.3,0.174,140.6,285.0,51.2,0
96.02,1673.0,0.0275,0.0,1.6,2.8,-0.8,0.029,280.5,10402.0,73.8,1
38.76,482.8,0.013,0.039,32.8,17.2,-9.3,1.99,124.1,1830.0,88.7,2
57.47,716.3,0.0079,0.02,20.7,13.6,-9.0,0.893,209.2,10144.0,50.5,1
39.66,804.6,0.0057,0.02,33.9,19.2,-11.7,1.73,191.0,1912.0,73.8,2
98.92,1669.7,0.0148,0.0,2.7,-1.0,2.2,0.0,86.0,2310.0,69.3,0
89.61,1720.8,0.0368,0.105,-2.6,0.8,-1.8,0.0,147.6,3.0,81.6,1
93.89,1583.0,0.0174,0.0,1.1,5.1,1.1,0.0,205.6,14793.0,72.9,1
85.75,1503.1,0.0481,0.143,9.4,8.4,-1.2,0.0,137.9,1895.0,97.6,1
46.01,970.9,0.0084,0.259,22.9,16.3,-7.3,0.998,156.6,6591.0,67.1,2
100.0,1714.3,0.0092,0.0,9.7,-2.5,-1.3,0.0,48.7,2837.0,63.4,0
45.62,656.5,0.0095,0.035,32.2,15.9,-10.5,1.24,295.3,8795.0,94.2,2
70.12,1598.7,0.0141,0.04,12.6,15.6,-4.0,0.0,56.5,6062.0,41.6,1
97.49,1786.2,0.0085,0.0,6.8,-1.8,-0.3,0.0,219.0,13533.0,42.9,0
96.49,1441.6,0.0248,0.0,-1.2,1.1,-1.0,0.0,164.4,2719.0,52.5,0
100.0,1745.5,0.0092,0.0,-4.4,3.8,1.0,0.069,195.8,6114.0,44.9,0
84.19,1615.8,0.01,0.133,6.4,7.3,-3.7,0.0,52.9,3559.0,62.0,0
55.57,702.3,0.0034,0.205,24.5,12.5,-6.5,1.461,151.4,6185.0,77.4,2
88.12,1707.7,0.0131,0.104,8.9,1.5,-5.2,0.0,54.5,3056.0,73.1,1
78.15,1815.3,0.0221,0.123,8.5,7.8,0.7,0.942,103.2,9133.0,90.3,1
63.04,844.6,0.0382,0.105,20.2,14.4,-8.1,1.02,135.0,831.0,79.2,2
100.0,1839.6,0.0101,0.0,2.7,7.6,-0.9,0.0,294.6,12049.0,76.2,1
77.79,1486.8,0.0106,0.262,10.3,4.6,-2.9,0.233,122.2,5498.0,75.9,1
61.91,957.6,0.0068,0.059,19.2,10.9,-6.0,1.522,247.4,3183.0,93.5,2
73.74,1540.4,0.0298,0.077,13.3,9.0,-2.3,0.0,113.5,9787.0,59.8,1
35.93,532.2,0.0217,0.248,34.3,16.3,-10.1,1.527,191.8,4868.0,57.4,2
60.64,928.5,0.0037,0.101,12.6,13.3,-8.4,0.788,91.7,8978.0,48.1,1
86.65,1937.6,0.0121,0.11,0.8,3.4,-2.8,1.048,199.5,13011.0,82.9,1
45.24,940.8,0.0127,0.011,33.2,19.8,-11.4,1.665,119.0,118.0,91.0,2
88.85,1749.4,0.0217,0.043,-2.5,0.8,-3.4,0.0,128.8,11030.0,98.5,1
13.89,226.3,0.0023,0.092,43.8,22.2,-13.7,2.329,101.6,12045.0,97.9,2
53.07,1031.9,0.0051,0.02,25.4,20.1,-8.3,0.84,286.8,8752.0,56.3,1
83.87,1142.0,0.0128,0.068,-0.4,7.9,0.5,0.0,252.9,5271.0,94.1,1
54.51,1176.0,0.0558,0.044,27.1,18.3,-8.3,0.902,197.5,10148.0,61.9,1
79.51,1243.6,0.0106,0.157,8.7,9.4,-7.7,0.784,39.3,6245.0,92.1,1
100.0,2099.6,0.0065,0.0,-0.4,1.2,5.0,0.0,114.1,1328.0,49.8,0
100.0,1800.5,0.0133,0.0,2.7,-2.7,-0.9,0.0,251.9,10065.0,76.8,1
100.0,1794.5,0.0419,0.0,6.7,-2.6,-1.0,0.143,138.1,14057.0,72.5,1
100.0,1979.4,0.0213,0.0,2.5,-1.3,3.3,0.0,112.9,9805.0,100.0,1
96.16,2137.7,0.0376,0.0,3.8,1.3,0.9,0.779,248.6,6215.0,79.1,1
73.44,1070.3,0.0504,0.018,11.8,9.7,-6.4,0.231,194.5,5764.0,50.5,1
100.0,1594.8,0.021,0.0,3.7,-2.7,-0.6,0.0,279.1,13355.0,54.7,0
61.13,1002.6,0.024,0.096,23.7,14.3,-4.1,0.546,229.6,3041.0,71.6,2
100.0,1953.2,0.0247,0.0,5.9,-1.4,-1.7,0.0,87.2,2786.0,92.2,1
64.53,844.0,0.0024,0.015,14.9,12.7,-7.8,0.66,140.9,10576.0,68.4,2
9.71,140.2,0.0021,0.02,47.8,28.5,-15.0,1.836,167.0,9668.0,43.4,2
100.0,1386.3,0.0397,0.0,3.2,2.0,3.3,0.0,154.3,13313.0,51.4,0
78.05,1574.9,0.0295,0.01,7.9,6.3,-3.6,1.387,212.4,5264.0,41.6,0
100.0,1874.9,0.0097,0.0,3.1,-0.1,-0.7,0.0,286.9,354.0,73.4,1
46.82,1221.0,0.0074,0.142,32.3,14.6,-9.9,1.34,41.4,3102.0,98.1,2
43.26,949.3,0.0275,0.24,30.1,15.1,-13.1,2.049,289.4,10548.0,81.3,2
95.13,1423.8,0.0506,0.0,-6.0,6.8,-0.9,0.03,108.4,12682.0,82.6,2
100.0,1802.4,0.018,0.0,9.6,2.0,-1.6,0.375,118.2,4309.0,89.2,1
49.72,904.2,0.0165,0.247,30.8,10.7,-11.7,2.12,257.5,10108.0,80.2,2
100.0,1822.6,0.0093,0.0,-0.2,-3.3,-3.6,0.0,41.2,10714.0,60.9,0
44.49,997.5,0.022,0.076,30.5,18.9,-7.0,0.582,237.7,3718.0,68.1,2
100.0,2071.1,0.0169,0.0,-2.2,-1.6,1.3,0.73,54.3,9716.0,52.7,0
72.97,879.5,0.0466,0.051,20.2,4.6,-3.7,1.442,268.5,12138.0,51.2,1
50.22,679.3,0.0055,0.054,28.2,19.2,-7.5,1.598,223.5,12023.0,98.2,2
100.0,1969.3,0.0198,0.0,-2.9,3.2,-0.6,0.039,131.9,6841.0,67.7,0
40.4,740.7,0.0153,0.026,31.8,20.3,-10.8,2.223,218.5,12420.0,89.0,2
92.56,1759.7,0.0233,0.0,6.9,3.5,-2.8,0.0,260.1,8540.0,48.7,0
100.0,1608.0,0.0238,0.0,9.8,-2.5,2.2,0.304,138.6,7633.0,41.0,0
90.69,1479.0,0.0687,0.0,4.9,6.1,-2.5,0.0,246.9,570.0,57.5,1
100.0,1803.9,0.0237,0.0,1.1,-2.0,-2.2,0.0,279.6,10035.0,47.4,0
33.97,488.2,0.0161,0.113,29.9,26.3,-13.8,0.798,54.2,13486.0,70.7,2
60.05,1022.3,0.0228,0.015,18.7,11.8,-5.9,0.763,290.9,8691.0,74.0,2
32.51,326.5,0.0013,0.016,34.3,15.3,-13.1,2.706,253.3,11329.0,57.9,2
64.4,1076.5,0.0014,0.118,12.0,8.7,-6.8,0.392,147.7,13202.0,98.8,2
93.2,1642.2,0.017,0.0,2.1,2.9,2.2,0.0,284.7,3487.0,81.1,1
60.53,1058.4,0.0323,0.011,26.9,15.4,-6.0,1.058,31.8,5327.0,58.6,1
93.75,1927.4,0.0061,0.0,4.4,-1.1,1.3,0.0,249.6,7868.0,98.7,1
54.51,765.4,0.0084,0.078,17.7,11.4,-13.7,1.589,126.1,7377.0,79.8,2
66.55,1402.6,0.0145,0.018,17.7,11.3,-7.6,0.312,150.8,13034.0,79.8,2
100.0,1772.8,0.0015,0.0,-7.2,1.8,-0.9,0.0,140.4,2678.0,48.4,0
45.44,852.4,0.0235,0.039,23.6,22.4,-6.9,1.429,225.6,6262.0,47.0,2
83.08,1735.3,0.0101,0.567,10.1,0.4,-5.3,0.695,152.5,10690.0,45.3,0
39.86,619.7,0.0027,0.006,32.3,17.3,-11.6,0.643,256.6,9210.0,90.6,2
100.0,1948.3,0.0096,0.0,-5.6,0.7,0.7,0.0,167.7,6049.0,93.8,1
48.41,511.8,0.0206,0.048,31.4,12.7,-9.6,0.436,243.2,825.0,43.6,2
55.41,1025.8,0.0598,0.109,23.5,9.0,-7.6,0.03,263.6,8128.0,49.1,1
100.0,1566.8,0.0068,0.0,7.0,-1.9,3.2,0.0,52.5,8803.0,84.6,1
84.62,1430.5,0.0147,0.148,15.0,9.7,-2.5,0.0,169.4,11780.0,54.7,0
53.46,1066.4,0.0021,0.324,23.7,14.6,-6.9,1.674,250.5,6424.0,65.5,2
89.08,1615.4,0.0497,0.334,1.3,0.8,-2.5,0.42,156.3,9722.0,77.9,1
77.11,1121.9,0.0071,0.17,20.8,5.0,-2.5,0.291,44.0,8886.0,62.5,0
58.26,1430.0,0.0096,0.045,23.8,15.3,-11.5,1.616,231.6,8547.0,67.9,2
90.0,1393.2,0.0264,0.142,12.1,2.3,0.6,0.582,121.7,11906.0,76.3,1
63.13,1300.2,0.0047,0.019,22.4,10.3,-5.3,0.0,81.8,5434.0,69.5,2
36.61,652.1,0.0321,0.217,34.4,17.2,-11.9,2.072,181.1,6261.0,81.2,2
100.0,1589.8,0.0053,0.0,2.6,-3.5,-1.4,0.0,112.2,9135.0,71.4,0
100.0,1490.9,0.0037,0.0,3.1,-1.5,-0.3,0.273,71.1,13412.0,58.3,0
76.61,1207.9,0.0453,0.147,8.0,13.3,-4.2,0.298,118.4,11074.0,68.8,0
100.0,1495.5,0.0041,0.0,-8.0,0.0,0.9,0.0,100.3,12301.0,94.9,1
92.82,1631.5,0.0047,0.0,1.5,2.9,1.1,0.0,144.0,2702.0,86.4,1
92.95,1510.6,0.0059,0.0,8.8,1.2,-3.7,0.683,143.0,7861.0,77.4,1
14.97,145.0,0.0097,0.104,48.9,21.6,-15.9,2.84,242.6,2950.0,60.7,2
100.0,1886.2,0.0118,0.0,-7.4,4.5,-3.6,0.156,240.7,1034.0,59.1,0
96.49,1897.1,0.0092,0.0,0.5,4.9,-1.5,0.067,99.4,2806.0,43.8,0
100.0,1460.1,0.0089,0.0,-1.5,-0.4,-0.5,0.0,38.7,14468.0,96.5,1
100.0,1935.5,0.0407,0.0,-1.8,-0.0,3.4,0.0,177.6,1699.0,66.8,0
100.0,1456.3,0.0078,0.0,-6.6,2.6,-1.2,0.0,95.0,1538.0,87.1,1
100.0,1555.9,0.0134,0.0,-0.1,-3.8,1.6,0.261,130.0,7641.0,45.0,0
87.22,1532.9,0.0369,0.096,7.2,3.1,-2.0,0.018,260.6,11353.0,95.8,1
54.27,945.1,0.0387,0.003,25.8,13.0,-5.6,1.972,252.3,12660.0,71.4,2
45.18,1009.3,0.017,0.086,29.5,11.3,-7.7,1.444,178.6,11754.0,76.5,2
26.94,0.0,0.1044,0.331,46.9,20.8,-12.5,1.733,51.0,5981.0,96.0,3
38.75,477.9,0.0222,0.018,31.7,19.2,-14.2,1.405,94.9,3950.0,80.5,2
84.69,1326.3,0.0018,0.152,15.0,4.9,-2.6,0.0,111.6,7840.0,94.4,1
77.31,1040.9,0.0218,0.011,18.5,1.1,-6.2,0.0,248.8,11478.0,85.3,1
97.32,1545.3,0.0002,0.0,-2.4,1.0,0.5,0.0,238.6,3330.0,95.7,1
100.0,1899.5,0.0337,0.0,-2.4,2.6,2.1,0.0,215.5,4017.0,50.4,0
97.41,1954.4,0.0108,0.0,5.8,5.1,-5.3,0.062,265.5,2563.0,41.1,0
96.81,1638.0,0.0134,0.0,2.9,-2.6,-2.7,0.314,81.3,1306.0,79.8,1
92.59,2036.0,0.0363,0.0,5.3,3.4,-2.6,0.0,194.0,12007.0,90.6,1
100.0,1734.4,0.0719,0.0,-10.7,-3.0,-1.6,0.0,281.2,2281.0,69.4,2
58.17,1334.4,0.0446,0.022,20.8,14.2,-6.6,1.78,154.6,7719.0,95.2,2
100.0,1544.8,0.0027,0.0,1.4,-3.5,-1.8,0.0,154.4,13806.0,80.6,1
100.0,1854.1,0.0063,0.0,1.8,-2.7,-0.1,1.231,113.6,8230.0,53.4,0
67.71,1315.0,0.0105,0.042,11.0,14.3,-3.8,0.423,100.5,9591.0,85.9,2
100.0,2080.3,0.0172,0.0,-2.6,-0.8,0.6,0.178,130.1,7115.0,78.4,1
81.02,1543.1,0.0015,0.473,15.6,5.9,-3.0,0.617,175.2,1100.0,98.4,1
74.72,1111.3,0.0199,0.107,17.3,11.5,-1.7,0.983,101.7,772.0,42.1,1
100.0,2064.7,0.0308,0.0,2.8,-0.7,-0.7,0.0,34.3,4024.0,75.7,1
63.84,1162.7,0.0153,0.165,20.1,8.3,-3.1,0.497,211.9,11899.0,75.4,2
78.3,1296.9,0.0106,0.083,11.0,6.4,-4.7,0.655,160.8,4579.0,81.6,1
73.37,1106.7,0.0034,0.077,11.1,6.0,-2.9,0.783,121.0,5495.0,76.8,2
48.69,899.4,0.0007,0.129,24.2,13.6,-9.5,1.258,161.0,9622.0,68.7,2
76.7,1242.4,0.0011,0.153,10.6,5.1,-3.3,0.0,50.0,11748.0,44.1,0
53.59,960.8,0.003,0.034,32.7,11.2,-7.5,1.056,44.9,4716.0,79.0,2
55.01,771.5,0.0032,0.444,24.7,13.3,-8.2,1.457,65.5,9858.0,78.9,2
75.43,951.4,0.001,0.048,15.5,1.4,-3.8,0.403,42.9,6459.0,84.2,1
34.68,627.8,0.0027,0.098,49.5,16.7,-12.5,1.061,116.8,13893.0,76.7,2
100.0,2031.0,0.0134,0.0,4.1,-1.4,-2.5,0.0,203.6,2145.0,43.4,0
100.0,1828.2,0.0087,0.0,-2.5,5.3,0.0,0.0,94.6,8586.0,82.8,1
80.16,1081.1,0.0173,0.158,13.2,3.0,-5.0,0.62,280.8,11812.0,51.7,0
100.0,1825.8,0.0275,0.0,4.0,-0.3,-1.9,0.0,115.9,11417.0,72.0,1
100.0,1726.6,0.0,0.0,8.5,-1.2,-0.5,0.0,190.3,1841.0,97.6,1
100.0,1650.5,0.0231,0.0,-4.0,1.7,4.8,0.0,200.6,13602.0,79.8,1
83.41,1434.9,0.0231,0.041,15.3,0.5,-6.1,0.0,225.6,11085.0,64.1,0
52.17,757.0,0.0125,0.228,23.1,6.4,-8.7,1.57,237.5,11813.0,61.8,1
38.82,634.6,0.0003,0.014,39.0,20.1,-10.5,1.995,102.2,5607.0,57.0,2
100.0,1631.7,0.0168,0.0,7.2,1.7,0.7,0.433,189.3,14601.0,60.9,0
74.07,1270.7,0.0361,0.027,9.7,9.1,-7.8,0.0,288.1,10338.0,42.2,1
93.54,1680.6,0.0267,0.0,6.3,-1.2,0.6,0.0,48.5,7542.0,57.2,0
100.0,1661.5,0.0013,0.0,16.3,-3.8,-1.4,0.0,46.8,2861.0,82.2,1
94.3,1378.7,0.0256,0.0,-0.9,-1.8,1.0,0.0,87.9,3102.0,55.5,0
87.13,1380.2,0.0095,0.038,5.7,1.9,-2.4,0.68,81.6,2517.0,75.9,1
99.95,1872.7,0.0061,0.0,4.9,3.5,1.5,0.0,268.0,1883.0,58.9,0
37.37,603.6,0.0092,0.093,41.2,19.0,-10.3,1.264,192.9,2975.0,86.9,2
93.14,1598.2,0.0004,0.0,1.4,-1.4,0.2,0.0,163.2,11793.0,52.1,0
97.92,1861.2,0.0118,0.0,2.6,1.0,-3.4,0.0,150.5,9044.0,96.0,1
63.44,875.0,0.0082,0.015,25.0,7.7,-6.3,0.568,270.4,6689.0,40.3,1
57.33,981.4,0.1156,0.047,15.8,13.8,-11.9,0.23,200.7,9330.0,59.1,1
55.7,582.2,0.0191,0.045,17.3,18.6,-7.3,1.168,230.7,7281.0,96.9,2
100.0,1839.3,0.0165,0.0,-2.1,6.5,0.5,1.017,46.1,4576.0,49.8,0
84.26,1620.2,0.0669,0.131,4.3,4.5,-3.2,0.129,160.2,9451.0,43.4,1
62.85,1561.8,0.0015,0.163,22.7,10.7,-5.9,1.369,248.9,3710.0,53.3,1
96.19,1770.4,0.0051,0.0,-0.7,-2.6,0.7,0.734,203.8,3903.0,97.9,1
62.11,861.7,0.0254,0.08,17.4,11.1,-5.4,1.551,245.4,4863.0,91.8,2
53.7,890.0,0.0246,0.128,25.6,10.8,-9.3,1.167,91.4,6470.0,60.6,1
100.0,1651.5,0.0043,0.0,2.3,0.9,1.4,0.0,100.3,14575.0,43.6,0
69.43,1369.9,0.0147,0.165,17.1,8.6,-3.8,1.809,74.9,973.0,43.0,1
59.55,914.3,0.0592,0.002,26.7,15.1,-8.3,0.849,69.2,5075.0,96.7,2
97.6,1677.0,0.0066,0.0,8.1,-0.1,-1.6,0.017,199.1,5102.0,73.0,1
92.6,2067.7,0.0257,0.0,7.9,2.8,1.0,0.0,267.1,3308.0,95.4,1
100.0,1838.2,0.0256,0.0,-2.1,-6.7,0.5,0.0,265.4,6929.0,98.9,1
100.0,1877.6,0.015,0.0,-5.7,-6.5,1.5,0.0,189.5,8372.0,60.3,0
97.27,1422.0,0.0206,0.0,3.8,-1.0,0.7,0.0,209.1,10524.0,64.8,0
95.53,1835.2,0.0238,0.0,8.3,2.0,-2.7,0.0,95.9,393.0,68.9,0
51.78,868.7,0.0035,0.087,23.3,11.4,-7.6,1.134,103.6,8999.0,41.7,1
100.0,2004.9,0.0013,0.0,6.9,-2.8,0.8,1.174,78.5,7821.0,65.5,0
88.66,1883.5,0.0065,0.206,9.0,2.5,-1.7,0.593,93.6,6234.0,74.6,1
100.0,1408.8,0.036,0.0,-3.7,-0.7,1.2,0.49,299.3,414.0,85.7,1
41.59,762.7,0.0011,0.104,42.8,15.7,-14.1,0.777,204.7,6039.0,50.0,2
42.24,1117.6,0.0325,0.028,22.8,21.1,-10.7,1.248,155.4,13810.0,86.9,2
100.0,1407.4,0.0065,0.0,2.0,-0.3,1.9,0.182,165.5,6498.0,48.7,0
35.63,601.9,0.0185,0.128,34.9,15.6,-13.3,1.631,37.4,12146.0,91.9,2
84.81,1768.6,0.0123,0.235,13.3,3.6,-9.0,1.1,34.7,9268.0,65.0,0
89.08,1604.9,0.029,0.007,6.4,0.6,-4.3,0.408,71.5,13414.0,55.0,0
29.12,261.0,0.0108,0.108,30.3,22.6,-13.3,2.075,225.9,10314.0,74.8,2
100.0,2069.3,0.0474,0.0,-9.8,-0.4,0.4,0.0,220.4,7529.0,90.8,1
85.95,1856.2,0.0208,0.189,8.4,5.0,-1.6,0.386,103.0,10939.0,47.4,0
100.0,1729.7,0.0156,0.0,-5.0,6.5,0.6,0.0,291.7,7244.0,48.2,0
100.0,2205.3,0.0055,0.0,0.2,-6.1,-0.9,0.0,277.3,6540.0,75.2,1
63.21,1232.9,0.049,0.041,16.7,11.7,-3.9,0.554,241.7,12668.0,52.3,1
27.19,585.3,0.0116,0.206,33.5,21.4,-15.0,1.102,65.6,10605.0,70.2,2
58.11,1033.4,0.0005,0.006,19.7,15.5,-7.5,0.972,213.3,3791.0,92.4,2
81.37,1461.3,0.043,0.019,6.1,1.8,-6.8,0.0,165.7,9311.0,77.6,1
100.0,1812.1,0.0107,0.0,6.4,-8.6,0.8,0.157,229.0,8155.0,78.9,1
52.07,679.7,0.0106,0.245,37.9,12.7,-6.8,1.551,264.0,14864.0,88.8,2
91.86,1719.7,0.0011,0.0,9.0,4.4,0.5,0.88,79.5,9866.0,62.8,0
38.79,501.6,0.0286,0.235,36.9,19.3,-10.3,0.898,44.7,9315.0,71.6,2
100.0,1835.8,0.0161,0.0,-2.7,-0.6,2.5,0.045,182.0,9211.0,57.7,0
80.97,1478.6,0.0187,0.014,8.4,6.8,-1.3,0.0,77.9,9082.0,66.5,0
88.61,1352.7,0.0025,0.246,1.9,1.2,-2.0,0.222,58.8,9404.0,52.4,0
62.31,816.1,0.045,0.081,20.3,11.6,-7.0,0.059,85.5,356.0,71.1,2
79.64,1773.0,0.0358,0.024,11.5,1.9,-3.4,0.147,192.3,324.0,71.3,0
98.8,1925.2,0.0079,0.0,4.1,-0.4,-1.5,0.204,135.0,11509.0,71.4,0
93.58,1728.8,0.0057,0.0,5.0,2.7,-3.5,0.557,126.7,1528.0,91.6,1
61.71,1227.2,0.0164,0.058,20.1,10.3,-4.4,0.336,151.9,2154.0,82.6,2
67.43,1086.2,0.0569,0.082,17.3,6.5,-4.4,0.899,128.8,10831.0,90.6,2
89.4,1358.2,0.0257,0.019,3.6,4.9,-1.1,0.0,219.5,9691.0,65.7,0
75.11,1550.0,0.0093,0.052,11.8,8.4,-6.7,0.457,296.9,11088.0,99.1,1
100.0,1936.2,0.0212,0.0,0.3,-0.9,-3.5,0.0,276.9,10458.0,50.5,0
100.0,1559.9,0.034,0.0,-0.6,-0.8,-1.4,0.063,217.6,3149.0,52.0,0
100.0,1717.5,0.0148,0.0,-4.3,6.0,3.0,0.0,116.2,14740.0,77.8,1
48.2,499.0,0.0077,0.082,30.6,17.5,-9.6,0.799,298.2,9239.0,87.2,2
100.0,2155.4,0.0441,0.0,4.1,-2.7,2.1,0.414,59.6,6886.0,58.9,0
69.79,1124.2,0.0023,0.371,10.2,6.6,-5.9,0.96,63.3,6355.0,59.8,1
100.0,1963.5,0.0266,0.0,12.5,2.4,0.6,0.0,255.7,9906.0,80.4,1
100.0,1714.7,0.0252,0.0,2.6,-1.6,0.9,0.0,42.4,947.0,98.8,1
88.24,1584.3,0.016,0.134,5.0,-1.8,0.6,0.0,216.9,13475.0,40.0,0
100.0,1992.4,0.03,0.0,-6.0,-0.5,-0.6,0.0,231.2,11440.0,45.7,0
70.99,1303.0,0.0049,0.17,16.8,11.7,-3.1,0.878,253.2,2321.0,84.5,2
95.04,1762.9,0.0628,0.0,3.0,-1.1,0.0,0.209,132.7,12184.0,67.8,2
63.78,972.3,0.0011,0.102,15.4,15.9,-5.6,0.508,172.3,6360.0,69.0,2
60.95,1605.6,0.0109,0.143,20.8,11.0,-10.9,0.955,297.7,12981.0,64.9,1
100.0,1390.8,0.0114,0.0,12.5,3.2,-2.9,0.044,100.9,14617.0,79.4,1
100.0,1496.0,0.0881,0.0,0.0,-0.8,0.6,0.0,44.3,11120.0,67.3,2
100.0,1859.3,0.0093,0.0,5.7,3.2,-0.0,0.0,70.4,8710.0,74.5,1
100.0,2144.8,0.0012,0.0,-2.3,-1.0,3.4,0.418,195.6,5244.0,91.8,1
77.28,1429.0,0.023,0.154,17.5,4.6,-5.6,0.389,212.1,7241.0,45.6,0
100.0,1748.1,0.0028,0.0,-0.6,-2.7,-0.1,0.0,145.9,5722.0,43.6,0
100.0,1553.6,0.0274,0.0,2.1,0.4,2.1,0.0,164.0,13233.0,52.3,0
28.31,398.4,0.0231,0.138,47.6,21.2,-12.7,1.003,186.5,4356.0,84.1,2
54.28,985.8,0.0624,0.069,22.4,9.6,-11.9,1.203,264.5,13276.0,53.8,1
77.89,1642.3,0.0133,0.067,7.7,5.0,-2.5,1.204,112.1,11335.0,48.8,0
100.0,2360.2,0.0118,0.0,2.5,-0.9,0.9,0.0,60.7,9025.0,65.6,0
100.0,1881.1,0.0067,0.0,-2.5,-1.7,0.7,0.0,123.5,10408.0,72.5,1
37.83,853.5,0.0281,0.03,38.8,16.7,-12.9,1.73,52.3,7495.0,91.7,2
77.98,1460.1,0.0024,0.006,9.7,9.1,-3.4,0.776,282.8,6913.0,72.0,1
61.49,1089.2,0.0331,0.172,21.9,12.6,-9.1,0.73,173.8,13392.0,42.6,1
81.55,1445.1,0.0165,0.273,4.2,7.1,-4.3,0.0,72.0,2453.0,48.9,0
88.81,1583.8,0.0255,0.206,2.4,0.1,-2.3,0.007,62.9,9285.0,56.9,0
88.04,1657.2,0.0366,0.178,-4.3,-1.0,-3.2,0.0,223.3,10303.0,58.6,0
88.36,1468.8,0.0149,0.011,6.2,3.8,-0.4,0.729,194.7,13160.0,51.2,0
100.0,1553.2,0.0075,0.0,1.1,1.1,-1.7,0.0,76.4,7367.0,52.8,0
100.0,1741.4,0.0308,0.0,-9.0,-3.2,1.8,0.0,191.6,5842.0,94.7,1
53.16,1052.2,0.0097,0.056,29.3,15.5,-7.8,1.319,113.1,14761.0,81.3,2
88.04,1661.3,0.0287,0.105,6.4,3.7,-3.0,0.874,109.5,14553.0,40.8,0
75.07,1338.2,0.0252,0.008,5.9,11.9,-3.0,0.641,150.7,13565.0,83.2,1
67.97,1301.3,0.0063,0.03,12.9,11.7,-7.5,1.016,156.6,4301.0,49.2,1
74.59,999.0,0.0023,0.092,16.8,10.1,-4.3,0.782,182.6,2595.0,91.6,2
66.43,960.9,0.0442,0.295,17.2,11.4,-8.4,0.422,129.0,6362.0,62.9,1
98.22,1675.0,0.0144,0.0,1.3,3.4,0.4,0.0,267.0,14028.0,59.5,0
51.14,451.8,0.0247,0.047,20.1,19.8,-13.3,0.83,159.2,10091.0,58.1,1
72.02,1012.0,0.022,0.042,12.0,6.7,-5.2,0.493,260.4,14180.0,44.0,1
58.17,1065.1,0.0001,0.038,24.5,10.2,-3.6,0.993,85.8,1790.0,75.5,2
68.6,1353.6,0.0381,0.067,16.5,14.7,-4.7,0.236,42.8,7854.0,48.5,1
89.43,1234.0,0.0171,0.274,-3.4,5.0,-1.0,0.997,99.5,3985.0,94.5,1
100.0,1744.4,0.0409,0.0,-2.4,2.9,-4.3,0.0,266.1,13694.0,91.5,1
100.0,1670.0,0.0221,0.0,-1.9,-1.8,1.1,0.763,75.5,5679.0,63.5,0
75.15,1437.6,0.0166,0.017,15.5,3.4,-2.3,0.421,91.2,8885.0,80.3,1
16.15,542.9,0.0033,0.017,41.6,25.3,-13.3,1.202,211.1,154.0,45.9,2
41.84,604.4,0.0868,0.116,36.1,15.7,-11.8,1.999,106.6,3935.0,51.4,2
69.61,1071.9,0.0068,0.021,20.4,9.6,-9.4,0.628,140.5,5277.0,54.5,1
99.77,1771.2,0.0262,0.0,1.2,1.3,-0.4,0.049,154.6,4976.0,53.0,0
43.62,890.8,0.0075,0.127,33.5,17.9,-12.8,1.217,223.4,13186.0,64.7,2
88.23,1390.5,0.0227,0.097,6.1,-0.8,-0.2,0.0,217.1,8881.0,97.0,1
72.51,1201.1,0.0274,0.019,14.7,4.7,-3.8,0.687,254.0,8227.0,91.6,2
100.0,1911.9,0.0237,0.0,3.4,-3.2,0.4,0.121,282.8,10588.0,46.4,0
57.08,919.7,0.0115,0.146,31.4,10.1,-5.5,1.057,153.2,11408.0,71.5,2
95.98,1532.6,0.0268,0.0,-0.3,-9.0,-0.1,0.419,30.2,11871.0,49.5,0
100.0,1631.0,0.002,0.0,-1.6,0.6,-0.5,0.0,42.7,2589.0,90.1,1
100.0,1595.6,0.0079,0.0,-5.3,1.7,-1.1,0.0,210.3,11557.0,68.3,0
100.0,1602.5,0.0031,0.0,-3.9,3.0,0.2,0.0,142.3,10329.0,77.6,1
57.02,1057.1,0.0115,0.254,25.6,12.9,-8.0,1.027,150.4,6480.0,83.1,2
33.76,741.0,0.0074,0.06,37.8,21.1,-12.7,1.093,56.5,617.0,76.4,2
75.76,1395.5,0.0543,0.002,18.1,4.4,-3.0,0.516,236.1,7602.0,99.2,2
100.0,1776.3,0.0053,0.0,-2.2,-3.1,1.0,0.0,42.6,1227.0,69.3,0
18.92,76.0,0.0106,0.089,49.3,15.6,-16.1,2.446,256.0,10989.0,48.9,2
100.0,1703.0,0.0021,0.0,7.3,4.0,-0.1,0.0,102.0,638.0,51.7,0
100.0,1896.5,0.0119,0.0,-1.3,3.6,0.1,0.0,40.1,13021.0,48.1,0
97.82,2269.5,0.0003,0.0,10.2,-1.5,1.0,0.682,245.9,2455.0,42.4,0
100.0,1596.5,0.0091,0.0,-4.8,3.8,2.1,0.519,298.3,1470.0,40.1,0
97.7,1380.7,0.0093,0.0,-0.8,2.6,-2.1,0.0,58.2,7135.0,51.8,0
100.0,1731.3,0.0168,0.0,1.7,-1.0,2.6,0.0,175.9,14572.0,92.5,1
100.0,1550.0,0.0014,0.0,2.0,1.0,2.1,0.0,149.2,11582.0,71.1,0
39.4,627.1,0.0252,0.209,31.7,18.7,-11.5,1.942,167.0,2120.0,55.7,2
54.96,702.7,0.0247,0.372,23.1,14.0,-6.4,1.105,162.9,14914.0,92.5,2
35.68,833.8,0.0185,0.117,29.2,14.5,-13.4,1.807,142.8,3754.0,95.0,2
100.0,1708.1,0.0015,0.0,9.9,-3.2,-0.5,0.0,197.8,14043.0,56.2,0
56.61,1229.7,0.0058,0.084,17.4,13.2,-4.0,0.754,51.3,353.0,62.0,1
100.0,1440.7,0.011,0.0,1.6,-2.9,-1.1,0.438,108.9,14107.0,91.7,1
70.99,1361.3,0.0004,0.111,12.4,1.5,-4.9,0.924,282.5,7462.0,64.3,1
100.0,1542.8,0.0451,0.0,-6.5,0.7,2.1,0.0,105.1,7684.0,98.5,1
59.76,1068.0,0.044,0.097,26.3,14.8,-2.9,1.678,106.4,12535.0,55.8,1
57.82,1006.5,0.052,0.156,18.8,10.1,-8.8,1.361,133.0,5728.0,60.8,1
85.37,1478.4,0.059,0.12,12.6,0.8,-3.1,1.369,131.6,1347.0,70.8,2
100.0,1817.7,0.0072,0.0,-3.9,-1.0,2.8,0.0,71.1,9144.0,58.9,0
51.95,936.4,0.0,0.065,28.8,15.1,-12.6,1.591,181.8,2849.0,97.1,2
77.99,1274.8,0.0229,0.105,21.6,5.2,-5.2,1.733,281.0,5500.0,89.5,1
77.08,802.4,0.003,0.158,12.0,8.7,-4.0,0.101,35.6,7251.0,62.6,0
71.59,1194.9,0.0049,0.024,13.0,9.8,-6.6,0.122,174.0,5855.0,57.7,1
73.39,1206.7,0.0066,0.197,10.3,8.8,-5.0,0.152,180.9,13415.0,81.0,2
100.0,1607.0,0.0331,0.0,2.8,1.7,-1.2,0.0,121.5,4458.0,80.5,1
85.75,1104.5,0.0199,0.075,9.6,2.5,-2.4,1.089,89.7,14359.0,70.2,0
52.44,861.7,0.0131,0.035,31.9,19.4,-9.2,1.423,81.2,11143.0,80.5,2
98.6,1536.3,0.0161,0.0,-5.8,-1.4,-3.2,0.0,48.5,8895.0,68.9,0
30.68,1100.5,0.0074,0.209,41.0,20.8,-14.1,1.928,191.6,591.0,62.6,2
83.71,1629.5,0.0203,0.025,5.1,2.4,-3.8,0.06,116.9,9709.0,69.3,0
100.0,1928.2,0.0044,0.0,-0.9,-4.5,-2.6,0.854,92.7,6795.0,46.2,0
38.46,798.8,0.0014,0.075,30.8,19.3,-7.5,0.822,53.1,3262.0,73.5,2
84.99,1601.2,0.0406,0.088,12.8,0.8,-4.9,0.117,58.8,2808.0,41.4,0
100.0,1733.4,0.0028,0.0,2.0,0.2,0.1,0.222,240.2,2653.0,66.7,0
100.0,1617.4,0.0161,0.0,-1.7,-2.2,-1.9,0.505,236.4,3206.0,91.0,1
100.0,1587.2,0.0031,0.0,-2.0,4.6,-0.7,0.0,249.0,14746.0,94.5,1
48.13,753.5,0.0067,0.024,32.6,15.4,-7.2,1.443,143.1,6152.0,56.8,2
100.0,2001.6,0.0083,0.0,-0.9,0.4,-0.3,0.659,150.5,1762.0,43.9,0
100.0,2002.9,0.0,0.0,-0.2,-2.0,-4.6,0.0,105.9,14691.0,41.5,0
100.0,1607.2,0.0273,0.0,1.7,-2.1,-1.4,0.775,155.4,688.0,64.5,0
78.53,1138.9,0.0116,0.099,10.6,7.8,0.5,0.332,150.1,8215.0,80.3,1
84.08,1456.3,0.0071,0.054,5.7,-0.7,-3.6,0.142,147.7,10455.0,91.4,1
74.2,1029.9,0.0082,0.006,16.2,6.7,-5.3,0.862,94.5,11518.0,43.9,1
93.07,1765.2,0.0198,0.0,-0.3,1.2,-0.3,0.0,31.9,11246.0,61.4,0
100.0,2046.4,0.0002,0.0,8.9,2.6,0.3,0.0,72.2,100.0,42.0,0
91.42,1571.1,0.0263,0.0,2.8,5.7,-6.7,0.916,282.9,11340.0,50.9,0
100.0,1806.7,0.028,0.0,4.3,0.5,-2.2,0.0,108.6,390.0,88.3,1
61.54,1238.9,0.0056,0.029,19.5,11.0,-6.4,1.873,55.7,6517.0,75.0,2
100.0,1431.2,0.0113,0.0,-5.5,8.6,-2.0,0.0,103.5,14371.0,82.9,1
100.0,1586.0,0.003,0.0,-0.3,-1.5,0.3,0.709,299.4,9026.0,48.4,0
92.24,1622.3,0.0372,0.0,-7.2,3.4,0.2,0.0,170.1,2708.0,86.2,1
100.0,1661.4,0.0182,0.0,1.7,-5.1,0.3,0.069,190.4,6701.0,66.8,0
82.41,1825.3,0.0496,0.017,3.8,1.3,0.0,0.879,286.1,11642.0,90.9,1
39.64,620.1,0.0196,0.085,31.4,22.9,-8.8,1.125,38.6,2446.0,48.5,2
60.8,1139.0,0.0017,0.002,21.8,4.9,-5.1,0.577,231.2,11028.0,56.5,1
100.0,1708.1,0.0295,0.0,-6.3,0.8,-1.1,0.0,143.7,316.0,89.3,1
65.53,1108.1,0.0109,0.033,20.4,5.4,-5.9,0.681,59.4,9878.0,47.7,1
100.0,1819.4,0.0166,0.0,-6.8,-2.8,0.0,0.017,127.3,5987.0,91.2,1
0.46,30.1,0.028,0.215,57.7,29.1,-18.0,2.466,195.3,14088.0,43.3,2
100.0,1693.8,0.0175,0.0,-6.7,1.2,1.2,0.205,202.7,8217.0,90.6,1
65.08,1502.2,0.0199,0.006,23.7,8.0,-5.8,1.129,205.6,12272.0,99.5,2
67.98,879.1,0.0051,0.131,18.5,7.1,-5.6,1.414,210.3,1559.0,98.7,2
80.6,1493.4,0.0107,0.025,9.2,2.7,-3.1,0.569,131.8,7457.0,94.7,1
83.81,1628.8,0.0017,0.014,0.4,5.3,0.5,0.1,237.0,2471.0,82.9,1
47.35,773.6,0.0145,0.062,44.7,14.0,-8.3,2.063,171.2,9002.0,91.0,2
24.87,381.5,0.0022,0.01,37.2,28.1,-13.9,1.431,107.6,10958.0,63.6,2
39.19,1116.8,0.0025,0.198,28.3,18.1,-11.3,1.247,37.7,2293.0,54.1,2
94.02,1657.5,0.0057,0.0,1.8,-3.4,-3.1,0.06,206.4,7312.0,67.0,0
96.81,1630.6,0.0137,0.0,5.5,1.5,-1.8,0.0,264.2,3858.0,97.8,1
73.64,1159.0,0.0083,0.008,10.5,6.7,-5.7,1.294,288.3,4312.0,53.9,1
63.3,1072.2,0.0157,0.018,17.9,10.8,-8.2,2.008,230.3,11902.0,70.0,2
100.0,1859.9,0.0032,0.0,-2.7,0.8,3.4,0.04,157.9,9884.0,42.1,0
63.59,996.3,0.0013,0.02,31.4,12.3,-6.3,1.361,168.8,4011.0,47.6,1
100.0,2133.5,0.0258,0.0,-2.5,-0.6,-2.2,0.269,78.6,10269.0,88.9,1
100.0,1915.0,0.009,0.0,-14.7,-1.0,0.1,0.024,249.3,8027.0,78.7,1
49.01,969.2,0.0007,0.017,27.7,17.7,-9.6,1.633,66.7,12168.0,52.7,2
100.0,1746.5,0.006,0.0,2.6,-0.9,-0.4,0.0,128.6,10545.0,81.0,1
77.06,1034.1,0.0107,0.105,11.0,9.0,-3.4,0.0,113.8,14225.0,89.9,1
65.91,769.4,0.0009,0.166,15.4,7.5,-5.9,1.45,157.4,286.0,51.9,1
100.0,2031.3,0.0086,0.0,-1.7,3.4,-2.0,0.212,263.6,909.0,54.2,0
84.89,1524.5,0.0055,0.056,1.3,4.4,-3.6,0.475,158.2,9897.0,98.5,1
100.0,1609.6,0.0086,0.0,-3.1,1.2,-2.4,0.0,205.0,2813.0,41.5,0
87.97,1453.9,0.0479,0.002,9.9,3.5,-2.1,0.197,209.7,483.0,47.0,0
90.85,1535.5,0.0323,0.0,10.8,3.2,-0.9,0.668,87.9,7107.0,77.9,1
89.61,1660.8,0.03,0.038,8.4,10.0,-1.2,0.0,110.9,4635.0,49.6,0
50.66,636.1,0.0044,0.016,24.5,17.4,-9.4,1.04,210.8,10198.0,76.3,2
96.12,1940.4,0.0117,0.0,4.6,4.0,-0.9,0.0,145.5,5023.0,52.5,0
75.12,1254.2,0.0071,0.071,10.7,10.3,-3.4,0.01,105.6,588.0,63.7,0
100.0,2089.5,0.0136,0.0,9.6,0.6,2.2,0.0,151.1,7115.0,55.4,0
100.0,1799.9,0.002,0.0,4.8,-2.3,0.3,0.439,260.5,9674.0,78.2,1
90.6,1981.1,0.0353,0.0,9.1,3.7,-3.0,0.0,150.1,1797.0,53.8,0
61.24,1243.9,0.0364,0.17,27.4,14.4,-5.3,0.925,154.9,5181.0,42.7,1
54.78,1237.0,0.0114,0.001,22.5,5.7,-7.8,2.217,107.0,3328.0,75.3,2
86.64,1538.7,0.0304,0.102,14.9,1.5,-2.4,0.642,119.7,3396.0,93.9,1
81.22,1685.8,0.0335,0.074,20.2,5.7,-3.8,0.705,216.8,14558.0,68.0,0
72.29,1100.3,0.0011,0.529,11.2,4.7,-5.6,0.706,68.9,9679.0,85.7,2
32.92,440.7,0.0144,0.004,40.4,18.6,-11.7,1.278,160.2,8043.0,64.3,2
100.0,1828.6,0.006,0.0,4.6,-2.2,-1.3,0.0,296.5,8529.0,87.6,1
39.41,617.4,0.0436,0.056,34.8,15.1,-9.9,1.488,173.6,8448.0,95.8,2
100.0,1813.8,0.0032,0.0,2.5,5.3,5.0,0.0,259.9,11795.0,42.1,0
60.17,904.9,0.0276,0.047,24.3,7.9,-9.3,0.0,264.0,14460.0,94.1,2
80.07,1630.9,0.0232,0.52,12.3,2.5,-5.0,0.347,259.2,7560.0,79.5,1
77.37,1454.6,0.0083,0.001,20.0,6.1,-3.5,0.243,205.5,9234.0,65.5,0
100.0,1626.8,0.0005,0.0,-10.2,-3.3,-0.2,1.205,298.6,9308.0,55.2,0
47.41,246.7,0.0043,0.223,26.7,15.9,-7.4,1.25,202.9,7645.0,57.4,2
95.52,1474.9,0.0055,0.0,3.9,-0.7,-3.8,0.0,208.3,14535.0,82.6,1
55.26,895.3,0.027,0.047,19.9,14.7,-9.0,1.124,37.2,9128.0,61.5,1
86.28,1595.2,0.0002,0.025,7.8,4.4,-4.8,1.131,71.0,12456.0,42.9,0
69.75,1302.8,0.0405,0.265,22.2,11.5,-8.6,1.39,75.1,13361.0,96.7,2
100.0,1681.9,0.0131,0.0,0.8,-0.7,-2.0,1.102,212.6,5093.0,78.8,1
85.8,1407.4,0.0073,0.019,3.6,2.5,-2.6,0.82,191.7,12257.0,95.4,1
59.19,735.4,0.0421,0.003,39.0,12.8,-6.7,0.64,202.2,8188.0,98.5,2
20.0,409.2,0.0047,0.001,51.8,25.1,-13.9,2.33,50.4,11024.0,83.0,2
100.0,2157.2,0.0206,0.0,-0.3,-1.5,0.2,0.0,95.3,5226.0,68.8,0
66.48,985.5,0.0113,0.03,11.2,18.8,-9.6,0.118,118.3,4859.0,89.7,2
56.64,1111.1,0.0035,0.045,28.8,14.7,-5.1,1.059,181.7,6917.0,75.7,2
90.73,1802.8,0.0032,0.0,-4.3,0.9,-1.5,0.465,212.0,11660.0,96.2,1
100.0,1638.2,0.0046,0.0,6.6,-0.0,-1.3,0.0,208.1,8873.0,66.3,0
63.22,815.9,0.0713,0.001,18.5,8.4,-11.4,1.492,162.8,1537.0,70.6,2
94.92,1756.7,0.0002,0.0,6.6,4.5,1.9,0.0,202.7,13407.0,49.8,0
74.09,1481.8,0.0008,0.007,12.5,6.0,-6.3,0.993,274.7,8780.0,58.0,1
52.12,976.8,0.0193,0.096,12.0,14.3,-10.4,0.563,70.0,14962.0,81.5,2
58.27,1227.8,0.0128,0.195,29.1,16.8,-5.6,0.74,283.6,13455.0,78.2,2
79.68,1385.6,0.0079,0.022,8.1,4.9,-1.5,0.602,166.7,9559.0,51.0,0
47.94,807.1,0.0076,0.012,23.6,14.7,-6.7,0.225,163.0,11460.0,84.8,2
67.84,921.0,0.0044,0.021,25.7,11.8,-8.4,0.0,164.0,5334.0,67.8,2
100.0,1448.7,0.0259,0.0,3.2,-3.5,2.6,0.0,104.0,9716.0,69.7,0
67.38,1371.3,0.016,0.097,15.4,11.4,-6.6,0.827,267.9,6314.0,98.5,2
49.24,1026.9,0.0334,0.078,28.2,16.8,-9.9,0.321,132.3,11950.0,76.1,2
82.31,1632.9,0.0302,0.05,7.0,4.4,-1.4,0.345,240.8,3440.0,60.1,0
69.51,987.3,0.0566,0.101,19.7,6.2,-4.7,0.87,241.7,10238.0,64.5,1
59.28,1215.6,0.0152,0.142,24.6,12.2,-8.2,0.78,227.6,14872.0,88.1,2
100.0,1776.3,0.0053,0.0,-6.7,-3.9,1.4,0.154,57.8,2499.0,93.2,1
100.0,1750.9,0.0073,0.0,3.8,-0.1,-1.5,0.0,164.9,5957.0,51.0,0
62.57,1307.0,0.0359,0.15,23.5,7.8,-7.5,1.319,248.3,8638.0,91.5,2
100.0,1851.4,0.0165,0.0,5.4,2.7,1.6,0.0,97.4,13914.0,75.5,1
41.43,862.4,0.0344,0.201,32.5,17.8,-9.7,1.837,151.2,9534.0,69.5,2
22.81,129.1,0.023,0.083,40.5,24.4,-15.4,2.157,164.3,5973.0,57.6,2
66.79,955.8,0.0165,0.031,21.2,12.8,-6.5,0.743,248.0,10541.0,83.4,2
83.78,1363.9,0.0359,0.2,11.0,4.7,-3.9,0.737,172.6,625.0,48.9,0
100.0,1803.1,0.0005,0.0,5.1,-0.8,0.8,0.08,286.9,4732.0,73.4,1
72.48,1394.7,0.0003,0.212,14.7,9.8,-6.5,0.29,125.5,2010.0,46.2,1
100.0,1705.5,0.0164,0.0,5.7,-0.7,-1.5,0.0,60.9,8134.0,91.8,1
80.43,1326.8,0.0093,0.025,6.9,1.0,-3.1,0.679,147.9,6986.0,66.0,0
39.5,795.4,0.0164,0.195,34.9,17.7,-11.3,0.546,206.6,7002.0,55.7,2
74.29,1622.9,0.0492,0.061,14.0,5.2,-8.0,0.42,133.5,9699.0,48.1,1
100.0,1987.0,0.0479,0.0,0.2,1.3,1.2,0.802,227.8,5294.0,53.7,0
90.99,1093.5,0.0041,0.0,-4.0,2.7,2.5,0.676,155.9,14651.0,80.1,1
100.0,1359.6,0.0829,0.0,-3.5,-3.5,3.3,0.0,259.0,525.0,81.2,2
74.73,1220.2,0.0068,0.401,10.2,3.4,-4.5,0.333,89.5,8838.0,78.6,2
76.7,1715.4,0.0158,0.191,7.3,6.6,-2.6,0.287,110.7,12237.0,43.0,0
41.68,792.3,0.0305,0.165,32.3,15.2,-7.7,1.607,233.5,897.0,66.3,2
52.05,906.2,0.0019,0.051,31.6,17.1,-7.8,0.302,168.6,6150.0,92.9,2
74.25,1292.9,0.0165,0.159,14.3,7.2,-4.5,0.709,242.2,10929.0,61.2,1
80.69,1282.7,0.0161,0.346,17.4,10.3,-2.2,0.0,40.7,12260.0,68.5,0
68.81,1271.2,0.0322,0.064,16.7,8.2,-8.3,0.919,184.1,8224.0,45.6,1
61.83,1242.9,0.0306,0.074,15.1,15.0,-8.0,0.893,215.0,357.0,42.3,1
100.0,1745.0,0.0027,0.0,2.7,-9.0,-0.0,0.0,177.6,1641.0,43.6,0
58.51,1345.8,0.0223,0.028,17.2,13.7,-6.8,0.611,271.0,9771.0,82.4,2
100.0,2105.3,0.0177,0.0,1.5,0.2,2.7,0.951,79.7,7539.0,88.7,1
89.16,1414.5,0.0232,0.083,7.4,2.0,-4.1,0.0,229.4,9385.0,81.1,1
63.33,1523.3,0.049,0.075,20.3,11.4,-4.4,1.407,295.3,3103.0,63.8,1
65.12,1367.8,0.0369,0.04,21.4,13.1,-11.8,0.898,184.4,4231.0,48.2,1
97.52,1506.1,0.0068,0.0,5.4,-1.2,-1.3,0.44,76.8,4493.0,91.5,1
13.67,252.2,0.0372,0.096,49.5,23.0,-15.2,2.413,166.9,6843.0,86.4,2
74.55,891.2,0.0021,0.077,13.4,7.3,-3.6,1.157,143.2,13977.0,68.4,2
14.05,111.2,0.0332,0.029,54.1,22.1,-13.5,2.665,271.4,13550.0,65.2,2
83.25,1451.3,0.0088,0.106,4.6,6.8,-2.1,0.68,35.0,11051.0,46.9,0
100.0,1693.3,0.0101,0.0,4.8,2.5,0.9,0.79,154.0,9404.0,70.3,0
100.0,1822.0,0.0067,0.0,-3.7,0.8,1.6,0.69,262.1,3130.0,50.1,0
86.5,1257.9,0.0156,0.124,17.0,3.9,-0.0,0.1,296.6,10664.0,56.7,0
81.81,1428.1,0.0511,0.066,8.8,6.6,-2.9,0.0,123.5,7016.0,74.9,2
45.04,657.9,0.0087,0.185,29.7,20.6,-7.8,1.009,213.3,189.0,80.4,2
71.46,1411.3,0.0006,0.019,24.4,6.2,-5.8,0.411,62.2,2025.0,67.5,2
100.0,1823.0,0.0124,0.0,5.1,5.3,-3.1,0.812,114.0,14053.0,65.6,0
76.49,1549.0,0.0052,0.01,10.8,4.0,-2.7,0.325,165.6,12878.0,64.4,0
100.0,1793.9,0.0295,0.0,-7.8,-0.1,-0.3,0.0,204.3,3128.0,78.5,1
81.13,1173.2,0.0111,0.022,12.6,5.0,0.6,1.506,162.3,5289.0,74.3,1
40.13,922.3,0.0104,0.012,30.0,19.7,-14.1,1.05,237.0,10049.0,56.4,2
91.36,1012.5,0.0337,0.0,22.2,3.1,-6.8,1.402,116.3,2498.0,99.1,1
100.0,1516.6,0.0214,0.0,5.2,-1.7,1.0,0.415,111.8,648.0,76.4,1
68.5,1350.4,0.0583,0.057,20.8,4.7,-5.1,0.755,136.8,1516.0,67.1,2
76.7,1647.5,0.0099,0.105,8.5,3.3,-3.1,0.0,82.7,6693.0,44.5,0
62.04,1051.0,0.0945,0.004,22.0,10.3,-7.5,1.031,41.8,6037.0,58.8,1
100.0,2073.6,0.0068,0.0,-12.1,0.8,2.8,0.0,146.2,789.0,46.3,0
100.0,1834.4,0.0219,0.0,-5.2,-1.7,1.1,0.0,265.4,5329.0,88.3,1
100.0,2546.1,0.0137,0.0,-6.0,6.5,-5.4,0.0,263.7,5687.0,57.0,0
74.94,1605.8,0.0277,0.128,22.6,10.4,-4.9,0.863,207.6,8174.0,87.3,2
62.76,1173.2,0.0233,0.028,15.8,7.2,-8.6,0.603,232.0,14436.0,53.3,1
75.08,1691.1,0.0767,0.051,22.0,10.4,-3.8,1.28,127.6,8331.0,90.7,2
48.19,1100.2,0.0085,0.147,28.6,15.9,-12.3,0.871,79.4,14115.0,55.3,2
80.8,1431.1,0.0392,0.131,12.2,3.1,-2.6,0.168,288.4,13341.0,70.3,0
85.28,1523.8,0.0057,0.066,6.2,6.9,-2.4,0.42,289.4,2116.0,88.5,1
42.01,643.0,0.0056,0.026,28.6,18.9,-9.8,1.505,244.5,11105.0,47.7,2
100.0,1856.1,0.0086,0.0,-8.1,-8.1,-4.2,0.0,288.6,5319.0,49.1,0
97.08,1818.1,0.0103,0.0,3.9,3.4,3.7,0.033,230.2,4017.0,87.3,1
62.15,1247.2,0.0189,0.011,27.6,8.2,-7.5,2.009,232.0,13633.0,75.7,2
72.62,1165.5,0.0031,0.163,21.2,5.0,-3.8,0.695,69.3,9996.0,51.2,1
100.0,1792.9,0.0619,0.0,2.7,-2.3,-1.8,0.0,298.6,10105.0,69.2,2
86.37,1341.5,0.0113,0.014,7.1,3.5,-2.7,0.0,237.1,9480.0,88.7,1
91.53,1317.6,0.0176,0.0,4.3,-6.6,-1.1,0.0,229.1,253.0,79.4,1
90.25,1640.0,0.0074,0.0,-2.5,3.5,0.7,0.764,186.9,10963.0,84.7,1
84.71,1374.4,0.0173,0.833,4.4,5.6,-5.7,0.221,282.9,193.0,99.7,1
67.51,1071.7,0.0074,0.015,19.1,12.8,-7.0,0.839,58.1,10600.0,59.7,1
35.91,468.4,0.0116,0.055,36.4,19.9,-11.4,1.401,63.9,11841.0,90.3,2
82.0,1624.8,0.0056,0.073,18.7,6.8,-5.5,0.0,249.1,13406.0,56.7,0
98.38,1898.4,0.0435,0.0,-7.5,-1.6,1.3,0.334,43.3,6583.0,65.1,0
69.71,1238.8,0.0082,0.196,20.7,8.6,-4.5,0.789,75.0,11762.0,48.9,1
91.14,2057.3,0.0336,0.0,5.7,3.0,-5.5,0.268,194.6,2568.0,41.5,0
100.0,1900.4,0.0005,0.0,1.8,-0.8,-0.3,0.0,183.4,11742.0,59.8,0
69.01,1593.6,0.0059,0.071,27.5,11.8,-6.2,0.0,230.6,235.0,53.9,1
78.55,1495.7,0.0457,0.056,12.4,6.4,-3.3,0.788,51.3,2543.0,86.4,1
32.37,606.6,0.0078,0.003,41.4,19.9,-12.3,0.972,207.1,4466.0,59.4,2
74.29,1510.7,0.0563,0.041,15.7,8.3,-2.5,0.225,39.4,12331.0,76.5,2
100.0,2095.5,0.027,0.0,-5.0,-1.4,2.0,0.302,111.9,13891.0,58.8,0
100.0,1414.0,0.0098,0.0,-1.5,-0.9,0.8,0.301,274.6,12063.0,92.4,1
52.13,1273.7,0.0045,0.064,23.5,12.9,-12.0,1.031,295.7,1450.0,61.9,1
100.0,1769.2,0.0013,0.0,-0.1,-2.1,0.8,0.0,232.9,2437.0,50.4,0
42.69,836.0,0.0323,0.0,25.7,14.2,-11.8,1.798,95.8,873.0,71.8,2
96.87,1611.7,0.0038,0.0,-3.8,0.1,-0.7,0.358,179.8,8833.0,65.7,0
37.76,170.2,0.0274,0.027,36.1,18.4,-11.0,2.216,32.3,3357.0,80.8,2
25.66,803.8,0.0121,0.171,38.1,17.4,-13.7,1.833,64.5,6050.0,69.5,2
100.0,1929.0,0.0022,0.0,0.6,-1.9,-2.5,0.214,180.0,7197.0,78.9,1
82.13,1332.9,0.0166,0.041,9.2,5.5,-4.4,0.163,60.0,11470.0,53.4,0
93.51,1329.3,0.0367,0.0,13.0,0.6,-3.2,0.149,117.0,7748.0,72.6,1
64.62,1096.4,0.0009,0.066,14.9,9.1,-6.9,1.626,79.2,959.0,79.2,2
29.51,601.3,0.0016,0.094,39.8,20.0,-13.3,0.599,270.7,3573.0,56.5,2
64.02,1141.7,0.0368,0.017,24.0,5.2,-9.0,1.25,59.4,9880.0,76.0,2
87.69,1367.2,0.0101,0.379,9.7,3.1,1.6,1.032,62.0,2060.0,55.6,0
63.98,924.6,0.0156,0.024,19.6,8.3,-5.8,0.71,128.1,1056.0,92.9,2
37.21,512.3,0.0191,0.056,24.8,20.9,-11.4,1.039,284.3,663.0,49.1,2
92.62,1864.4,0.0557,0.0,9.8,-0.1,0.7,0.321,217.3,7669.0,69.6,2
100.0,2039.4,0.0259,0.0,1.7,1.0,0.5,0.0,179.4,12286.0,90.6,1
37.26,594.3,0.0033,0.047,37.2,13.6,-9.1,2.308,231.4,2934.0,98.7,2
69.13,1301.8,0.0326,0.075,24.9,8.5,-2.7,0.822,120.3,4086.0,64.4,1
75.66,1474.9,0.0215,0.273,13.7,5.0,-5.7,1.792,199.9,1028.0,65.8,0
61.55,1271.6,0.004,0.105,28.7,8.2,-8.4,1.748,261.2,1453.0,70.2,2
2.02,0.0,0.017,0.148,54.2,30.0,-17.0,2.046,258.9,3975.0,91.5,3
66.03,905.9,0.0099,0.253,19.7,11.8,-5.8,1.23,149.7,9876.0,45.7,1
38.08,702.8,0.0294,0.042,37.2,19.5,-15.2,2.71,32.0,3255.0,45.5,2
80.59,1297.1,0.0049,0.015,6.7,8.2,-4.5,0.0,55.7,9310.0,97.5,1
70.76,1343.3,0.0341,0.188,12.6,12.9,-0.9,0.754,218.2,2094.0,53.4,1
93.5,1210.2,0.0299,0.0,0.8,-1.3,-0.4,0.884,294.3,3723.0,50.1,0
87.2,1370.3,0.014,0.194,-6.6,6.4,-5.3,0.384,205.9,2338.0,87.1,1
96.77,2022.3,0.0148,0.0,-10.0,4.5,1.1,0.273,112.4,177.0,69.3,0
100.0,1743.7,0.001,0.0,-10.8,2.9,1.9,0.202,120.2,2337.0,50.6,0
74.63,1563.1,0.0017,0.26,15.3,9.3,-5.2,1.315,150.6,4151.0,71.2,2
100.0,1780.1,0.0081,0.0,-0.6,2.8,-1.3,0.0,72.1,4239.0,81.0,1
62.88,1149.6,0.0004,0.345,19.5,7.2,-5.7,1.35,199.9,288.0,54.0,1
70.35,1297.1,0.0001,0.047,7.9,7.2,-5.9,0.896,283.4,2004.0,57.9,1
100.0,1766.7,0.0097,0.0,-3.4,5.4,2.9,0.47,51.9,12405.0,78.1,1
100.0,1981.2,0.0005,0.0,-3.0,-1.0,-1.3,0.498,251.1,756.0,65.2,0
37.64,853.9,0.0794,0.092,30.1,18.9,-11.4,0.863,236.2,13640.0,58.2,2
100.0,2000.1,0.0036,0.0,-1.8,-0.3,1.6,0.806,57.4,8191.0,49.4,0
72.04,1180.6,0.0117,0.107,19.0,12.8,-5.6,1.53,220.2,7937.0,55.1,1
52.27,1065.7,0.0309,0.097,23.7,11.7,-6.5,1.082,134.2,4594.0,73.0,2
89.79,1718.6,0.095,0.013,0.2,1.3,-2.4,0.263,80.8,7.0,51.1,1
62.54,942.5,0.0711,0.012,18.9,10.7,-4.9,1.174,157.2,635.0,41.3,1
52.67,1296.1,0.0021,0.304,27.1,9.4,-8.7,0.946,96.0,12228.0,47.5,1
68.12,1377.7,0.0143,0.135,20.2,7.2,-6.3,0.848,259.2,14028.0,88.1,2
100.0,1994.3,0.0275,0.0,-0.4,1.4,1.0,0.689,227.0,10986.0,94.1,1
63.69,775.9,0.0058,0.52,18.5,8.3,-9.7,1.498,89.8,1178.0,77.4,2
79.9,1019.2,0.0047,0.178,13.2,5.5,-4.8,0.946,244.6,9241.0,83.1,1
100.0,1887.4,0.0228,0.0,-4.9,-1.8,-0.1,0.75,113.4,938.0,89.2,1
34.66,539.4,0.0021,0.05,38.8,18.2,-15.6,2.055,195.5,4260.0,99.0,2
53.02,786.9,0.057,0.074,39.4,17.9,-9.3,0.663,92.2,5949.0,79.7,2
46.27,879.9,0.0061,0.005,29.9,17.9,-13.4,1.773,112.9,8173.0,92.3,2
72.74,1012.6,0.0156,0.138,12.0,11.7,-5.6,0.345,182.3,4286.0,40.5,1
100.0,1402.2,0.0212,0.0,3.4,5.0,-0.4,0.548,140.2,3374.0,99.3,1
38.77,871.7,0.0204,0.172,37.8,10.2,-12.6,0.7,103.1,4039.0,89.7,2
89.13,1766.0,0.0026,0.013,4.7,5.8,-3.3,0.071,90.7,7971.0,40.5,0
100.0,1907.5,0.0313,0.0,1.8,-3.2,3.2,0.0,293.0,4610.0,52.5,0
37.06,1063.7,0.0124,0.095,19.5,18.7,-10.1,1.645,198.5,2582.0,65.1,2
41.19,694.1,0.0323,0.073,31.8,14.3,-10.0,1.487,67.2,9709.0,52.3,2
61.72,1027.7,0.009,0.067,25.7,15.1,-10.4,1.561,225.2,13179.0,77.8,2
58.83,1243.7,0.0168,0.044,28.4,8.7,-4.1,1.394,39.2,13971.0,63.2,1
57.25,1197.5,0.0251,0.033,22.8,9.8,-6.4,0.879,247.6,8413.0,54.3,1
66.93,1035.1,0.0023,0.022,15.5,11.0,-6.6,0.693,136.5,10588.0,76.8,2
100.0,1724.2,0.0397,0.0,3.2,-5.2,2.3,0.0,197.1,12126.0,67.8,0
100.0,1702.1,0.0357,0.0,-1.6,4.6,0.4,0.266,197.7,6872.0,84.5,1
62.1,1472.2,0.0509,0.182,14.5,13.4,-4.7,1.081,138.7,13917.0,42.9,1
34.38,648.5,0.017,0.003,43.0,24.9,-14.4,2.263,182.3,4606.0,73.0,2
67.55,1113.1,0.0326,0.136,26.0,9.4,-7.3,0.477,253.8,705.0,91.2,2
100.0,1994.8,0.0128,0.0,2.1,5.1,0.4,0.0,232.6,3516.0,54.8,0
47.52,659.6,0.0614,0.065,37.8,14.6,-10.4,0.737,269.9,9598.0,56.2,2
89.4,1296.4,0.0048,0.077,7.2,2.9,-2.0,0.965,60.3,4692.0,55.3,0
0.0,219.3,0.0293,0.026,65.6,31.3,-18.4,3.009,34.1,21.0,50.1,2
100.0,1988.1,0.0154,0.0,-9.5,2.9,1.3,0.421,81.5,4195.0,65.0,0
74.4,1129.8,0.0169,0.333,15.2,9.0,-5.1,1.051,132.1,6722.0,65.2,2
83.29,1530.3,0.0367,0.006,4.0,7.5,-3.0,0.106,190.6,11018.0,74.9,1
70.89,1382.6,0.0008,0.294,16.2,7.4,-5.7,0.163,271.3,8890.0,86.9,2
32.44,791.4,0.0078,0.303,37.1,21.7,-9.1,1.912,85.9,13181.0,97.7,2
94.23,1807.3,0.003,0.0,11.7,-1.7,-2.3,0.478,211.3,11774.0,60.3,0
100.0,1811.2,0.0547,0.0,-12.0,1.5,0.0,0.0,30.0,14303.0,40.8,1
89.16,1580.2,0.0121,0.004,17.7,4.0,-1.7,0.482,199.3,5507.0,58.7,0
100.0,2111.0,0.0038,0.0,-1.3,0.8,3.6,0.0,233.7,14598.0,98.8,1
32.85,655.0,0.0104,0.222,41.3,19.7,-12.4,1.392,160.8,11048.0,88.5,2
53.07,705.9,0.0169,0.013,20.9,8.5,-5.6,1.311,200.1,4324.0,45.2,1
79.3,1413.4,0.0273,0.183,22.6,6.3,-4.6,0.117,277.9,452.0,94.2,1
70.89,1338.3,0.0047,0.045,26.6,7.5,-5.8,0.313,83.2,7616.0,83.8,2
39.98,558.3,0.0359,0.109,32.1,18.9,-12.1,1.44,136.9,9034.0,96.9,2
100.0,1711.2,0.087,0.0,-1.1,-4.4,-0.4,0.0,85.4,852.0,46.0,1
48.84,1070.7,0.0282,0.116,33.0,15.9,-11.6,1.727,139.5,11690.0,98.0,2
100.0,1684.3,0.0099,0.0,-9.6,1.7,2.4,0.696,101.4,14810.0,44.8,0
77.66,1479.7,0.002,0.006,7.1,11.0,-8.7,1.065,170.7,14866.0,41.6,0
100.0,2050.0,0.0048,0.0,-3.4,0.2,1.1,0.0,134.3,3218.0,54.3,0
100.0,2104.6,0.0016,0.0,-5.8,-0.0,0.8,0.405,54.3,8820.0,57.4,0
100.0,1875.5,0.0066,0.0,-3.5,6.3,0.5,0.0,244.7,1930.0,79.5,1
88.96,1311.0,0.0411,0.416,-4.7,5.2,-4.2,0.493,101.3,2096.0,74.2,1
76.07,1238.0,0.0169,0.232,11.9,9.4,-5.6,0.0,68.1,734.0,83.6,1
88.76,1656.9,0.0178,0.469,5.5,3.5,-2.1,0.681,96.0,14328.0,85.5,1
100.0,1798.8,0.0376,0.0,6.3,-1.2,2.6,0.0,293.1,372.0,69.2,0
100.0,1920.5,0.02,0.0,-7.0,2.1,2.8,0.194,261.4,6648.0,76.5,1
60.26,961.7,0.0245,0.102,27.3,13.0,-5.8,1.167,44.0,8510.0,58.6,1
74.35,1403.1,0.0011,0.141,15.2,3.4,-7.0,0.522,187.3,8380.0,71.4,2
56.99,1057.6,0.0016,0.325,25.6,17.8,-8.1,1.114,222.8,6573.0,92.0,2
78.4,1097.8,0.0167,0.051,13.8,8.6,-3.1,0.098,276.2,9470.0,70.2,0
100.0,1620.4,0.0139,0.0,7.6,1.1,-1.2,0.0,182.7,7752.0,95.5,1
72.48,1589.4,0.0005,0.03,22.7,4.8,-3.9,1.027,252.8,99.0,93.3,2
70.48,860.2,0.0376,0.05,20.1,12.8,-0.2,0.581,33.0,4753.0,40.4,1
71.98,1227.2,0.0277,0.13,20.3,4.9,-4.9,0.897,99.8,10939.0,63.6,1
100.0,1758.1,0.0328,0.0,2.4,-1.4,-1.3,0.0,193.2,11719.0,48.3,0
97.11,1599.4,0.01,0.0,4.0,6.1,1.5,0.673,178.1,3326.0,60.7,0
58.22,1087.1,0.0135,0.169,20.8,11.5,-7.6,0.011,101.8,7095.0,40.7,1
96.84,1826.4,0.0132,0.0,3.9,-1.7,-1.7,1.058,177.2,10971.0,40.0,0
70.42,1282.9,0.0387,0.135,16.2,4.5,-4.6,0.852,176.7,12554.0,63.6,1
92.92,1698.1,0.0089,0.0,6.2,0.7,1.8,0.432,40.3,11680.0,59.1,0
71.06,901.3,0.0101,0.095,5.9,6.4,-2.4,1.178,163.8,13110.0,49.6,1
21.03,497.3,0.0234,0.072,46.7,18.2,-15.0,2.133,247.9,14499.0,89.5,2
17.94,472.2,0.0145,0.012,44.0,21.4,-17.1,1.895,156.7,3850.0,45.3,2
