residual_z_egt,residual_z_cht,residual_z_oil_pressure,residual_z_oil_temp,residual_z_vibration,residual_z_fuel_flow,engine_hours,degradation_stage,rul_hours,run_id
-1.6436048796354956,-3.0352216865286845,0.45064126412306094,-0.333094419805222,1.7429146373011775,0.826813883222045,50.0,healthy,792.0,1
-0.44445793633196884,-0.40990759100493074,2.0166938229487164,0.36875366152940875,1.2746542233460874,0.10574102358940521,50.9,healthy,791.1,1
2.647573914431855,-2.02153115602375,-0.7890305531819654,2.2160454237550407,1.0296231291159599,-0.5910357403041062,51.7,healthy,790.3,1
0.47360415389764376,1.9819801403783937,-1.0511179843353509,-0.644283106099834,0.03521299409914053,0.5270622145057569,52.6,healthy,789.4,1
-0.029676845025120448,1.4403577456739058,-4.162272340432447,-4.9073394365489955,-2.3801526781003273,-0.36680303572198075,53.5,healthy,788.5,1
-0.15617952543173988,0.7794174961782511,0.4133598849228698,1.5652950423686867,-0.8197556677766812,-1.8474609170570004,54.3,healthy,787.7,1
-1.3480125624129367,0.24980407740899555,2.413251811378817,-1.1544674320554837,2.845541583160829,-1.4877224507745512,55.2,healthy,786.8,1
2.737452359365077,-1.5701690569738307,0.2885434949626704,-1.6895497303334375,0.625513252000224,-1.1148918807991415,56.0,healthy,786.0,1
-2.3645798965812403,-2.161322667920036,-1.0441202990654488,0.24823408442532174,-0.1587250939486346,-0.6653919757122276,56.9,healthy,785.1,1
0.3835178342896017,-2.7741178962760307,2.2295849789293225,2.2158130168570462,0.0029700375267149386,-0.8848315666379007,57.8,healthy,784.2,1
1.4633337734681353,-0.9684007479647324,-3.317991391507456,1.854656847493096,-1.7190080728833543,-1.3665078329603317,58.6,healthy,783.4,1
-1.13754492453338,-1.0478584211475312,-1.110642113894093,-1.6014329316328033,0.9813838036578756,-1.8161634795378163,59.5,healthy,782.5,1
-0.9264755441741023,-1.3378621565163986,-0.3484543148572401,-3.1312900721801444,-4.41034890171298,-0.6380830439096346,60.4,healthy,781.6,1
3.8143033492342293,0.8349643141967178,-0.4022767759747418,-3.3351717901966773,1.2810172545151461,-0.8285621660957804,61.2,healthy,780.8,1
0.22186792267811611,-0.3223752303179828,-2.928658671721984,2.225796829850164,0.6387022008185437,-2.8207682087810424,62.1,healthy,779.9,1
-1.228484624385493,-1.7509321313912005,-0.11693656736169304,-2.600161457916933,0.3647916668888037,-0.9639609401634562,63.0,healthy,779.0,1
1.220082111213424,-2.0211714727465413,2.214350990907591,-0.39622056009921647,1.0610201519255174,-0.8886633151585467,63.8,healthy,778.2,1
0.2608170722779055,2.715441025468802,-1.4308227189624494,2.2130753189336136,-1.7323359328621077,1.1190061646977916,64.7,healthy,777.3,1
4.579517379215588,2.0304120998627813,-1.9003433331272586,-1.1531559931310753,-0.07405580798239732,2.461602261760656,65.5,healthy,776.5,1
-0.5991331055642787,-1.3376419010264315,-0.16432123859137668,3.0821664474904504,-0.738698771758956,3.1710599379551865,66.4,healthy,775.6,1
-2.0690094609034206,-1.6576549417317044,-0.18709971618600943,3.0971663760320083,-2.3672653009650326,1.8265487284110202,67.3,healthy,774.7,1
1.250464636055701,-0.6963488453753652,2.4515925609781943,-2.3769968842386198,-1.6030625779525831,2.681466078963898,68.1,healthy,773.9,1
-0.8290260847680918,-0.0681640224168424,0.596449702886869,0.16628851889114762,0.7429850471672391,0.03705902624904653,69.0,healthy,773.0,1
-1.331497466536264,-0.8970117002083806,0.7253243273610454,-2.360277421326779,-2.0189761787372973,1.067116485725213,69.9,healthy,772.1,1
-2.8778115279649823,2.190935917512983,-3.508364884468888,-0.33546829026332764,1.9650607018945505,-0.2899774512672227,70.7,healthy,771.3,1
-2.2655604363416835,-3.1666960278125886,1.0769335922759309,1.1698450218062708,-1.224415225279107,-1.849082659969656,71.6,healthy,770.4,1
0.5578809233828367,0.04036535475050144,-0.037231028896056784,0.641811016059829,2.049300023207187,0.05408732683187734,72.5,healthy,769.5,1
1.8573000453611024,0.18912672095884495,-3.417307366431004,-1.6980671664701465,2.1448369462424073,-0.47275921956629313,73.3,healthy,768.7,1
0.34964520306460606,-0.08537628171623969,-1.902524508302762,0.06287713290329645,-1.1035731523147838,-0.1649348091853802,74.2,healthy,767.8,1
1.585520319178966,-1.9515384068323174,-1.4329505228155623,-1.407952805676028,3.286365336550277,-0.31184118656372534,75.0,healthy,767.0,1
1.6140155607892308,0.386055335925077,-0.09300305379000078,-0.12596730546308232,1.2247968084125223,-0.005270833750341459,75.9,healthy,766.1,1
-0.2569987427244532,1.0558967361854492,-0.38960058340351306,0.15781811748380029,-0.9911238197197216,0.051107247266709385,76.8,healthy,765.2,1
0.7490271572755213,-2.2271386455721522,0.2007224944751407,1.695134412757329,-0.27879792873305054,0.08727566918762338,77.6,healthy,764.4,1
-0.41274610764797276,0.1684873670630776,0.5600252858632008,-1.5213258706667037,-2.1075076320552313,-0.5365897001912374,78.5,healthy,763.5,1
1.0607133506388515,-4.838101782473669,0.14449228181348858,-1.0743520708430323,-2.216904493367442,0.8143851197799437,79.4,healthy,762.6,1
-1.7252394525958306,-0.09519886829225338,0.7773241074685433,-0.6188663683802155,-0.7445027239950143,-0.2642621611952888,80.2,healthy,761.8,1
0.5924373528803004,-1.2966784212756108,0.4789764012830055,0.43121024861729007,-0.8744363671546946,-0.6861375886769867,81.1,healthy,760.9,1
-3.973278242003799,1.7156043632142344,-0.5099911816294673,1.2618504859251818,-3.858869926088483,-0.5270060121417722,82.0,healthy,760.0,1
4.227268272329392,1.7491801909342326,-0.46711689064498463,-0.7474330343274463,3.0528611771853797,-1.4949087355746529,82.8,healthy,759.2,1
0.25012246729650267,-0.9494911069077046,-0.3280191404174594,3.1145180410413786,0.255413957940725,-1.6171981389580146,83.7,healthy,758.3,1
0.3863460239445404,-4.166205337871019,0.844818690173241,-1.7581277491096161,1.0551494624745863,-3.539860866146385,84.5,healthy,757.5,1
2.1367054898777735,-0.03593195525498727,0.17177308360465177,-0.20646586138235257,1.3827636237690444,1.9325501111444416,85.4,healthy,756.6,1
-0.6048223071912141,-1.613630112739443,0.034087155905319126,-0.19621505713141954,4.976953421922955,0.30304094592550385,86.3,healthy,755.7,1
1.0570372511261032,0.8384075743336141,-1.176398604099752,-0.7610385214810127,-0.8894888549987364,2.2218626139606275,87.1,healthy,754.9,1
-1.0450953980956774,0.6547488474654332,-0.930047657003456,0.253746831380783,0.3650763900896098,1.297027491196586,88.0,healthy,754.0,1
-0.2869272255138216,2.744520812223629,-0.20756711482044404,-0.4312254657356061,0.15704932129888352,-0.8422201869658827,88.9,healthy,753.1,1
1.9481139263310403,0.16395091224655312,-1.711431005992074,1.8638645874518365,-0.8053250773281032,1.883074086707198,89.7,healthy,752.3,1
0.30861183633035394,1.747460581558336,1.1626257819042685,0.3569811454463534,1.9105449992184542,-0.04140048958284965,90.6,healthy,751.4,1
2.599735387289979,2.0866196843511675,-0.38870233397758663,1.0716890751368182,-0.03760223806752536,0.6690014540403587,91.5,healthy,750.5,1
-1.5544594664503801,1.203657859572313,-1.2224550343061198,-1.7970600546472664,-1.295045053197741,2.1327972719053028,92.3,healthy,749.7,1
0.11067138280241497,-3.6057783781230746,-1.8625131356118911,0.765632707839624,2.313539108476525,-3.8244048015193086,93.2,healthy,748.8,1
-0.1270114263213256,-1.430733186969612,0.3956567179859271,-1.24445178618645,-1.2400346403267835,-1.2933895731180005,94.0,healthy,748.0,1
-0.6643510495992171,0.3537505238307595,-1.3025905643691456,1.7804526450612408,2.3977675778594003,1.11205281499663,94.9,healthy,747.1,1
1.2542774952229938,1.089888826574573,-2.537817456824367,0.13861134741362588,-0.33228711206113154,2.914869587361253,95.8,healthy,746.2,1
-0.33802063243264646,-0.24982226364212054,3.023164178587636,-1.46860547255563,-0.3280386246225552,0.6295438395523416,96.6,healthy,745.4,1
0.8000494491739687,0.6376254986390433,0.9795087747760298,-0.12107707698439835,-2.343731222576804,-0.275149168522889,97.5,healthy,744.5,1
0.03274026128577804,2.43413030953007,1.2373093810346052,-0.2990149916376464,1.0069582063283948,-1.2409871322161419,98.4,healthy,743.6,1
0.1546423469152517,0.8163335287141541,-2.12066820801165,1.775756088997554,-1.4933509676140633,-0.49602869109939096,99.2,healthy,742.8,1
2.541016262036619,-1.1176834528557729,-1.1344024224195288,1.0233733410925343,0.6846119786877362,-1.227273247550513,100.1,healthy,741.9,1
-1.3784990245926492,-0.8935280262201122,-0.8906193408345641,-0.2640598874793938,0.6905873655761033,2.64540667608638,101.0,healthy,741.0,1
2.6342371129256454,0.797106638923851,1.1139138766573575,-1.413501520365698,0.45493050847370375,-0.6268970806338412,101.8,healthy,740.2,1
-0.3646504723556893,4.151723034231822,-1.4232248580671574,-0.46148539720455983,-0.6917422455972843,2.1519265590527437,102.7,healthy,739.3,1
2.0405032785207857,3.233330385954991,2.2966123108115717,0.25472072695334647,0.5279293191188436,-0.2013161906662318,103.5,healthy,738.5,1
0.9466722099497336,0.5381104310202512,-0.5567817192702548,1.2020098598141657,1.5314023657625393,-0.4055984103066255,104.4,healthy,737.6,1
0.7359474639197187,0.7470096287629232,-0.6097200290469941,0.05200934367314975,-0.7739710208396556,0.1381740197158999,105.3,healthy,736.7,1
1.2202735747297149,0.5567028233440038,-1.4047150792578356,-0.656393165534747,0.8283036187326274,-0.49700901606882564,106.1,healthy,735.9,1
1.5060793710766887,0.06278695949178463,0.907063750167913,2.08907517185715,1.2908604930993677,-1.0626731132856249,107.0,healthy,735.0,1
-0.17330730456050328,2.8386123409882886,-0.8823377228090056,-0.5722189838537024,0.21086742145046408,2.793841012914574,107.9,healthy,734.1,1
-0.6666157894776522,0.8639875215596275,-1.3593716093581414,-0.18478700127218614,1.640770417785025,-1.1914858844287997,108.7,healthy,733.3,1
1.0366436514479704,-1.2396948908408716,-1.5880888729372076,-0.8796946932779437,-0.8137357104625073,-1.0882384175307673,109.6,healthy,732.4,1
0.5286690611829946,-0.359064945286198,-0.8238326834061257,-1.195863527386787,-1.4140462060891497,1.1226222451108512,110.5,healthy,731.5,1
1.0606148836876264,0.32725924425631153,-1.3362507496953313,1.7147810958844234,-2.202932041679794,-1.2037958949843488,111.3,healthy,730.7,1
-0.9898499680664562,-0.7287991473346263,-0.5485655566400832,-0.29227380822133425,-0.9289801793432998,0.06661351334769608,112.2,healthy,729.8,1
-0.12959891898433512,-0.8962034231809376,2.619201674430167,-2.3068722528912504,2.7083583449274324,-1.9444015307239553,113.0,healthy,729.0,1
-0.46176623820470464,0.5553671455561616,1.2008648238892794,-0.18624646125663072,-0.2185614504174641,-1.039466107632974,113.9,healthy,728.1,1
0.41306886043259816,-0.8255883006783776,2.3171723540056233,-1.6747116565958573,2.1248090100895762,0.03373529969925161,114.8,healthy,727.2,1
-1.756103371421966,1.4252732756492488,0.19953221328518994,1.6272605315470974,-1.6127709748500343,1.6753449015983897,115.6,healthy,726.4,1
-0.9856049483909429,1.3080508790517318,-0.6045037375377015,-1.7653309795731287,1.021706872436514,-0.34263686562851303,116.5,healthy,725.5,1
1.6189826714404807,1.3856778047673795,-1.0561087064820758,-2.08122590555218,0.6177685160995154,0.8325596438765064,117.4,healthy,724.6,1
-1.0745534276736082,-1.99300503903271,1.5284882109161708,-1.0847965475089627,0.5807447031135843,1.1310581860885272,118.2,healthy,723.8,1
-1.723740566782611,-0.304001072791636,3.3956577426552705,1.0978777357676381,-1.3979695566080232,0.06469603088720317,119.1,healthy,722.9,1
0.093456077494796,0.6365868626587902,0.9017447440381653,1.114886323927587,0.5617305826608336,2.3342253594468207,120.0,healthy,722.0,1
0.5996254403204557,1.652079850934908,-1.8768730423536888,-0.3422869426456336,1.471787644886973,3.0208657222835784,120.8,healthy,721.2,1
-2.046011957403749,-1.527962851293316,-1.5144737072607974,-2.750657374739429,0.5942442884213393,-2.0456771749240175,121.7,healthy,720.3,1
0.827286501962943,-2.153351035736878,1.7772700706965214,1.7434667472943166,-0.1287419225594862,0.5830187777929032,122.5,healthy,719.5,1
1.0376611432774336,1.9197407885726943,-0.612484260744486,-1.8923551830723446,0.09027479214941762,0.8520640648751352,123.4,healthy,718.6,1
0.26887495112066073,-2.5429163146536307,-0.5710137362395254,0.9995806849101133,2.2064227026899967,1.3209524312639027,124.3,healthy,717.7,1
-2.3797711590024044,-0.2285160811987126,0.17673661658714646,-1.361825569921217,-0.012470729780416408,-0.7580249828911548,125.1,healthy,716.9,1
-1.0104678535778873,2.042097764987036,-0.1734930499942004,-0.33345409714735996,0.9429130236404772,1.6766643028782635,126.0,healthy,716.0,1
-1.8144067473256857,-1.2817232755753523,0.03677284112834866,-1.0033489967561975,-0.4634406606941381,-0.04676950818593716,126.9,healthy,715.1,1
-1.0465559912056799,0.8371486828633753,2.073231172465655,-1.6836192043113365,1.5058865828911836,-1.203488644108929,127.7,healthy,714.3,1
-0.5398724120791036,3.165008749517801,0.07365242490147832,2.6557136234101373,0.44801136973336325,-0.049580642090685245,128.6,healthy,713.4,1
-1.6855682120203046,-1.0408789490155523,0.15654413061333486,-0.03884930307408002,2.021851380302431,-0.7001604170603178,129.5,healthy,712.5,1
1.4374588468379381,1.9763828219633501,0.6992992621552292,-0.779339181323865,1.3346693890425085,1.0425105152051126,130.3,healthy,711.7,1
0.7195253646081119,0.03862553844893767,-0.8622771546320469,0.4512055420913695,0.12027214210155897,-3.56665635888279,131.2,healthy,710.8,1
0.4801303246101211,0.8482119746765028,1.2457692391368438,1.1134683651749275,-0.22639953659889347,-1.5237539217543055,132.0,healthy,710.0,1
-0.9132098576882189,-0.23624523027363734,-0.7949265737971986,-0.625751422733375,0.36421148698126404,0.04574347647471015,132.9,healthy,709.1,1
1.0996679706248513,3.8704426286816194,0.6912462345104758,-0.23672717622569397,-0.16809852364111283,-1.6544943324117232,133.8,healthy,708.2,1
2.5478706559198305,-2.631576221793877,-0.554442444139738,-0.53379991021579,0.27299384730735365,-0.910824652129418,134.6,healthy,707.4,1
-0.9538657677760991,0.6478502030361987,-1.6106196270354567,0.23031523591488767,0.9958586092607522,2.1816201977875345,135.5,healthy,706.5,1
0.5924318824940902,1.1659012189278766,1.810798338225845,0.5561178892954504,-0.07264245178894001,-1.1943117460614618,136.4,healthy,705.6,1
0.27956955610206363,-0.41031779159635434,1.5495144979266011,0.4855312109008677,1.3714955634108115,0.9210082834860256,137.2,healthy,704.8,1
0.40787199356183973,2.4527610950126335,-1.047716317787401,-0.6690787087170758,1.4230491414256454,0.9208843674304898,138.1,healthy,703.9,1
-1.6744797392340007,-0.6061754395012431,-0.2654004811660444,-0.522026010758347,-0.3004755412283469,2.6133801313934217,139.0,healthy,703.0,1
-1.3864365549394908,-1.3287811641130864,-0.42379548895970165,-0.0693167407019595,-0.8971558510335623,0.9336739602064514,139.8,healthy,702.2,1
1.9233877807985897,1.7989922834429755,2.0992542236593126,0.23785324298146962,-0.7651011615981844,-0.9290795862346978,140.7,healthy,701.3,1
-0.8888994615054086,-1.3335035226459266,-2.013818820582108,-1.037987308178485,-0.17846580923428504,-0.9707490684572366,141.5,healthy,700.5,1
0.6648488547415536,-0.43659487775853745,-0.6360270559560246,-0.1355776073701337,-3.2937840731601917,2.241391411888214,142.4,healthy,699.6,1
1.8112339233414332,0.23778701870348132,-1.481639266922569,-1.2785464314723416,-0.273348289850559,-1.1708286378315103,143.3,healthy,698.7,1
-0.7955254398033598,-2.5075764223212604,-0.4793953158134778,2.671127180895146,1.0945136749791704,-1.2264102365516936,144.1,healthy,697.9,1
-0.27853565311412226,-0.336178581254135,-1.0962902632009563,-1.4987201497133356,0.9232883744805861,1.0093751588130035,145.0,healthy,697.0,1
0.6438371014251707,0.8409213158889697,-0.2364923575449496,-0.0011993855985935253,0.7370657285826429,0.9007889751888456,145.9,healthy,696.1,1
1.642959374066296,0.7197646308603883,-1.3922946662316515,-0.3360631412522482,0.7982283997249623,-0.48067562724553564,146.7,healthy,695.3,1
0.4044639429718684,-0.4972257582796138,-0.522263564761467,-2.2112658652277837,0.4929136729606412,1.419175372964608,147.6,healthy,694.4,1
-0.7122442806028908,-0.033848621216741356,0.5790989880789327,-0.5421776255388274,0.43731747119860687,-0.4705534460640088,148.5,healthy,693.5,1
-0.5051792229271461,2.3494350012094363,-2.56744357578255,2.0783443366918997,1.7962455633202312,1.3058888434414302,149.3,healthy,692.7,1
1.7602061610567754,0.6243434863855881,0.6495088533935534,-0.019800237684694365,1.5399972986842385,-0.9679159276027376,150.2,healthy,691.8,1
-2.993652425707308,2.4788846085395915,0.18867568070570884,-0.1062791211042027,-0.17924030112622105,-0.6185371482749275,151.0,healthy,691.0,1
0.0960380997715952,-0.2949705977025203,-1.1034490694441186,1.2786418843054526,-1.3500930817855514,1.0709285972753142,151.9,healthy,690.1,1
0.8150492480788416,-2.0601910462463575,-1.839099237178968,-1.4166210296215487,0.5079054524396759,-0.7789695048248454,152.8,healthy,689.2,1
2.099605330806728,2.827627856185326,-0.13489853486193648,-2.7927506907647155,0.5550573133370631,-1.6385142397741033,153.6,healthy,688.4,1
1.2889378620578422,-0.8054642233876053,-1.7971010414865771,0.019996676848480003,-0.06798994528279974,1.220567391391973,154.5,healthy,687.5,1
0.43724249696091483,-2.377981325126162,-1.05256908010077,0.23753230012232854,1.0021408215441736,-0.2644800299978566,155.4,healthy,686.6,1
-3.9250349062846013,-0.25019407107473307,0.6735148714032145,1.8032133039466223,0.8000860498562596,2.608317009391906,156.2,healthy,685.8,1
0.1582637425662026,0.9583579058987517,0.5721023098151189,-2.3978567867082363,-0.17194721220703266,-2.496038567451693,157.1,healthy,684.9,1
0.47812269288214426,-2.3655863969103144,-0.7835635171580425,2.4095642841948255,-0.20533682372689135,-1.1179913057456652,158.0,healthy,684.0,1
1.500592573738414,-0.5238625277190053,0.47600774735068246,1.441578487042755,-0.730506382989765,0.18510773360385183,158.8,healthy,683.2,1
0.22539085137789272,0.1869383109070465,-0.08678277721608933,2.590737911552915,-2.554177324313744,1.3254985592304247,159.7,healthy,682.3,1
0.7593224240657619,1.4208095657651867,0.11641997324118003,2.0412948037028973,1.8306849052600982,0.34142614482357764,160.5,healthy,681.5,1
1.4993672072341304,-0.9469127031901498,1.1722084517889033,0.20190902613235037,2.441085499341438,-0.06835849517897119,161.4,healthy,680.6,1
-0.3185569984051214,-1.8932575917685281,-0.7602624034063938,-0.0389655065230836,-0.16824994466502227,-3.073045385140231,162.3,healthy,679.7,1
-1.2647970478466346,-1.929316850655334,-1.147951689264612,1.2797236830806549,0.2838014865543461,0.638878679785361,163.1,healthy,678.9,1
-2.295505330289632,-3.2118362791027066,0.9452312947210435,0.28831459070904086,0.27218671349970386,-0.9146176345616581,164.0,healthy,678.0,1
0.06209982391248343,-0.9008146436225043,-0.41245861447869664,-3.572702706944618,1.1494098196135272,-2.5025903749619607,164.9,healthy,677.1,1
-0.9248398987063379,-1.7078610692913256,-0.3934292205306057,-2.3060228610140423,-1.1491343765351956,-1.5352610172122838,165.7,healthy,676.3,1
-1.4876879327403734,-2.6942621466572123,-0.47009057960771267,0.7020625043655206,1.395159498918871,1.6824368950830013,166.6,healthy,675.4,1
1.247412160567413,0.7131165523096687,-0.3152956185603336,-1.9763370757127796,1.0914002800152423,1.6212064509293909,167.5,healthy,674.5,1
-1.2307274827191887,-0.5753275467488654,-1.0271431835142646,0.7774702425191454,1.0308087455056625,-1.5397847996605887,168.3,healthy,673.7,1
0.5305891667320649,-1.092463188906968,0.3201836260866033,0.19949780456562263,2.4346097179140496,-1.3816604642871981,169.2,healthy,672.8,1
-3.095970528813241,-1.5295127224934422,0.4710442143681972,-2.544711662128779,-2.7108868983909744,-1.6024307985360784,170.0,healthy,672.0,1
0.26503474002252003,0.5799205809573073,-0.5658256409005609,-1.6923801143411799,0.005773851049931984,-0.6209992180997274,170.9,healthy,671.1,1
0.28934513620527935,-2.7571865132436586,-1.5392510919299371,0.955972573924669,1.2439479237127122,-0.15275108466458123,171.8,healthy,670.2,1
1.3718142126809898,0.30510235024152726,0.7003767586639055,0.5398729238003509,1.2432727355907396,-1.7812609650804483,172.6,healthy,669.4,1
2.291107139801096,-1.6559555392815128,-1.3679210910017503,-1.8296454384705765,-1.1727493168722742,2.4303671208377016,173.5,healthy,668.5,1
-1.1575391860203506,3.5662718177142128,-0.2815458096927776,1.586989119597182,-1.5911222900682989,-0.8312922128548953,174.4,healthy,667.6,1
-0.929303733829041,-1.7479192787714137,0.8045213277548391,-0.37318460970968065,1.0989171038593473,-0.5150572541306461,175.2,healthy,666.8,1
-1.0081812321547636,0.9336589806326626,-0.010826322396985492,-1.9915984620145761,0.726734992891794,1.4450927884058211,176.1,healthy,665.9,1
2.449824924420258,2.8521004638837457,-1.1309463775431,-0.6682888019387573,-2.0348047195147614,-0.5029674823568712,177.0,healthy,665.0,1
1.724878407107988,-2.558079591688471,-0.4906274616618694,1.9774423918526627,-0.9154532488950728,-2.2608988800029652,177.8,healthy,664.2,1
-0.36332116851397034,0.5521299960612482,0.5351079273485377,-1.2967212042454506,-1.1300665454896048,0.35541951775108815,178.7,healthy,663.3,1
0.27809255183353226,-0.7190614298465167,1.2669254299319592,-0.6361682319114487,0.4753804210540601,0.3908063543872739,179.5,healthy,662.5,1
0.8365806880823512,0.31543819272995605,-1.8884173600877716,1.7610452857041177,0.07840215657328935,0.5418229528427724,180.4,healthy,661.6,1
-1.1415875399202324,-0.5601016282444059,3.9667681514787576,2.92813739246864,2.156402110475281,0.4284153850959408,181.3,healthy,660.7,1
1.6242123606282972,1.05506825223232,-0.3048882106938204,-0.17052164453323332,0.18960443233901536,0.1601438962239093,182.1,healthy,659.9,1
-0.6076778487770516,-0.0036574535491800775,-0.8713029501528538,1.0615420239653481,-0.9618461960179493,-0.23050824023085903,183.0,healthy,659.0,1
-0.18371744946060012,-0.09066039278314902,-1.8594619071807799,-1.1541271219548506,2.507968838465214,-1.5805660475342016,183.9,healthy,658.1,1
-2.1825035629746146,0.6624254585335627,-1.5188199455144822,1.3793722907199852,1.1923343909391053,-0.8382565660309402,184.7,healthy,657.3,1
0.7364179171312074,-0.15145292870971402,-1.6843626824843938,-0.8077758253430601,1.5593631379319528,-0.44303934177602167,185.6,healthy,656.4,1
0.2414737867463451,1.8920269899942386,0.42400998125535216,-0.8386499750424264,0.7227372625445008,0.42096704830954423,186.5,healthy,655.5,1
-0.14205498831562627,1.2130884317900092,-1.247095466147992,-0.834959132162336,1.9147311741873267,-0.5214490880446208,187.3,healthy,654.7,1
0.507186854655123,2.188349431025165,-0.32206672746157955,-0.05153207950762048,0.9436586416478678,-0.7491705712996892,188.2,healthy,653.8,1
-1.6948514573673432,-0.1799972319338788,-0.13158044981886333,0.397500181412592,-0.6411623053044804,0.820663871829025,189.0,healthy,653.0,1
0.36097984322904936,-1.5350271925131802,-1.7831691123300013,1.720556683974524,0.3424461439545866,-1.5092806280379323,189.9,healthy,652.1,1
0.9395935302331222,-0.2072240436032887,2.424217100615237,-1.2037127936917447,-0.24067093311355325,1.4931725565232798,190.8,healthy,651.2,1
0.5299546019352348,2.1533813461254074,1.6704619705163835,-0.3570918153977805,-0.4847394030384605,0.7385098969861007,191.6,healthy,650.4,1
1.9016429957341006,0.11119669135792493,-0.09756277733326632,-0.07246391744566702,3.4840712942783343,1.3004339977342967,192.5,healthy,649.5,1
0.05780557076138305,0.22366237764891295,0.2193933942577319,-0.33492185737815644,0.47447009702144255,-0.4349621140793372,193.4,healthy,648.6,1
1.7599107602030488,-0.032751385151991094,-0.7969184318291328,2.8964498186262873,-0.06357921718796321,-0.13652078993667538,194.2,healthy,647.8,1
-2.01287235792686,-0.04854511826824078,-1.9037480206934552,1.9915832448962472,0.5905261352208591,-0.2508492638886014,195.1,healthy,646.9,1
-2.684520902689878,1.0100573252665817,-0.47529982207442323,1.0619833203966558,2.047076691034002,1.4126606387004716,196.0,healthy,646.0,1
1.1659581103509995,2.284954701345162,-0.5585188047632141,1.4296288990374062,0.315774630563585,1.5342779836951923,196.8,healthy,645.2,1
-0.1778203731587935,1.5098655286488725,-1.3564905649550305,0.552193256142978,2.4651836412296135,0.560318270553054,197.7,healthy,644.3,1
-1.2217451086120361,2.6350619164747253,0.2091410653279758,0.4984588446019432,-2.310320876119722,0.6230487422587577,198.5,healthy,643.5,1
-0.15506356665105137,0.24359246845310653,1.0663600284057433,0.33868186897788877,0.11342505888294087,3.4958227589933872,199.4,healthy,642.6,1
1.8270761617180074,-0.06639995780445157,0.1371048851895119,0.7121888049210983,3.7078213559106237,0.1718299251118087,200.3,healthy,641.7,1
-0.20961972802169604,0.5637893921821151,0.983889251236536,0.9366675842726082,1.0849603594787633,-0.120271027522458,201.1,healthy,640.9,1
-0.9662069589975851,1.4093926527525529,-2.298147995087956,1.8717166205055824,0.4397853701261575,-1.7870528556872805,202.0,healthy,640.0,1
1.2618047466063036,1.1699486661428131,0.2016952623512036,0.9894986523351091,2.945208978898462,1.1239804124791386,202.9,healthy,639.1,1
1.156724098479599,1.2742123612978333,0.5512985711490003,2.1052592688789726,-0.947359095867664,2.727057707485309,203.7,healthy,638.3,1
2.5331826690272132,-0.9318140883175087,-2.338995182827613,4.455036878564095,1.2166544590972315,0.8713484163762226,204.6,healthy,637.4,1
0.3481080245481179,-1.0982544938086092,0.45781920348180155,0.7278250856833488,0.884942380889644,0.7103904322956419,205.5,healthy,636.5,1
-0.5033685251016707,1.5950700514967806,-2.5822042709453394,-1.0220798860352303,-0.22095705697562024,3.1337759329659605,206.3,healthy,635.7,1
1.7544513147956726,0.3663657075365741,0.20679474115487703,0.27984418930168065,-0.06055638416169125,-0.7028586383844057,207.2,healthy,634.8,1
-2.142476747297405,-0.1138801710890323,0.08282423630430204,0.43366020466700184,2.9326145177403133,0.6328584247537765,208.0,healthy,634.0,1
0.9626840302978085,2.2270618592545492,0.7155724804544894,0.6255494500720129,1.0026208687148925,1.7544683501759408,208.9,healthy,633.1,1
-0.4276802619186786,-0.6364494555641098,1.3566536999404581,-0.35674873854835915,-1.6437692753672675,0.5751308098641071,209.8,healthy,632.2,1
-0.0021443913824705056,-1.4705509340340281,1.1479426262098624,0.825967198608886,-0.7615987981597556,0.7726086499247566,210.6,healthy,631.4,1
1.0305660524022933,1.1404687822593866,-2.6485750348615427,2.099177955048047,0.6365119519590067,0.18771454144434707,211.5,healthy,630.5,1
0.7820518786426053,1.9483780436550073,-0.7072948904532568,-0.6559892202120357,-1.633334466655578,-0.9913252279088927,212.4,healthy,629.6,1
1.0753630448282512,-1.4866780814240983,1.0383471331923282,-0.0035082374602331923,-1.3228775938836252,-0.3210270566753273,213.2,healthy,628.8,1
-0.8118983056393284,-1.6914833560227596,-0.4808635306823077,-0.47370889333967536,1.6423288539442282,1.6319891791719998,214.1,healthy,627.9,1
1.3662289483914898,-0.6922064256097192,0.05749299828958113,0.3790210662730584,-0.8361839176289326,-1.2706518233477953,215.0,healthy,627.0,1
0.2686670764458406,-1.603522608511263,0.7267492409683135,1.4623775210390815,0.613353395556915,-2.251137443513178,215.8,healthy,626.2,1
-0.2230167037758627,-0.6919295907278162,-1.314613209992594,-0.7612819953741471,-0.16941128416820528,1.6952947094031974,216.7,healthy,625.3,1
1.0897939235704102,2.6376787133510726,-0.8504337560913576,0.7079100279240514,-0.8275553738692211,-0.12181439183713695,217.5,healthy,624.5,1
1.245781985485859,-0.9782778932400834,-0.8423736794040223,-0.12271637563991192,-0.5748170625630069,0.562151788036032,218.4,healthy,623.6,1
0.7094489132650611,-1.0352735478302268,1.9213837182228435,-1.200053768422687,-0.3950162183545298,-2.811089382994946,219.3,healthy,622.7,1
2.477051036436812,-0.6367505387568398,-3.5427964364545526,0.15168146867716112,-1.1730752300366423,1.865152981101261,220.1,healthy,621.9,1
1.4380934116348192,0.7613060286858233,-3.7832110826923,0.6277213478687693,0.9150440837735134,3.2798958158169316,221.0,healthy,621.0,1
2.0469145711234074,-0.6421377051447407,-0.3385262418861716,0.670309911926702,-1.6139961770985998,1.6677565667547027,221.9,healthy,620.1,1
1.0737656920637553,-2.0556808604332213,1.114535199410484,-0.08501942343506377,1.0892609641712858,-1.1208672755100748,222.7,healthy,619.3,1
-3.1336943119087977,0.9572606698340015,0.06744423240055386,0.44676629366475856,-0.3085591092574278,2.1475182284485306,223.6,healthy,618.4,1
1.5467790442539968,3.0698401916140767,-0.8990308626448171,1.348372253950863,0.609628244584268,0.5273672646861952,224.5,healthy,617.5,1
1.6022214081857193,1.148341400506675,-1.6841602742617303,0.11923027216995899,-1.3308653031998083,0.8354891074572439,225.3,healthy,616.7,1
1.993857295566084,0.033189875439382746,-0.0551295550130716,3.4740501288681314,1.1622458653985175,-0.22743911716129717,226.2,healthy,615.8,1
-1.0333176566506952,0.9530717741392625,-0.36750284192090005,-0.6142569649032751,2.1174129570272897,-2.2371036116549714,227.0,healthy,615.0,1
-1.5259204617506366,-0.17659236495577468,0.00950815143450773,1.5597200435655476,1.5008745739142682,0.7456333773372893,227.9,healthy,614.1,1
0.07872979789891037,0.4326161340909412,-1.7810262033856452,1.2086984750035397,-1.093807481343591,0.09698919824064453,228.8,healthy,613.2,1
1.5919152006230581,2.482222792662935,1.3055561972832124,-0.8330141077659974,-0.8255134454822335,-0.07939531904912998,229.6,healthy,612.4,1
-0.5700689437912999,-0.8617283872679278,-2.643357736346171,-2.0319542598024625,-1.5672758311304946,-1.434853631822137,230.5,healthy,611.5,1
-1.8125468160245721,3.5397623519066586,-2.378202964664352,0.9675721682086195,1.6807189442656303,0.831344860250082,231.4,healthy,610.6,1
1.4771355577996745,-1.4834288077737807,-0.7114649026424384,-0.6400568973297125,2.166895861960232,-2.166262224691041,232.2,healthy,609.8,1
1.2613780564842936,2.7114683438789076,-2.200417047738848,-1.6238726476590437,-1.413621699697837,1.8776635934680321,233.1,healthy,608.9,1
-1.9872654802194905,0.9265865566425354,-1.6232263361869634,4.418298604813481,-0.1731651260067386,-0.3989876918847167,234.0,healthy,608.0,1
0.29391837905157736,-0.16718604104890547,-0.12810627883294454,0.6389750985545102,1.9070088526891615,0.37154079343558966,234.8,healthy,607.2,1
1.0709484431811862,0.14468764999001893,0.8986703544671497,2.983995283702669,1.667902255395036,-0.6875096373520472,235.7,healthy,606.3,1
2.710007431901283,0.9990364679973873,-2.135324174541807,2.272099754152855,0.36463871712081825,1.2427766357996102,236.5,healthy,605.5,1
1.3135655406390676,0.02843922721059339,-0.02448333889293827,-0.41196612743850647,3.329008769687558,0.5987967450612438,237.4,healthy,604.6,1
1.1544921809182729,1.5955469349429832,-0.8819087382176952,2.1161339749810706,0.911114264113661,-0.14612394567246778,238.3,healthy,603.7,1
3.960488479115564,1.0683785541817432,1.1844455897080024,2.5080467072209958,0.4910755842940018,-0.5446566015499547,239.1,healthy,602.9,1
0.14023334971778115,0.40136410282486085,1.4094500218595158,1.1310496703335167,1.7578226480644612,-1.1727843785277339,240.0,healthy,602.0,1
0.28981558941676805,0.8615950215583884,-1.6068504032672482,0.6954430578957886,1.3929041492465657,0.3512610506686952,240.9,healthy,601.1,1
2.8203779434638627,-0.01245352830032597,-1.4978430018021167,-0.2880047148450399,4.489040292358675,-1.0676113035262227,241.7,healthy,600.3,1
4.086761403302623,1.1955508409870736,-2.364684915007834,0.033401574715084724,-0.7375776317654286,1.141471536143727,242.6,healthy,599.4,1
0.46296972316424867,-0.655773338597721,-1.7320403924841903,3.438324485173078,0.9519765381523415,1.2086758514502136,243.5,healthy,598.5,1
0.06211623507101248,-1.2860233093613458,-2.1710577853926267,0.6960669597469537,-0.629896839504853,-1.0710740124279179,244.3,healthy,597.7,1
1.3626349046713866,1.0383692488453378,0.9329689816498726,-0.4235200703674959,0.8627944319782371,0.3929831802864129,245.2,healthy,596.8,1
0.7463138457303368,-2.631533787249925,-0.9717417368588073,0.7867443844487396,1.9654508007784037,0.08082780219389703,246.0,healthy,596.0,1
-0.6906034328758371,0.27331483544474705,-1.0228764987411212,1.3678805996386736,-1.957356305458939,0.41000335522625786,246.9,healthy,595.1,1
-0.7159477320465888,3.679462932637357,-1.3712210499353241,2.3180264006207043,4.145299657445255,2.321497893982864,247.8,healthy,594.2,1
0.5476075381372844,3.528690977323249,-0.9022009177937151,-0.455561788054423,2.268131609161941,-0.36996831223354026,248.6,healthy,593.4,1
4.087286560375859,1.1028212590136628,0.3113078744721485,3.302308348120412,1.8076736681108447,0.5571665367798095,249.5,healthy,592.5,1
-0.2682403863238306,-0.689539111419157,0.7616822819832476,-0.0385670946979487,0.25121501472909685,1.437333815059432,250.4,healthy,591.6,1
-0.268864010348342,-0.38944201667007494,-1.0558509129248634,-0.8686014140217669,-0.11467179273817926,1.082196324833657,251.2,healthy,590.8,1
1.5602416646423305,0.5717489002098687,-1.8925722671857101,0.47188560588991685,0.2801493384941149,1.3474665736119107,252.1,healthy,589.9,1
0.8162636738107554,-2.184993060668715,0.14553151209101747,-0.9663119141367359,0.46060536796196755,0.6220326983170319,253.0,healthy,589.0,1
1.7152231755007366,1.2768736134106937,-3.09276541801771,-0.009979662869941836,0.3805057671768104,0.5759936515787015,253.8,healthy,588.2,1
-2.532974794352393,2.950679950843276,-1.1794105592936273,-0.38282119573018825,1.0163768739264858,-0.4760617855874704,254.7,healthy,587.3,1
-1.1582120435205,1.4239699289424967,-1.2678518755282042,-0.7608061145830184,2.2888993928515737,1.9851553545524878,255.5,healthy,586.5,1
3.3967104794309715,2.141802777707285,-3.039560251629009,0.4416851595198526,3.289822128343185,1.9835664527802417,256.4,healthy,585.6,1
0.9701511074331614,0.2564905491185262,-2.0636948248608284,2.2721523223797804,-0.6501052643505982,1.6215321537857479,257.3,healthy,584.7,1
0.9251954738080214,1.3314545403813507,0.9403231470731069,0.7487776742372879,-0.014336680346084782,1.0755778193372125,258.1,healthy,583.9,1
-0.031142908521282108,1.5499277795140827,-1.5850044133053631,0.09806879408270643,-0.9026023463014785,-0.7812668610949474,259.0,healthy,583.0,1
1.0033016476824204,-1.0073556593023494,-2.7876929252107256,1.2421041998418003,3.991185470938673,-0.37187343694533326,259.9,healthy,582.1,1
-1.1348972576224137,1.4378783558922204,-2.6696536861882842,-0.7317082176040489,3.6991383048886273,2.00888257064048,260.7,healthy,581.3,1
7.166807637946645,0.8321090755972788,1.266741147818795,1.95146815425272,2.856017689494114,0.16029845272487298,261.6,healthy,580.4,1
1.5505317291732819,1.6623126381023452,-0.914186304192086,0.8708355636662011,1.220755099758605,-0.004298634423900471,262.5,healthy,579.5,1
-0.8689817854249748,1.26522230006009,-2.283728674987265,0.9707221117011023,2.431769343722704,1.1404119861551827,263.3,healthy,578.7,1
1.298822849884653,-1.3707590315333331,-2.173102007740863,1.1791067133663244,1.3871879060102807,-2.1702167042776312,264.2,healthy,577.8,1
-0.32862797936206384,-0.23122987131834907,-0.8549219822027334,0.5478259431847844,2.6716743545237773,2.4323086416587016,265.0,healthy,577.0,1
0.010924361200962362,0.40020220459791134,-0.704498434561111,-0.346452282942465,1.9813132000073548,-0.08146871228442672,265.9,healthy,576.1,1
1.7911138429723386,1.7595705921219986,-4.454247712125554,-0.4063551609011588,-1.8730214376417023,0.6338140342257877,266.8,healthy,575.2,1
3.2043552901925834,1.9590978177314717,-4.521623468112474,-0.4311562970159642,2.5499235723973386,-0.3545030129359408,267.6,healthy,574.4,1
2.486804734995339,0.5310683174186531,-0.5339690034688099,0.34297309634447626,1.0290877995451144,2.295786666732419,268.5,healthy,573.5,1
2.0352407670158605,-1.1459226315020665,-0.8530479438824974,3.0696303087425587,0.24523366358568188,1.777990055210073,269.4,healthy,572.6,1
1.7405127708096908,1.3386643714661395,-1.1055033618531835,1.7114250296073896,2.3878704671952873,0.07826280755793812,270.2,healthy,571.8,1
0.4360937158631682,1.4721230328524202,-1.7201385875906867,-1.1411607537707653,-0.4159828356659619,0.5563389061848231,271.1,healthy,570.9,1
1.6913722917570453,0.9996911723896238,-1.7435756471635235,0.6070371339470588,2.224188194506125,0.9832835499002742,272.0,healthy,570.0,1
-0.6759099755970096,2.0105163608322765,-1.5099421798878598,2.56267062849661,1.1393567232248891,1.056628142756617,272.8,healthy,569.2,1
3.0470051021183573,0.29407543089463084,-1.584733528669066,0.027352078495204695,-0.22642661259428298,2.665165869849467,273.7,healthy,568.3,1
2.0417450561835473,1.066236620059019,0.652001193448669,3.200130932090975,1.5675314758964936,2.337531819005262,274.5,healthy,567.5,1
2.371155300769305,4.2656375570945055,0.29121608910662444,0.6247844440327758,-1.2210341386152508,-0.9689727690436175,275.4,healthy,566.6,1
-1.834428360743555,1.2350109254668427,-0.41910686863783,1.1155323597690452,0.3805834532136776,1.6728780918151769,276.3,healthy,565.7,1
-0.7809195087034387,0.348660399250429,-1.0073101987120412,0.40950510439365456,-0.6977002995422806,1.8682904949992902,277.1,healthy,564.9,1
-1.8030283440718147,-1.407406311957615,-0.5543558416166144,0.49387295848968366,4.810807492032752,1.2039006819220233,278.0,healthy,564.0,1
2.1908294907401977,-0.5561006569585625,0.445910349545716,1.5326570903184513,0.8356624328811771,2.3521820147408237,278.9,healthy,563.1,1
0.14994875557298915,1.1219269072498492,-1.1174806922028933,2.934561783148987,2.1816839524401623,0.4878553099607089,279.7,healthy,562.3,1
0.42490677612558825,1.9831299144499202,-1.4724382523433477,1.833982317192125,1.0395369590726509,1.3563709240508905,280.6,healthy,561.4,1
1.0011025524382033,-2.1409581282136108,-0.6083494937682049,0.7117018571348165,0.035196081022100915,-0.028211386026734474,281.5,healthy,560.5,1
1.6249836850796209,3.0723539331694134,-0.5191478879410479,2.3320123157323014,1.1682114015768326,0.02402278635161255,282.3,healthy,559.7,1
2.3216701873873453,0.22980124167235844,-2.820929160976015,0.9399323478397069,-0.38156725385405765,2.134113118216371,283.2,healthy,558.8,1
1.7929026592531256,0.8736706803483998,-1.278640938700131,3.109558643843053,0.1629005892406003,-0.2755764419165729,284.0,healthy,558.0,1
-0.08079213348868469,1.1467955706916901,-2.022934239644295,0.5841422877455823,2.328594836827373,0.685790894576245,284.9,healthy,557.1,1
1.0675513333635336,0.5127022426625695,-1.2571745900314824,2.3764476846046603,0.6991317961143584,-0.7885459136524738,285.8,healthy,556.2,1
4.546875584881035,2.364723561183534,0.7664031264997638,-1.017121872211305,1.1000881864145464,2.91617713874511,286.6,healthy,555.4,1
5.283134860813009,1.3867811029098318,-1.1777661183602943,1.5396694151157417,0.9449185205489775,-1.222008338748176,287.5,healthy,554.5,1
-0.5730393634868917,-2.112765425496391,-3.14769055079596,1.6624549594753084,2.171421170499967,1.5401084711062052,288.4,healthy,553.6,1
4.726834879036139,0.9011662441294496,-0.20160865982807072,0.894849559751489,-0.36654409205830285,-0.25828405793669085,289.2,healthy,552.8,1
0.40317840221962814,1.8272819794034842,-1.0545770502300267,0.4977602405335598,0.37922216044515084,1.9455885517368492,290.1,healthy,551.9,1
2.5804850983234844,0.19093726150030998,0.5641751579307249,-0.9786958817014284,1.1097165718616075,-0.4662969634131027,291.0,healthy,551.0,1
0.5887667237536605,2.156452798829691,-0.3114911495792337,-0.4357421831282237,3.489543778195503,-1.3288964322724583,291.8,healthy,550.2,1
-2.2271528549737094,2.036264025541462,-1.6987497783904215,0.8769237943690908,0.6652622450818118,1.156154065166999,292.7,healthy,549.3,1
1.6070079960929968,0.03918122890530481,-3.048774357287315,1.0987381946399861,0.1924053175637265,0.7582370960299354,293.5,healthy,548.5,1
1.2148688331840856,1.4503601738885143,-4.376659907452202,2.1639752116086006,-0.5889748044918588,-1.0865528544638323,294.4,healthy,547.6,1
-1.3433627341601526,3.2574695793795723,-0.19608321745134302,2.3863263611439276,1.396595323343887,0.5416121939778162,295.3,healthy,546.7,1
2.661846151974832,1.1412103764320696,-1.5290299801887557,-0.11221103050070436,-0.31129099644856106,1.3071715100436387,296.1,healthy,545.9,1
1.2104979946264993,1.2535406763209758,-1.5090187553098615,-2.505964728759774,1.930592927468077,-1.2133013737200704,297.0,healthy,545.0,1
1.2087255895042412,2.497044572653673,0.7606601708091295,1.2114306394293957,1.968953508722538,-1.7486150093940278,297.9,healthy,544.1,1
0.06507571399423452,1.3686534698768589,0.3219247396038979,2.9105989719162366,1.088895508211268,1.0992440931028071,298.7,healthy,543.3,1
5.38250442576809,-0.4167860285084791,-0.07900869025629424,-0.2944844405011004,0.619230512192438,2.9454555232664665,299.6,healthy,542.4,1
0.4051094485410682,3.4424114460288378,-0.9147874868235644,1.7721122808468253,0.1311908306099563,3.1701060213254575,300.5,healthy,541.5,1
2.2333398617429814,0.33629174003798834,-1.426804764691778,1.0626736242186874,2.2497790903873525,1.6993140248494414,301.3,healthy,540.7,1
4.186574069538243,-1.7185747812900878,-2.0584191199926427,1.190613621565965,0.711841752810686,-1.0541100398520575,302.2,early_deviation,539.8,1
0.7793112151665731,0.7283687398175165,-0.4818675157469359,4.522699103492225,2.4856763478782287,2.090222796195191,303.0,early_deviation,539.0,1
3.1434315993087454,-0.9079658746228148,-0.07415391393074819,-0.08465006247217333,2.627515290061354,1.729030686239365,303.9,early_deviation,538.1,1
2.656988449047228,3.2590699678939132,-1.0858254559877174,3.456852018416361,-0.5355271125698298,0.14172289429009932,304.8,early_deviation,537.2,1
1.4138596008585458,-0.6395310117312366,1.5750118919449962,-2.440885263823076,-0.5569991089872274,0.7282113216380842,305.6,early_deviation,536.4,1
0.9777877665401169,2.1832269753637443,-2.96009035258676,1.221289948727158,1.0582077688228446,1.5477657046310425,306.5,early_deviation,535.5,1
-0.3901862350427321,2.212765459331649,1.5748578200143089,1.0245215418385902,0.734072124712427,0.2262417698104438,307.4,early_deviation,534.6,1
0.47778899932514923,2.5166351871063255,-1.153993725761862,1.716110518675936,0.39123134947078453,0.5029451368386622,308.2,early_deviation,533.8,1
3.4734709383051734,0.3105541787916273,-1.6975574831883031,2.320372603590953,0.7807461023655669,0.45483032688582853,309.1,early_deviation,532.9,1
2.948751495943965,-0.06371445738076431,-2.345029163276202,1.9996552344784595,0.5187967635101886,1.9992257518041348,310.0,early_deviation,532.0,1
-0.2765827252479428,2.7245139351018506,-2.693578136705227,2.558791646699099,1.856398595894167,1.0043567278479137,310.8,early_deviation,531.2,1
2.1535871016284482,0.7203001143910694,0.23589822395605334,3.944586944725031,0.576409411002715,0.3179186596646686,311.7,early_deviation,530.3,1
0.9066946277481112,1.4430513288678564,-2.1315408526884436,4.173081659938935,3.8105049529396746,0.7430633041744593,312.5,early_deviation,529.5,1
0.8401747318024034,1.1524797788871988,-2.302427770940175,2.1053768557023638,1.4231877726751943,2.2038541576925947,313.4,early_deviation,528.6,1
-0.6489136197999645,-0.23855892326469325,-0.5870593711640596,0.2497502627598804,1.6349580682223674,1.3658923155041338,314.3,early_deviation,527.7,1
1.6906009673056708,-0.2399087459005195,-1.8817318467035606,0.25059550451389956,1.8563269064097578,-0.46405817948619194,315.1,early_deviation,526.9,1
-2.7440988785734683,0.8449445147930603,-0.5674157035054149,1.7552337298797955,0.5318057080967434,-1.1833702292121595,316.0,early_deviation,526.0,1
2.099840557412447,1.475950224577352,-4.6841492148580866,3.275665940688731,0.9341743995416619,-0.1823172523750303,316.9,early_deviation,525.1,1
-0.016509625490462348,1.8356072327861483,-3.6054523549310358,1.0015782775333644,0.41669468134829124,-1.8890416943436037,317.7,early_deviation,524.3,1
3.22140648391481,1.6820992597341564,-1.641485370481655,1.989325577887145,2.5528175602892906,0.8546813683378227,318.6,early_deviation,523.4,1
1.041085605025934,1.28580507456394,-5.920926896680935,0.3949409387858409,4.629508370974111,2.343251255962138,319.5,early_deviation,522.5,1
1.6927289475296121,3.364934051563275,-2.6588152797183024,1.3890752787113465,1.4086668463708296,1.1649185868329217,320.3,early_deviation,521.7,1
0.3343062402166297,0.43761330681310445,-0.6972560468130721,3.1761695042326124,1.2840539215987004,0.31618722057170845,321.2,early_deviation,520.8,1
2.6690998840491544,0.3023319807299547,-3.8756612901428085,3.687551832412455,2.0674577347704246,-0.6249762124887598,322.0,early_deviation,520.0,1
0.2913363567747272,1.099266860785474,-0.5753106311951549,2.651564883606022,4.141995600104264,-2.074085438508943,322.9,early_deviation,519.1,1
1.569760136595088,-0.2924245250660745,-3.859646872406849,3.204678083720225,0.8304207139584998,0.5585436639817333,323.8,early_deviation,518.2,1
1.4282248349665376,-0.09365303847726844,-2.3617021629903565,1.557530161901687,-1.2040988840207296,1.7925620416318833,324.6,early_deviation,517.4,1
0.532662443094209,0.8928652390575937,-0.7853761281072176,-0.08679982627864945,2.3006037481557686,2.1292802227661385,325.5,early_deviation,516.5,1
2.220090586415627,1.9547250390130158,-1.5367809060086466,1.6861466293270548,0.03769374739587484,0.1513306207000639,326.4,early_deviation,515.6,1
-0.2153362815795303,-1.1398888434921925,-1.25397231068794,0.9800170042465891,1.9103007662039913,3.4417833395982833,327.2,early_deviation,514.8,1
1.040275987871342,0.33102985658932615,-2.1334179120269265,2.234628291974037,1.3084521387232377,3.6527692147022517,328.1,early_deviation,513.9,1
0.36612200623801033,-2.058719982056415,-1.0922823789911138,2.2886020272850303,2.9589342477415332,0.24416710752210263,329.0,early_deviation,513.0,1
1.8229460201522993,2.3012637110664067,-2.8703882647364214,1.9770771810129482,0.19407358644855371,-0.6055154668211827,329.8,early_deviation,512.2,1
-1.1113691266632968,1.605563508005557,-0.47135739325996756,1.0803462320871988,2.8683938093948185,2.1054516054250447,330.7,early_deviation,511.3,1
2.4461105322041905,0.08888622470791516,-1.0726810055879517,0.6237150956271142,-0.17453103730489622,3.654024795827838,331.5,early_deviation,510.5,1
-0.3934903482952679,1.971135083362672,-0.9183402042839455,-0.2537482147551836,2.6927796676795785,1.719862760256025,332.4,early_deviation,509.6,1
1.7982855192539648,4.090344497460361,-2.194997341000813,1.033842718497546,-0.9823556327249473,0.4475138625137206,333.3,early_deviation,508.7,1
1.4566434911703166,3.094209743991487,-3.0569502396741814,1.5520865836658675,4.098142779683514,2.1609277400706373,334.1,early_deviation,507.9,1
1.0488152606979046,3.711052419562399,0.05230288893844895,0.834174758881594,3.0220837263577627,-0.6202244041841527,335.0,early_deviation,507.0,1
-0.774737972320326,4.195759987379487,-2.151350676350763,1.9570459198046473,2.783692107594737,0.479865602210361,335.9,early_deviation,506.1,1
-1.1574790117723937,2.208930184836435,-3.4020612943362765,3.105689345666281,0.869306978624016,0.4367947851411739,336.7,early_deviation,505.3,1
2.1098021306457944,1.9444579000719082,-0.8324516484694566,4.693958086576838,4.40832138873666,-0.548838768424389,337.6,early_deviation,504.4,1
1.2195405429816086,2.7629414456790684,-1.7820160903651094,3.1613881488451336,0.11255547265014365,-1.108456371554115,338.5,early_deviation,503.5,1
1.600946808205849,-0.8774028995226221,-2.451912788912556,1.5357835164462663,1.2492139518193222,2.620023860239965,339.3,early_deviation,502.7,1
-1.2359790534517445,-0.06970985223182735,-3.1002071929701565,-0.0007484055465204558,0.7703201000810053,0.2604720565949383,340.2,early_deviation,501.8,1
2.2083566080600727,3.561707073201739,-2.5841155684906343,3.704985116511008,3.698202175225414,-1.4854274644836558,341.0,early_deviation,501.0,1
1.5061723676417547,-0.1391590351223156,-0.9926008608594841,1.8294476159324031,2.0976286833013464,-1.0126572414424873,341.9,early_deviation,500.1,1
1.268741196282262,2.643278052458677,-0.3039375969515826,-0.6698769157417461,0.7627891407371227,0.4680377131386559,342.8,early_deviation,499.2,1
-0.2951929790314479,1.3092592532077554,-0.9633100749268967,0.05804362277471371,1.7027013043559374,3.3350178078557127,343.6,early_deviation,498.4,1
1.9228571533391443,0.16187161959346702,-1.8382483170389385,2.5620992948723704,3.0005582992584126,0.7117282855564687,344.5,early_deviation,497.5,1
2.6838972786653668,0.23482670409047093,-1.7951222745337279,2.4951827087419858,0.5792629302399317,3.2273105479478956,345.4,early_deviation,496.6,1
2.5602446694584255,0.4498283933903385,-2.892243317753056,1.7984005444339322,4.312383676374877,-0.776379794691471,346.2,early_deviation,495.8,1
0.748737226807954,1.1519018608125657,-2.2944261006056443,1.0139885292115258,4.142178952500865,1.6993893563312952,347.1,early_deviation,494.9,1
4.372873541275694,2.0461431915093926,-1.0472822981656762,-0.9001202161882036,3.7099929045697677,-0.26232978172264865,348.0,early_deviation,494.0,1
0.6180387602015104,3.5152675165899914,-1.1807911646332452,-0.3965152188449014,1.1611223353966489,2.294801601804579,348.8,early_deviation,493.2,1
1.0986887714986564,1.482212350847475,0.4701852381795067,3.1197264456304152,1.591137577509034,1.975067707353653,349.7,early_deviation,492.3,1
3.7424826490803276,0.5045527895333781,-2.759890494268635,2.060580426113466,2.469061472825161,-0.6616216773666546,350.5,early_deviation,491.5,1
5.003991994832956,1.9644728599639683,0.2645082737766115,0.4226208770121509,2.732084183804667,3.5567087097412293,351.4,early_deviation,490.6,1
3.1512378403872527,1.015557650438336,-3.3452288920370576,4.899299264577816,5.1041032113588,2.3773151363496443,352.3,early_deviation,489.7,1
-0.04973128076004782,4.651282692428159,-3.994399391386769,2.2199327057989167,0.49965880402167245,-0.20429373096796027,353.1,early_deviation,488.9,1
4.5741673415318065,-1.7545370469336043,-1.9522665807724617,3.183338150336304,2.2747869211257474,1.0017406093748333,354.0,early_deviation,488.0,1
1.3338552029797648,-0.030575099255596757,-0.7175139881822705,1.6861687633173352,1.7040945284971567,0.6357039233569833,354.9,early_deviation,487.1,1
1.6949444539324092,3.6158212201890554,-0.8118795212023993,0.9168797969574416,1.2790398455875467,0.08995459210961683,355.7,early_deviation,486.3,1
2.3096462785642746,0.42086782749706686,-2.873162566494742,-0.9593189565809375,2.0470236909841835,0.978013562571074,356.6,early_deviation,485.4,1
0.5533514436260174,1.5242286114265329,-4.764382424511153,2.4701671495962905,-0.533911230084031,4.459618139181004,357.5,early_deviation,484.5,1
-0.09133903804322423,2.5147054257033052,-1.825148174906814,2.046129697205868,1.977264525878681,2.4063016748604116,358.3,early_deviation,483.7,1
2.0838725001537997,2.678864469284421,-2.547395091678597,1.6096045241713026,3.7605127824457627,-0.5376494194640149,359.2,early_deviation,482.8,1
3.967249876433709,1.5957671904329502,-0.8072634053185059,-0.62773379823831,0.004852298284435085,-1.6036873953670392,360.0,early_deviation,482.0,1
2.677726683054624,0.21016213059805192,-1.3926884056100612,2.510124535559042,1.5179482229106638,1.2376825347842162,360.9,early_deviation,481.1,1
5.790715583273084,0.6152705767525392,-3.156591477562496,-0.37949971381298825,3.2760544422349733,2.7163088360884755,361.8,early_deviation,480.2,1
2.346161106314077,1.7666086643384746,-2.26123014508367,1.6072389539595489,3.89895061357083,1.7450449742912186,362.6,early_deviation,479.4,1
1.9115334539470705,0.4594448693243504,-1.7933237616697166,1.198175145997215,3.610006819521803,2.479810642703002,363.5,early_deviation,478.5,1
2.3945412016877174,3.136656412087654,-3.2815488483742885,0.03996706958349092,0.6059984248001543,1.37146599873994,364.4,early_deviation,477.6,1
2.248810113859292,1.891932017443529,-2.8633865514421935,1.0577972294839317,1.3431565024438066,0.19706563296333013,365.2,early_deviation,476.8,1
-0.012855407522402405,1.2799086936487274,-1.7883864108453824,3.3221390200417513,1.4967962938264225,0.34659100664664527,366.1,early_deviation,475.9,1
-0.28093168226084064,-1.222161341423058,-0.8696947614385099,2.8112339560274378,1.815426058497726,3.055270710392272,367.0,early_deviation,475.0,1
2.239959029020474,1.3537488414907966,-2.2816441723957137,2.083497406305223,1.5474405274967427,1.39324289122703,367.8,early_deviation,474.2,1
2.4345953692958258,0.42206003611254544,-2.3264005577490936,2.1130269160947606,1.5565794133977586,0.34602424304836227,368.7,early_deviation,473.3,1
1.609633781459275,3.1037696405335624,-0.6507182676990826,4.26882085154411,2.2972387025388796,-2.323726859424499,369.5,early_deviation,472.5,1
2.532214410673388,1.1264330516778447,-0.532908626063535,-0.8611256588028756,3.1463322609844036,1.6674945147684002,370.4,early_deviation,471.6,1
1.2526692016861283,2.5643659662694023,-1.4467757093273572,0.3363564166235325,0.9784824088932279,0.764646874072172,371.3,early_deviation,470.7,1
0.1501128671583815,1.8886261644012754,-2.085249790064768,3.4808604810040724,0.4148536966805562,0.0180015156146539,372.1,early_deviation,469.9,1
1.9207072915705143,3.7346177362975066,-5.051735638283873,0.8845544875199827,3.9906081547348213,2.0420856407241406,373.0,early_deviation,469.0,1
2.201212283709345,2.168391050525022,-3.1492483892061696,0.017762527204045885,3.9360670985918706,0.4471267094822749,373.9,early_deviation,468.1,1
2.7289787311726816,2.0418714474193482,-4.016889865241693,4.352206509821236,-0.7907568460838826,3.343228600808976,374.7,early_deviation,467.3,1
4.682541162138729,-2.517057511853153,-2.869086205871266,0.7313499236362987,2.3490268028135706,1.7131821274475836,375.6,early_deviation,466.4,1
0.6787600467966877,2.573620738233626,-2.7054839696230566,4.398704489913325,5.466051780308014,0.2379035910536187,376.5,early_deviation,465.5,1
1.8180117318181583,1.6365912423965294,-3.601540136299066,3.6898966520083163,-0.17777234077824824,-0.18511111928843252,377.3,early_deviation,464.7,1
2.713606946007596,2.1060486433983314,-4.7437317507696335,3.4317562235558836,3.428885506471048,-2.0043853658161064,378.2,early_deviation,463.8,1
3.1461394404677194,0.11741032100639384,-2.9790552981455525,1.2961664711139276,2.1348936287503806,2.6795814376437983,379.0,early_deviation,463.0,1
1.6900648694600657,2.342928371138519,-2.5526264882791327,-1.061717712513241,0.7568921719602492,2.338793494363094,379.9,early_deviation,462.1,1
2.1120887520689178,5.572888241889077,0.45672760888796127,-1.111710096321635,1.4442212456253378,3.449477138516561,380.8,early_deviation,461.2,1
3.5492412572808107,3.047060924288165,-2.1855083226818834,4.523602446970746,2.2929073614778375,2.390404023642257,381.6,early_deviation,460.4,1
2.6938424407401342,1.555476601307491,-0.7153307989945994,2.8032435855343953,7.143676191297163,1.057195414207591,382.5,early_deviation,459.5,1
0.23991472668511757,1.0901232269125238,-5.30871956260924,1.4448308002403132,3.2573248189011594,0.1580180248776588,383.4,early_deviation,458.6,1
1.18509899159395,1.0031748463778922,-4.3680973347295176,0.764289451304183,3.974946817648959,-0.2614605072073588,384.2,early_deviation,457.8,1
1.2175821447292698,2.2088271295154436,-2.0137815613570402,1.029259599134062,1.824107548478241,0.4615764726908397,385.1,early_deviation,456.9,1
-0.3286553312929626,3.9610585662282554,-2.129086778864485,1.6299968460961294,4.190860752476026,-0.06803363874375536,386.0,early_deviation,456.0,1
4.190348636002268,1.6784882821140505,-3.1119106176653317,0.24380728636823865,2.35708849473027,3.1875400962049123,386.8,early_deviation,455.2,1
1.1204116750184572,1.8764535123679935,-4.945371627786279,-0.3472076053609497,2.094350162445865,2.0045350130744395,387.7,early_deviation,454.3,1
2.9063614734370953,1.5893029949059851,-1.87671997742909,2.1100000929232197,2.244625209654087,1.5767962570413196,388.5,early_deviation,453.5,1
3.866961286600441,3.081281352937538,-3.0344134435394383,1.1403902142339646,2.1935394488573814,1.2061817869061535,389.4,early_deviation,452.6,1
4.098407855479323,1.8266252543186867,-0.8289069870577366,3.1668912121798423,3.7495015941551095,4.153630801251883,390.3,early_deviation,451.7,1
4.852134074483215,0.4659232096992994,-3.450684583047896,2.2996109207032362,4.298332892702161,2.014262762002676,391.1,early_deviation,450.9,1
3.8584165433876683,0.8557087441060377,-1.634587378813961,0.6084647763204578,1.3784801151722181,-0.14302587499976843,392.0,early_deviation,450.0,1
4.047998246832966,4.174045625037217,1.523051385074725,2.7426019856499333,5.928067490038505,0.9413481221541686,392.9,early_deviation,449.1,1
2.098462020095192,2.083069327508139,-2.0093839657931323,2.5253319702595123,3.4562661310303295,1.1761946093184832,393.7,early_deviation,448.3,1
1.5392244409397884,0.3340629161347989,-3.9293689525668585,1.2955813037457595,4.421326694481688,4.918283261703602,394.6,early_deviation,447.4,1
0.7400338423959989,-1.2997397705170517,-1.2403424833562267,7.874778495518177,3.6364824060579064,2.2229871690930665,395.5,early_deviation,446.5,1
4.324192574662116,0.6623325066754143,-1.3283145347561875,0.25464325798735266,1.689910033547018,2.256748369279341,396.3,early_deviation,445.7,1
3.9340719842535514,2.6816105904851666,-4.135745786197352,1.4539223367500502,3.4308495119734936,0.6275767568127846,397.2,early_deviation,444.8,1
1.2263074106859644,2.047527365918889,-0.5232856759355852,5.3246965739963965,2.2058839172962834,3.3791273529532924,398.0,early_deviation,444.0,1
2.7056584748883847,3.567399364167511,-3.623289453676999,3.8535913439128917,3.3443565850486925,1.8559540761040352,398.9,early_deviation,443.1,1
2.2304296162953463,4.129586347142724,-3.3539535927390904,2.4969824788270762,1.3574444675298003,0.254590445346804,399.8,early_deviation,442.2,1
5.4358023983173425,1.5614740168511152,-4.1690122321451275,0.5010153204799189,1.7607244626954401,-0.9694780824668198,400.6,early_deviation,441.4,1
2.507619554409272,1.2786801125670177,-2.755207915983266,0.6087276174550972,6.61208498106607,0.06297931952214943,401.5,early_deviation,440.5,1
5.0576455424838915,2.8720184305325165,-3.300895449238485,1.1492783947079517,3.8934477916198627,0.0948772082011592,402.4,early_deviation,439.6,1
1.4006704997791484,2.325792898156725,-2.4376425057121285,2.895747064434728,2.7430159958273306,3.115455993716794,403.2,early_deviation,438.8,1
2.8735610379033605,1.1173864110481837,-4.009501461611638,3.0483844448173354,3.974966820511556,0.8904677157541621,404.1,early_deviation,437.9,1
1.89025912209407,4.6718573841617275,-2.560455960573486,3.738412975339562,3.2622652783491093,2.048752730794275,405.0,early_deviation,437.0,1
3.8473171298289945,3.3343609730002393,-1.3821410238980245,3.1733031524906488,3.690916503944724,1.6351361729868392,405.8,early_deviation,436.2,1
1.4722450325549614,3.595495073641422,-2.5651405528710223,4.050547889718881,4.299547964329789,0.20768178552472566,406.7,early_deviation,435.3,1
3.0340129349414613,1.8506896821182444,-4.406646534588052,0.7350241660236854,1.4135608513773863,3.60618422632579,407.5,early_deviation,434.5,1
5.151801829409685,2.583786842546303,-3.694526070985666,3.1101202938465398,1.7763431349026853,0.37895848977656627,408.4,early_deviation,433.6,1
3.739829511783151,3.325837691745855,-2.327608965048544,4.350247651680982,1.606903881177415,-0.8660144396085101,409.3,early_deviation,432.7,1
4.200769721674684,3.0027410741808755,-3.9737376405783316,5.465115991741465,2.9878086490451863,1.0460331507238312,410.1,early_deviation,431.9,1
3.0135646314015823,0.262946661875228,-0.7150095640541585,3.008626264767158,4.201624811751118,-0.40015727662203193,411.0,early_deviation,431.0,1
4.820110433786963,1.0443181677673266,-2.87145468417819,1.8406612487607594,-0.09404800166815228,0.678469859529965,411.9,early_deviation,430.1,1
2.8988943963017424,3.1941915915936194,-3.123294821432234,2.40655821163919,2.9302890719224957,-0.5088538335634185,412.7,early_deviation,429.3,1
4.065815294620357,1.3473775978219802,-2.1357461100905355,1.3782171731019652,3.385135607130184,3.1976915635580347,413.6,early_deviation,428.4,1
2.1174606712974384,3.7483544043788983,-4.147813747094521,4.28460100324322,3.0514736050909104,1.626748478014395,414.5,early_deviation,427.5,1
5.405102591076599,0.17840492618981962,-3.9452725996337112,0.13589440010609888,3.338590549971982,0.9672155987478677,415.3,early_deviation,426.7,1
1.9443010671637475,-0.24029065679599387,0.4875349459813546,3.0613466628782318,4.592039424317678,3.62907280834392,416.2,early_deviation,425.8,1
8.165322697721788,-0.022573156683909957,-1.1499556313695334,4.246958002639698,4.453645851410123,3.5712177224299015,417.0,early_deviation,425.0,1
4.061537452627837,3.4056126136619294,0.3889883237051269,2.46785691436025,3.5156262944860344,-0.03398008469420849,417.9,early_deviation,424.1,1
3.8048395811432694,1.3664711219027625,-2.0463471310711387,-0.013998365481137575,4.584247921767281,-0.197689783915205,418.8,early_deviation,423.2,1
2.80257183644879,3.2156917605236064,-6.536593296647307,2.921165185528734,3.7319024124689055,1.9680766072694518,419.6,early_deviation,422.4,1
3.3786582050378104,1.9518556555655926,-6.190799491861024,2.4953639307874553,3.8853605309202393,1.3095320093311118,420.5,early_deviation,421.5,1
1.480434200666051,2.2003786138860835,-4.1845050207301595,1.7515013857679198,3.019323858843759,2.1695889983569505,421.4,early_deviation,420.6,1
0.953641481942699,2.9075502886589044,-2.086532715814345,4.176710250971361,3.312689491296666,2.827226063544278,422.2,early_deviation,419.8,1
3.670218847645887,4.345618589652581,-2.953796564568791,3.6234960645264707,5.924191068763195,1.744449093805565,423.1,early_deviation,418.9,1
4.1889700986850125,4.8620813411853225,-3.2307192093350934,0.6121819033140173,3.016182871125887,2.7480912729233933,424.0,early_deviation,418.0,1
2.398293886607054,0.6415314973741584,-2.0328542565666927,2.5006830053279194,2.3755785466424677,1.2841937152368894,424.8,early_deviation,417.2,1
3.602145362025111,2.941489841041252,-2.015127928489846,4.717337113815809,3.799051634637651,-0.384101006081417,425.7,early_deviation,416.3,1
4.256895883878874,0.22962140003374482,-5.073145594611875,3.913603508448625,3.3754466640393597,3.191164640829416,426.5,early_deviation,415.5,1
4.8795680611746395,2.1874401193692914,-1.5461299504820525,3.765675134499232,1.878587713237528,2.62187092046125,427.4,early_deviation,414.6,1
2.126825972437173,3.395404074805319,-2.0840000955159144,2.9697783450674784,1.3327296388949774,1.6553388914295895,428.3,early_deviation,413.7,1
1.6189936122127995,3.8385581206415496,-5.2598112911761685,-0.007304216794187092,2.735708922129606,2.913036916299424,429.1,early_deviation,412.9,1
0.8479207986329539,4.415785118404907,-5.259412516767345,4.871557074503828,2.615586349333785,0.3112046778631427,430.0,early_deviation,412.0,1
4.527969930243854,3.3887559962545994,-3.505799032969725,0.9798357822011324,6.5573885528493845,0.5141529377799814,430.9,early_deviation,411.1,1
5.1899523026272005,4.359207747176469,-4.508953317577739,0.3950488419884926,2.5097909829771123,2.3356167065239677,431.7,early_deviation,410.3,1
0.9420880263310659,1.435158503694863,-1.7920680250843697,3.8196557866821768,3.2916967238489323,-0.24682436206280317,432.6,early_deviation,409.4,1
3.114252559425961,3.787404288267244,-3.921339086062019,1.6936708026497085,1.8637018477317053,3.0550008713314414,433.5,early_deviation,408.5,1
2.629691222010297,4.67177049438128,-1.46180225409602,2.7564993648003835,3.7839087678746095,-1.1869218123340235,434.3,early_deviation,407.7,1
2.270675247419746,-0.2637205871290011,-2.032466559224786,1.7950610786496148,5.425517647954991,0.3054173579304905,435.2,early_deviation,406.8,1
1.3446263933676537,2.955277026436859,-3.0387204085558968,4.6390851579105,2.1848627065961383,3.057172110851026,436.0,early_deviation,406.0,1
3.9436123377510484,2.4922413864180886,-3.02019753866749,4.357069070812063,5.154332778582058,4.67153914036529,436.9,early_deviation,405.1,1
0.9808128900975062,3.517959079091381,-2.6328657399686928,1.8307341541177429,0.5308423517168968,-0.9126779758671734,437.8,early_deviation,404.2,1
5.54233269878173,0.2560298312128874,-2.84474384782993,5.669535842396804,3.4633675348211375,3.631262669128683,438.6,early_deviation,403.4,1
2.28391905236089,4.676428190751921,-2.02600862921531,-0.1907507282797076,2.8362803762023185,2.68637786086479,439.5,early_deviation,402.5,1
2.3691586098136974,-0.3861301015501193,-4.121381851431219,5.5359212432901135,3.1626569007453584,0.09342187168549992,440.4,early_deviation,401.6,1
1.672931619945092,3.4453939882600957,-1.108947322656616,2.6346821825158164,4.675937588088426,-0.8997087725243744,441.2,early_deviation,400.8,1
5.706597454987124,5.766201837850081,-0.83784618005542,2.269313638125686,1.832887222585172,0.8563391687912194,442.1,early_deviation,399.9,1
4.838928562245289,2.630004122975485,-3.339866584645748,4.512839794194463,2.848291093972023,1.9775104787763662,443.0,early_deviation,399.0,1
7.8802225811920215,0.5202677156394445,-3.472562797204435,1.6883821623458768,2.4716809973268856,2.286131710022597,443.8,early_deviation,398.2,1
4.681337677179184,2.9031956961735546,-2.919496930379989,2.0965855114358756,5.2155617670729235,1.0493455352302925,444.7,early_deviation,397.3,1
4.427462524963345,4.506518256120537,-3.2172646010617947,3.822382417610456,3.803804230817401,2.1387559074775817,445.5,early_deviation,396.5,1
5.141774611542221,4.680079582223399,-3.530691216332316,2.592288674247282,1.4019707427781847,2.0854379774659497,446.4,early_deviation,395.6,1
2.420640414151315,1.5067172896269854,-0.48744230142172823,5.735564302166984,6.380032870191812,2.6702129098492366,447.3,early_deviation,394.7,1
3.920204555287896,4.65035923592432,-3.879779945021767,-1.2018853561188103,6.31917567871913,2.3394745248158695,448.1,early_deviation,393.9,1
4.242990162210002,1.1292236281150845,-3.5293166530291913,1.775262224339321,3.3866834497389036,0.3975838177746291,449.0,early_deviation,393.0,1
3.1119987603198958,4.383985479452722,-2.2501681832632876,4.228896666566791,4.740250322520831,1.2922629865748132,449.9,early_deviation,392.1,1
5.497557587900512,5.141205667764836,-6.082446644349762,4.737550980443967,3.962176626282971,-0.1168110271684195,450.7,early_deviation,391.3,1
1.8756696021526782,2.216645189063376,-4.820345780560853,5.901462709479349,2.5605534359338558,1.4075171066902465,451.6,early_deviation,390.4,1
3.3869348993277555,3.002215694113038,-2.568513016242565,2.5091547901096543,4.7908375512624914,-1.5474679336724488,452.5,early_deviation,389.5,1
1.5132729289030542,2.241146086457745,-1.4557521615501088,1.4601143205323899,3.5256735235118555,1.8050227151511322,453.3,early_deviation,388.7,1
3.881435928432028,3.717102373112818,-3.8178158397242212,2.792151689652619,5.345859918801923,0.9951429258385485,454.2,early_deviation,387.8,1
2.508133770710137,-0.02789364021706929,-2.5672260624686527,0.8868993071158439,5.6802267472197485,0.4884820001760154,455.0,early_deviation,387.0,1
7.231161260965194,3.200857856377464,1.3550072449949575,4.405451206827201,5.165086481154343,1.6633781994590093,455.9,early_deviation,386.1,1
4.710970759114877,4.230784651671162,-3.006927212507365,2.342115098923198,3.887332147845645,4.205083896198185,456.8,early_deviation,385.2,1
3.0356649915677547,-0.40209963491982276,-5.714084826240161,0.11543567621040567,7.729331317267387,2.216873638451366,457.6,early_deviation,384.4,1
2.7814670865673414,1.2690818228661307,-4.120651772021135,3.48213733556866,1.4784676428378278,3.603400347181889,458.5,early_deviation,383.5,1
7.145653654589558,2.3365591481622636,-4.28154516190641,3.5856898257445833,6.289767239741034,-1.0202711382047307,459.4,early_deviation,382.6,1
4.046723646853044,3.9169367439927045,-3.4713564039171527,0.12646808699329243,5.678956048686288,4.05889291397109,460.2,early_deviation,381.8,1
3.001201558635357,3.116455548479278,-7.380811811195158,4.570859899604495,3.678832148080205,0.1340995176110376,461.1,early_deviation,380.9,1
0.9581545505409892,0.2592831462483459,-4.592683859356629,3.513275709777066,5.543216332427294,-0.34207027131445505,462.0,early_deviation,380.0,1
4.614648199261925,1.62615638597225,-4.177456985156114,4.028827528376929,1.6451525626720087,3.307751027826114,462.8,early_deviation,379.2,1
-0.5283955418740073,-1.5363244771422113,-2.384421227226105,2.7633290841778297,7.440739952556343,3.8178223535636215,463.7,early_deviation,378.3,1
2.5750748863916955,0.961245475579281,-4.026555109625126,4.143976846088014,4.53982626859571,2.7045818404171813,464.5,early_deviation,377.5,1
3.707264302855135,3.873895992281359,-4.086235325126713,1.8809575614497434,4.5805077632647855,2.65499307268351,465.4,early_deviation,376.6,1
4.051827517158788,4.226084520756588,-1.8756565790055777,-1.1698906731612448,4.186461468430136,-0.09436122987153954,466.3,early_deviation,375.7,1
3.934908953339042,5.180344462126189,-1.6815682406044157,2.82029505830053,5.329072543282019,0.9033524462667472,467.1,early_deviation,374.9,1
3.4981533207481452,4.545802540346833,-3.3856793193800674,0.016874400843841012,7.401295211842812,3.2646163906026398,468.0,early_deviation,374.0,1
4.41210715095684,1.7293087002145362,-2.63530269468925,1.1222112913376667,2.773085476661817,1.6647426303437594,468.9,incipient_degradation,373.1,1
3.655755146586619,5.929170693508297,-2.1255078792459434,2.418853643242736,5.2609050376048065,1.1265941609730203,469.7,incipient_degradation,372.3,1
6.327945798827381,3.5636267311419165,-5.058520845270283,2.3963087907626446,6.75112286577163,3.125262967664148,470.6,incipient_degradation,371.4,1
2.9018101121355366,3.6974450758053865,-5.4353354724395295,3.5340124919257145,2.3701923506390297,2.099926506762928,471.5,incipient_degradation,370.5,1
3.1826323866727826,1.5903537550416613,-6.795774508245519,1.801668074749819,5.8682038530240215,2.2989309519996017,472.3,incipient_degradation,369.7,1
6.527954058331202,4.568414090189554,-4.277274449108932,3.0969616366218577,4.965314307386973,1.5320124528601176,473.2,incipient_degradation,368.8,1
3.9751436436910716,2.2331683921968857,-3.9525542606189767,2.181704537827226,1.281423103769276,3.3275298585597533,474.0,incipient_degradation,368.0,1
1.7651513901632858,4.574888389179381,-5.907268873178904,5.520622505879707,3.860663788835021,3.6826549910368205,474.9,incipient_degradation,367.1,1
6.429426932847823,6.150891185598786,-2.5009147119113333,6.4795292168915815,4.5771788046206785,5.448080432211111,475.8,incipient_degradation,366.2,1
2.045804082728929,-0.2718175022514162,-5.8921265227107105,3.4610367259546972,4.821934574196311,1.0751307396887513,476.6,incipient_degradation,365.4,1
1.8113980349268255,4.22914789069059,-4.4722972891550095,2.4559031762317383,4.087802817699209,2.998995723470605,477.5,incipient_degradation,364.5,1
2.590638135073072,3.6524725419984594,-3.928586508840472,1.8963835693042927,7.386554286347291,5.1424668738593535,478.4,incipient_degradation,363.6,1
0.1384171815060954,0.6286637270972678,-5.817399622318803,4.414847085703349,5.239783726465252,4.406386882694568,479.2,incipient_degradation,362.8,1
6.130300746153169,1.2040215842346624,-4.671896971847745,2.6952048122024994,6.443828393900386,1.7142066356007533,480.1,incipient_degradation,361.9,1
5.529816455202482,5.614189177298858,-2.159655455516235,6.202745051746862,3.8818885378130217,3.270881938481872,481.0,incipient_degradation,361.0,1
3.4365020685024112,5.835170095909224,-5.327968483883396,3.7178297477485134,1.8904598320550943,2.67494711259404,481.8,incipient_degradation,360.2,1
2.319618792569941,1.4812464597996842,-4.910853473277491,2.862418808562461,5.564278528540736,2.4669790674382788,482.7,incipient_degradation,359.3,1
5.267117570078724,4.424017419929422,-5.209518386379144,6.1906059414497046,3.521939286201193,3.63888164441779,483.5,incipient_degradation,358.5,1
1.34879482763663,6.9679501429450585,-5.793158971891843,5.7412126198129405,6.572551799278136,0.5009438586848637,484.4,incipient_degradation,357.6,1
3.7210223240971954,2.239808387977323,-2.0980166131834554,4.554025616618052,7.134719753465267,0.8084850565508562,485.3,incipient_degradation,356.7,1
4.074710142548654,2.1471980268654676,-4.517204725420821,2.5535140733904202,2.6643752690521305,4.840674737690283,486.1,incipient_degradation,355.9,1
3.9960405188977006,4.2262199071586695,-3.0809915028967336,2.9586532482002688,4.033067729482746,2.8653605524993826,487.0,incipient_degradation,355.0,1
6.029065779510764,4.00482878795688,-5.854084853917939,2.2999927320356544,2.3896590331665837,0.5498866378011419,487.9,incipient_degradation,354.1,1
3.6147983652589035,4.455317947817156,-3.310913145750924,5.8928373701400005,5.900506710526207,4.184784516460746,488.7,incipient_degradation,353.3,1
6.10833714564149,1.0156465609113432,-2.423286626994666,1.346409245687433,5.714078319360724,3.7470127920347256,489.6,incipient_degradation,352.4,1
3.7712732915443192,2.1848960674254068,-5.270037437947765,3.3861643536911035,2.9112285508573694,1.5727226013575986,490.5,incipient_degradation,351.5,1
3.530795115082698,3.627363416140947,-2.7211439212178514,4.528365405005286,1.2443502740807613,2.533237761042247,491.3,incipient_degradation,350.7,1
2.5192933585168182,3.140079465298883,-3.32334967087443,2.609850612164366,5.877294486594491,4.383754427714727,492.2,incipient_degradation,349.8,1
5.0453645255103625,4.591613661569752,-3.915641445645114,3.646886158760581,4.382286608018118,4.013510182188112,493.0,incipient_degradation,349.0,1
3.119044617719449,3.104973973304464,-4.090208971129744,4.182679511476459,2.414068425194982,-1.1965764304753876,493.9,incipient_degradation,348.1,1
5.002082830056204,2.471723274076438,-1.5308868994055715,2.8534254916346105,3.2367561056809997,4.613093421776722,494.8,incipient_degradation,347.2,1
2.143466887195919,3.0252677549357303,-2.301702726560505,4.491481876943425,0.583677178752462,1.3775196027646168,495.6,incipient_degradation,346.4,1
1.657565305166217,3.0812510425490087,-2.8357301363821104,1.920917714161283,2.3613233311302184,0.5888660243425788,496.5,incipient_degradation,345.5,1
3.457497410660316,2.5529733015675955,-5.898616676914839,5.341681644791664,1.9092875856863087,1.7574873651137475,497.4,incipient_degradation,344.6,1
3.7632701165633615,5.9283846440991015,-3.71082245042483,5.4521350981262575,5.336075806009619,1.1147187030329997,498.2,incipient_degradation,343.8,1
4.757638623614267,3.0542303415215817,-4.142718296315173,3.0720415303092734,2.742810950337007,1.0767634860762743,499.1,incipient_degradation,342.9,1
4.035684407542328,1.7010836664162265,-4.997691635828129,2.999544411878173,3.4945003540510453,4.032584282676934,500.0,incipient_degradation,342.0,1
4.981672819219593,3.5399361314675515,-4.86150614719228,6.756487687209806,3.4964878397705665,5.849661389198008,500.8,incipient_degradation,341.2,1
4.950141513279519,1.1346855601280275,-6.988570857842354,0.9970781606334633,6.7516669802379985,3.3315960657374046,501.7,incipient_degradation,340.3,1
5.26525763877761,3.5093792184450607,-7.003283216713158,2.5714011042898215,2.7674988967609018,3.7887019112278093,502.5,incipient_degradation,339.5,1
4.925333311954372,6.025990157240559,-4.823162376574647,5.115782139938707,5.6420297200495595,2.260068033007631,503.4,incipient_degradation,338.6,1
4.090153042734066,3.0069239077978938,-5.275746155431577,3.836593822748096,2.9651142064248774,-0.40830712725290563,504.3,incipient_degradation,337.7,1
4.796626065917325,3.9135621874031292,-4.030089700976017,3.727051321451182,6.1213552805016205,-0.14117018128281442,505.1,incipient_degradation,336.9,1
1.7302010928608702,3.582898076168733,-3.041316470237547,5.358084314967552,7.265157968295665,4.195729926847312,506.0,incipient_degradation,336.0,1
4.584446197163518,3.3706061356033605,-5.335101107968398,3.8854739735446424,4.220309261774138,4.3772396934505915,506.9,incipient_degradation,335.1,1
3.909384131424369,4.50822574134101,-5.979834738516956,7.237254556701746,5.369972551461389,2.8356723308599134,507.7,incipient_degradation,334.3,1
4.642197064063104,4.65899971734768,-4.404608354276319,5.1623963234798,5.262020870057293,0.9945441675210053,508.6,incipient_degradation,333.4,1
4.070722231023599,2.957043111741811,-4.8206790995742805,0.852671857888232,4.986936917393027,0.8417724301805053,509.5,incipient_degradation,332.5,1
4.883911547801327,8.885223665891491,-2.0810344626018478,4.992962011219332,5.678758270113219,2.890474037137651,510.3,incipient_degradation,331.7,1
3.2683205157923396,3.9857979053457164,-7.048711275123808,5.059245011877799,7.083281832475666,4.857031487737156,511.2,incipient_degradation,330.8,1
4.817090780615733,4.898738725072447,-4.543210657511068,3.4620465892614694,6.19647988514173,3.300068570951178,512.0,incipient_degradation,330.0,1
7.062859359759107,4.946750380502568,-2.6224764582116693,7.3576551636080545,6.924393561245878,4.759973729383819,512.9,incipient_degradation,329.1,1
6.895760943512615,5.392775830478783,-4.666110714895549,8.918986838341258,7.387686515118256,3.1304605013433844,513.8,incipient_degradation,328.20000000000005,1
6.706315999721811,5.804592975961048,-6.208056555103255,3.3144585254127095,7.076682976384548,1.4648772055190147,514.6,incipient_degradation,327.4,1
6.3167369775450615,4.582948931835565,-6.366894645573377,5.544355676963252,5.617291497324089,5.745355049448348,515.5,incipient_degradation,326.5,1
6.3295431515918255,3.7505872696672102,-1.5832008654109284,2.5067919866466886,5.763523770063865,3.4469903531943453,516.4,incipient_degradation,325.6,1
3.5174309616455894,3.0834879492224423,-4.199275785953769,3.052461249153033,6.514761989725928,2.5804477467917333,517.2,incipient_degradation,324.79999999999995,1
7.488258470640872,2.6958201006276203,-6.465456372940857,2.421356167519373,3.6163739309303256,3.1110542651975095,518.1,incipient_degradation,323.9,1
4.797758435856543,4.1090621727233705,-5.669440218561977,6.50126617872625,8.551612782461955,1.5912549923140116,519.0,incipient_degradation,323.0,1
4.881663219081472,5.510408427667723,-7.609758672161127,5.710298352256189,5.153018155570988,3.797116014539959,519.8,incipient_degradation,322.20000000000005,1
6.022375497212945,3.5360624638135265,-5.426406349502675,6.477995054689932,6.525908697948965,2.1253533365088533,520.7,incipient_degradation,321.29999999999995,1
4.488194752330893,4.240924486980433,-3.284556775543838,3.081732067931107,5.442834561043549,6.007302079529498,521.5,incipient_degradation,320.5,1
8.769461206640585,2.669233848502444,-5.242714341901118,4.904326447121384,6.191029514184612,2.316576970733612,522.4,incipient_degradation,319.6,1
5.939531968906856,-0.3023016703414256,-3.7950061449410137,5.419477087147323,6.266842635011221,2.6799966918572404,523.3,incipient_degradation,318.70000000000005,1
6.357163131413382,2.3773569311224545,-4.577487130559965,4.68653628295926,3.873225166679519,2.8105209265543727,524.1,incipient_degradation,317.9,1
0.9844944599964648,4.985034421907404,-6.600755696223777,4.937055701881554,7.96102399026569,2.95258865281869,525.0,incipient_degradation,317.0,1
5.5996787571039945,4.67452873973743,-3.264341128430122,6.7940338516058425,7.194853881288547,2.622447502544809,525.9,incipient_degradation,316.1,1
5.937912734597671,5.662253370735755,-5.620815922844278,6.690705468081549,4.690255880442414,2.0813099815447673,526.7,incipient_degradation,315.29999999999995,1
3.9774630874313046,3.1793536460623364,-5.415292023365982,6.864482192561142,6.355580199634008,6.415239659310761,527.6,incipient_degradation,314.4,1
4.573138908929973,4.477971932203811,-2.0086428093161306,6.957468469124555,3.258686047074868,1.5678856430858694,528.5,incipient_degradation,313.5,1
2.8576258029617208,3.0305821763911687,-4.959242129571803,2.2365082977739097,6.669295375082778,5.33147406967541,529.3,incipient_degradation,312.70000000000005,1
3.3553379487535646,4.878079164250994,-5.765813721711372,6.813110584483085,6.078551210812773,6.8706337026787505,530.2,incipient_degradation,311.79999999999995,1
6.766304254568933,3.826642096564466,-4.747378119795729,3.7199947286733055,4.451206471095604,2.4192007945324527,531.0,incipient_degradation,311.0,1
4.656299719634478,4.884367559524505,-5.782070827913301,4.306592505966176,6.248926475777418,3.9722855789190685,531.9,incipient_degradation,310.1,1
5.405408932702695,6.087122169518666,-4.935352924267751,3.861847322289362,7.543514725173841,3.538773214975844,532.8,incipient_degradation,309.20000000000005,1
8.917725083270222,4.514417143371232,-2.835933551610853,5.013500970829807,4.06679535492992,4.238875398261429,533.6,incipient_degradation,308.4,1
5.676182107827738,3.5833204009155604,-3.3478239467126283,6.092871232282861,4.471813747423313,1.697724445940279,534.5,incipient_degradation,307.5,1
4.435389114537817,1.3236324394482777,-5.64136690298359,2.4288305393638896,6.665324656136054,3.583887123403358,535.4,incipient_degradation,306.6,1
6.0061995652794264,5.431205361748581,-3.3981520967225536,4.787992960930033,2.1039079242230465,0.26625717583261693,536.2,incipient_degradation,305.79999999999995,1
3.8859107043271006,4.5226029689666545,-7.746808172016081,2.2341261270694392,2.323892043253853,4.135511125245473,537.1,incipient_degradation,304.9,1
5.154750367560537,3.6137560723839344,-5.875438417905304,4.418983375137937,5.28445600753847,5.354817010563846,538.0,incipient_degradation,304.0,1
6.251103284160482,3.4932783400583975,-2.533400728144881,1.4244785961728712,6.581292576537621,5.333349908215608,538.8,incipient_degradation,303.20000000000005,1
4.030979875427747,4.343248317269589,-3.528160610046053,4.6195021100054845,5.629820782308847,1.8740646107620855,539.7,incipient_degradation,302.29999999999995,1
5.648966936583503,3.037630352070469,-7.329794869024552,2.790050343949905,1.0780080943615624,1.5131797516816794,540.5,incipient_degradation,301.5,1
6.296069858557992,2.6804709198764645,-6.560071643469538,6.618858535615096,3.931581451271624,4.884877050545287,541.4,incipient_degradation,300.6,1
4.170578660348697,6.263015374845691,-8.305494139789058,2.9214280266633734,5.7653487890452535,4.225840343353602,542.3,incipient_degradation,299.70000000000005,1
2.2197897151757413,8.73528019453053,-6.18823464736794,6.120673599142932,3.3999262598713096,4.638969024013407,543.1,incipient_degradation,298.9,1
4.9787789849304875,2.572606350564181,-3.855876641632561,5.503237639884904,7.06894789740943,4.1801464671579485,544.0,incipient_degradation,298.0,1
9.513280556272926,5.98606127208487,-3.649818021924262,5.886056068866317,3.416960419901071,1.934889788471763,544.9,incipient_degradation,297.1,1
3.63508802759955,2.055579825804791,-4.162241123243873,1.5128402521410402,5.574670230975874,3.7281557139273223,545.7,incipient_degradation,296.29999999999995,1
3.460949224339715,5.844523881809318,-6.454006713778568,1.6951883643586418,4.3174495897290885,4.269707304151199,546.6,incipient_degradation,295.4,1
8.188177971180806,1.8490973763741663,-3.871643335872137,2.7059854488458868,6.612601556607505,2.891147111231674,547.5,incipient_degradation,294.5,1
5.175089263376872,5.8248403154984985,-3.4843920976599696,2.979055253745848,3.9456658457823495,4.655355568084558,548.3,incipient_degradation,293.70000000000005,1
7.4664316297836875,4.21325514363849,-7.545281079680719,5.355018757313015,6.472173085382539,2.5276559521634554,549.2,incipient_degradation,292.79999999999995,1
6.377764605766284,5.165342840496855,-1.2663141772396618,5.38188112127315,5.798552819647221,0.457897249260409,550.0,incipient_degradation,292.0,1
9.25206414580391,4.990953030440863,-4.947859939817059,5.067101195054721,6.485904372309673,5.812684296515744,550.9,incipient_degradation,291.1,1
5.128120527637545,3.093239811558555,-5.550988107045558,7.6726702634732655,4.576914751762272,1.549574506616605,551.8,incipient_degradation,290.20000000000005,1
5.8975303438187785,3.7083648984461504,-5.487653466469222,3.8106527861335864,6.778253928243801,2.091119156187095,552.6,incipient_degradation,289.4,1
6.629932997494032,5.1468191517204245,-3.955056670734921,6.032724188743826,5.213290623967123,0.19946523690767498,553.5,incipient_degradation,288.5,1
2.2931913569355586,6.921072096045938,-3.9953197949465107,6.266407941305288,2.9279068257262777,4.939429909006579,554.4,incipient_degradation,287.6,1
6.681693791526796,4.7655771054937555,-4.496374804596551,5.888746732060388,5.895982392440381,1.1713300577174488,555.2,incipient_degradation,286.79999999999995,1
5.247079545502325,5.02066529396966,-5.531582092822477,2.9348246242836264,6.418192217050334,3.1400726291433037,556.1,incipient_degradation,285.9,1
4.195485328625069,4.639166619786795,-4.883917067566664,4.194259738518904,7.485788982917279,1.0384725784936906,557.0,incipient_degradation,285.0,1
6.414388841239681,4.025886425214334,-8.649410885236867,5.6147818839282575,7.035711483271031,4.076186313656346,557.8,incipient_degradation,284.20000000000005,1
8.154190461846005,5.983594006458607,-4.8610016371447635,4.838582962476136,6.115018076494763,7.093622506747081,558.7,incipient_degradation,283.29999999999995,1
7.132448142351683,5.379659515015957,-3.549608832605202,6.660041591289897,0.5755277993675939,3.677924512545056,559.5,incipient_degradation,282.5,1
6.924589878679875,8.064586062006201,-2.811370659237364,10.014819946756283,6.322225630804004,-0.9325367087568466,560.4,incipient_degradation,281.6,1
9.079993148520009,3.785603851188622,-8.244203721560948,5.276221751896936,5.084271094402833,1.0853055682654569,561.3,incipient_degradation,280.70000000000005,1
3.8371039188313993,4.675167278589103,-6.195077253701076,8.670466395416604,7.095632749630765,2.4590201694175837,562.1,incipient_degradation,279.9,1
4.931492966792796,6.413069984297943,-7.7823977809970515,3.6552099224822925,5.675020060221127,4.169301780887568,563.0,incipient_degradation,279.0,1
3.6350223829653827,7.556626384802159,-5.225308241758624,5.607492884252399,4.6040430474229845,2.893402654297239,563.9,incipient_degradation,278.1,1
7.563771681466052,2.792490033109816,-3.7232297723719294,6.862131839467704,6.604311209793765,2.1292079384004072,564.7,incipient_degradation,277.29999999999995,1
4.885311966663372,3.359025546492677,-6.694528102661097,4.881839696365794,6.053491811876402,5.714684809997153,565.6,incipient_degradation,276.4,1
4.23700008934318,5.8704554295422575,-3.3896761265229927,5.453285373933907,5.8858611592824355,3.688502745439179,566.5,incipient_degradation,275.5,1
5.761356020646379,2.699107767436749,-6.025984820289039,4.550665400217842,5.525543178906375,3.119122012977368,567.3,incipient_degradation,274.70000000000005,1
3.5450454710809356,3.05046781195883,-5.588856570792072,3.4795559589516283,5.41687500099291,5.398661287274776,568.2,incipient_degradation,273.79999999999995,1
4.61474119582694,3.229727491105167,-7.856344251674731,4.425169825422713,9.419613998331048,3.3543094385786447,569.0,incipient_degradation,273.0,1
3.637259770912919,6.18930455132802,-5.633719698790243,6.916030872561479,4.789638154644517,1.4546647958434946,569.9,incipient_degradation,272.1,1
5.18997418417194,6.336764591522172,-4.47464159931594,6.285989605835916,4.931210826213754,4.3704083976784505,570.8,incipient_degradation,271.20000000000005,1
6.410597863617128,6.3028270598324045,-5.691857180972863,7.1190327644641584,7.805180848040878,2.6315416206043607,571.6,incipient_degradation,270.4,1
3.8694503123122255,7.230559349161326,-4.6008265105427615,5.496156838055166,7.592129917123767,0.5646062400705372,572.5,incipient_degradation,269.5,1
5.849883280193193,3.0217376050183686,-5.599294188841071,6.989973617233082,7.168258643614175,1.4445378747035627,573.4,incipient_degradation,268.6,1
4.512767727050321,5.331807494298764,-4.788212216456311,3.3272810226599345,7.656573100795185,2.232326749284491,574.2,incipient_degradation,267.79999999999995,1
7.1405661954423945,4.151789717086582,-4.9096913882578495,4.118645877580741,6.050007061292232,4.915848108071199,575.1,incipient_degradation,266.9,1
4.924955855308,3.72352211340327,-5.896039748348768,6.027623687357441,2.1161268418634527,7.026785876785721,576.0,incipient_degradation,266.0,1
6.115104013345794,6.65184108028234,-7.037309952253505,3.1474368180933574,3.2767749220915765,6.037348845165734,576.8,incipient_degradation,265.20000000000005,1
5.938979459902722,3.468589518255152,-6.467800683101789,2.788668352931454,7.725249107661327,3.7197483819843256,577.7,incipient_degradation,264.29999999999995,1
8.565317335184794,4.407942810546147,-5.994980110003397,6.8766448202229675,9.186472700367567,3.1913940209595424,578.5,incipient_degradation,263.5,1
8.855636200130109,5.296908112946328,-4.556167804779422,2.3192589872047185,4.8845408211420445,3.5614869263855424,579.4,incipient_degradation,262.6,1
5.480402456840799,7.256517165897672,-7.534183872647437,6.367118980478316,6.416295013357581,5.642812143510907,580.3,incipient_degradation,261.70000000000005,1
5.108569367431165,2.240907644734653,-5.589588664214324,8.486220293532025,7.8847999925547905,2.529987334563566,581.1,incipient_degradation,260.9,1
6.603680614217463,5.185966028852059,-4.449266053033569,7.301104201803206,3.1124135209964217,1.248843613278369,582.0,incipient_degradation,260.0,1
6.1571165792062414,3.8226148562752345,-6.141384696368268,7.300438798720255,11.496947269095703,4.868332225720133,582.9,incipient_degradation,259.1,1
9.575353028254511,6.2036777375685235,-4.378521861699442,7.349875066022726,11.228377973174672,2.1476773556236743,583.7,incipient_degradation,258.29999999999995,1
9.43943581323257,3.0676133884034673,-5.075256279361577,8.835686949276491,6.345677523049571,7.199633369397312,584.6,incipient_degradation,257.4,1
6.440925684597659,0.09654262885037757,-5.03176872167262,2.7331867395322798,6.677170678646337,3.6027552049856375,585.5,incipient_degradation,256.5,1
5.021108833189349,4.786095217835407,-4.612309400905783,5.495316438111516,6.4997162628063805,6.1764215948527434,586.3,incipient_degradation,255.70000000000005,1
6.832643627770719,7.262850016407678,-6.3657547146875615,7.694145767547682,6.730266673305009,3.2133322413167495,587.2,incipient_degradation,254.79999999999995,1
2.408720442665629,5.484860811522819,-5.817873922183843,4.363912623933437,8.014490242432668,4.284459070424079,588.0,incipient_degradation,254.0,1
7.537716232091933,9.423485648854387,-6.270378147560222,3.096648994009082,7.1979661458431226,3.731581011014436,588.9,incipient_degradation,253.10000000000002,1
8.700764096995298,5.8260507103471015,-6.161212646140077,5.911676162621685,7.416125913372347,6.213743011656551,589.8,incipient_degradation,252.20000000000005,1
7.598120236288695,7.042052980821047,-4.500936542151974,8.187356089703204,9.439083619922913,1.1846219168004821,590.6,incipient_degradation,251.39999999999998,1
6.970054258219721,7.85502609779361,-6.541231566665035,6.1829669480524485,4.295822899483568,4.186867728181319,591.5,incipient_degradation,250.5,1
6.97696882635094,6.756238141146881,-8.939350090630398,8.104630301011463,6.508379580110865,4.426932401700796,592.4,incipient_degradation,249.60000000000002,1
7.924532709247962,4.064643308680231,-6.6132596907548375,8.982308034424651,6.52155472716931,5.753006188740939,593.2,incipient_degradation,248.79999999999995,1
10.116560214561494,3.5452182218418997,-3.5524375126920016,8.173244287521863,8.974394352123758,3.079906136368193,594.1,incipient_degradation,247.89999999999998,1
9.00728624580503,2.452538818830087,-5.164902981877367,7.742686991617996,8.110379390255607,3.454858176299906,595.0,incipient_degradation,247.0,1
5.665482032460176,6.5211932022590045,-5.358485803224923,6.101379676486012,6.6799224502762335,4.472985160461667,595.8,incipient_degradation,246.20000000000005,1
5.506928359426406,6.441228335241492,-3.470862970936544,9.015258629087663,5.048334842869828,2.3926333276523497,596.7,incipient_degradation,245.29999999999995,1
6.453206701571188,4.348411186782382,-6.234943617516018,3.905027970587414,7.4191466363011624,3.795192776415671,597.5,incipient_degradation,244.5,1
7.382789425095376,5.672037564152958,-5.944219954383923,6.977247956193369,6.800535900640929,0.21336144068781365,598.4,incipient_degradation,243.60000000000002,1
6.030170797519083,5.724811991967291,-8.015599242663168,5.383782569376109,5.844241909313843,3.538143816212873,599.3,incipient_degradation,242.70000000000005,1
2.993515666052814,5.904459644086786,-6.959682874342917,4.672009468460056,5.2123659275870535,5.506824937463647,600.1,incipient_degradation,241.89999999999998,1
5.579487561714574,5.40713083048618,-7.650854590403256,7.744637549511898,6.53544949282009,3.034401858508885,601.0,incipient_degradation,241.0,1
3.4417645800073364,1.8798280689575684,-2.3306219272485076,7.088449123387289,4.196801548838278,3.073112252410633,601.9,incipient_degradation,240.10000000000002,1
4.975808565234895,5.013831311702644,-6.913091723906537,7.087750519318905,6.371154861237219,4.290637098356983,602.7,incipient_degradation,239.29999999999995,1
9.369628215192805,4.894648843313577,-5.165600837092797,6.2702315881270865,7.836216645851131,3.8078081757201168,603.6,incipient_degradation,238.39999999999998,1
9.52142596129459,6.18219171348652,-9.899891905835478,10.327454950978606,6.889449260066376,3.798206882110848,604.5,incipient_degradation,237.5,1
5.413133117988506,5.211816748882255,-6.521475114325106,5.7331018957477315,6.926643980180255,6.605408822073838,605.3,incipient_degradation,236.70000000000005,1
7.566840568112919,4.500462240492415,-7.88794309554927,9.143096256729866,9.607268162332675,2.289715118579488,606.2,incipient_degradation,235.79999999999995,1
7.225100073077995,10.713140142761524,-6.373029326630254,7.5549395691451355,5.576546387523106,6.860970451041717,607.0,incipient_degradation,235.0,1
6.85669691580302,6.134355858309872,-6.4983592896927105,8.649239898732898,8.155798505871992,5.473344241244629,607.9,incipient_degradation,234.10000000000002,1
7.837280049681018,5.114419367075359,-1.580283568788847,9.211526946133214,9.26526776569938,2.447224105780906,608.8,incipient_degradation,233.20000000000005,1
4.872401855279173,2.9637113972182165,-5.13484183629138,4.541125650404833,6.435482893876164,4.980437151325746,609.6,incipient_degradation,232.39999999999998,1
7.787433890811165,5.638015163375305,-7.079598165697752,6.435147799620536,5.286943704778356,3.106876838281488,610.5,incipient_degradation,231.5,1
7.315848309413817,7.566162033033407,-4.91909783207799,3.880316753808143,6.240261532836629,3.2249376909117067,611.4,incipient_degradation,230.60000000000002,1
9.088773118338501,7.543206965454023,-4.9794839588436695,3.391856939317634,8.094937707855193,6.4719581709120915,612.2,incipient_degradation,229.79999999999995,1
6.049251504514025,5.992798261108615,-6.783896871498008,8.487306242430403,3.2238832300827984,7.488016840365426,613.1,incipient_degradation,228.89999999999998,1
6.853655381087102,5.88535803723574,-8.969932865367312,5.840457282129573,8.26158830630834,1.8097983925320056,614.0,incipient_degradation,228.0,1
7.3374782163685515,3.5651604368014786,-7.631494898459984,7.351452112830561,6.72127493440398,4.31656585584153,614.8,incipient_degradation,227.20000000000005,1
7.8183743950437865,5.238637401345382,-5.965854473068404,6.811694009104814,8.26234579899681,4.706124754746203,615.7,incipient_degradation,226.29999999999995,1
4.620206111620526,9.655875397707124,-8.1770414508636,3.486475597664609,5.2922353447310995,3.275057841839828,616.5,incipient_degradation,225.5,1
8.048431485832992,8.558851505672806,-8.1468403314321,9.070590838052427,9.756263241650764,3.422515916520084,617.4,incipient_degradation,224.60000000000002,1
4.716742016534509,4.3032487078739985,-6.488851138258203,6.351041403284745,7.213422964963026,5.54206348111534,618.3,incipient_degradation,223.70000000000005,1
6.050334640977605,9.064776345460276,-9.336749936145779,5.435221271112225,8.848809544455541,4.417221073342756,619.1,incipient_degradation,222.89999999999998,1
6.8425012636665805,6.235178314020557,-6.123340154369227,8.65452300553914,7.960049136007882,5.631295906704569,620.0,incipient_degradation,222.0,1
6.117664154077956,7.6060121111789325,-7.701004500336511,3.33937309822773,2.385199309900766,4.85254088499771,620.9,incipient_degradation,221.10000000000002,1
8.645146680705864,5.753321943417767,-5.407835143322292,6.910587294325659,7.354309768733382,6.329461139843334,621.7,incipient_degradation,220.29999999999995,1
8.304757371057347,4.935333467489934,-8.655045084270553,8.121364981041634,7.916716960602228,4.67648867264923,622.6,incipient_degradation,219.39999999999998,1
7.014922365666005,4.953358045201916,-7.3651901258315196,8.894476210848936,5.515987064297104,1.3414608770240075,623.5,incipient_degradation,218.5,1
9.247622192225947,4.882298370334243,-6.275155384417385,9.97615324910205,10.487735048054617,7.568896612817586,624.3,incipient_degradation,217.70000000000005,1
4.089294192103836,5.838368852245327,-11.628966665405601,7.351005282901677,9.909316113732954,5.178561487856479,625.2,incipient_degradation,216.79999999999995,1
6.663663398678374,5.113099854828063,-7.036077376808062,8.749105696151908,4.539228292815255,3.1713011679813374,626.0,incipient_degradation,216.0,1
9.872362175497646,6.021853799552634,-9.270074049386466,8.492738753671082,8.653263895887944,5.818789870798684,626.9,incipient_degradation,215.10000000000002,1
6.794383746829557,3.085534910794457,-4.979800158753696,4.444976979979371,8.048811257428076,3.0882207005537645,627.8,incipient_degradation,214.20000000000005,1
9.270302413327203,4.726670690777793,-8.704231289382493,5.859744287914529,6.5925576762999345,1.627908244266442,628.6,incipient_degradation,213.39999999999998,1
10.553403373331246,6.775246796139778,-8.34189740968499,7.782717696423565,8.701618566162962,4.063595799133549,629.5,incipient_degradation,212.5,1
9.359951102040865,4.151147136849769,-7.359823790415884,6.208259182076711,8.886641772379718,4.3970601681045345,630.4,incipient_degradation,211.60000000000002,1
12.014166065294953,5.097815336239106,-7.628733687780739,7.070757148277285,7.858579146457206,5.0688175693910305,631.2,incipient_degradation,210.79999999999995,1
10.486960062792075,7.551948481505832,-8.595296392355323,5.118673392419739,5.472893017695421,1.8762890055295403,632.1,incipient_degradation,209.89999999999998,1
4.7877093364443395,7.375050991972205,-7.449002235103127,4.326744120746657,6.9103086176791795,4.365797264568042,633.0,incipient_degradation,209.0,1
7.078006859090843,7.382097146958925,-5.911051188026178,4.837070934264766,9.798987698223948,2.938619148967454,633.8,incipient_degradation,208.20000000000005,1
7.405841632456793,5.865286497951763,-6.602753596292195,7.109793206894398,8.662646142773353,2.729324592594208,634.7,incipient_degradation,207.29999999999995,1
8.27909031910197,5.3484963942228845,-6.2287585861549974,7.408685078211077,10.303356508907376,6.829443802676631,635.5,incipient_degradation,206.5,1
9.782434497088785,7.3927906520320015,-7.812857700991852,5.941439462683604,8.594357274195147,8.272592192429563,636.4,incipient_degradation,205.60000000000002,1
8.385040758631273,5.9355055647108825,-9.535696071890733,6.145477502006526,8.341056826467785,8.325906567472382,637.3,incipient_degradation,204.70000000000005,1
6.858775662551324,3.3932197061386424,-8.258135650717525,8.519415745462572,8.53163595157756,4.114810711169823,638.1,incipient_degradation,203.89999999999998,1
6.541033751687005,6.184222509517971,-7.257788899068574,8.020642874873452,9.427407191112572,5.311035369017597,639.0,incipient_degradation,203.0,1
6.7689847437970085,6.329847760859832,-4.922516617729351,10.837238790047527,9.982743080376736,4.901506348200656,639.9,incipient_degradation,202.10000000000002,1
10.193730952399177,6.924921515389136,-9.650311490231399,3.6726017053490603,5.606746909715789,6.169747225560773,640.7,incipient_degradation,201.29999999999995,1
9.654257878511185,6.58371747171687,-8.442658438337462,6.93959942209227,9.239123227615833,7.571712655964964,641.6,incipient_degradation,200.39999999999998,1
7.595259224316698,8.462991870910631,-8.71100139127766,6.838590265737575,11.805843035789227,6.0084633693396015,642.5,incipient_degradation,199.5,1
11.91887740842994,7.957471169636883,-8.17877752935048,6.654466592486758,9.2812578904191,4.78008097152148,643.3,incipient_degradation,198.70000000000005,1
11.729908388236785,5.356730716439961,-7.485639130410289,4.161176339914173,7.986289435912094,8.766337747134076,644.2,incipient_degradation,197.79999999999995,1
8.851582643970886,4.7147465839304274,-6.649623687413533,9.952187671120523,9.213967001044265,5.532523806965385,645.0,incipient_degradation,197.0,1
11.158942301112038,5.728459342053628,-7.444818124828782,7.196467146103291,6.562009246406669,5.422942232075427,645.9,incipient_degradation,196.10000000000002,1
9.213968376448141,6.365688784949213,-6.366290441923653,9.400596182838429,5.773116294620019,4.592118428681828,646.8,incipient_degradation,195.20000000000005,1
8.609222654663464,4.693553560270873,-8.034762568420279,8.201048729443515,8.423390169957951,7.640004961010449,647.6,incipient_degradation,194.39999999999998,1
5.95429654120601,2.658902047399156,-6.556682060994584,9.498873866454462,8.553982023567745,0.22062898191776573,648.5,incipient_degradation,193.5,1
9.86042032246727,8.451599206208806,-7.286396934876964,5.684581422293323,9.2530560396156,5.201904598029148,649.4,incipient_degradation,192.60000000000002,1
9.33663084575662,10.32190779247567,-5.666085881299924,8.077499562419113,8.458020088148457,7.868096330305617,650.2,incipient_degradation,191.79999999999995,1
10.220229503053835,7.189428151927315,-7.642599154535849,6.5055421889745215,7.983196775885392,5.798689061461718,651.1,incipient_degradation,190.89999999999998,1
11.251791165740851,6.455049872410769,-7.964604454626376,7.054093020341146,7.15297796380264,4.743925076633499,652.0,incipient_degradation,190.0,1
9.016208445664175,6.721587304980399,-5.550971994948235,7.121659792436164,8.187318431092422,6.234806878971606,652.8,incipient_degradation,189.20000000000005,1
11.386997230559427,5.2562800681619075,-4.719755942942468,9.434924618396716,9.97901854305488,2.5170926162814715,653.7,incipient_degradation,188.29999999999995,1
10.18398272422686,6.416404127036146,-6.382737872275248,5.934103428278372,6.00640610684051,8.758780052735824,654.5,incipient_degradation,187.5,1
4.733979203386867,6.811548538134817,-5.577352533301314,7.098377601404692,9.71268458317775,7.82599229546755,655.4,incipient_degradation,186.60000000000002,1
5.677927161019097,8.205458644426693,-8.29840280295345,11.464232482985668,6.7463300485506235,5.721781882008636,656.3,incipient_degradation,185.70000000000005,1
6.510777045726801,6.6846268172080014,-6.060226048125036,5.72448208990596,12.011876105549414,6.242662344328458,657.1,progressive_degradation,184.89999999999998,1
6.654139456339407,3.2245181456633003,-9.469897287429601,6.322251998795389,7.081847752110789,3.749597254357004,658.0,progressive_degradation,184.0,1
5.720437532021881,7.107535544199343,-6.6417519208636975,6.8005509283705,10.3331346240404,6.930221581959561,658.9,progressive_degradation,183.10000000000002,1
10.308942755730781,4.925339122045589,-10.66699490156284,7.631454006813031,6.879065858065611,3.142288898267773,659.7,progressive_degradation,182.29999999999995,1
6.590103115719324,2.1605042874297498,-4.161059905108662,6.646045992557547,12.072528079278921,7.874506446916304,660.6,progressive_degradation,181.39999999999998,1
9.830535602767279,3.614204666134169,-4.994194303702306,11.883152833496975,9.980787159992595,5.237440066218285,661.5,progressive_degradation,180.5,1
11.381269736229273,9.168619736561029,-7.808485280580017,8.11189993344583,12.362691186682088,5.942864207091341,662.3,progressive_degradation,179.70000000000005,1
7.545757699776159,6.192697294150701,-10.845053717136798,10.46465525651155,5.9747100315459045,10.066925285663968,663.2,progressive_degradation,178.79999999999995,1
6.612061245844792,7.903751057700446,-10.054320316668695,6.862058520624886,7.5300347982229745,6.054673054580642,664.0,progressive_degradation,178.0,1
12.338565436140032,5.024159071420791,-8.66506378778907,10.625485671735742,10.399589947120976,6.436658346369543,664.9,progressive_degradation,177.10000000000002,1
8.361966669725117,4.602212194092099,-7.630896736846752,10.405508392658534,9.18207597858287,5.8504571943579675,665.8,progressive_degradation,176.20000000000005,1
4.159304194432211,6.728201031757448,-9.258178286529455,5.882347933806303,8.46492773977664,5.692744050376514,666.6,progressive_degradation,175.39999999999998,1
8.22358778092229,5.480261715236657,-6.974115285522683,7.0423101289501435,8.00497133443972,7.39851965424223,667.5,progressive_degradation,174.5,1
12.50855768667563,8.776496260852408,-7.214092891120459,9.141944597547827,7.801460789293206,3.4902878418459946,668.4,progressive_degradation,173.60000000000002,1
10.7873608494666,7.6006107999430474,-9.04618940799911,7.4849761009145235,7.305035042139531,7.332979233621385,669.2,progressive_degradation,172.79999999999995,1
8.894864339425045,6.767376198585051,-8.515680477431065,8.712718107809872,9.345240631447675,5.405257616537237,670.1,progressive_degradation,171.89999999999998,1
9.716773451773308,6.818012733661801,-7.507958413231124,6.1571905329906915,8.693641396568246,3.0891949312909537,671.0,progressive_degradation,171.0,1
8.515646228672702,6.974032427576568,-6.737405414663827,6.781326174433221,7.499081487997877,5.610995849830213,671.8,progressive_degradation,170.20000000000005,1
8.788328568574498,7.774836933900971,-9.049478289865776,7.596719550870452,7.836392612906643,5.838580382144115,672.7,progressive_degradation,169.29999999999995,1
9.630768040255337,6.83812468679715,-8.50261759452401,6.611966564389972,6.715505917199746,5.189622350087137,673.5,progressive_degradation,168.5,1
9.536557049467746,8.380693103976359,-8.874143425745995,7.31040047772308,7.393643783159608,8.848101183260981,674.4,progressive_degradation,167.60000000000002,1
11.209991944941434,10.253869052998068,-9.790220887361727,7.317021999254407,7.025163730516548,6.953263196920598,675.3,progressive_degradation,166.70000000000005,1
7.8119685728273245,4.933096560816481,-9.252775698894832,11.452158391284977,8.846739226645163,6.315720846837999,676.1,progressive_degradation,165.89999999999998,1
8.597838781023382,0.6821757076991427,-8.854295335852528,8.419074758939628,7.464838255931567,8.498221153331466,677.0,progressive_degradation,165.0,1
9.48352712584132,6.309238717352593,-8.148179649522323,7.372222787651837,7.758887366175014,2.6412847743974273,677.9,progressive_degradation,164.10000000000002,1
12.662707698834705,9.591251628670486,-10.48539948062583,7.758659432357703,9.006639483388463,9.505475180756632,678.7,progressive_degradation,163.29999999999995,1
9.992283981330042,8.022179807761406,-10.903204290398504,6.743692857450451,6.113330892093475,6.707149151482166,679.6,progressive_degradation,162.39999999999998,1
10.71229073992196,4.503852962622536,-9.237014039685679,5.595331639964948,6.425482614518688,7.61020094895843,680.5,progressive_degradation,161.5,1
10.507774882206007,9.37119618725652,-10.883105455990398,7.615921479130243,5.6196285809753155,10.773103079923981,681.3,progressive_degradation,160.70000000000005,1
12.227522067077354,6.418085343253212,-9.676827974405665,5.645867689909738,5.501563869955415,6.812461378119826,682.2,progressive_degradation,159.79999999999995,1
12.599169163356958,7.651742404699088,-10.361124859938226,8.394454153183085,10.305389060279657,7.409485886588947,683.0,progressive_degradation,159.0,1
10.071106775793966,8.224303623321541,-10.72267025387284,7.659775139070416,12.313647957157356,6.461024441137324,683.9,progressive_degradation,158.10000000000002,1
9.789474884102129,5.742826466216429,-8.360062792413975,7.8193625924026495,7.761596160717996,4.139768623601753,684.8,progressive_degradation,157.20000000000005,1
10.868590613849666,5.163437327404643,-8.150121157250105,10.57611165628095,7.0965783854983195,7.216889018699529,685.6,progressive_degradation,156.39999999999998,1
8.798202615628938,11.83226030803357,-9.865995074079825,10.96184900523124,9.385190395995664,6.398284997367494,686.5,progressive_degradation,155.5,1
9.860453144784328,8.11215720645637,-6.581878360194196,13.1521235474221,6.8626411178652456,6.320394615113087,687.4,progressive_degradation,154.60000000000002,1
9.776214668002405,9.375205241312646,-10.001596499187606,7.936432725458198,10.18138410195348,5.764201631933559,688.2,progressive_degradation,153.79999999999995,1
11.545271913898048,5.488716292943719,-9.784426574360861,7.79556232766107,6.668206920068175,5.02309559201338,689.1,progressive_degradation,152.89999999999998,1
7.871743482613416,8.100643300200447,-4.997706740919372,8.602274338096032,11.459519490871223,8.722632452775054,690.0,progressive_degradation,152.0,1
9.636320482227777,10.279271179278046,-9.595381322422735,5.0036126106698005,10.288016175779559,5.658541526205558,690.8,progressive_degradation,151.20000000000005,1
11.98239953274916,7.453185111522546,-10.068274399959087,5.694530650926606,6.10233044807455,8.520011249988412,691.7,progressive_degradation,150.29999999999995,1
10.256148058710075,5.8951967893522985,-10.147886286859027,9.02349247347384,7.839703506532755,4.621339256565368,692.5,progressive_degradation,149.5,1
9.081360745064945,9.375081979065968,-8.105603432338368,11.809041317149443,9.15899453763007,4.602405661986519,693.4,progressive_degradation,148.60000000000002,1
12.084712165468932,12.295681900332937,-5.822425589678438,7.9813439751217,11.199384340599078,11.859220196782678,694.3,progressive_degradation,147.70000000000005,1
11.608657278562722,6.88271126832348,-9.163559994982519,7.6481305851186985,6.158892912983331,6.508835724467777,695.1,progressive_degradation,146.89999999999998,1
10.978430497952798,10.071398493360224,-9.659143940584302,8.18592014708344,7.370987709862387,6.006947090501545,696.0,progressive_degradation,146.0,1
10.793482211601756,7.522468597622405,-9.465857179025104,8.074984587772935,13.140532922921286,11.42314673174076,696.9,progressive_degradation,145.10000000000002,1
11.700051020467743,12.63367910489882,-9.369181574050856,9.125159424352328,9.615221700989071,8.966308805317643,697.7,progressive_degradation,144.29999999999995,1
9.828943720388994,7.964553697089854,-10.607579528661056,9.532679386492259,6.804363197555619,4.7812556347856665,698.6,progressive_degradation,143.39999999999998,1
11.19197796325149,6.291828430181476,-10.400722353129028,8.741445952138758,8.856411385848586,8.182696511231587,699.5,progressive_degradation,142.5,1
8.121083684686225,9.033198982690639,-10.3492421881603,11.57212185188314,11.112536239056444,5.245764618173358,700.3,progressive_degradation,141.70000000000005,1
9.628776819685939,5.776392190473565,-9.517615277672713,10.237169712917211,11.305215492486036,5.6506835215852735,701.2,progressive_degradation,140.79999999999995,1
11.101317253094576,6.123270338878479,-11.048761984647673,7.773078343654256,8.899630703337877,6.558482387407723,702.0,progressive_degradation,140.0,1
11.04660792091096,10.519476966986156,-11.607840684792961,11.738442188385333,10.000120486514234,5.267660686757579,702.9,progressive_degradation,139.10000000000002,1
9.871973778078853,5.324320828332072,-10.390893973760168,10.933947727102089,11.679076035256767,3.2680559075649844,703.8,progressive_degradation,138.20000000000005,1
7.843932039275568,10.846374507272678,-6.72570400398082,9.129720409725518,8.985418620865467,6.930976928188817,704.6,progressive_degradation,137.39999999999998,1
5.581106796023758,10.615225463657055,-6.087731412272688,6.608629865354443,9.624595259871187,7.560074365229605,705.5,progressive_degradation,136.5,1
10.15277417107141,8.347485042303871,-9.999836252554744,9.024989284566894,8.998993168461846,5.553570068720635,706.4,progressive_degradation,135.60000000000002,1
12.320184938576086,6.040100653447163,-12.878598779876349,10.60082287306022,6.592985670811526,3.3451640273977388,707.2,progressive_degradation,134.79999999999995,1
8.315129223254123,2.9645499846341887,-8.810487550229219,6.815195329693083,10.466065068513883,7.724452906438895,708.1,progressive_degradation,133.89999999999998,1
9.424988523331832,8.90626917899354,-12.130750747459636,8.961946146736457,10.270565056186625,3.122775505205017,709.0,progressive_degradation,133.0,1
11.791521347779302,9.065180483973997,-13.453577099064155,9.045424491097906,8.336950641417697,5.172374657143673,709.8,progressive_degradation,132.20000000000005,1
13.12055714053468,8.0766819277219,-9.235174239572265,8.941986820996586,7.9066616356923,8.036301372224465,710.7,progressive_degradation,131.29999999999995,1
8.325063444556573,9.497422789939746,-11.989109299866772,13.628339115161602,10.47499481791931,6.110484541283643,711.5,progressive_degradation,130.5,1
14.911266174929697,8.73135600956229,-9.061235085883343,7.8471677260115085,10.653689874169814,4.037763533659458,712.4,progressive_degradation,129.60000000000002,1
9.968772261529454,7.843053494324609,-6.2203349802717485,12.126154995968593,10.654018930948755,6.508594325157393,713.3,progressive_degradation,128.70000000000005,1
9.08662872695603,7.083050812345538,-10.808227504686059,7.358767396619888,9.805630898659002,5.8791395291094455,714.1,progressive_degradation,127.89999999999998,1
9.231227444845238,9.00737453166383,-8.465079428772675,11.58656981404195,14.210579964095722,6.843931316268236,715.0,progressive_degradation,127.0,1
11.032275509120026,7.2643978669152425,-11.697500478387827,10.234757107976096,11.634081038462774,3.123391530513898,715.9,progressive_degradation,126.10000000000002,1
11.085863412136794,7.8003037223431315,-11.913156873072005,8.076204723987422,12.413652688576695,7.873525275525728,716.7,progressive_degradation,125.29999999999995,1
10.80203242520069,9.154278881401616,-9.4932245833394,7.626880571070312,12.726404410753393,6.996190630247922,717.6,progressive_degradation,124.39999999999998,1
9.422855072721731,6.6574161710791175,-9.128546393480955,9.7175895080854,11.734658327600894,6.097211472750013,718.5,progressive_degradation,123.5,1
10.00282541549837,7.783913884919161,-12.223682303817757,11.721126491110171,10.927058554451891,7.104568594270555,719.3,progressive_degradation,122.70000000000005,1
8.889224371273748,11.17788124730819,-8.461857009307476,9.034333978590517,10.226775926258409,6.30986852176146,720.2,progressive_degradation,121.79999999999995,1
10.835954289901322,6.581112798995927,-9.519245620520891,6.346054338598562,10.395355132252636,6.954768641568005,721.0,progressive_degradation,121.0,1
7.290564184491022,6.638775282133711,-8.092116599870424,9.495728073085143,12.166868598589495,8.812521193319643,721.9,progressive_degradation,120.10000000000002,1
8.104377125293261,8.305440492028845,-11.100121308886466,8.238260117236482,15.10115743559611,6.761896178953984,722.8,progressive_degradation,119.20000000000005,1
14.04061592171995,8.951223526567361,-14.171962147508113,12.289792969523067,12.393013782318791,7.749082238182578,723.6,progressive_degradation,118.39999999999998,1
7.159958714449593,5.442125184389326,-8.127198677785623,8.52134970286377,9.412604394545284,9.675741088877835,724.5,progressive_degradation,117.5,1
11.740061424986424,8.664252850743967,-13.811226386464133,11.359796016572728,10.819441291196798,7.1925799727168895,725.4,progressive_degradation,116.60000000000002,1
8.694002699677153,8.327615572276754,-9.61815677899912,9.354420528979869,10.812459915347377,7.220257605569976,726.2,progressive_degradation,115.79999999999995,1
5.736088306882113,11.823175274245099,-9.489990079801204,10.343325713700445,10.531894758465242,4.471661696360296,727.1,progressive_degradation,114.89999999999998,1
10.686306405568168,11.083518945739346,-11.535447017495077,12.439644233878505,12.725306664850512,3.877032221161339,728.0,progressive_degradation,114.0,1
12.78606490718797,7.944265943701032,-10.334344540170243,7.679805708591523,10.66312604696413,5.275455548360492,728.8,progressive_degradation,113.20000000000005,1
10.743045251024501,7.16032411686166,-12.821770405601466,10.223157513692145,15.38654793319113,4.309950736029666,729.7,progressive_degradation,112.29999999999995,1
6.282651001259087,6.111606901372471,-9.47017522110847,10.568234722488123,16.113752379703158,7.2130147798374304,730.5,progressive_degradation,111.5,1
9.223010924803301,9.138881204028825,-7.934924964345803,11.822377046296406,11.4226593503934,9.310873987597299,731.4,progressive_degradation,110.60000000000002,1
12.706399673252292,7.4245963530618875,-7.1144989825180325,13.250805176360831,11.600964695328972,7.716553257898307,732.3,progressive_degradation,109.70000000000005,1
10.274134688469069,8.63137820334528,-12.970639135851124,12.432014924102,12.148463758010699,6.830149548626823,733.1,progressive_degradation,108.89999999999998,1
8.763186673692406,6.508206211120558,-12.083218046335768,12.311149503399704,8.833218648020903,5.096810409478281,734.0,progressive_degradation,108.0,1
7.811005784859659,7.891344005329194,-9.646842354275895,10.102559084247662,11.475201853571003,4.429407675695445,734.9,progressive_degradation,107.10000000000002,1
12.597506165958295,8.4680658299504,-10.392597828052395,11.315172508782936,15.230330130244448,7.048514692551804,735.7,progressive_degradation,106.29999999999995,1
12.64039946399366,10.099372961280018,-9.744284290879216,11.626004284484198,11.427814243112179,8.320400259359667,736.6,progressive_degradation,105.39999999999998,1
11.257485837753947,9.022838891891382,-10.59488218896208,10.525729160893773,11.031831169491717,5.497434741287792,737.5,progressive_degradation,104.5,1
11.88641066645315,11.157700590625499,-11.960759057615594,6.165641567156534,15.909929701620548,7.742077933928528,738.3,progressive_degradation,103.70000000000005,1
12.75419443730474,9.8200384826734,-10.97005640322233,10.220443333133392,14.220202514477375,8.6297829310674,739.2,progressive_degradation,102.79999999999995,1
14.47191757928963,8.224639058287922,-11.870550445705563,11.048839737176097,11.749442068696277,9.151555690557636,740.0,progressive_degradation,102.0,1
11.317113047113175,8.53203691528738,-11.401995550374235,8.085780441534652,10.423297408771917,5.9653652975095675,740.9,progressive_degradation,101.10000000000002,1
11.779267682736672,6.732379823989344,-12.51017452738962,10.48728656989118,12.046818145910215,11.595700516215254,741.8,progressive_degradation,100.20000000000005,1
10.703012964961133,9.320181782669456,-11.351503258372801,7.608999073668474,12.846848762645102,10.354957999709836,742.6,progressive_degradation,99.39999999999998,1
9.033079116642531,7.068121935648648,-5.712975105536832,12.749897759083565,14.497769847294387,5.6718049455381445,743.5,progressive_degradation,98.5,1
7.241303356942412,10.630750444661684,-9.175065039479366,10.969616652447028,10.180791509074693,7.827824627960929,744.4,progressive_degradation,97.60000000000002,1
13.812763396561174,8.68387781697027,-12.074335245678732,14.393736649354443,13.107694455937368,4.619122818156674,745.2,progressive_degradation,96.79999999999995,1
7.651013400260677,11.441161323457237,-6.938003040384697,15.163556831481191,14.05470960592008,7.596136815223246,746.1,progressive_degradation,95.89999999999998,1
12.075401568190996,6.336649412045758,-12.22101273069206,11.708929279088512,14.928875223886697,7.711260078629756,747.0,progressive_degradation,95.0,1
7.643332978064294,9.006184343740932,-11.970133277241072,8.21066733159692,13.29648376624266,5.831268149877737,747.8,progressive_degradation,94.20000000000005,1
12.189634172396454,8.542138357437858,-12.90625821595468,7.1939784555705835,15.533986804871308,7.993291836046133,748.7,progressive_degradation,93.29999999999995,1
13.218356704656165,12.350454793097612,-9.213225534989915,15.126328843195507,14.089576156467892,2.706595137751229,749.5,progressive_degradation,92.5,1
10.39647987537908,7.068109811493244,-10.803628507905577,7.900536926712829,16.996291262700804,5.153021237677202,750.4,progressive_degradation,91.60000000000002,1
11.953658123760754,9.404668959655508,-10.935985359414333,15.444424717833572,12.272719570320396,6.780262502081867,751.3,progressive_degradation,90.70000000000005,1
9.906732611864978,8.361658179980074,-10.08528776772926,13.292832090415263,13.52829344199161,8.36312421304388,752.1,progressive_degradation,89.89999999999998,1
13.19931976075065,13.934101869504056,-12.967196182053781,9.753153296976487,10.978776741599722,9.50093988698076,753.0,progressive_degradation,89.0,1
11.043867257434876,11.511770383882094,-12.257985966030894,11.579031806975367,14.848502290120662,6.068860427234446,753.9,progressive_degradation,88.10000000000002,1
13.189068257049836,9.740059470807905,-16.379017379345274,13.768347670711993,15.075290515283172,10.055101628697987,754.7,progressive_degradation,87.29999999999995,1
13.591338575163595,10.210375666151364,-11.817298957037053,14.40683858822901,9.845774296945779,6.089471120668794,755.6,progressive_degradation,86.39999999999998,1
11.84577663791001,8.451132426225465,-18.714342025000807,10.28149579521253,12.342713074667095,7.159977015224596,756.5,progressive_degradation,85.5,1
11.853424237789284,11.939595455892874,-9.951204907794452,13.12768347202382,13.88043424567859,7.427814459333791,757.3,progressive_degradation,84.70000000000005,1
15.203521556582611,10.010597874663377,-11.103011416344318,12.915493207403905,11.875789568935977,9.242310150648702,758.2,progressive_degradation,83.79999999999995,1
14.904581363018089,10.597318086114068,-11.591957177847776,6.387554187009329,10.078465239824142,9.06657703907165,759.0,progressive_degradation,83.0,1
13.803879489405245,6.932727450781664,-10.884331989399339,15.012430095935553,14.382793576106282,9.611369237288939,759.9,progressive_degradation,82.10000000000002,1
16.22424091386136,10.326383626515137,-13.508864754032249,12.110266941066843,13.531525110070975,9.274330939677881,760.8,progressive_degradation,81.20000000000005,1
8.651284453999498,8.836874554802408,-14.491222349016727,15.169503957995996,12.887112135044239,7.240705955428823,761.6,progressive_degradation,80.39999999999998,1
11.080715778741673,11.024664253986083,-13.307199701863532,13.172282079074545,13.260139727610921,7.711010215107929,762.5,progressive_degradation,79.5,1
12.251033786877942,11.155825387921835,-11.759930827501742,14.691899482366093,12.141680074607923,5.435275942423018,763.4,progressive_degradation,78.60000000000002,1
14.289573196760179,9.532900089366796,-11.639946052727185,12.492284396274798,12.830061236403948,10.117354888162476,764.2,progressive_degradation,77.79999999999995,1
15.16783822753214,10.55293155315202,-14.819410666456108,13.325355222390895,14.628035733910798,8.687468732752532,765.1,progressive_degradation,76.89999999999998,1
9.761504799565099,6.917806656855057,-11.656825488688337,9.257263378622048,11.855770310020635,4.650906101412733,766.0,progressive_degradation,76.0,1
14.294797415561835,10.570436812873863,-9.78513349263104,7.914064944900388,13.74267836359999,9.502679113148256,766.8,progressive_degradation,75.20000000000005,1
13.285883151658965,8.390756152968025,-10.914281357310129,6.444059497459203,15.986854822273655,8.716213194816007,767.7,progressive_degradation,74.29999999999995,1
12.96634695412765,11.244258977494393,-12.968666410934778,15.261945185048651,15.426684473661181,9.357630968750303,768.5,progressive_degradation,73.5,1
9.314284318212358,11.531530736510518,-12.747483566867777,13.299849948710143,14.365154668605772,7.767807274591452,769.4,progressive_degradation,72.60000000000002,1
14.350365598375681,10.904950343451477,-11.461093716359922,13.486052141986201,13.921846006319502,8.828167118889462,770.3,progressive_degradation,71.70000000000005,1
13.360170995979912,11.069879270901245,-11.621903524740311,9.883498982392904,13.499477423639442,10.164635973288085,771.1,progressive_degradation,70.89999999999998,1
11.39981981576477,10.056115995463847,-13.380636627463272,7.752019235272079,17.286274172087747,5.6602770281200145,772.0,progressive_degradation,70.0,1
12.980624662056785,10.857579247565608,-15.525305818454159,14.244227078474024,14.8816432869441,9.571995757062677,772.9,progressive_degradation,69.10000000000002,1
10.981116457567033,9.244310838795936,-13.840387268612025,14.763028443522671,14.000814401085012,9.721904220955942,773.7,progressive_degradation,68.29999999999995,1
14.998726709171512,10.45053699862296,-13.808751165512428,9.147041640498243,15.118222181273147,9.099325411716546,774.6,progressive_degradation,67.39999999999998,1
15.028190209135602,12.650881260735373,-13.20794112628671,6.133330091463003,13.44264355282858,4.870523948631411,775.5,progressive_degradation,66.5,1
13.384393865983816,12.108476858006831,-12.614942433245846,10.818509284142895,12.397759908250736,7.302262779575715,776.3,progressive_degradation,65.70000000000005,1
17.794389447875243,8.401005105676008,-12.259089644697731,9.476431383679445,20.52983988522595,9.412159450282639,777.2,progressive_degradation,64.79999999999995,1
14.350524239574863,11.35991129596608,-18.671586560734102,8.85110742363345,14.820666358206724,4.727141222477167,778.0,progressive_degradation,64.0,1
11.564007986563679,8.577484311847948,-10.793649077624286,8.515152185583855,15.464268840495171,6.781452062358192,778.9,progressive_degradation,63.10000000000002,1
11.345974804597544,16.683579440598496,-15.083938073348298,10.051392215579744,12.930452567821051,8.672359268904026,779.8,progressive_degradation,62.200000000000045,1
14.903432581920342,7.986979343216259,-12.340724606818151,11.347987532755452,15.277955481938324,8.104576410278597,780.6,progressive_degradation,61.39999999999998,1
11.049879211846438,11.5261435701226,-9.199371145301722,13.346310577693624,15.225386301100057,5.039026592224627,781.5,progressive_degradation,60.5,1
9.577245781872735,11.568095168539475,-14.567745748260478,12.73251289308876,14.85087850746701,9.06170605466992,782.4,progressive_degradation,59.60000000000002,1
12.35451161185399,16.562636948982178,-16.633356905697017,11.626225624387052,12.880867721496333,10.52542247823152,783.2,progressive_degradation,58.799999999999955,1
16.8472905478035,11.334369741898877,-10.997699727203328,15.658995769783571,12.452578345316619,10.439487709420831,784.1,progressive_degradation,57.89999999999998,1
12.489816143623841,10.39511142215861,-13.044664153003268,13.038014527254418,13.5946061397096,6.128081636875505,785.0,progressive_degradation,57.0,1
16.019834463869007,6.362595104626682,-13.169923625639923,11.439020484676186,13.988572703004749,9.729539278246786,785.8,progressive_degradation,56.200000000000045,1
12.090915583396784,13.338444134822437,-14.434658817341639,15.215141479215736,16.24216606368476,6.45061921672511,786.7,progressive_degradation,55.299999999999955,1
13.776182924177203,8.005377749053434,-14.34998672487526,9.829461611859859,17.140536297334535,10.566057464531381,787.5,progressive_degradation,54.5,1
15.482308847461033,7.939333433141049,-12.602330689063924,16.17284603788024,19.28598339548097,6.663210414171521,788.4,progressive_degradation,53.60000000000002,1
12.963786813395538,11.306736771023166,-14.471051010170653,15.685355968839108,14.776476191338466,11.895379985207924,789.3,progressive_degradation,52.700000000000045,1
13.173515949140779,12.115531095763853,-15.876564645252206,8.885022230248286,16.85337956204434,8.0838956331735,790.1,progressive_degradation,51.89999999999998,1
13.691030892903301,9.991573054129935,-11.788905413524303,10.295862138282157,16.944535793576026,7.8684340523422245,791.0,progressive_degradation,51.0,1
14.040293168935326,8.458479664404916,-14.929473410296099,12.774988020446477,18.07905832659769,10.34534113195151,791.9,progressive_degradation,50.10000000000002,1
14.375884949904195,11.491694803212976,-15.995586722211538,10.465971537246327,13.780856679803984,8.688797275380766,792.7,progressive_degradation,49.299999999999955,1
12.884028582894846,13.727853820411402,-13.973423849226723,11.637314753520053,14.223030185020784,10.525905784704964,793.6,progressive_degradation,48.39999999999998,1
12.544421538470022,13.454710743834987,-16.134749927834452,9.83565082889341,14.600553264851962,10.633433603330177,794.5,progressive_degradation,47.5,1
16.530325431776713,10.946132057999703,-13.342345221161949,15.477484599073623,13.937593136092142,7.434149752315315,795.3,progressive_degradation,46.700000000000045,1
10.609824936389163,11.504061441732857,-15.36739618759245,18.814012096175297,13.381182162941117,7.345745126605306,796.2,progressive_degradation,45.799999999999955,1
12.030484227269124,9.047586313779126,-11.593660025133923,7.712025881575119,17.866389086472022,7.972292635306507,797.0,progressive_degradation,45.0,1
13.42516465418145,11.148619598222187,-10.958417426916453,13.136805442770202,16.72182584850136,14.294780619193903,797.9,progressive_degradation,44.10000000000002,1
10.952292992785933,14.775291937504667,-11.78523789737048,13.620101120652247,15.76598913467094,7.572397241386545,798.8,progressive_degradation,43.200000000000045,1
10.81554427906466,9.908474092938519,-13.175541712576285,15.021314126286365,13.415415888803084,5.950066235324723,799.6,progressive_degradation,42.39999999999998,1
12.664031532290162,8.42567978263129,-17.39049557623434,13.261902605740184,12.978118678846357,10.922604584531022,800.5,progressive_degradation,41.5,1
15.528249150598526,10.008797437584755,-14.505453358979919,13.616554148709005,16.617964106550122,10.565975192396149,801.4,progressive_degradation,40.60000000000002,1
13.312316057679507,10.688398782951484,-14.279072349513113,11.693811763723575,15.484877527143116,8.529153444768962,802.2,progressive_degradation,39.799999999999955,1
14.611122496405631,12.941357838165322,-12.573519238026783,14.650434218315148,15.000026568850494,6.638234049758646,803.1,progressive_degradation,38.89999999999998,1
16.056376643549708,11.93239774896349,-16.425852225253713,13.530582963691671,12.841601014872557,4.349571709798549,804.0,progressive_degradation,38.0,1
14.131468095393158,14.598622786231289,-13.380219726944967,14.600476418866574,17.900373088759824,12.12511307295475,804.8,progressive_degradation,37.200000000000045,1
16.229235376443512,11.652810683785777,-15.167886128441085,11.57801917691982,17.490049878970407,3.5880995921547543,805.7,progressive_degradation,36.299999999999955,1
12.385326297204488,12.407100867873408,-12.429967499894703,13.80780704189331,16.1245540331635,6.913412843021581,806.5,progressive_degradation,35.5,1
14.81032660914107,9.59511721355423,-13.58593395057292,14.254458515483465,17.60389883059387,10.510615356015796,807.4,progressive_degradation,34.60000000000002,1
9.230663995068735,13.751940475829207,-10.80927378400617,17.959855877563538,18.607574737269815,7.684123647456389,808.3,progressive_degradation,33.700000000000045,1
14.936840230320009,13.15499960136652,-12.70519434641744,12.165145403230746,17.019432970620677,6.683393664927952,809.1,progressive_degradation,32.89999999999998,1
12.215569273274609,7.1020352190276075,-13.752127213472367,14.834024600737528,15.15293672944367,8.044261455234759,810.0,progressive_degradation,32.0,1
9.563290826728172,10.991866392905,-17.319531857574137,14.8253771274079,18.978177827862183,11.189325260582306,810.9,progressive_degradation,31.100000000000023,1
10.505285856494224,11.965718969419832,-12.975307616051339,13.971458849191713,14.0673749921906,9.655293416155903,811.7,progressive_degradation,30.299999999999955,1
10.658664544201923,9.982772937993648,-15.474143867407614,12.506044821360351,16.740017612300548,10.77950676373398,812.6,progressive_degradation,29.399999999999977,1
15.920235142694365,12.132472582259048,-10.816471863486559,15.456930422344833,16.499169280279634,9.057124884868022,813.5,progressive_degradation,28.5,1
13.778245259766978,12.511609066829223,-11.944270340014596,13.330704731168005,16.89480833265452,7.500052949038648,814.3,progressive_degradation,27.700000000000045,1
11.387867021962025,13.814541531604675,-13.84586034667245,14.151195150555639,20.472331439943908,9.195742937116268,815.2,progressive_degradation,26.799999999999955,1
14.435101880299943,11.44210498688678,-14.750329042164793,15.165589008464263,18.872006971816784,12.127886287192226,816.0,progressive_degradation,26.0,1
16.188858456050777,9.618539061116955,-11.353703566663883,14.269187302644019,15.62486890675267,9.785612309083408,816.9,progressive_degradation,25.100000000000023,1
15.17753175184266,12.444495804548056,-15.117720106410498,16.108265971099367,14.458528128100152,11.804738268413294,817.8,progressive_degradation,24.200000000000045,1
17.098649322376655,13.371832038133538,-15.29335103031865,12.845533197609274,15.393479431073699,11.563988501619544,818.6,progressive_degradation,23.399999999999977,1
17.08929496200929,10.153626536054576,-14.181955675874567,15.060034775541913,15.841142979232908,10.866933265169537,819.5,progressive_degradation,22.5,1
16.201691982028493,8.144866157064428,-14.12117580973048,12.359928667865576,13.266497548131168,8.244188499518817,820.4,progressive_degradation,21.600000000000023,1
14.067169176236407,12.606270430898235,-17.28538025327951,11.137114240557521,17.591124289843336,6.659017074537987,821.2,progressive_degradation,20.799999999999955,1
15.356238327562583,15.391417267213724,-10.701826234963406,13.474043068881963,13.75014918516644,8.130576436423508,822.1,progressive_degradation,19.899999999999977,1
13.708437661727212,10.9094100119504,-14.898460643961796,10.457936898772724,17.432683865266487,13.128184594937023,823.0,progressive_degradation,19.0,1
16.573185907495024,12.85846902900103,-17.26179314980033,16.63396207412191,14.44674324458701,8.917207914731595,823.8,progressive_degradation,18.200000000000045,1
10.633878224421515,11.522987248330448,-18.643648183970814,12.044161012330669,18.59432744856322,9.729525058371564,824.7,progressive_degradation,17.299999999999955,1
15.575699280321611,12.656411896295657,-11.38492981828775,11.105364414867477,18.449294615504623,13.095946952810651,825.5,progressive_degradation,16.5,1
16.4903806718922,11.8177295077727,-17.198133246259218,13.271229315896703,18.299173282436428,10.793987167387966,826.4,progressive_degradation,15.600000000000023,1
14.313976589508004,15.982605229933599,-16.702237128771756,15.46187598579923,14.208041161587403,10.372893494475228,827.3,progressive_degradation,14.700000000000045,1
16.726969403779993,12.67690576032648,-19.022660098412896,12.111677982947539,16.277887795820508,12.46090865504162,828.1,progressive_degradation,13.899999999999977,1
16.466819718616026,11.022300043680813,-19.65188583528518,11.63681673873863,19.097442129284516,2.3154236372822607,829.0,progressive_degradation,13.0,1
14.202577645343641,12.717277177154703,-16.13401682740612,13.157226815557273,14.467561864399993,9.855498255859544,829.9,progressive_degradation,12.100000000000023,1
13.283667645256168,12.485360270363008,-14.203862086201426,17.251327481285898,12.505426909517233,11.338741107369533,830.7,progressive_degradation,11.299999999999955,1
19.35342762755808,11.840409761162762,-10.834387508706994,21.070359366116897,16.47984943254377,10.99338350561449,831.6,progressive_degradation,10.399999999999977,1
17.50255528595818,11.871894172074231,-18.52457575670735,17.756423756224677,15.283580980218296,9.383060168475435,832.5,progressive_degradation,9.5,1
16.97956448562975,11.002448759886803,-18.008439823960174,14.491300511783763,17.737409347316863,9.952894413386412,833.3,progressive_degradation,8.700000000000045,1
13.161606918427513,16.748013264533697,-14.282613989906586,16.00067541107074,15.139648272305124,10.423462417894102,834.2,progressive_degradation,7.7999999999999545,1
16.451776156621726,13.296943150848373,-13.386013032939745,14.70965924282135,17.585661559743986,10.583275702019016,835.0,progressive_degradation,7.0,1
16.47213146359654,10.155382517896705,-12.641338076690168,20.6062165067037,16.865183597921614,4.529368150721355,835.9,progressive_degradation,6.100000000000023,1
8.618801300864178,10.363101631179301,-16.788974590714105,12.315389545913755,13.267277056887458,8.921802796556033,836.8,progressive_degradation,5.2000000000000455,1
14.557031317860265,10.653632767308586,-16.9610568251862,15.23826734894082,13.756658523602827,11.295145509190824,837.6,progressive_degradation,4.399999999999977,1
15.567477289893462,11.586711809174055,-16.95328173122033,18.558639799882915,16.3105031307645,7.202901570720031,838.5,progressive_degradation,3.5,1
14.139219632609867,11.256575098700058,-15.090709182249544,13.764341418470325,17.185368525947904,9.095266653044972,839.4,progressive_degradation,2.6000000000000227,1
16.573836883450383,12.090347204281297,-15.521192198605615,9.545299911078121,17.015885024770927,10.147346974992784,840.2,progressive_degradation,1.7999999999999545,1
13.129938852832945,15.548194720841717,-14.6941894600506,19.808333191643833,20.06812088103538,11.120647156779206,841.1,progressive_degradation,0.8999999999999773,1
17.48944277028532,13.400719859094348,-17.19247487907954,17.455549509403063,17.802347940960356,10.195444179385813,842.0,critical,0.0,1
17.96315633190661,13.703900530703137,-15.70797269386336,14.853593814898629,18.078910361396648,12.248515520142991,842.8,critical,-0.7999999999999545,1
14.072951374428408,9.276550988728072,-12.945278694660006,15.018735516418108,19.022678825004338,9.837494031697233,843.7,critical,-1.7000000000000455,1
13.329930701178288,14.1156469519455,-11.10194499690255,14.131627319768938,19.693253068173,8.583060483897086,844.5,critical,-2.5,1
12.075997840284607,13.777150636315168,-15.417663917237402,13.967942311485116,16.890160681525682,7.988202982841828,845.4,critical,-3.3999999999999773,1
11.747533972507936,15.574219220432825,-16.067835380633486,14.613386068700546,18.37916393329183,11.278672630162935,846.3,critical,-4.2999999999999545,1
15.986421345083128,13.764076755396276,-11.803294523442508,9.847291924409145,17.099764240727804,11.823175521633075,847.1,critical,-5.100000000000023,1
14.117950771142976,9.010886495348068,-17.267197751447124,14.150547731339792,18.382817093337575,10.492374303217282,848.0,critical,-6.0,1
20.36386812920507,15.660921076474084,-11.67053688351276,15.263646735551843,18.314078720172713,11.663362914645077,848.9,critical,-6.899999999999977,1
20.105600256886905,13.13927053041247,-12.722723301302047,15.267878477819528,14.457009783792572,12.957409818423812,849.7,critical,-7.7000000000000455,1
19.158561531063167,13.367691639060453,-14.502794862921128,18.38148487513602,18.247256541577688,9.082794806766614,850.6,critical,-8.600000000000023,1
22.500918253412156,13.753510553955019,-14.989037820098156,15.72450131403326,16.760979148152803,8.995058345907982,851.5,critical,-9.5,1
15.665730896067906,12.908553915006536,-18.602571398844265,15.986419737952543,16.048223421702172,9.759049920730167,852.3,critical,-10.299999999999955,1
14.385769937731006,13.038690557810018,-18.54405326836231,15.128899152817413,15.792119117388378,14.768259635301376,853.2,critical,-11.200000000000045,1
16.8432205804858,13.890056833586128,-19.453424069466095,13.164683203534672,19.394665041414402,14.869410686308987,854.0,critical,-12.0,1
19.987089810688925,13.931772010972455,-17.82111151739335,16.502731029094065,17.788116593234104,8.58684026215947,854.9,critical,-12.899999999999977,1
17.964671628878357,12.44386938985179,-18.57204199542974,15.677420933321791,14.249010576900877,8.603234931873615,855.8,critical,-13.799999999999955,1
19.602587306886917,10.238358216841442,-19.11052440016199,14.266890901151907,17.6597619704496,12.839478806797134,856.6,critical,-14.600000000000023,1
15.198297337780955,13.371680486190893,-17.67765343082698,11.855454911403575,22.430706104271934,11.685754308882991,857.5,critical,-15.5,1
19.01658859854024,13.461552808872284,-14.717309312707322,17.97101417541618,15.505161947794603,10.779584634479258,858.4,critical,-16.399999999999977,1
18.306122193445766,11.087228937295302,-17.522520115735748,16.99259081847013,19.791713100598194,11.535572281675865,859.2,critical,-17.200000000000045,1
16.5224590164502,12.019451205511693,-13.94266082040098,18.663924274798674,18.30481092454256,9.653702990825591,860.1,critical,-18.100000000000023,1
16.339966933493884,11.810489366299382,-19.306625743722822,17.490503230186917,17.986421861702226,6.427524785084662,861.0,critical,-19.0,1
18.698266826740838,11.033304735409443,-16.149395824303788,18.688635491577944,19.221821812927384,11.36095949312553,861.8,critical,-19.799999999999955,1
20.429972275801138,14.534269789998833,-16.013503374438052,17.212413159615352,22.587387751855314,8.918710312262887,862.7,critical,-20.700000000000045,1
18.908876694661046,9.702157340298525,-16.75325306393628,15.820277856747031,22.737251588439342,12.065366574351486,863.5,critical,-21.5,1
16.72728668617846,15.881988884864896,-11.879852160893082,17.88115432498057,16.853167518781845,10.598398031468912,864.4,critical,-22.399999999999977,1
16.426037989646023,12.123862411224218,-14.879833045440776,12.358077712927962,12.874321014956568,14.248890711861206,865.3,critical,-23.299999999999955,1
13.524698330721924,17.7939217173525,-16.74178024363409,15.492978392273415,20.656435978630462,10.024420385771917,866.1,critical,-24.100000000000023,1
17.221038272376095,12.01382559740068,-15.837387073597954,16.701831805208954,19.33833988710854,12.990877987609897,867.0,critical,-25.0,1
15.228554043741159,10.688845356009157,-19.923786540716183,14.383375175152082,18.647752230855748,10.794531077615357,867.9,critical,-25.899999999999977,1
16.71948591548611,16.699692443140563,-15.736902971618271,16.158595898259605,13.844664498059966,10.735507761237855,868.7,critical,-26.700000000000045,1
12.357394505370726,16.968973976218376,-17.697891232074507,16.5522157145003,20.52261624650408,7.903952592108482,869.6,critical,-27.600000000000023,1
18.2427696510981,9.738475247834108,-13.856006939963496,21.692033984514573,16.60513450948133,6.455437892300119,870.5,critical,-28.5,1
17.21795297457075,14.13053339409842,-18.570504297141188,15.41438889301626,14.442191086133757,7.026841740581247,871.3,critical,-29.299999999999955,1
20.121272913291875,12.650329611664148,-13.324129488128829,16.66824209157645,17.87458320853555,12.119598808483284,872.2,critical,-30.200000000000045,1
19.187472522023125,19.284796777241603,-20.710006539920848,17.29518598303644,19.786070107887802,15.846462714460037,873.0,critical,-31.0,1
16.271362820413714,11.790589585883737,-15.325419139027805,15.535853314830668,15.924487726883207,9.853544715858295,873.9,critical,-31.899999999999977,1
17.73687380758143,14.405381935202747,-17.99974634044671,15.310927705550274,25.87568403212599,10.972615885699973,874.8,critical,-32.799999999999955,1
14.774927740171906,16.340718429019972,-16.168904553147325,13.0839743747077,16.73904217668936,8.24189300537523,875.6,critical,-33.60000000000002,1
18.22035747891967,16.351842341610155,-17.677986749840404,18.79857225457682,17.46026031978844,9.300059772488122,876.5,critical,-34.5,1
10.351365600554708,19.098988033480413,-14.494452824530589,15.659136873971642,18.678658128482954,9.877799760171923,877.4,critical,-35.39999999999998,1
18.495785952683708,13.70484015274754,-22.726738629100716,17.72909104497098,21.55772484309603,7.161101062504344,878.2,critical,-36.200000000000045,1
16.180171482797352,12.401335831975157,-12.503517210175726,16.981497539213965,21.418712419515355,13.239483896897408,879.1,critical,-37.10000000000002,1
19.36271634329128,12.686301980770507,-13.63727816972047,13.191844376363669,23.423384807435756,10.133349369959552,880.0,critical,-38.0,1
19.527347615370726,14.316578558890138,-15.037371091057901,12.874462322912315,20.11782182578327,10.280187525793654,880.8,critical,-38.799999999999955,1
20.043620781470384,14.933980966302558,-19.228522351935037,16.163416958018647,15.429406327123608,11.318227921651015,881.7,critical,-39.700000000000045,1
17.871784471546274,13.169665788029471,-21.98783381770602,13.405120589881962,20.347730755890172,13.266076587127618,882.5,critical,-40.5,1
16.928230381719047,15.436751504990438,-17.7255234789886,21.350015416501154,19.88744115970583,13.634856185505974,883.4,critical,-41.39999999999998,1
19.885510209717207,14.764426673563259,-18.23460634113132,20.552649483464204,20.590686493913957,7.804247736268178,884.3,critical,-42.299999999999955,1
21.347886665603887,17.168487056979863,-16.622215390396093,16.250248601908343,21.360831455906304,12.084544615356842,885.1,critical,-43.10000000000002,1
14.600444302582757,13.683806763800893,-21.267737865927252,16.611414454893033,22.425848466149045,13.75339983675696,886.0,critical,-44.0,1
12.196669089023588,16.112689334730284,-17.12489268684564,14.930545398874656,19.920078822925937,10.914725927234812,886.9,critical,-44.89999999999998,1
20.097017220970915,13.30145333666149,-20.27840876783103,15.677898889174514,13.860537146333693,11.266141026551788,887.7,critical,-45.700000000000045,1
15.573029731865905,14.314080982875344,-17.937600974054245,18.332938117568144,14.200961117150415,11.334039068628215,888.6,critical,-46.60000000000002,1
19.57049802155655,19.92673645451462,-17.208012982938307,16.92985409806771,17.24925962845849,16.09302925664225,889.5,critical,-47.5,1
19.658784584111487,14.835985459495362,-15.234172303846332,15.19731116666645,15.802240501267569,7.5970374073208795,890.3,critical,-48.299999999999955,1
20.039517991835577,13.206088771578626,-15.007995716614358,21.75422703878061,9.427411325181053,13.401928196507534,891.2,critical,-49.200000000000045,1
19.659490263928642,12.758974168307924,-12.926047899495341,19.88978212577099,15.350539507712565,12.356845407444625,892.0,critical,-50.0,1
21.578479854238747,13.391030638227873,-18.562251882292028,17.52727193817416,15.767795927147283,13.07115798603914,892.9,critical,-50.89999999999998,1
20.855267449345465,13.74393853325752,-18.747383908592106,21.202199787564783,17.54365513919005,12.46189033428488,893.8,critical,-51.799999999999955,1
17.044202568729656,14.768330651605812,-12.423128921585903,15.30611771278637,11.919940742064554,10.999821554122947,894.6,critical,-52.60000000000002,1
14.685246229141185,16.44707152029094,-17.363174494199853,16.080396510581235,16.574741979186165,8.502104364257699,895.5,critical,-53.5,1
18.273912559619383,16.597261516145274,-19.344149811388995,15.47932932882648,13.333104259938244,12.430602715250972,896.4,critical,-54.39999999999998,1
15.86247880540862,13.420298349391595,-18.25184628527014,16.554220223995515,18.434036780727766,15.963768051576775,897.2,critical,-55.200000000000045,1
15.856570788334494,19.101111781370015,-17.68363101893492,18.18112661169805,12.462983860277435,15.584284780690696,898.1,critical,-56.10000000000002,1
20.48862028603417,16.10299001040097,-19.759673752383957,18.92172370146328,17.006530004602155,11.381324216575322,899.0,critical,-57.0,1
18.765202472036183,16.262198357189014,-21.411863597526576,20.753796961993302,13.64356602038491,10.255841914417575,899.8,critical,-57.799999999999955,1
16.290864747144507,15.636216089130274,-16.782507597649886,19.946156707340737,11.64022633125938,15.750751781431646,900.7,critical,-58.700000000000045,1
18.755798878193183,15.063309332078596,-17.549358841856534,11.553298276519797,15.521500744586945,8.319845853510092,901.5,critical,-59.5,1
20.35200286158118,11.141690643404424,-18.63352978685009,17.11642219387068,18.842792134280064,11.824168204351217,902.4,critical,-60.39999999999998,1
20.007237242988918,17.591785777636964,-17.137249658488596,19.225457383154893,16.99694128037458,10.74162433899567,903.3,critical,-61.299999999999955,1
21.126303203007126,18.88898755828785,-17.114869955302783,18.22447118986166,18.791035104113803,8.223075370493158,904.1,critical,-62.10000000000002,1
23.612495254750325,18.505997612989336,-22.433885148103336,20.399440769457346,17.57645518302186,13.068417782226291,905.0,critical,-63.0,1
18.132694540389245,13.16500809165883,-20.34535352521448,19.930252743633478,11.448691256642448,10.07662628768405,905.9,critical,-63.89999999999998,1
19.999562291178744,13.90984345521792,-21.28433735419737,16.71037967558231,12.734454637089538,12.049961878807817,906.7,critical,-64.70000000000005,1
18.10466975199042,17.097502147737252,-20.253077529816313,22.388578900114265,12.83457835216734,14.265123207284086,907.6,critical,-65.60000000000002,1
18.988251998129154,11.234697060259737,-20.836525777167182,20.220877569578544,11.474191493693795,15.005311895967967,908.5,critical,-66.5,1
24.613898678428363,15.219270425908885,-14.533803601231098,14.235826537473514,8.855977502442569,12.954988038245483,909.3,critical,-67.29999999999995,1
18.479008278270417,14.402587317380366,-21.695853410982487,18.843623225054003,11.770084527669283,10.606706332138014,910.2,critical,-68.20000000000005,1
23.4473442959838,14.681422684922554,-14.267454520334987,17.31626584203451,16.169768458561073,12.414680348535402,911.0,critical,-69.0,1
14.167217069077795,11.694792592591183,-18.722113090942358,13.775745956964892,18.536241417932235,16.428542134066895,911.9,critical,-69.89999999999998,1
17.54169589907426,17.187447215351106,-16.290383724948867,14.352199449835068,17.447675655511322,12.65586382152353,912.8,critical,-70.79999999999995,1
21.834740094828934,17.42245376108019,-17.286054947355037,22.42254281652003,18.820634366956018,13.74365397441623,913.6,critical,-71.60000000000002,1
18.553509467652397,15.684963276655374,-20.66676469171611,20.630971991463543,14.055972240866843,13.124722563172245,914.5,critical,-72.5,1
19.624430558902684,16.782225610412787,-21.764517127749404,14.891990754546248,18.21004269063128,9.993193709060405,915.4,critical,-73.39999999999998,1
19.1511983912652,16.181788937806388,-22.743420691869623,17.87625717962992,15.931625217646793,13.831596454181405,916.2,critical,-74.20000000000005,1
19.32717524428146,14.56511162067349,-15.346043630611168,17.75121811838443,19.668560880022593,10.641186736370674,917.1,critical,-75.10000000000002,1
16.768637335311126,14.934148683785766,-19.235045737339902,12.894996440712408,16.809714723315626,12.528647485300784,918.0,critical,-76.0,1
19.746474874572808,15.094793742990085,-20.69027324872083,19.26649380114406,15.75518963437127,8.321766721655173,918.8,critical,-76.79999999999995,1
21.73930373753706,18.156821937133913,-20.533390764063647,20.62643244839345,16.298945922460288,10.291201496292913,919.7,critical,-77.70000000000005,1
23.733582252838996,19.59508422461417,-22.5667827618786,19.110727919572042,14.81167970076487,14.027303327281652,920.5,critical,-78.5,1
22.283847859413687,18.947725049872137,-21.695151527742727,14.35910663817852,21.825545894153656,12.033343584627334,921.4,critical,-79.39999999999998,1
22.045951705228916,15.295054480001959,-17.281677491912777,23.02842344947468,18.823294252454446,9.483351086316116,922.3,critical,-80.29999999999995,1
18.849501123066066,17.0935981696947,-19.350559405106495,19.634127621102476,17.536541699231115,12.46737412759515,923.1,critical,-81.10000000000002,1
17.278471856877267,17.0453985898557,-21.67217366294368,15.994512478150648,22.560655810010193,12.155222643039899,924.0,critical,-82.0,1
19.216908670056316,14.247068755222609,-15.809379213414953,19.902420634223954,14.770621219960404,17.4177740778436,924.9,critical,-82.89999999999998,1
18.74765894355773,17.900658740211504,-20.644475619077756,19.41890776656223,20.19524986017338,9.323286076542866,925.7,critical,-83.70000000000005,1
15.004952008644054,15.301712662015522,-16.48202101054431,18.352934794416623,13.544775951492669,13.518762246331088,926.6,critical,-84.60000000000002,1
19.51802060693426,17.600216107033198,-18.18134679641414,13.158098341424761,17.09893026777244,14.182604424927932,927.5,critical,-85.5,1
18.869440680691238,14.993350934660834,-21.338867740591134,12.97379413781568,15.888834852825592,12.72251906343365,928.3,critical,-86.29999999999995,1
19.597707722414626,16.74403856225124,-17.98144803291479,17.911050428984197,14.700200054842016,14.131638276065992,929.2,critical,-87.20000000000005,1
21.18131887681684,17.181496275736556,-24.319533241463198,15.912659598700783,14.845515587130386,14.290754786304841,930.0,critical,-88.0,1
18.92143670132972,16.92331238624554,-24.3937546248015,19.678268331229162,20.996583192940847,9.918672167602791,930.9,critical,-88.89999999999998,1
26.163839605894292,20.001752645431626,-19.42413026251526,21.822735197149953,16.79114249602657,12.93203038826197,931.8,critical,-89.79999999999995,1
21.068322579887983,14.942609323570512,-19.607400334568098,16.17137827764943,18.389848573235714,15.176356342257792,932.6,critical,-90.60000000000002,1
20.934888920191664,14.941000852285908,-17.951947789716968,21.076775456550877,17.201771368504286,10.901143914983479,933.5,critical,-91.5,1
21.811961406776454,18.2464820870956,-18.808168809766602,20.155157602297965,19.224294125834305,10.877726742960675,934.4,critical,-92.39999999999998,1
24.23473527153787,14.302169000183403,-21.739892808004864,13.909667665186795,15.211381229028305,12.788566151751521,935.2,critical,-93.20000000000005,1
20.192694275254667,16.66979023451031,-17.91935301682647,19.688455500258016,17.366649097527397,14.094957092215806,936.1,critical,-94.10000000000002,1
17.59031122105367,16.602222316401207,-16.664506624858593,19.669085492009504,18.02204995288056,12.515877275569029,937.0,critical,-95.0,1
21.021676596933332,16.15909453956836,-17.505019357021464,20.787978068178745,16.972897301242984,14.66442915351909,937.8,critical,-95.79999999999995,1
17.586383483776622,15.288386194525554,-20.858478509773857,18.360012137810394,21.183677352150383,13.400838006073561,938.7,critical,-96.70000000000005,1
22.242836374224122,12.979890424756093,-20.49656857963724,17.842620431268053,16.534396862042296,15.068952355046003,939.5,critical,-97.5,1
26.123976901802475,17.24898740752806,-16.406785572080555,19.777591845886175,20.842841374040024,11.962630684393126,940.4,critical,-98.39999999999998,1
25.681499245267535,18.236087644522694,-17.207799497648736,19.03544745186255,20.948749350699583,11.423172716869894,941.3,critical,-99.29999999999995,1
19.924098313829152,19.685639541383747,-18.543661542996077,22.181686267731713,16.645434743991093,9.710019621667561,942.1,critical,-100.10000000000002,1
22.388458054328954,18.171021343813525,-13.627881795961159,21.297491457553868,18.043530938743746,9.56754662895931,943.0,critical,-101.0,1
21.40010697207577,14.44941484696529,-15.18585514498391,19.746471455544885,18.121280526147874,15.297330576467001,943.9,critical,-101.89999999999998,1
19.090920205950614,13.976801124171319,-21.47683160196934,19.515226592038008,19.182357284667326,11.092958605093358,944.7,critical,-102.70000000000005,1
22.483527895746775,14.36981370461011,-20.066018093873616,19.506853026838147,10.987594677371709,12.8078351830299,945.6,critical,-103.60000000000002,1
19.28890989295414,16.800880644206178,-19.594919501176946,20.707141968907628,17.372686355487534,14.08717001768742,946.5,critical,-104.5,1
22.176114073989755,16.976581883739183,-22.560574569377675,24.79765692821,22.436310813785667,16.711702848005658,947.3,critical,-105.29999999999995,1
22.100234347290524,18.301810670316662,-20.85172250596385,19.456381995489835,14.518104867221552,15.091717782787626,948.2,critical,-106.20000000000005,1
25.41377854563078,16.77585638743653,-19.753665954093524,21.157420650155796,19.546381123696456,14.23847592289007,949.0,critical,-107.0,1
23.85010694885374,13.994538763538554,-23.520849527970793,23.41591076703191,16.78507418948962,12.139581118860034,949.9,critical,-107.89999999999998,1
22.72925764294095,19.00049947768647,-21.032198136136707,23.440793522235897,16.04845843918898,13.286428698902348,950.8,critical,-108.79999999999995,1
26.501718008286286,18.784986553166732,-19.00953981615912,21.198285529720245,20.0872549648347,13.544333306240016,951.6,critical,-109.60000000000002,1
23.56520923661258,13.134008646963807,-21.055565712289823,19.38723955996137,20.341437476360923,11.901859846920917,952.5,critical,-110.5,1
17.812841060459515,20.212870563614626,-15.73345196177226,22.081033330283187,18.06991798731322,15.044663369244478,953.4,critical,-111.39999999999998,1
20.619537568087853,21.194116854237983,-18.366489899781126,24.300058542480393,15.897911889186446,13.829893200912545,954.2,critical,-112.20000000000005,1
22.260921470934342,20.075610979506802,-19.092171714301596,18.553464596279312,22.900212767621113,13.827429438245463,955.1,critical,-113.10000000000002,1
17.736654992134238,17.536079324905586,-21.506594673754794,20.434466425709626,21.97179768529488,16.52093094874567,956.0,critical,-114.0,1
20.32600758645507,14.254149261982999,-18.531732548938336,21.461129431108343,20.400253449989638,12.522203427202202,956.8,critical,-114.79999999999995,1
23.58145628356643,20.399295618609237,-22.307601550280395,19.514409017771833,19.61172939922007,11.77923009759539,957.7,critical,-115.70000000000005,1
16.483356696037387,18.524375811900825,-16.630552393756208,19.936612115717345,18.06617552492881,16.02313391459141,958.5,critical,-116.5,1
25.043717861343353,21.90892068484244,-23.607989792346295,18.071122063353936,21.21315956917874,17.385378239605338,959.4,critical,-117.39999999999998,1
25.163546670610682,19.439965759584993,-22.076229818666864,20.58270744227181,20.086628685757276,14.81221166142399,960.3,critical,-118.29999999999995,1
23.949285050292527,17.070309687841494,-23.891358283049072,21.82802383745377,15.925790184536508,13.537905753353742,961.1,critical,-119.10000000000002,1
24.29965234433287,21.09380765443973,-25.648700710371582,22.35915936858896,17.8439373481221,12.18697071517635,962.0,critical,-120.0,1
26.53256551595384,18.984895689671678,-20.842225431596255,16.566624942176098,18.16497822210836,19.729306209272416,962.9,critical,-120.89999999999998,1
22.908790246973997,11.956225755732516,-19.92459415959465,20.662006612592485,14.724306734012234,10.927838852887923,963.7,critical,-121.70000000000005,1
27.03627320499867,23.30141630633629,-18.654710145791196,20.109100918637196,17.456156320196428,15.785338834728504,964.6,critical,-122.60000000000002,1
20.316631344542966,20.36243818615783,-24.072520691370453,22.671561274226107,19.167900285703166,17.543013936052073,965.5,critical,-123.5,1
18.429577868750258,20.592556676563447,-16.027331581968088,18.080066962178023,17.94070271391269,16.853629645149436,966.3,critical,-124.29999999999995,1
19.551007035598126,15.95976938321575,-18.1664249802781,22.29444234774319,16.83190536940306,14.967282701803228,967.2,critical,-125.20000000000005,1
23.33912911657606,19.027039253882556,-24.275721427815558,19.870727526884025,18.351219589738307,16.70802218565928,968.0,critical,-126.0,1
25.352778269340455,20.279607977078037,-22.39472973058291,21.383285570648923,15.894339784874013,14.995079849321902,968.9,critical,-126.89999999999998,1
23.029094979838973,18.625046715668866,-20.700457101236946,21.85609803738204,20.30685156877445,12.823116724297051,969.8,critical,-127.79999999999995,1
18.7360781360152,19.403506403569608,-20.074388328434473,20.651058587647558,22.893835374870406,10.843530313021956,970.6,critical,-128.60000000000002,1
23.423187070614013,16.6248096179331,-28.283026609160448,20.334318419914474,19.674908731408948,15.750099613939895,971.5,critical,-129.5,1
16.607556343862356,17.030069616030232,-18.139599345236395,17.27206011331136,19.252042499469717,13.971511138980745,972.4,critical,-130.39999999999998,1
20.380120646545073,13.563868556391178,-20.099595704701002,20.476020225721708,18.415666724459548,14.018688452874047,973.2,critical,-131.20000000000005,1
24.117204024466034,17.866280697541786,-18.965376557388552,22.31546133826798,22.70793267788178,12.745974324407943,974.1,critical,-132.10000000000002,1
15.407605253790395,15.505240858910819,-22.5945851928207,19.585709517353127,19.059927051160795,13.300860602624772,975.0,critical,-133.0,1
22.46453471493069,17.660418600729727,-25.26679163942907,22.74487181680018,19.4237962071276,10.02004024099182,975.8,critical,-133.79999999999995,1
25.160855240610235,17.093115224170795,-22.16610410455738,18.475699588160285,22.95830180191122,10.321799874588939,976.7,critical,-134.70000000000005,1
21.601318716539186,20.76791843974495,-19.597112760425446,17.599026184556305,20.589508661200068,15.206629864118602,977.5,critical,-135.5,1
19.808673165436517,15.4318290978933,-21.61507339702642,19.51410329203102,20.62500908071665,14.284956970749997,978.4,critical,-136.39999999999998,1
24.580042458361948,25.122353311074345,-23.808688118675448,19.131818845565252,16.626734489768776,17.74417209989065,979.3,critical,-137.29999999999995,1
20.412171639172225,18.83113108866347,-24.69638412085143,20.943980506771943,17.860953195520388,16.90589860543682,980.1,critical,-138.10000000000002,1
18.527902589944976,17.878778681078625,-18.325890435537858,21.053816975127337,21.058428459077835,14.996261368597356,981.0,critical,-139.0,1
27.788593534754355,17.18067385386115,-23.359402284739932,22.071066117782784,17.995481112955968,14.5763681747937,981.9,critical,-139.89999999999998,1
27.059735691323567,14.833415138548089,-19.70394704276374,20.99164397979,17.394391840647664,16.197860546785666,982.7,critical,-140.70000000000005,1
25.325918673197904,19.28503117757955,-21.062508012225162,19.019014347450028,20.693505277135486,18.516840507148196,983.6,critical,-141.60000000000002,1
23.333664200782476,17.63575806862243,-23.03226930967541,20.29653431512288,17.700306147297134,14.133034701670002,984.5,critical,-142.5,1
24.475601845418232,19.060560522903195,-25.454132030068887,27.197965054342337,25.502526496313052,19.09996720363701,985.3,critical,-143.29999999999995,1
26.640064074772056,17.622144662787733,-25.345850679989503,24.109801678858933,18.398722943348787,14.59595783040157,986.2,critical,-144.20000000000005,1
23.640902970181735,19.867392755159752,-21.600114321665313,24.484066703969415,23.5959708624127,14.166801403593718,987.0,critical,-145.0,1
23.242259518105136,22.47897826537238,-21.361263555874274,24.251225426413196,24.90360897721415,14.609210415543506,987.9,critical,-145.89999999999998,1
21.964886052431243,19.299333639580155,-22.94281393831537,19.694942834473235,20.376718940969276,14.823659084191291,988.8,critical,-146.79999999999995,1
22.95884428051867,23.139176920695352,-21.23220263527476,20.954570929436315,16.545208150896617,17.11494084366693,989.6,critical,-147.60000000000002,1
22.76072877463302,20.610104370829244,-21.768836176838853,16.576648181339408,23.610208357412656,16.685413091903033,990.5,critical,-148.5,1
27.075758452444063,19.620142833157466,-23.12772643728938,21.295659869857744,21.751103303154835,17.232620045003145,991.4,critical,-149.39999999999998,1
25.79799658935143,18.46893609058851,-25.603626111096013,21.070205811559298,18.00295357092453,12.416609596249806,992.2,critical,-150.20000000000005,1
22.6462117103462,21.232952544714063,-22.465237275487567,21.489743838737,22.292537665843724,14.926509664214715,993.1,critical,-151.10000000000002,1
28.508168132838104,21.341716322219376,-25.00336690419763,21.14527254792508,15.73447299901328,14.927033091050403,994.0,critical,-152.0,1
28.44927395522698,17.49984628645787,-18.118849984898755,22.38077251841548,24.4218102210593,16.30212431155176,994.8,critical,-152.79999999999995,1
27.649213565280643,22.25698902117027,-21.13363083784646,19.43549719228115,21.458115141298467,12.48144587912063,995.7,critical,-153.70000000000005,1
22.472587123387285,15.86092316483716,-20.814757326673675,21.054842055552424,25.368924588685548,12.716126721666985,996.5,critical,-154.5,1
24.544189547339872,19.905294885669132,-23.2505771513758,25.187385312283627,21.067962493024467,15.163973285557482,997.4,critical,-155.39999999999998,1
22.79748976976091,17.491490722686677,-22.04859253672236,20.473519776506652,19.37069921124922,19.16779897093783,998.3,critical,-156.29999999999995,1
26.72986046391258,16.390635597542285,-23.322573051270947,24.499953375496776,26.723576148450913,14.934968966415973,999.1,critical,-157.10000000000002,1
-2.7144876781825147,2.584524395333845,0.022469326727188245,0.19038690081439366,-1.9768371450178779,-0.4648140335681343,50.0,healthy,792.0,2
-0.909271179638802,0.5110998334556672,-4.513730554434901,-2.489133212522106,2.3069703428057315,1.4507000745610614,50.9,healthy,791.1,2
3.226220423752986,0.5638237439557852,-0.9819850027338138,1.8562076101874756,1.101011171031886,0.9150608206728634,51.7,healthy,790.3,2
1.4846846907277236,-0.28019125225571556,-2.973835985618004,-1.1138584767537105,-0.3576315356408039,-1.0178121154960496,52.6,healthy,789.4,2
-0.30216225102441335,-3.4773977171617205,-1.6167502800679978,0.9717817764860244,-1.395623257429141,-0.39193226379353735,53.5,healthy,788.5,2
-1.222582077697527,-0.09750447851302733,-1.6502412883722533,0.7611478080580392,-0.45916214743005856,-0.7591529237081667,54.3,healthy,787.7,2
3.3950693635770475,-3.8410516552712193,-0.7025116115596005,-3.5230271158721767,-0.919398226806022,-0.2824006277511024,55.2,healthy,786.8,2
-2.335275037816383,-2.757303713412653,-1.3129305028281042,0.3455793737005891,0.2111717922423565,-0.00811142311091809,56.0,healthy,786.0,2
1.5266152007954745,-0.8497517424137857,0.5186151817232127,-1.234927253491757,0.10338702385317115,-1.8566786126036376,56.9,healthy,785.1,2
1.1276052328448227,2.426290022363872,0.9213048301919333,0.587775028901171,-1.614432730423844,0.4014003307146855,57.8,healthy,784.2,2
-2.4743705472087365,-2.4426050941627997,0.4664744207641123,-0.9138598906578779,-1.2636785406748332,-2.090543759093143,58.6,healthy,783.4,2
-0.46487341755479,-1.7894748214448328,1.7409322561959766,0.12977573516656404,-2.0938578099619347,-2.147694114762337,59.5,healthy,782.5,2
2.480776369425249,3.073770438660019,4.027712159614353,-0.09427558149755366,1.8245485050170491,-2.36817683510635,60.4,healthy,781.6,2
1.0362607244153883,-2.602169082842913,-0.052849693241448205,1.6857122497676984,1.0303804172541662,-2.083003670254688,61.2,healthy,780.8,2
4.5836803430983535,-2.249487505380954,1.1326431827927441,-1.7285346040980132,-2.281484984094597,0.6803587329557784,62.1,healthy,779.9,2
-1.627893930527256,2.288125167985315,-0.9360524342756378,-1.0668735488753398,1.2044761608328094,1.9996858663382278,63.0,healthy,779.0,2
0.3794588077442202,-1.015567753901179,-0.2862263739659788,-1.9824875582633343,-0.7298539322444361,-0.1705001974939756,63.8,healthy,778.2,2
0.331778921801577,2.0575176699780933,-3.8038204691844166,0.6693180324870343,-1.5449188318499236,1.9902919459093342,64.7,healthy,777.3,2
-0.2627535889855559,0.6902524158958717,-2.617408196596561,-0.6669939635070656,-1.7240819852294447,1.0238250913057934,65.5,healthy,776.5,2
1.5164074601840385,1.2864031995642404,0.4965385873683457,-2.2698849717499257,1.0984220599245833,-0.8784319456493983,66.4,healthy,775.6,2
1.2684239138837958,1.546617885086707,0.1628258345583073,3.4557148846654453,0.859896665289314,-0.6646530500531691,67.3,healthy,774.7,2
0.4163510921404456,0.4548235454199407,0.42586790747825654,1.1924216918973947,1.9154393056675032,-1.4668439496901213,68.1,healthy,773.9,2
-1.0515012203121903,-0.8093803255855634,-0.13534262454448062,-1.7854051253876024,-0.1734729526215041,-0.19801684104539435,69.0,healthy,773.0,2
-0.7834304159599114,-2.3378968466426855,-1.2539521705662824,-1.3004590818549027,-1.180762724161017,-1.1502120194491503,69.9,healthy,772.1,2
-0.3855692291070063,0.1781240499227756,-3.314278560079894,-2.251596762276601,1.8107460884272752,0.7161620087950056,70.7,healthy,771.3,2
0.8656722017862287,-2.5755545410217873,0.5981545641851745,-0.1522846199124464,-1.098576355417983,-0.4467949123936804,71.6,healthy,770.4,2
0.8703110892666429,-2.673424764889744,-1.5358413693333166,1.4318436814403483,0.9844208583103534,0.7140916626758315,72.5,healthy,769.5,2
1.045117279640417,0.2955404330068715,-1.8817308396974817,0.53064304985133,-0.2740640865827108,-0.6986603895082326,73.3,healthy,768.7,2
0.7389725874771079,0.8214175912167637,2.4160422252344596,2.7941202314136255,-0.44618947283494204,2.6060204995429532,74.2,healthy,767.8,2
0.41431610848156997,-0.5854532372101704,-0.29844035074517355,2.848811938034494,-1.7015420641844055,2.0685137866838774,75.0,healthy,767.0,2
1.6774446885433822,-1.832376145368937,0.6480859537984529,0.9677409398845355,-0.08156859465024911,-0.5264900338121526,75.9,healthy,766.1,2
-0.1881156399490851,-0.5124213663955443,-2.040671644788059,0.6171717347489883,-0.2853533232761034,2.607880594649862,76.8,healthy,765.2,2
1.8415453331634346,0.27536179701674296,1.5713725719614824,-0.6965815750210921,-0.8220301482815133,0.4465492809775744,77.6,healthy,764.4,2
1.6282877983322077,0.6269441177213901,-2.0002061123538057,-2.030587485902328,0.7482301142547536,0.6901369285842281,78.5,healthy,763.5,2
0.6232793901616965,-0.9653697091118207,0.1890241048103892,-0.961746778640369,-1.3983508813621564,0.7988355169363553,79.4,healthy,762.6,2
-1.643309478781769,-1.8005724650316304,0.047472280758895646,-0.0559948452989251,2.2846135696070298,2.2533195172234133,80.2,healthy,761.8,2
2.1697794447204957,-1.4237072389085779,-0.7581003613464593,-1.5646324060345118,-0.19275484013480831,1.5301745339871926,81.1,healthy,760.9,2
-1.8203530571030795,0.4314400910160077,2.363707112101366,1.6824986710531373,2.3003556502179063,-0.9742332764559997,82.0,healthy,760.0,2
2.4186601343542367,0.7350370252939221,-1.6759108804308163,-0.18296233044802704,0.3342351195798233,-0.8261253196210872,82.8,healthy,759.2,2
-1.9335736398652865,2.3092838398711995,-1.6438226316000042,-1.3617356505856826,-0.36588905752017353,-0.033131124286387176,83.7,healthy,758.3,2
0.4101914373020723,-0.4262994491214808,-1.181312793784182,0.11719117831492283,-0.39837737751641455,1.439712258475167,84.5,healthy,757.5,2
0.5794670672480928,2.2194418275783367,1.440751798939597,-0.33472126809119485,0.05976429018130203,-0.2295946132476013,85.4,healthy,756.6,2
-0.48336879322848986,-1.3047854398608691,-1.015105432799573,-0.701272597587215,-0.68744934921995,-2.2273370966383137,86.3,healthy,755.7,2
3.179596322343024,0.6696150826926843,-0.013683198654103775,1.2283313243867058,2.900898924044263,-0.11921875675575018,87.1,healthy,754.9,2
-0.6856746149278556,0.45585814001507163,0.5379668176178237,0.7907506366903946,-0.010484622083722644,-1.6294952839121728,88.0,healthy,754.0,2
0.21703757168141083,-0.22879089538805455,-1.3893924747008037,2.704642192310446,0.5620350180475466,-0.16023751040247533,88.9,healthy,753.1,2
-1.9639069312319763,2.078658155630853,-1.6404944764961022,2.2148474215308473,2.6320485545297543,3.67805790851741,89.7,healthy,752.3,2
2.8401369783451145,0.2505820440479095,-0.5636051924878215,3.797805388147293,-0.5885867618764438,2.4449707634103137,90.6,healthy,751.4,2
-0.9559390441381922,0.8806420697100966,1.4549133254830664,1.2789780442829097,-1.2227298602985834,0.018951538707110933,91.5,healthy,750.5,2
-1.638085259980112,0.4452636488778648,2.0167502152893633,2.8731012256239623,-0.5432115922692728,-1.5240191901409639,92.3,healthy,749.7,2
0.3601592853020875,2.7111834262267416,-1.0695673427797003,1.5930026480828534,1.1590115489315298,0.18376717179536833,93.2,healthy,748.8,2
-0.25013340806887235,0.794481759277222,-0.394452338710803,-0.7942796247665204,1.4340002888310974,-2.0275947414479636,94.0,healthy,748.0,2
0.9807581862357087,-0.8201405135133998,-0.8385108040701175,0.04767799844917767,0.7706171070634176,1.4821025529442615,94.9,healthy,747.1,2
-2.083566158527703,-0.1349418497316274,-0.9916139948982665,-3.359602181974205,0.5580834514649567,1.6671689811962682,95.8,healthy,746.2,2
1.185558504033018,-3.559870263656867,-2.9917073225707886,-0.6140992602224993,-0.32507824402143315,1.149952337442054,96.6,healthy,745.4,2
0.8156892832618821,-0.032500819273495025,1.3676079121099705,0.6651706760573071,0.047332026616203386,-0.25945228840018164,97.5,healthy,744.5,2
-1.2645344693100171,-0.8198434717058295,1.0904304948047123,1.573470785030362,0.14178940872198198,-1.7860051555947525,98.4,healthy,743.6,2
-0.32274731421883723,-0.6488443837799575,0.19771255329343293,-0.4848395237044485,0.6837483674757893,-1.9928709911362912,99.2,healthy,742.8,2
-0.9745219459907986,0.23541674632050816,-0.32371721043141544,0.9581264878543081,-0.7428493442161987,-1.08163023837229,100.1,healthy,741.9,2
1.0209381727259408,2.2288905860291393,-0.23532221647664697,-0.5532556876766753,-1.8468351390070203,1.5582169743535073,101.0,healthy,741.0,2
0.9320772196221313,-1.746949346338482,-0.6489338529202355,-0.5070482162070824,-0.1650959626225227,-0.9100652430786738,101.8,healthy,740.2,2
0.587049022493251,-0.49778953150624405,-3.391759622108465,-2.3824501460951915,0.7572466575666699,-0.7671240101933443,102.7,healthy,739.3,2
-0.8857266375211561,0.4579111636647696,0.14562818467496974,0.457704634988922,-1.1165453639803589,1.0065604699394497,103.5,healthy,738.5,2
-0.3334583303587691,-0.7002508027253392,-1.6592952800633787,1.2672553296779914,1.0452366983324248,-2.0080498615186304,104.4,healthy,737.6,2
1.834302541861431,1.3641190357528956,-1.4893831436998781,-0.13656948680980147,0.8317784970751406,0.40791963565300177,105.3,healthy,736.7,2
0.7345196931268254,2.145840121459359,1.2076711780034355,-2.1913231399806294,-0.8215822370337512,0.2897609367384872,106.1,healthy,735.9,2
0.4889376463595117,-2.3430354678446514,-0.6291753865681393,-2.459605086106969,-1.591654432961356,-0.3487250036358816,107.0,healthy,735.0,2
2.514430185203055,3.097901549314337,1.3610110152610602,2.294070506259918,-0.6357382567365176,-0.4279139652100024,107.9,healthy,734.1,2
0.11305647117681467,1.5289307630336868,-2.7449797551995028,0.9932199294518446,-0.16359379931735482,1.4287021815131722,108.7,healthy,733.3,2
1.166488737810445,-0.635778585631347,0.4884926087661744,-1.8910506610199005,-2.9696817061478833,-1.6921910523509438,109.6,healthy,732.4,2
-1.9886658990814852,1.9495965212738742,-0.2658677319884928,-2.0566073748572316,0.5511774039414721,-1.943491289425278,110.5,healthy,731.5,2
1.0138321410784308,0.06500770062467329,0.8108997042837638,-1.7061751237865677,0.948088199132741,1.1738403735474803,111.3,healthy,730.7,2
1.2608528994110584,-1.1095521859596877,-2.091716783128993,-1.163875761301173,0.7118591934120877,0.9510795953354518,112.2,healthy,729.8,2
0.7546178919511806,0.021087947645983242,-1.9830880159510098,-0.27914420185890954,-1.876808115180411,0.7705675899771781,113.0,healthy,729.0,2
-0.4268104705161296,-0.8252649898674004,0.5129145202880516,-0.05348955427348691,4.414770298718926,1.312370228712482,113.9,healthy,728.1,2
2.832992653994336,-0.08215933914703116,0.3373178345867216,0.36467409044493587,3.1070727459172556,1.0675551011622302,114.8,healthy,727.2,2
-0.7382997299770093,-0.7969288179778173,1.3170139124941624,1.7432122064060291,1.1588751677348783,-1.0857988625084094,115.6,healthy,726.4,2
-0.6937707864738794,2.23983465698073,-0.6567492271294247,-1.1250638093357022,1.0682783919393126,1.8280396146147533,116.5,healthy,725.5,2
-1.631187103007473,1.29122255134037,0.6631688909077529,2.1641896346394907,2.0481419026792023,-0.6312754479295347,117.4,healthy,724.6,2
0.4981169543691148,0.10207730579578297,-0.7641051386186506,-0.5390083148048268,-1.1879369909087967,-1.5513304919227555,118.2,healthy,723.8,2
1.093967828225546,-0.24858357909756773,2.66600530315003,1.6442303852240494,-1.3700944156383397,2.9420334425796923,119.1,healthy,722.9,2
-0.7355207737977087,-0.7164506950478716,1.3712432040691493,-3.0845887360523183,3.4903784724596916,-2.35220842308053,120.0,healthy,722.0,2
-1.8958006232941425,-1.1110535605381595,1.545101797271441,-0.7245049871405365,0.3930808175915471,0.7537087429074504,120.8,healthy,721.2,2
-1.8593350290199269,-1.404001444979511,-0.25813694629025946,1.2740269473309356,-1.347753629657592,-0.8832121937044518,121.7,healthy,720.3,2
-0.5866715658468281,0.3633952894607207,0.4653808121581044,-0.5908530369252365,-1.215559318518759,-0.36616026350493563,122.5,healthy,719.5,2
1.1560512409795003,2.484890106853497,-0.9253147284139435,-0.619461219369136,-0.7774038479543419,0.04087046066223186,123.4,healthy,718.6,2
0.6118626942045571,-1.8567982357531418,-0.7268741097225937,-0.34617284131510906,-1.0791787355188251,-0.5074894026786607,124.3,healthy,717.7,2
1.2027464574097895,1.1943323633681882,1.9030209623016177,2.4214460868549073,1.059582249700458,0.9007566419011352,125.1,healthy,716.9,2
-0.06549146334392576,0.9362171774245125,-0.8678116600635336,0.533436082750476,1.618357414795506,-1.8636871489634095,126.0,healthy,716.0,2
0.4255686928533171,-0.08231291178223782,-2.1542286997356177,-0.22190293623204213,0.637014499658697,1.1978423379389413,126.9,healthy,715.1,2
0.6404290508351993,0.18814870575563125,1.0427699039083171,1.323600168698302,-0.5656708020867082,1.9469763438451904,127.7,healthy,714.3,2
-0.7738791216900958,0.764345150309017,0.2696913340851711,-0.13538946845271282,0.6282194196871923,-0.7408675184416841,128.6,healthy,713.4,2
0.6086898702203045,-2.116057133690661,-0.24982310407004713,3.1594043899658106,0.8337070077239899,1.4842534783563857,129.5,healthy,712.5,2
1.0908114153998225,2.5836979320732767,1.6614391960138233,-0.5957515656502724,0.5438205061059143,-0.11832205819538023,130.3,healthy,711.7,2
-0.8595289581063845,0.6633812461185293,1.1459356630866944,-1.038412004117089,0.9663123464683586,-3.5645199919143473,131.2,healthy,710.8,2
1.4542966954992362,0.24837140637786392,0.10149916411121912,1.1056744338456834,2.3565535742599533,2.843428934227104,132.0,healthy,710.0,2
0.9415409877130914,2.3427990468141395,0.6241796293910001,-0.4304563095731931,0.8917558532702499,-0.2803461943494419,132.9,healthy,709.1,2
0.8164277853961477,0.46722251502092926,-0.3863892410052209,2.0149346046473604,0.8539535112161319,-0.7995602227201828,133.8,healthy,708.2,2
2.239264289975636,-1.5059373022954914,1.9533732804575357,0.035601139999697884,0.4561140147659528,0.25555942827290506,134.6,healthy,707.4,2
0.25604689552915705,1.1380661787953046,-1.3581229218153765,0.6972981629565799,2.488520177892442,0.9921948409926405,135.5,healthy,706.5,2
0.1732252487678071,1.3981677055339365,0.5257911070697763,-0.9080760023214125,-1.6468401561738244,1.3108866217305934,136.4,healthy,705.6,2
-1.56414204998853,1.9700560335310278,-1.4858878255862227,0.9241065447856349,0.12715027389699673,0.790692606958876,137.2,healthy,704.8,2
-0.06043682651382035,-0.8588569831279248,2.100495862159496,1.4749357937772665,-0.877391364854149,0.190703254505184,138.1,healthy,703.9,2
-0.14303418744182114,-0.3368029752578423,1.2948003653120281,0.9056260462717007,-0.5221608079073663,1.843385568530997,139.0,healthy,703.0,2
-0.18773818330271322,2.389949887210022,1.268315098326327,-0.4546791951917946,-0.590374649602129,-0.26320278049096935,139.8,healthy,702.2,2
-1.4740776119251764,2.229478607566615,0.8880575173597357,-1.4252546692072612,3.052365616492056,0.3543289887486498,140.7,healthy,701.3,2
1.5356358676058446,-2.3173039686760113,-1.1822221202770162,-1.0421858494607497,-0.5844809536294695,-2.0217891388185913,141.5,healthy,700.5,2
0.5851781504197677,2.2328774124669986,1.3531654308693752,-1.3965288999399705,0.5350708147612709,-0.39271300265712433,142.4,healthy,699.6,2
-2.401127546648152,-1.8421583180935786,0.6305408868165234,0.24694339611680602,0.9504131820210174,2.5901890384582846,143.3,healthy,698.7,2
-2.0000005392459284,-0.46281336383622335,0.24232292276479592,-2.7364556532225546,-2.2824553597782185,-1.8835898957525925,144.1,healthy,697.9,2
2.0727676162089157,0.9727694852980662,-0.7912207914122185,0.7714345800431938,1.8474065878480528,1.0136639747516278,145.0,healthy,697.0,2
-0.3850057793305027,-0.23398407528937654,1.4093885944884548,-1.3532417318136545,0.8365202843883381,-1.8779552701943887,145.9,healthy,696.1,2
-1.6671330105945616,2.1191690002463166,-1.7961413646895992,0.05214076424046941,-2.6802075993923657,-0.3835154519337307,146.7,healthy,695.3,2
0.20734404737089127,-0.2975732497308834,-1.3930861730127968,0.5687397972557137,2.311219573084737,1.585462424570271,147.6,healthy,694.4,2
0.10133890397978917,-0.43592804921089684,-0.9482231097932614,-1.2274833158838856,-0.10256933955825305,-0.9751411477754702,148.5,healthy,693.5,2
0.9080512835207288,3.559059965936863,-1.310864126346052,1.262095343192704,0.42779340638586366,-0.8603735505338436,149.3,healthy,692.7,2
-1.6136928080046564,0.5018652684171298,0.42861401306625857,1.4736700062078192,-1.0596699048712133,0.317902408378697,150.2,healthy,691.8,2
0.027324578967829794,1.6949165126968317,-0.45322020670130947,1.9977945959200918,1.9898264527791492,-0.7492431942338784,151.0,healthy,691.0,2
0.8702782669495848,1.369429415823193,1.4797410604563497,-1.1227674078435903,2.145563616435928,0.875780108204019,151.9,healthy,690.1,2
0.659728573277332,-1.725396639401719,1.5274308545291522,1.474129286506244,0.7488727573532458,2.508553073355728,152.8,healthy,689.2,2
1.6538126202468808,-0.2812218054657055,-0.8825491940864093,2.102594889798358,-1.272757547177697,1.7813119196333445,153.6,healthy,688.4,2
1.9110848822803213,0.5738079859372687,1.2056199066126172,0.5943474406415413,-0.5712611930820047,-1.2242515240650418,154.5,healthy,687.5,2
-0.7643442385788092,1.4227938858675633,0.7344568655266426,0.8145598933655323,-0.7721690622090108,-1.772988552667871,155.4,healthy,686.6,2
-0.8568922319677369,-1.4801896375862873,0.09408357131693316,2.5424194107598557,0.9595064962765153,1.5426739735948551,156.2,healthy,685.8,2
-1.3213444297866763,0.35630872062260943,-3.933052580818023,0.5387191895567313,0.18992607147946053,-0.024693490466428852,157.1,healthy,684.9,2
-2.8463075739558574,-2.185916517172554,-1.5994619996372017,-0.6699281005942709,-1.2272119549037313,-1.7428549442222228,158.0,healthy,684.0,2
1.0379565441311094,-3.185995662535354,0.4795916819996384,3.0779651394594105,2.0330503887980704,0.7562292157912163,158.8,healthy,683.2,2
0.5054089791467057,1.3130177413853659,0.08166013727250228,2.299970598045374,0.6358925952931329,-0.9499831413850091,159.7,healthy,682.3,2
1.565963688586375,1.2622963372207496,-0.9203572374679516,2.328014363736998,-1.9310307619239175,-1.316854060082766,160.5,healthy,681.5,2
0.7823527498824914,-0.7987070274381922,-2.3373527559064384,0.03270435402108898,-0.1859550187928333,3.2774997668413923,161.4,healthy,680.6,2
1.0827808884879662,1.5325275958058087,-0.7960926868411753,0.5907216163579169,-1.305285076229685,0.8190908827742924,162.3,healthy,679.7,2
-3.147173343455661,-0.11904708198696615,-0.8214450719836328,0.016332118081845756,2.2141188740518607,3.3216595893549523,163.1,healthy,678.9,2
1.3337840879594383,-0.5588770885478371,0.13454104770251585,-0.7786613278713741,0.398681296144568,-1.5255330989998144,164.0,healthy,678.0,2
0.23240388646033688,0.3651734989210955,1.5471873068690714,1.0726795712020853,1.800277507390522,-1.2421320014560415,164.9,healthy,677.1,2
-1.4050249271782564,-1.4350756552995576,1.659695061478282,-0.09852115750916718,0.10551538010933321,-1.7190046584998437,165.7,healthy,676.3,2
-1.5307508127473417,0.20354638312842252,-2.241293438654912,-0.08631979536433193,1.234092681257772,-1.1919937371154334,166.6,healthy,675.4,2
0.5626948632210129,-0.19182434553793634,-0.39840282357391976,0.2737061571206667,2.345970972600077,-2.788393446429277,167.5,healthy,674.5,2
0.9365574659033634,-0.16852778091444973,1.0517503841553946,2.5148252417459043,0.5115386634518396,-0.09532073288082257,168.3,healthy,673.7,2
-0.5361908421801449,-1.0216278109144223,-1.0204868733064607,-1.5197253064942,0.6846885666126636,1.3446271692409413,169.2,healthy,672.8,2
0.4173740543560682,0.4189522109420116,-0.8640827165386399,1.7755637999569573,-0.2892980105103624,-2.3113327146072016,170.0,healthy,672.0,2
-1.526576908092206,0.5381043689425491,1.6939080931439603,2.686632041090077,2.395432561242415,0.7068987757908092,170.9,healthy,671.1,2
2.9601298991978364,1.5805776443947217,0.06247264336939806,1.407443723899466,0.01359116999672763,-0.8331628035839966,171.8,healthy,670.2,2
2.8487801885091124,-0.2058802830451645,-1.776429220617321,2.0000467294316433,1.1690084478267582,2.017780318994532,172.6,healthy,669.4,2
2.266534165081668,-1.683588510157224,-2.229684672531531,-0.6786350590228013,0.8892686835547262,2.4701460367921286,173.5,healthy,668.5,2
3.1467466533336506,1.0481332353368542,-1.9265778555983202,0.1910661376412722,-2.016192174292218,0.9186762239490068,174.4,healthy,667.6,2
-1.6279705159337927,-3.469484685063041,0.8931398770599983,-1.1037086588334521,-1.2039905477417687,-0.46825761335196425,175.2,healthy,666.8,2
0.4101969076882317,2.647464927460836,0.41465791576369004,-0.292641785809837,-1.0758414872061495,1.322921037561525,176.1,healthy,665.9,2
-0.7186172805022945,0.7043063327105389,-1.1656186039825749,-0.2431557170292169,-0.29098820933658365,1.4668723894405757,177.0,healthy,665.0,2
-1.0926439947700373,0.0852105849256289,-1.378640670753955,-0.8966783806988241,-0.9635362656545319,0.01916822252007943,177.8,healthy,664.2,2
1.0142424200419118,0.8775584928503898,-0.7835232369147275,2.169546060288564,-0.5993231422711609,1.7995189463018506,178.7,healthy,663.3,2
-1.4559268705807902,-0.39206891700926505,-2.4580595540424195,-0.6168079072836744,0.5578151245826282,1.7420171565735099,179.5,healthy,662.5,2
0.2967575094788348,0.2702959207472583,-0.3308427854738353,1.3604781632626002,1.7871105854058273,-0.35710863578682883,180.4,healthy,661.6,2
-0.8008317143977131,0.10410001905697065,0.02503920625068715,0.10228946935526431,0.23252288868829957,0.2624643626846019,181.3,healthy,660.7,2
1.996039979651772,0.8775443480024246,-1.3267899275467205,0.17252615402846141,-0.20799482520973608,1.6440300278036266,182.1,healthy,659.9,2
1.1904599700501008,-0.3750668097369917,0.7608333758553859,1.2113905215719982,0.9085015651312495,0.34304619489393484,183.0,healthy,659.0,2
1.4399478725497226,2.0393698300194156,-1.28957098272366,-0.20164756837209877,1.9270712286468599,0.10556446013868662,183.9,healthy,658.1,2
0.6009875664792328,-1.6163095510854282,-1.0864105265218733,1.352473959025629,1.1125578288488258,-0.2768237281149484,184.7,healthy,657.3,2
1.4469718484045364,0.12312888097555386,2.4407763086420373,0.7589994276259636,2.538107403459702,1.4266066120438916,185.6,healthy,656.4,2
-0.29602994811693883,-0.4090912312072057,0.7158050988596297,-0.606088139113564,-0.26082818809604585,-1.3350226592313246,186.5,healthy,655.5,2
3.3336369267785035,0.923327179529356,-0.34912296689627287,-1.4655772660097142,1.658345763982646,0.7798629869848598,187.3,healthy,654.7,2
0.4723569058486719,1.0032193016144055,0.10881304929113844,0.7961361132017122,2.048623575486226,3.354489049145482,188.2,healthy,653.8,2
0.24225605197003852,-0.7349097216621037,-2.3216545380805056,-0.36035657896487927,1.3062282682598858,-0.8587548547373108,189.0,healthy,653.0,2
-1.100105601519231,-0.40722411127382335,-2.1300998269838534,0.06717942726502409,1.6472817048318154,-0.123496399935266,189.9,healthy,652.1,2
0.9453483764942249,-0.264464201994245,-2.5964020497077884,-0.8588264905619755,2.3411103846470733,1.3016421792758004,190.8,healthy,651.2,2
2.875957067050079,-0.351008444015155,0.6146976601146434,1.111396070334458,0.17810575770754009,2.1386081223457714,191.6,healthy,650.4,2
0.7318337335125398,0.8118253635935788,-0.10558358078336579,-0.3984325757533703,2.705077240279151,0.4204205988187218,192.5,healthy,649.5,2
1.2142670907043134,-0.09774898231384016,-3.0742062959103236,-1.2339879422790145,2.174530259142557,0.730373758377767,193.4,healthy,648.6,2
1.5426762546191874,0.640379702610052,-0.642535336269644,0.35767283264277266,1.4246732705167997,-1.3758309925815593,194.2,healthy,647.8,2
-2.2464086143264144,1.1113950575822618,-1.5765677163430383,1.8684407899433435,-1.709431169507841,2.4197265913473487,195.1,healthy,646.9,2
0.6221141979054209,0.7822464657743019,-1.2682979792229254,1.527477736591659,-1.4615977904985702,-1.1530106263209654,196.0,healthy,646.0,2
-1.423038908868149,3.9930825020555476,0.9119658557793466,-0.15327096585453767,0.8971400037710521,1.3033175852890009,196.8,healthy,645.2,2
1.4737931518438194,0.10140845655558132,-1.8783573693198503,3.3679702136764895,0.7003107161743845,0.6490563861939641,197.7,healthy,644.3,2
0.9171157134205268,0.0726297529934656,0.010345980495461616,0.019511112436598855,2.4947738177338135,-2.160895237498694,198.5,healthy,643.5,2
-0.39881303404820123,1.319294012503473,0.36786838512899117,-1.4045261873049646,1.2488379130746257,-0.12116569467207162,199.4,healthy,642.6,2
1.1053407610932577,0.8359180810891044,0.5270841028801916,-1.196307590566883,0.728809756978952,-2.250012041959598,200.3,healthy,641.7,2
-1.3630014205454397,0.6072767169511344,0.09119749188340776,1.8521072884870973,-1.1531430880018885,-2.0364323939007662,201.1,healthy,640.9,2
2.4229434467329676,2.6768680250266406,1.940159346638048,-1.0907547410189204,-1.4353533888232868,-3.3639550846558817,202.0,healthy,640.0,2
-2.0371718133373005,-1.5364234910780807,-0.32393270973315447,0.555296164906112,2.98564279549601,-1.4442604178524294,202.9,healthy,639.1,2
-2.6726556350659894,0.9881348315897484,-1.8916981859057767,0.8788840358837455,-0.8229494402283077,-0.6898703059237454,203.7,healthy,638.3,2
2.0239115972375763,0.01173012036076815,-1.3047868446359014,-0.19977862956737916,1.5532025576946125,-1.6234938194299915,204.6,healthy,637.4,2
1.972621256416301,1.96570952381596,0.316179769901096,6.331373969541758,2.9520479554671684,2.513292862480078,205.5,healthy,636.5,2
-1.7374493545490333,-0.8993940967467767,-1.2001850947833388,0.7138032028375433,0.8480486726370187,-1.597280833725158,206.3,healthy,635.7,2
0.7632063982533813,-1.0857908620454213,-2.4869656636513464,0.050602451915643346,-0.6899161930987737,0.37946431105245165,207.2,healthy,634.8,2
-2.985178797514861,0.6169679585101697,-2.902957862474846,-0.8868508890120945,1.7920032123895566,-0.25244832271458184,208.0,healthy,634.0,2
-3.4069127496561973,-0.5884256759785849,-0.2103504796335143,-1.1659369891465023,0.005688725842958977,0.06984345643469199,208.9,healthy,633.1,2
2.5719895885862987,2.13384124898697,-1.0247475160431012,1.1108095195918894,-0.6321155423826043,-2.2779376762079884,209.8,healthy,632.2,2
0.0261429755530251,-0.13390927582907636,0.5820193057192702,2.967549728920608,-2.736808853490563,0.8748597098516157,210.6,healthy,631.4,2
-0.7896940081357202,0.7616455050373456,0.21013296631960768,0.7148130661443154,-0.2856191094288445,-0.6719309176210964,211.5,healthy,630.5,2
0.6301611359758065,0.868530038453854,-3.5324262878131076,0.2623043853748895,-1.155525538748368,0.07082919849944794,212.4,healthy,629.6,2
1.5464945841726399,-3.4288323919677937,-1.0592515724667342,0.882031212627453,-0.34360400610329134,0.8859356383786383,213.2,healthy,628.8,2
1.1397111974605898,-1.1960054968150104,2.7174764050640188,1.063524399470283,-0.8890437643914467,0.49978527742242396,214.1,healthy,627.9,2
2.0393326158783,-0.8430834569373801,-1.1862370535294409,2.695142560354822,-1.44965823468891,3.432840053786665,215.0,healthy,627.0,2
3.2443547539388433,2.64086130414663,-1.148757294130912,-0.5678627378906489,0.8887137709876151,2.5340730094275363,215.8,healthy,626.2,2
1.214278031476683,0.9701769367325273,-0.05963187920961141,2.0937191596939115,2.528021342181255,1.2959163095182291,216.7,healthy,625.3,2
1.912693175817187,-1.7032175177686688,0.6255088774203952,-1.9775655121736175,0.3416750432907006,-2.4330567086661126,217.5,healthy,624.5,2
1.7052233095641718,-1.3313373402123754,-0.39594572873170475,-0.88638192509293,2.2589218627433705,-0.06668613628188536,218.4,healthy,623.6,2
-1.2179267790585837,1.4056179990343973,-0.5788895308136965,0.8987479087905053,1.0466116852027927,-0.08231191702846871,219.3,healthy,622.7,2
2.592426951353859,0.8435522576133008,-0.6792457430208525,4.628004329023864,0.5992248720183166,0.9365093017559241,220.1,healthy,621.9,2
1.8610800822112863,-1.537316637193409,-1.1199458430937788,1.3503947473131954,0.5558237524081053,-0.06815806265198222,221.0,healthy,621.0,2
-1.1049140709711969,-2.41072260681531,-2.2290673778027306,-3.1409653926836616,0.23741151079318848,-0.4977301668838473,221.9,healthy,620.1,2
0.12423247014202496,-0.5879063579884489,2.093600891510049,2.5239651963593905,1.3534597745703476,-1.742914532270788,222.7,healthy,619.3,2
0.425092769255669,0.5809814445558262,0.00914059421425835,-0.01891072795010181,1.5104559235665582,-0.07333646721335696,223.6,healthy,618.4,2
0.7356958261554708,-1.461667969502436,0.3793925627414072,-0.21676370036264725,1.0059303412549625,-1.9309127940827309,224.5,healthy,617.5,2
1.4017700474013077,-0.6844065522948932,-2.832889372222324,1.1581389076940822,-1.7539992376047726,1.7803082334403266,225.3,healthy,616.7,2
1.4496468672464524,1.7101646588195385,0.8074426524012558,0.42800082002590484,1.3041621814102147,1.229039389910398,226.2,healthy,615.8,2
0.8655409125178944,1.6995216710606964,-0.8861472268205198,1.6181081265640833,1.9961940809462335,0.06212392631362476,227.0,healthy,615.0,2
-1.4302652890115726,0.45593492633267496,0.17954717056444686,-0.021420169098715938,1.454263296299753,0.972499636668066,227.9,healthy,614.1,2
0.7198371766203676,-0.8752629860924589,-0.6685080371591581,-0.07086888677072685,1.627180571982109,3.3757086579511073,228.8,healthy,613.2,2
0.8932757704492051,0.738126664231331,-0.9907086964297581,-0.490125397259492,0.10001316104335155,2.9505150902991684,229.6,healthy,612.4,2
0.19753017456445804,1.2729009318207996,-0.7590106948453821,1.89960129814203,-0.8130245968548043,1.9415072782628333,230.5,healthy,611.5,2
0.7948525823032102,3.0057660509560855,-1.0755721200518915,0.17789503004706234,0.3629894714104843,-0.09448768519051484,231.4,healthy,610.6,2
2.80407072226201,2.7395680947379786,-0.9774323282331396,1.7522940592950138,0.9870356243270031,0.87701097383219,232.2,healthy,609.8,2
2.148702046769946,-1.4495498761684913,-0.7120691062921635,0.03646989911839786,1.7965968191856507,-1.2903774988335726,233.1,healthy,608.9,2
-2.614724245422482,-0.9002791600918232,-0.9835720443204304,-1.7878301806982586,2.5437473063845393,0.3399130823858685,234.0,healthy,608.0,2
-0.8874881018710444,-0.33894693007312765,0.6154811108471276,1.1598791926802703,1.9915935625043981,-0.786431215065324,234.8,healthy,607.2,2
1.3559063296702993,2.6466930228996244,0.7083713799558445,-0.1743577417245718,-0.6917716147087815,-1.1112168894744328,235.7,healthy,606.3,2
1.7754685384982658,1.9237518633213806,0.6202925859111026,-0.142708902365216,2.251725590693576,1.7391550681158654,236.5,healthy,605.5,2
-0.3893383251848715,-0.08816281676835734,-3.9454095524609785,-0.6672070031635678,0.31915291811857627,3.2337164324528604,237.4,healthy,604.6,2
-0.4663558922094807,1.3617043081334093,-0.6176773911138743,-1.660976132249359,1.1305658634482918,0.5103602939161993,238.3,healthy,603.7,2
-0.0081508754078211,-0.646360952613131,-0.7811295834557317,0.2526913167190498,0.8838236847334733,-0.6282081869864962,239.1,healthy,602.9,2
-0.7985779152916477,3.608480044087307,-1.2987498431690658,0.7884293344592143,4.333967335704467,0.17186665978947394,240.0,healthy,602.0,2
-0.30495214797608367,1.6468624227227777,-0.4261720233152867,1.1243472214002144,1.4502803474004404,2.1675624968530536,240.9,healthy,601.1,2
2.985884477332069,-0.5632054120297987,-0.9815318499965201,-0.06663852787741652,0.6790951396608251,-0.8190555023704594,241.7,healthy,600.3,2
1.4204732977498278,2.172293007875015,0.9965483247043541,1.5223481843430164,-0.8469164115686454,2.4660044981326315,242.6,healthy,599.4,2
1.0787109211702148,0.020847485230330205,-2.2056303182298937,2.49367759740258,1.1445263004994184,0.3763482962514982,243.5,healthy,598.5,2
1.754533370588369,-0.3392318477253126,-2.0506420120146007,1.718027875584405,-3.385293196959403,-0.8495251400104241,244.3,healthy,597.7,2
3.834800886249696,-2.5507242707387388,0.007491118250510959,2.3703912715128164,4.427809818186951,1.6452881481926527,245.2,healthy,596.8,2
0.48862583434725604,2.4706644311704986,-2.735160438885383,0.25030914601457943,2.178953992327826,-0.26524891896541897,246.0,healthy,596.0,2
1.8333889873694031,1.4815192532964463,-0.7275729719441034,3.052602353341105,-1.3239850074779014,1.701482047968686,246.9,healthy,595.1,2
0.5009451440240535,1.6465330498340796,0.4419638927069345,-1.651487567288875,2.6347994541295807,-0.46901566812888407,247.8,healthy,594.2,2
0.4963171973159581,-0.6161435159421815,-2.2814085329723173,0.31296355564063405,0.6609816432518862,0.8347269898588351,248.6,healthy,593.4,2
2.2188925718422934,1.3331983980680555,0.7826874218659412,-0.03603551955905431,0.9642532573908543,-1.7294447554632,249.5,healthy,592.5,2
1.432819959357524,-0.9094571457384435,0.20913401628540318,-1.8714357955038388,0.5633501255197648,0.700032099614835,250.4,healthy,591.6,2
2.8902402453653746,0.854209390220127,1.2753178186266434,1.6320096558377093,2.0594041495036337,-0.4726923522958832,251.2,healthy,590.8,2
2.5856491428771338,1.9341402438166044,2.3110568060643253,1.4679829540788525,0.43361310899219874,-2.9309170551219657,252.1,healthy,589.9,2
-0.0003665158740531516,-0.3592932835464469,-1.6855771318203374,-0.22876308984612034,0.1468455682583729,1.5574081343079318,253.0,healthy,589.0,2
2.651714996769933,0.4981552768611734,-0.8624151144654026,1.402018129530751,0.8847558418152539,0.11059237102058664,253.8,healthy,588.2,2
2.5569241450473097,-1.1066100575798024,0.38992282535003303,0.5045290914377286,-1.190764521496761,1.6804628716900578,254.7,healthy,587.3,2
-0.9759278352390034,2.278054036223366,2.4992763130144935,4.0751097020637275,-0.7134614033276506,2.2955510230858223,255.5,healthy,586.5,2
1.054170768767896,0.27492734811449226,-0.416187558003581,1.020114111023012,3.5808952906338876,-2.0245835135846844,256.4,healthy,585.6,2
-0.03189782181407683,1.288343064430104,-0.603893491851483,-1.6445485613344022,1.2835652402537077,-0.3611709494272163,257.3,healthy,584.7,2
3.8608727467823942,0.6317553867272376,-1.8380066355790485,-0.007874167044039116,-1.0594011365909484,-0.877925785805047,258.1,healthy,583.9,2
-1.1261610508933495,1.7249722939623113,-1.9072383037767056,2.1696041620130657,3.0562964696690273,1.3462936031900148,259.0,healthy,583.0,2
1.8511185089779896,-0.19085845449014557,1.875687796194143,1.6312764674095048,2.725702473966823,0.49881663306478874,259.9,healthy,582.1,2
1.370123863351479,2.3872866144046005,-1.902773238805234,2.27061816017813,0.6308307298809716,2.5741441099610034,260.7,healthy,581.3,2
1.5207892395140452,-1.6767080519611146,-2.0134552913861943,1.4955826565903805,-0.20631649029878982,-0.7512737585592726,261.6,healthy,580.4,2
2.362692613349228,-0.014478262254074727,0.46507770332716275,0.38754403590734393,1.6447319535015057,-2.373592914725078,262.5,healthy,579.5,2
1.5776484334662915,1.4582428955986457,-0.5905718083811258,0.5769432074052457,-1.8244620340846591,1.4319549779710603,263.3,healthy,578.7,2
1.9270419987666496,0.8197464784625212,2.712439360637476,0.36064847096177594,1.5141630310528156,-1.3038262843967838,264.2,healthy,577.8,2
1.6593486510607935,-0.1124232517470548,-3.7529837811026394,-1.251177752484433,-0.745328794850729,2.9134179750986244,265.0,healthy,577.0,2
-0.9484993189337381,0.11784881129376668,-0.2841015911311125,0.7041472495755309,3.1835213505831366,0.3211293043495702,265.9,healthy,576.1,2
-0.08347809310291945,1.5670187972593637,-1.6752996277385186,1.3772737117660467,1.2478957868589569,0.14190893765763207,266.8,healthy,575.2,2
-1.015527960794152,0.47053240944830504,-0.6658294009787106,1.8846497877042343,-3.2519876180687026,-0.7768891709361622,267.6,healthy,574.4,2
1.2703987232947147,0.2601116302014751,-2.6800510239939688,0.36761652777850584,2.148973523155314,-0.6533797361152722,268.5,healthy,573.5,2
0.945824300091873,-0.33132083631921316,-0.5489220367934153,-0.10175825358840919,1.2541402865332947,1.438502722659831,269.4,healthy,572.6,2
-0.17314866336132123,2.626146620862024,-0.38868118684985004,1.5315656079224966,-0.3770257966093197,2.106885612127877,270.2,healthy,571.8,2
1.8579783732473603,-0.5763520378811534,-0.4980249283466655,4.858026289567481,1.1398402692816916,0.2874342942967897,271.1,healthy,570.9,2
1.7962067725056614,-0.5663213199705769,-3.233018204222295,3.9321213580711554,0.42430145347925946,2.5097532985384716,272.0,healthy,570.0,2
1.1377035657326129,-0.1533099451802721,-0.7112040880669701,2.4139813986311562,0.1419620814416744,1.4384825778365955,272.8,healthy,569.2,2
-0.0074014325011857495,-1.248337392956811,2.248557980536776,1.0722590253866702,-2.53357112456637,-0.30424134039247985,273.7,healthy,568.3,2
1.8231976579165472,0.5921801227710544,0.12250027596957748,0.9907381557910873,-1.2969537547684526,-0.6634448685116732,274.5,healthy,567.5,2
0.7494046139218932,1.078722479440435,-0.4380214638924788,0.24709695067441884,0.9874635650095787,1.2444513646759023,275.4,healthy,566.6,2
0.21257920694491808,-0.5594388410819063,-1.1201542933529265,0.380495743375832,-2.557343245632144,-1.6367733207643171,276.3,healthy,565.7,2
0.4688832106245334,-1.0294579946177775,-1.8652723322789686,-1.8184677733764416,2.1090719355772514,-0.9446620302186874,277.1,healthy,564.9,2
1.1543444804914096,1.4411114640019929,-2.3999774571943564,-0.023661235615114247,0.592461955850173,-0.38591370160424326,278.0,healthy,564.0,2
1.9679112539155605,-0.08961165334005287,-1.4465813571533641,0.769394102813757,1.0754544350446407,1.2346914517441727,278.9,healthy,563.1,2
-0.553882071085412,0.8742041431865009,1.298509168715255,3.2382262961209585,0.5925513227836585,1.166374431201272,279.7,healthy,562.3,2
0.45860435499282176,2.182093366832763,0.778387505892065,0.16924755671743424,1.3326640966842727,1.3723481388566208,280.6,healthy,561.4,2
0.4067724459397312,2.102617507416839,-1.1064882138022334,-0.7404414601460356,0.5577697682531769,-0.016796889041955927,281.5,healthy,560.5,2
1.033580235187313,1.264975775566716,-0.9909221817193296,-0.43362700368156853,1.6515129992824646,-0.44394467383206054,282.3,healthy,559.7,2
0.7319704931670333,2.9844740133606615,-1.7473378218891409,0.140550838312388,-1.8085534495593996,-0.17838799613853867,283.2,healthy,558.8,2
-1.3787068992674694,0.391010074103307,-0.9912907459456675,1.2425510297706848,3.3166328974003285,-1.3226798075353738,284.0,healthy,558.0,2
0.5958508738564312,0.28930053435501446,-1.0009892215298328,3.4840740597186337,2.067976571130559,2.375459273348457,284.9,healthy,557.1,2
0.6661289251076344,-0.056142922326206025,1.161569432523329,0.6331441754886961,0.3474268890386154,0.315265806513923,285.8,healthy,556.2,2
4.419869628945869,-0.019416834891759664,-1.158053974288016,-0.12080040210583065,-0.6580011521301339,0.6497744898928631,286.6,healthy,555.4,2
-0.5600526666962059,0.7309208745316643,-1.6959412384252888,2.9471753908628857,2.6645782475082136,2.511018698149334,287.5,healthy,554.5,2
1.05129334563737,0.1142903716804559,-2.5646662530059823,-0.02245216639576828,1.4724008004501292,3.6221678739322156,288.4,healthy,553.6,2
1.4703796308676886,0.28296162176728806,-0.24439936930768608,0.6602721473322584,3.315621676258853,-1.7751010505600395,289.2,healthy,552.8,2
0.4569085352771006,1.9469372898535937,-3.650959966822246,-0.02776847418744392,1.7553366625873057,-1.0378169406752464,290.1,healthy,551.9,2
2.754777072396342,-0.1427134333504854,-0.2870470839235219,0.9854771829751251,2.364549347162835,-0.29951881825946836,291.0,healthy,551.0,2
-1.4326886700892407,3.9987707516361786,0.07755155245437223,1.3115648114806073,0.301013433060385,1.6277777261259778,291.8,healthy,550.2,2
-0.231851377456152,-0.49010281697527136,-0.6245421515808351,4.863119874081915,1.4631690594953468,0.3656813584214393,292.7,healthy,549.3,2
0.9799595098534861,2.594003464173176,1.2744648844744464,2.087759582809566,2.1707102076135105,-2.4476811731988763,293.5,healthy,548.5,2
-0.20913833403783766,2.008724006523918,0.7930323953553143,2.0496324011685374,2.9762934596713975,1.6186568611582624,294.4,healthy,547.6,2
-0.722834948246858,2.035581031453276,1.7383090053500874,2.125312664077554,0.7980127068551393,0.05659070200852249,295.3,healthy,546.7,2
0.5534116178739742,3.401639932072035,-0.6090110967646557,0.6602458632188022,0.5775329087071732,2.689464589494156,296.1,healthy,545.9,2
3.3158800532390185,2.891849507400822,0.1950470081920609,0.02330709177053987,1.4281960459183516,1.1849989127781935,297.0,healthy,545.0,2
-1.2668210907331405,0.9104493057896224,0.13365387534350673,0.6793793144461459,-0.21070832440877674,2.4745035821276784,297.9,healthy,544.1,2
-0.3276268986911296,-1.4224240991275119,-2.3308263494833295,1.116470287607387,0.5677296650823405,1.9809196938617335,298.7,healthy,543.3,2
0.375563892784282,1.7855688227097177,-0.1841522093814324,1.483352243583288,3.3103717214966255,0.3729422975664708,299.6,healthy,542.4,2
-0.19030379442098339,1.7599120891661009,-2.4120746212679323,-0.8680605146341722,2.4007793651714495,0.8919626647793841,300.5,healthy,541.5,2
0.5920489554615079,1.721745247930241,0.8164039995327642,-0.3823231809487664,2.911680413154954,-1.3501641177990824,301.3,healthy,540.7,2
-0.355055414996395,1.6291005350447154,-1.3801773620364184,3.9619593603502934,3.3883494147418154,1.7296754898671587,302.2,early_deviation,539.8,2
1.478251516580312,3.5176761821317757,-2.246685956228708,-0.5990799644394494,-1.2092939977807695,1.2866344552488544,303.0,early_deviation,539.0,2
1.9264183747421892,2.4155944965982346,0.04207372114859709,2.0621132049407285,1.6258595648496612,1.120274949993235,303.9,early_deviation,538.1,2
2.3540658143438096,-0.4460901121384141,-0.4592572081681452,-2.0899660649661436,2.344185948578079,2.8373685588332735,304.8,early_deviation,537.2,2
0.8283805791988921,-0.23245845240007768,-1.9058123831633489,1.2698311727974592,3.516054353592446,1.4995500012777983,305.6,early_deviation,536.4,2
-0.39134595691284835,-0.013286053638596139,0.3130943032631632,-0.027042202631203726,2.582741078362159,-1.1523903689063546,306.5,early_deviation,535.5,2
0.9349327612079688,0.6515581738995939,-2.77662492135385,3.1847574924633513,-0.18734503472465663,-0.4343831620165794,307.4,early_deviation,534.6,2
2.135206604064503,2.6639376132801305,-0.7155040040408464,-1.7524337801086982,3.321134531938529,1.9373410241059126,308.2,early_deviation,533.8,2
0.6164961112988119,0.1204575253998506,-2.46599878999981,1.2230039495998772,2.832001572261549,0.5717969262605859,309.1,early_deviation,532.9,2
0.25735431782613666,1.589761692119044,-0.9835760723447563,4.706014194410426,2.059932685852574,3.3128000992366236,310.0,early_deviation,532.0,2
0.10861451759885096,1.4019039660933,-0.08799219152161847,1.6613648604537414,1.853095356754227,-1.8254380545853541,310.8,early_deviation,531.2,2
-0.3367897955422037,1.8327075389501961,-1.5572815358438141,2.0553249867950676,-0.5654404461927429,-1.6857871992567273,311.7,early_deviation,530.3,2
1.0103693866266619,2.1569700961272473,-0.16416918067286632,-0.20259102970801718,-0.7102191847610155,2.550339869548875,312.5,early_deviation,529.5,2
0.1109066094081848,-1.7087542154066542,-0.9301594346786514,2.4820434187588085,1.1764351941943538,-1.0412864209460952,313.4,early_deviation,528.6,2
3.30164063801315,1.4464743820790666,-1.4996032484349802,-0.5339285640343214,1.985602457543162,1.6173687774607248,314.3,early_deviation,527.7,2
0.4599063069035911,-0.48033276840605277,2.3875580511742607,1.5164674597990653,-1.3553042258267558,0.213607918525053,315.1,early_deviation,526.9,2
1.7184616441191563,0.8299307690083045,-0.6693035719646294,0.2658665744364485,2.2338208109138957,-0.3087845905271042,316.0,early_deviation,526.0,2
-1.2877234363259795,1.8027164198469157,-2.00625318388147,4.2593627208202705,2.1941275631619788,1.177474228804569,316.9,early_deviation,525.1,2
-0.5645602649082858,-1.1040559021730745,-0.09969561621679372,0.3243639440120107,-0.7662561385115937,-0.1512158459928881,317.7,early_deviation,524.3,2
0.26761129191315985,3.092706348720435,-1.6574524589317174,0.6597976499155174,-0.14487430660448045,1.422660765952978,318.6,early_deviation,523.4,2
1.7900525880534477,3.239238891025608,-3.600930897618927,0.9411178996943592,0.6336334775896592,2.5089507220093585,319.5,early_deviation,522.5,2
1.9016758180511586,1.3716602604189436,-2.0556136010457564,0.24451972418055046,1.2226239463253714,4.034330280213584,320.3,early_deviation,521.7,2
1.3324383729591904,0.31463799847277607,0.5779127349133077,5.260192592807114,-2.306472650483346,1.0598376024519194,321.2,early_deviation,520.8,2
1.6789326335842834,2.8821784727674724,-1.8000868145223015,-0.5298697435657411,1.4899593950577594,-0.3234781230252517,322.0,early_deviation,520.0,2
-0.3322603157853844,-1.1424995782908376,-1.1611263498468638,1.4241147687075573,1.0792165019569242,1.4766727613030015,322.9,early_deviation,519.1,2
2.669679744984238,1.6810707272167276,0.20809881403220015,0.9105218082479611,3.9324608882144707,0.45130752208287694,323.8,early_deviation,518.2,2
3.477595609484671,-2.0873329888279013,-1.8149431752629548,-0.5397456533562072,3.0830375301495767,-0.2715319031202223,324.6,early_deviation,517.4,2
2.244833143106607,2.008521937267057,-4.701499929666023,0.9364268771282491,0.5733044241311939,-0.5151185350215018,325.5,early_deviation,516.5,2
2.25896862099509,3.3098055169065135,-1.9035768296593665,1.7404675916106456,1.8227275339777136,2.918493962701531,326.4,early_deviation,515.6,2
3.247691689508488,2.308651363097229,0.8658993555121501,1.3482809512409408,2.828862328603815,1.2811235764619613,327.2,early_deviation,514.8,2
1.9458491864526053,1.1959994347372895,0.9749208550624456,-1.5060963019759528,0.04544145465830471,3.764176858569117,328.1,early_deviation,513.9,2
4.000269127414684,2.1469171505984237,-2.4652244023220753,2.6128511512224377,1.511028502816943,-1.4476921477402467,329.0,early_deviation,513.0,2
2.559188884925694,-0.5007579288895364,-2.0931688859004915,0.6857193192885219,0.7039323108847504,2.1381683219191467,329.8,early_deviation,512.2,2
2.0008320379452598,1.1900889089741118,-1.6305472704094648,0.15467924098644464,-1.4630817272986918,0.5196771900209566,330.7,early_deviation,511.3,2
1.9468229151926408,-1.010372553307277,-0.42187311434748953,0.9024235345522796,2.8343297956566316,1.9661174808886477,331.5,early_deviation,510.5,2
1.459356802715501,2.7096679068002856,0.6405193100917262,3.937400314754235,0.6303124748742172,1.0759825779284622,332.4,early_deviation,509.6,2
0.9185216026687316,-1.3048420192527863,-2.7516249883403896,0.7091979494837789,2.953873674225776,3.1159939789961646,333.3,early_deviation,508.7,2
2.849168585927854,2.431260926082647,-2.742439078852411,0.5588583539676711,1.7857121936790072,3.5582965958081094,334.1,early_deviation,507.9,2
1.3026083571210472,0.938167145753219,-1.0248008873654917,3.971876771372545,2.03670601421278,0.17130565185497812,335.0,early_deviation,507.0,2
3.187654201185779,3.8026120205385783,1.7016197457266153,2.522609489454409,2.1763483018833862,0.979597555100682,335.9,early_deviation,506.1,2
0.04503221903167683,0.4777018266817217,-2.1356182203180083,3.9060253835246583,0.08232192097282791,2.219896546926437,336.7,early_deviation,505.3,2
-2.455355484847961,0.14479878808129237,-0.9903350971730153,2.4094923487263955,0.5184542494770787,0.04268874256461238,337.6,early_deviation,504.4,2
1.3733459208113186,1.4659922515992567,-2.1482772937858265,1.9272051507767338,1.8135549188148492,-0.08614180342259922,338.5,early_deviation,503.5,2
5.187096761041414,0.7267178339889602,-1.896482471805512,2.8687574300304495,1.656565250832246,2.2380096208479188,339.3,early_deviation,502.7,2
3.221122023833504,3.4038950249786124,-1.5721318545479739,-0.246204674191038,2.6274473901397206,-0.37474822172014355,340.2,early_deviation,501.8,2
2.600670823326746,4.512610644214889,-1.0861356138612503,0.2876699382419704,3.3763117824637723,-0.006738358730483411,341.0,early_deviation,501.0,2
1.122435717904963,4.600941178466437,-1.3298774081968114,2.3867787245703753,2.752841750746935,0.485616356749573,341.9,early_deviation,500.1,2
1.5038091608120943,1.3300521797387295,-4.915518932459449,2.909968153193107,1.106959180482371,-1.3001492616613268,342.8,early_deviation,499.2,2
0.2796570822809701,0.9121790186283619,-1.6496924700570863,1.4462058743867998,1.2127866935278029,0.5999944309805552,343.6,early_deviation,498.4,2
1.9713138341193215,4.033801478005574,-3.4738134987593674,1.6270502586393834,2.1969307738002106,2.807293861299274,344.5,early_deviation,497.5,2
-0.549057190474917,1.5031063120068795,-1.8938995012029376,1.8782807319996009,2.6826929066239105,1.255058545173163,345.4,early_deviation,496.6,2
1.0385637569970918,-0.34055540135775075,-1.2790568322123566,2.004355940665335,2.192341667109911,1.8263376309776138,346.2,early_deviation,495.8,2
-0.5474106042347829,1.8860214916803513,-0.011204956684152124,-0.10625283699074652,0.94106160690931,-0.3944442724658594,347.1,early_deviation,494.9,2
2.350066962046385,1.6740973171624696,-0.15794487607461025,1.0667144608201633,2.097243041460075,2.8634549199349064,348.0,early_deviation,494.0,2
0.7767948375238901,1.902591170742935,-1.2387816239277705,0.20077465913022285,3.2832919688431503,1.5879480249028872,348.8,early_deviation,493.2,2
-0.3463793825153387,3.06233533941426,-1.3829234676244204,0.12093458942193856,3.7999499655653524,-0.0045774455488580305,349.7,early_deviation,492.3,2
1.2113677860290482,-0.4561430576672378,-2.60757176117904,1.7474370318017631,-0.5115537786397208,2.163835873838532,350.5,early_deviation,491.5,2
1.8853685968493572,3.1684802993506653,-1.8144608193492633,0.9782836361323651,3.540273040180565,-0.553871419264702,351.4,early_deviation,490.6,2
2.9067608116282067,1.0489415123642973,-2.6800198068054035,3.1202369107813652,2.5123807723300264,3.790681013147616,352.3,early_deviation,489.7,2
2.1030352629414386,0.8304036110693662,-0.7442338875852704,4.477865322794718,1.0064700417419616,-0.3537351396737526,353.1,early_deviation,488.9,2
0.7291149515812468,2.0327702480903502,-1.1091054226116293,1.6265992785873231,1.4775785382035855,-2.1774778127068877,354.0,early_deviation,488.0,2
3.9392032064901428,2.0445508857653336,-2.7574968408096394,3.499840377673816,0.030349757758516182,0.11416833107140811,354.9,early_deviation,487.1,2
-0.4363289424688871,1.084166225220272,-0.2216319687799612,2.779099552256188,4.811746657652505,3.3321218625523006,355.7,early_deviation,486.3,2
0.8819028375815444,2.223687302664974,-0.6762327808208886,2.822509840703459,2.0305612166431293,2.7732220245530073,356.6,early_deviation,485.4,2
1.8843456346337344,1.5176714640414006,-0.8292584321806638,0.7216220349058688,0.5755765253934875,2.2904017354118182,357.5,early_deviation,484.5,2
-0.14565450242188877,-0.9277868480282772,-1.094019464484073,3.402340150466561,0.5339527537874957,0.8685129055425171,358.3,early_deviation,483.7,2
2.5007323382089512,-0.35650270710918824,-1.5359319998807754,1.7181938805115455,1.5911228068268584,3.4335083879222745,359.2,early_deviation,482.8,2
6.088485114195172,-2.00281348076074,-2.0161762218221244,0.5995655288513306,3.7586727774661313,-0.28237625082214496,360.0,early_deviation,482.0,2
2.826636065253461,0.49088078361418536,-3.566678592716022,2.9346475523613456,0.8564752714577689,2.2578047028675376,360.9,early_deviation,481.1,2
-0.6283066750608522,2.676514403827134,-1.5910534988451952,0.6340419854696534,2.72865383282475,-0.8662808929847677,361.8,early_deviation,480.2,2
3.2326535979003976,2.036367080862472,-2.6846369296953854,1.4084300698415573,3.38227193574042,-0.5745742033195584,362.6,early_deviation,479.4,2
2.511421472804195,1.1706397430012618,-1.458694633324262,1.9787123295452858,0.26571156725471085,3.8001778583876686,363.5,early_deviation,478.5,2
2.226879335664722,2.157463145113995,-0.4260975048651502,1.7289496164158646,3.568914544860668,2.161615541892574,364.4,early_deviation,477.6,2
3.5375291604699957,1.659889827712577,-3.5303639393553814,1.371796932544794,1.0846632017751048,-1.0725921533924982,365.2,early_deviation,476.8,2
2.5023734540628753,-0.06534919766877553,-4.613492633053162,2.1582134572624283,1.570289082591797,3.269570154992293,366.1,early_deviation,475.9,2
4.084545896899827,1.5115326000179738,-1.7021534589505392,-0.6155919211923642,2.7181168997026197,2.6287839805159403,367.0,early_deviation,475.0,2
3.352487877553887,2.3619936055233333,-0.03023837865656896,1.3780442513028603,0.9076569124989778,0.896200187596654,367.8,early_deviation,474.2,2
3.8619175905427054,0.6943059251884914,0.7058065354627601,2.6933054391611346,-0.6881812515938918,-1.6881277230051899,368.7,early_deviation,473.3,2
3.755923387923973,1.751918229364696,-1.5944944386303717,4.383141527993892,0.9404280824462459,4.330075414442906,369.5,early_deviation,472.5,2
1.5900060358463575,2.1370925433298678,-0.03791277201416504,0.6986580199847504,2.2380039068630135,1.7859242377333524,370.4,early_deviation,471.6,2
3.2079438635264763,0.42657022192566296,0.8067770213804791,2.5254246563438354,2.125456906900095,1.2766702162528643,371.3,early_deviation,470.7,2
1.1794863753735005,0.8762773737619037,-2.338142248675416,2.999717333677278,1.970873557449965,0.008580848277596314,372.1,early_deviation,469.9,2
2.797900126651267,1.8588128662440475,-1.8574710561549341,2.206213781945135,4.273643697445079,1.648028690573952,373.0,early_deviation,469.0,2
3.037459278234701,0.6082062355326939,-2.2002388076621773,-0.12849334710441307,2.8621309540257958,0.788300959373284,373.9,early_deviation,468.1,2
0.34073941436399025,2.20937877858667,-2.0728394470994127,2.2918225228715556,3.6441393683640237,1.7096217415458257,374.7,early_deviation,467.3,2
1.4122677184802093,3.479139554155845,-3.072834753625446,1.0075807390238956,2.981128866410398,2.051653416056092,375.6,early_deviation,466.4,2
2.24133756633778,2.401936635527007,1.2436303582168136,1.1198125201404925,3.0611576282096085,0.20760069837909248,376.5,early_deviation,465.5,2
0.3445632143036529,2.3131231557515544,-3.0149550650000467,2.61424005911284,1.4054305920592423,-1.529472004437349,377.3,early_deviation,464.7,2
1.4482190964535082,3.648998971473015,-3.251896547257955,0.8546971179993527,1.3814560954223731,2.3556560656858525,378.2,early_deviation,463.8,2
0.8998347634787407,3.3165526093931024,-2.347961564989527,0.18716363847908005,0.7461251736208462,1.5437369092679727,379.0,early_deviation,463.0,2
1.6461814315261356,2.8676032172701085,-3.5795914317167266,1.4520367974526138,1.7150736885228863,1.2839499459473067,379.9,early_deviation,462.1,2
-0.061705956107531545,1.70329026270115,-1.3851419020249922,1.4080344247651977,2.8224168852102243,2.8946714395926825,380.8,early_deviation,461.2,2
3.563064923157038,3.8234615264614886,-1.4811206587898886,1.7962189630164234,2.8320703226816497,0.15860611828878457,381.6,early_deviation,460.4,2
2.2398605620692487,0.4478723629839299,-2.2856943508610392,1.3733808962245941,0.5797300799782541,3.380825950905859,382.5,early_deviation,459.5,2
-2.0390372150245732,-0.2262326985961858,-1.0478200394139352,1.6259712266129693,4.230226256877011,4.416776532957718,383.4,early_deviation,458.6,2
5.21383053830179,2.738048533926382,-0.6335739891381355,0.8847661438020844,2.661689987023632,1.2968522820196957,384.2,early_deviation,457.8,2
1.642691325143468,4.63968593777693,-5.4982119252481665,2.7390729975738077,3.947265611860556,3.396489989888157,385.1,early_deviation,456.9,2
4.26990993260051,1.4423056933100324,-4.190123107666514,1.185295930399889,1.7065084261551795,1.9037360732629003,386.0,early_deviation,456.0,2
4.998455964019043,2.569298476829385,-2.8619676798714186,4.465762180231769,3.4120949227417436,1.3304590949892316,386.8,early_deviation,455.2,2
3.018942021016262,2.1351506577714243,-0.670104141800515,1.1370659655679636,5.103034339340465,1.4196187283600383,387.7,early_deviation,454.3,2
4.095749247795935,-0.054950713710727433,-3.1822187753655857,4.431753304158236,3.46188184319507,1.6121659959703925,388.5,early_deviation,453.5,2
4.903282185263837,2.726136551234439,-1.8647214999516342,2.228997958195184,4.388484631719457,0.09909780259554915,389.4,early_deviation,452.6,2
0.8365697473099816,3.0294425057824665,-2.8418769015119834,4.218969571923788,4.314986061717692,0.92467277918855,390.3,early_deviation,451.7,2
0.8475871050759588,2.2580410970238862,-2.9120249452450566,0.7476875752157209,3.3475972425738436,-0.0035761293350465686,391.1,early_deviation,450.9,2
2.424010172038018,-0.027048990723376184,-4.175761186912558,2.6253803730983782,3.3687329906556718,3.04420595462435,392.0,early_deviation,450.0,2
2.434141327242917,3.247552020252849,-0.35423352276686354,2.3551423355805605,4.847834577822898,0.5895013480535543,392.9,early_deviation,449.1,2
0.23290716198883274,3.939136072551441,-0.41544338050833257,2.1282744686526156,4.0194410861640275,0.8338416333417987,393.7,early_deviation,448.3,2
2.0590697692148123,2.042665579598826,0.8255607058443448,4.417749405179535,1.8293682905754116,3.2983039521493502,394.6,early_deviation,447.4,2
3.814128296876467,3.3757184878019384,-2.2368162896104535,2.958610363594083,2.436641601806526,1.956345040923985,395.5,early_deviation,446.5,2
2.97573144058243,3.260045962404547,-1.361398712602967,3.9732573790166077,5.834173869990178,1.761166080691495,396.3,early_deviation,445.7,2
2.248892169651988,2.1988105564528513,-1.5750451231457294,3.3573873995712753,3.5567429752233304,0.792548131391605,397.2,early_deviation,444.8,2
2.1689917091106428,-1.901839473107409,-0.7892450454776252,3.742272589895581,3.1692864824391926,3.1052468004416216,398.0,early_deviation,444.0,2
0.7590543751429849,5.317309025119004,-7.637892408104487,0.8744945889352588,3.507717003281345,-0.17275320129610963,398.9,early_deviation,443.1,2
-0.06886122123062874,-0.463763089343469,-4.394742715682391,0.7035994333159591,3.7761764126477355,3.6732329694259307,399.8,early_deviation,442.2,2
0.8778219294914236,2.4580532888498063,-1.722562451232169,1.4916926077977162,-0.1224647379062218,-1.9080374162344573,400.6,early_deviation,441.4,2
1.968791986090479,3.6887965116117454,-0.9497185138263309,1.1404496993328541,2.7260719671030915,1.6083349245866547,401.5,early_deviation,440.5,2
3.1359481110148635,3.377262296924362,-2.9572264272870687,0.6322131645223183,2.9888346408688395,1.9981364077913115,402.4,early_deviation,439.6,2
2.059666041308425,3.625579144602851,-1.8460314670534739,1.3415549849429576,1.0266512721684813,0.06756235145056169,403.2,early_deviation,438.8,2
1.3821149498574916,3.347313612365015,-2.6799070221241195,3.3216534556298702,2.397565008503846,0.6497577307542004,404.1,early_deviation,437.9,2
1.1030760212148225,-3.0371797376276732,-1.9171784608207612,3.1067697610670826,4.380288948614445,1.72352014602093,405.0,early_deviation,437.0,2
2.3405977235692657,1.6239214999913585,-3.3030574912984196,-0.38598912308978833,0.4900502707159621,4.15712516630438,405.8,early_deviation,436.2,2
3.370293984568959,2.2992046253389877,-2.4594945377105164,2.469057683333231,0.7541330042234621,-0.11185861705259839,406.7,early_deviation,435.3,2
2.0659296334842336,1.1495699815884037,-2.0828410315145294,2.4486044929351145,4.47472165549898,0.17617731339362414,407.5,early_deviation,434.5,2
3.9436451600681064,1.2234929778257781,-3.494243638168734,2.3481825790101825,1.5674205773563377,1.136122493079642,408.4,early_deviation,433.6,2
4.11348971017684,2.5213090490175114,-3.700738291510916,2.966285324725561,4.6051060197810925,1.423089562904727,409.3,early_deviation,432.7,2
0.5491447166537725,0.4446331927964554,-2.5007183457251725,-0.484879641561846,2.0813366639244975,0.029693808019023674,410.1,early_deviation,431.9,2
1.8232031283027066,2.5559679679542757,-2.5484816512420134,3.7954896194136762,4.936485703810705,1.6888443031460314,411.0,early_deviation,431.0,2
4.00616073333023,1.8705106555237068,-2.5703276412039076,5.445278402948161,4.166632527386152,1.596299323766124,411.9,early_deviation,430.1,2
0.9098510405738347,0.5377204373545137,-4.6938104312171935,1.8140907767975085,2.765819409908998,4.439297260346497,412.7,early_deviation,429.3,2
-0.3408707036323245,0.8453001566851466,-2.369561845467196,1.6742371591791034,2.6977742360550896,-0.7091218162844315,413.6,early_deviation,428.4,2
4.476526418609505,-0.2101500064426478,0.19862691481668157,3.3720871358695717,0.948416147033937,-0.6727575325107007,414.5,early_deviation,427.5,2
2.9056175009166703,1.551570602572357,-1.2196444803288193,4.328939535908081,0.1715725084219481,0.10538247959264282,415.3,early_deviation,426.7,2
2.7926540263049215,2.719052003088908,-2.312083952268858,0.8477677956656197,0.019100289942645343,1.5443531038610947,416.2,early_deviation,425.8,2
4.97506459271447,3.958930776953515,-1.4361115149097108,3.099039464959904,1.0882830524253304,0.6894195020222453,417.0,early_deviation,425.0,2
3.4453969164307083,-0.018768192577225274,-2.2311549014125283,3.230620503709135,2.1331864522522994,-0.3144639071217263,417.9,early_deviation,424.1,2
3.1098871912545345,0.704338663791629,-2.7912033484156336,2.897978447330374,4.224020589455303,1.930548155853727,418.8,early_deviation,423.2,2
4.5376032803063655,0.17389878176182427,-1.4420296896587692,5.053759932410195,5.753549845392957,2.260629887363284,419.6,early_deviation,422.4,2
4.87567861660081,2.420403744911521,-2.5427125133932282,2.5019321924046496,3.4273397631939773,2.643953878834145,420.5,early_deviation,421.5,2
4.246102811946247,5.009543402072055,-3.648295428726953,2.5233910959863626,2.6020865271783555,-0.21061886689575798,421.4,early_deviation,420.6,2
2.3145641557398355,2.5851427272598313,-2.91074201949547,3.1636762500908935,3.1854184896810684,1.287979926299976,422.2,early_deviation,419.8,2
3.154711535611391,3.2881901685001313,-3.671971148741433,3.4866277688478213,1.3109440561580308,1.5239755148099121,423.1,early_deviation,418.9,2
3.6190050922310975,4.4291358342057014,-4.049835076249038,1.6257900045675127,3.826118209947842,1.5066394554989784,424.0,early_deviation,418.0,2
2.6586733279905794,1.303217382427618,-5.312936904084319,3.2213131607941077,2.9934156193776196,0.32900779236154815,424.8,early_deviation,417.2,2
4.242929987961994,2.2279590467550183,-2.245810867942686,3.373702917160417,3.854686830139365,1.2969433569348303,425.7,early_deviation,416.3,2
-0.596813661824097,-1.0861364004746645,-4.131180020617593,4.849250162419308,6.4681813623535085,1.8087815021691387,426.5,early_deviation,415.5,2
2.704728509237828,2.412339160870196,-4.766680412392276,3.2440558358123717,5.546511421854111,1.6396855173537088,427.4,early_deviation,414.6,2
1.0617746055577426,2.518269927394318,-2.4964154087330495,3.7206324642684114,2.376191400763129,0.6906332699432954,428.3,early_deviation,413.7,2
4.522105676259156,1.4649657397744076,-1.6129226499469844,5.4137208662987275,1.4935274944913521,-3.01153138990325,429.1,early_deviation,412.9,2
4.640927934469392,3.3264519822867196,-4.1514017097678115,0.5774024877036708,3.095820274442253,3.1431134817466364,430.0,early_deviation,412.0,2
4.574150930373227,4.096978431163096,-3.2429009619196343,1.7277073462110983,3.9818382452115144,1.7026294564720175,430.9,early_deviation,411.1,2
4.076668540800993,2.97010688919786,-4.219555881456793,1.8678985071813483,1.2556464870147133,0.47553328022491004,431.7,early_deviation,410.3,2
3.7820991857940562,0.8770654438636608,-3.5552490736753906,1.7732175969866955,4.299103810347391,3.278325196741405,432.6,early_deviation,409.4,2
4.1011539893415145,3.2533372630767694,-0.8888872903720191,3.02357224170739,6.180337176691339,2.6173097261983633,433.5,early_deviation,408.5,2
1.6306455347756577,1.3900162317121654,-5.688618649410332,0.38972700069924043,4.253269533056988,0.6544423332199394,434.3,early_deviation,407.7,2
5.152999843983018,1.478057806926406,-2.5715239644303614,4.162325924034616,3.3472558266526735,2.828858809931801,435.2,early_deviation,406.8,2
4.439579430351483,1.47564307930692,-2.8574814677722107,0.2990924606036402,3.3847724765836844,1.3386670101106053,436.0,early_deviation,406.0,2
1.9799953369865881,2.346779811174297,-2.1478090359572897,2.686542121754542,2.77565702874388,1.4002832530218292,436.9,early_deviation,405.1,2
3.698161580252018,0.625085080558271,-4.499045384728337,3.0675925982618972,1.7761856527314972,1.1055546705869235,437.8,early_deviation,404.2,2
2.362298745544327,1.4412973677183085,-1.1774660305475995,1.5322932628531374,2.7512913889402357,4.259097753674732,438.6,early_deviation,403.4,2
2.46353918257284,1.5765180730244,-2.9384558339022786,3.0474036323728204,4.264096669173823,0.9303136682632243,439.5,early_deviation,402.5,2
0.3218447004991792,3.5296023096717026,-4.171580097656459,3.5906589065636614,2.1591216815874,2.9688243646419177,440.4,early_deviation,401.6,2
2.9732861779601247,2.5079664159869983,-4.06560579851294,2.4917491734989583,1.4472463287045045,3.2642189112332343,441.2,early_deviation,400.8,2
3.1158389714180874,4.267898712078785,-1.5197322930255726,3.947201522327495,5.869788783825232,3.9537147604427,442.1,early_deviation,399.9,2
5.402821440039686,3.125279912926392,-5.164977500327494,4.360216247555771,5.222644104626022,3.8383504362942786,443.0,early_deviation,399.0,2
4.078079900435357,6.11772555847023,-1.8470978864952423,4.254122498620201,4.248397167315138,-4.651555137146249,443.8,early_deviation,398.2,2
1.2823624578698287,2.3300808077873145,-4.238707123140907,3.1270652467844235,0.9500716476760087,2.1719484819390495,444.7,early_deviation,397.3,2
3.4989355859718896,8.44001255502042,-3.1893896656817353,5.92307931774185,3.73231443052835,3.4867707927068303,445.5,early_deviation,396.5,2
3.781902251891555,3.027518806457148,-2.3837012178768493,2.565718202284031,-1.3823462012763268,5.6044249132020845,446.4,early_deviation,395.6,2
0.35242415924395765,2.7197430799473565,-4.339512460061022,3.0729033725560093,2.584353418898661,3.88168296678131,447.3,early_deviation,394.7,2
1.7557423259341234,-1.0385733387947784,-4.3873251088759275,5.001256724078799,3.409923180298143,-0.2697870905731801,448.1,early_deviation,393.9,2
1.601389909486388,2.1755382401401917,-4.5704058637851865,6.18669237529236,1.3877884763493358,0.874571418809832,449.0,early_deviation,393.0,2
5.206401753869706,0.21725476151386522,-5.606544632637772,3.7192324893828563,2.3302636655339724,3.0727662354468075,449.9,early_deviation,392.1,2
3.5984473809676234,3.115158263850247,-3.1745292769167466,3.195709667531456,1.7006077324103506,0.9671990088934379,450.7,early_deviation,391.3,2
6.124726422635987,1.727132414318142,-4.511487951888337,2.2987642955748164,2.4972811625647853,1.9693460697018113,451.6,early_deviation,390.4,2
0.5259174569345927,3.524508143706231,-5.028365041112502,2.703741615580713,3.9829559724453865,2.192914672254041,452.5,early_deviation,389.5,2
0.5684497094821155,3.793757345702954,-3.28899465135107,2.164523027868172,5.2299979772708385,0.4645277739371031,453.3,early_deviation,388.7,2
1.9235081292945544,1.6043531131569722,-4.726093032221998,2.3198552215680395,3.610934271947527,6.621766587826086,454.2,early_deviation,387.8,2
0.421564370169733,2.8423991188618487,-2.058073716906218,4.396515991623852,5.53734089525709,2.935485190038239,455.0,early_deviation,387.0,2
4.107319114566097,1.6371711811637235,-4.5327287311944175,1.3643529949369355,6.00522586258667,1.3913690840975732,455.9,early_deviation,386.1,2
4.471149028994825,0.5200959567711129,-3.7974874079292213,3.702539310584472,3.333803567816382,2.098073013740948,456.8,early_deviation,385.2,2
4.080508751899185,3.755715787406333,-2.5930316003484037,2.20919772051049,3.8671213114599534,1.2175625963293895,457.6,early_deviation,384.4,2
1.4435090939527675,1.0045408345542826,-5.497364026126384,2.943068152290543,2.946163873356889,4.023418388104343,458.5,early_deviation,383.5,2
6.1235667007658705,3.641158684306817,-1.7867218297903826,3.367252242366601,5.0418747364520975,2.9560725222490034,459.4,early_deviation,382.6,2
3.0307197624612443,2.8190823473126945,-2.4675334672701057,2.4747129178511527,4.3388025701906185,2.3426748431628037,460.2,early_deviation,381.8,2
4.333240593403436,1.7583137213443396,-4.019816224918534,4.392502822510233,4.021591932183359,2.3007006493282924,461.1,early_deviation,380.9,2
3.9284484272607827,-0.823874753380202,-4.587725361404558,4.687039831238246,2.7821799213266654,4.003169455067109,462.0,early_deviation,380.0,2
1.7866171855325774,2.882384583409474,-4.111902903173118,2.871131300488555,1.0700543834523102,2.7405791159827015,462.8,early_deviation,379.2,2
4.381018946297305,2.6730529574571125,-4.712704886350175,1.806267794606007,7.427345915184486,3.1268026077257884,463.7,early_deviation,378.3,2
0.8944573738640608,3.6914395774914994,-1.008704902136823,2.2657804999263713,8.567451281607505,3.474112225924024,464.5,early_deviation,377.5,2
6.487834246088978,2.3674110822997823,-2.0196665049053655,4.41210938777993,4.436874603063612,2.952770294796276,465.4,early_deviation,376.6,2
4.943248826693039,2.722529614999474,-7.526912281723,1.1169862862559132,6.407092781469739,4.069543092662486,466.3,early_deviation,375.7,2
3.9215119775848755,2.6644468278074047,-3.5828309702853374,3.619560364378845,4.683591212995509,3.6415311118839626,467.1,early_deviation,374.9,2
2.4049951096772424,3.7070534689691166,-5.725014870263691,3.241675048482302,3.4430929864113073,2.768776282134213,468.0,early_deviation,374.0,2
5.816880440370798,3.3645683062083642,-5.345789470532037,4.913567388065545,3.0514207342307325,1.3913530020958345,468.9,incipient_degradation,373.1,2
5.060862129557572,4.0662962352013485,-3.1438327104924695,0.7499258749833438,9.652745714729566,0.6174320608288157,469.7,incipient_degradation,372.3,2
5.032334065630198,0.5145592591331275,-4.398436413994374,2.2255312219667363,6.434580536538012,2.547852914942426,470.6,incipient_degradation,371.4,2
4.791872300327106,3.006958259571564,-3.4183496177267796,4.183407166407086,3.6263773969655895,-0.6406715690534097,471.5,incipient_degradation,370.5,2
3.2587692215224733,3.218484357653426,-6.0193516712211395,5.409273317625752,6.532326354804144,4.140652795129182,472.3,incipient_degradation,369.7,2
3.9421626854134155,3.9032344276849824,-2.654632176450036,1.3283811105999594,4.843547258131693,0.5828124203179019,473.2,incipient_degradation,368.8,2
5.650908923677313,2.576665921934522,-4.905247470414124,1.0497390736456478,4.317552769188256,1.9990678096185983,474.0,incipient_degradation,368.0,2
7.60857961466438,4.955847538446444,-3.806038903584998,3.755987363626174,2.9725991204278954,1.891185001965425,474.9,incipient_degradation,367.1,2
3.4193469374427488,2.78322515768275,-3.9320747779115455,1.7863126189893122,3.0436431410982436,2.3079375501128245,475.8,incipient_degradation,366.2,2
3.839647648404981,3.1611815577928506,-1.6108693645440078,4.160950849888143,5.347129702242101,2.111957367625054,476.6,incipient_degradation,365.4,2
4.431176917179413,0.07930005916245116,-4.01081560454979,1.384106197892281,3.898340547793233,4.6119627724120456,477.5,incipient_degradation,364.5,2
4.5194306574172405,1.1746548591350894,-5.150574292324134,3.5542014578147914,4.149010113096352,2.378819057438993,478.4,incipient_degradation,363.6,2
4.136985018818849,3.581693743397831,-3.981914529971277,4.05396620784358,4.465695821298789,2.818868501164571,479.2,incipient_degradation,362.8,2
2.4666135396058673,1.962365277614914,-2.2253817355394077,5.490300322563089,4.248205428357737,2.129566990249857,480.1,incipient_degradation,361.9,2
3.3313448349691694,4.572475682252455,-5.441272780304157,2.737775392393315,4.204046826824857,3.126903670410432,481.0,incipient_degradation,361.0,2
4.525065155182379,3.3627860553628484,-6.3685451285432135,4.220222909123694,4.04869071877713,1.400683610223124,481.8,incipient_degradation,360.2,2
3.685787566713423,3.080814572954178,-3.0024762456210574,8.269088615580888,5.907461602499424,3.467778795069015,482.7,incipient_degradation,359.3,2
2.871936333207966,2.9315136818300314,-4.698913938045202,4.672443848019412,2.432748859573359,2.5094416462731046,483.5,incipient_degradation,358.5,2
3.2601039957503515,3.0172072122795464,-2.6355927124411163,2.0796654592370603,5.616587521443997,2.177594788109045,484.4,incipient_degradation,357.6,2
3.5253903735371193,0.5061390331997352,-3.38502375842011,1.2798537202735738,5.491014383906599,4.160443306474621,485.3,incipient_degradation,356.7,2
3.8609821545059893,3.843856376556443,-5.918791036779162,3.710387193515042,5.850983401533347,3.7838629215453317,486.1,incipient_degradation,355.9,2
4.275861712764063,1.2154647662507032,-3.974724506539549,4.5744566730258756,3.713506356785632,0.39768318761698235,487.0,incipient_degradation,355.0,2
5.870484754546146,2.33465565576265,-1.6205346089274404,5.5246799429739,4.685930697420879,1.998753448805567,487.9,incipient_degradation,354.1,2
6.347759537570379,2.2377371780945,-4.7668264282742925,5.04220183935803,5.422897714352736,2.815214839652697,488.7,incipient_degradation,353.3,2
6.336736709418191,4.961054863195732,-2.5198061460260686,6.831254923019549,7.141737593090585,3.2762472328319285,489.6,incipient_degradation,352.4,2
3.374632000809487,4.9920704734312995,-7.282897588738974,5.037335128244027,5.537925661396853,1.4766808869459873,490.5,incipient_degradation,351.5,2
4.240922356234017,1.2853281911177372,-2.3685387272869987,-0.8399890814546915,7.623628945919927,3.267611367179947,491.3,incipient_degradation,350.7,2
3.754605024854624,2.2617955438163557,-4.364223382328696,4.171403626800425,3.3307594292653118,3.7840758811052613,492.2,incipient_degradation,349.8,2
3.8238929362073133,3.54279339075957,-4.72329859034202,1.878640409341739,5.321192631954631,3.7619528023701125,493.0,incipient_degradation,349.0,2
4.519458009348139,2.608701981917237,-4.990059536726025,4.8759479048267025,5.19862515598718,0.021759286927286188,493.9,incipient_degradation,348.1,2
5.097694239705789,2.6503585592190864,-5.6175914893669106,2.828195509458025,2.802632880629366,0.8410986789495664,494.8,incipient_degradation,347.2,2
6.783716493779053,5.300763594367228,-3.666165758673659,1.9612071099783026,7.385098803565386,2.5494920941306525,495.6,incipient_degradation,346.4,2
5.020392212599823,3.622012622219258,-4.182985448551098,5.053519225265836,2.1810308988098477,2.348658194232498,496.5,incipient_degradation,345.5,2
3.171642380837704,2.137957399749228,-3.827739884670954,1.6275053888146325,3.8301663565521538,0.23686181590910318,497.4,incipient_degradation,344.6,2
3.9608002911278195,1.2567697430456073,-4.67753117088143,4.088828625917509,2.68289325822398,1.167717532273195,498.2,incipient_degradation,343.8,2
5.9504289781769195,4.885109153697188,-1.475758351398579,1.9668941621072693,4.897742236760627,2.9000438438803506,499.1,incipient_degradation,342.9,2
3.500762694955894,0.5454980830510737,-4.633110118553645,3.399747706854377,7.83538339420459,3.2521069632254758,500.0,incipient_degradation,342.0,2
5.8103706808169004,2.19558148972822,-2.1640500300619054,5.854827775322376,4.541230333900884,2.4197804237321345,500.8,incipient_degradation,341.2,2
3.605580764546032,4.98033833237797,-3.5861420062858285,5.487967953336756,5.028139078608807,3.930358276815957,501.7,incipient_degradation,340.3,2
2.4893265830241815,5.609721426029655,-1.5648632846417745,3.6536038248121994,7.519496368654184,0.6072145726264246,502.5,incipient_degradation,339.5,2
4.8420302712092145,3.893143088997348,-1.491718390806069,2.856885310991107,4.903382204280282,4.322504685159023,503.4,incipient_degradation,338.6,2
4.188893513278476,5.185012261959672,-4.606322749743091,4.22257464559152,3.8002171189751177,-0.42902040692995436,504.3,incipient_degradation,337.7,2
4.008398121277766,4.700535053095413,-3.5177209779848857,4.042426098658531,1.2162933740533675,5.2043165597222005,505.1,incipient_degradation,336.9,2
5.390633419631172,0.630027694581078,-4.902189192940431,6.477533007642719,5.481048910391307,2.182380961112111,506.0,incipient_degradation,336.0,2
3.8285099421429885,3.7853108507661735,-4.248256561824809,4.534591973147447,2.2335311031461456,1.2261241462048915,506.9,incipient_degradation,335.1,2
3.6368823142664963,3.27013123901448,-5.658091260007976,5.54544162586163,3.302158511663783,4.1920432549108035,507.7,incipient_degradation,334.3,2
3.882781643432276,2.542746576477879,-6.385455781692931,2.979752474439844,5.136948450033014,-0.44891807519226634,508.6,incipient_degradation,333.4,2
4.869026627006259,6.75650285187338,-5.237093233946508,6.250317913742176,4.206250339154102,3.9871114916842036,509.5,incipient_degradation,332.5,2
7.020403692618121,3.550748857402183,-4.11788955433581,4.519165965292911,8.790733418363631,2.8432885976013633,510.3,incipient_degradation,331.7,2
6.301605889371905,5.530130387137335,-2.600293121212021,2.5283352760663598,5.084349878551641,3.906858748015808,511.2,incipient_degradation,330.8,2
3.2409849960521404,4.645812677644953,-2.008673019498617,2.6357515309214783,2.104501873593053,3.139905037756716,512.0,incipient_degradation,330.0,2
3.485730073733963,5.335929707138724,-3.789402156089814,4.30147817083585,4.953106790732297,4.503734286363512,512.9,incipient_degradation,329.1,2
5.86890381294018,1.8781003768114088,-2.3902366873547085,6.879305049180406,4.9565728518818775,2.72213272141456,513.8,incipient_degradation,328.20000000000005,2
7.7687525220073335,4.052054393977804,-2.7120486422773222,6.231252247860074,4.815268227284081,3.133141117107668,514.6,incipient_degradation,327.4,2
9.493756747997445,7.134711838554557,-1.288911393739377,4.1974926844749705,4.405521138694347,2.1582994331330823,515.5,incipient_degradation,326.5,2
7.309737888051031,2.5647014012358027,-5.4483328999511995,6.342912695352432,4.160419366965324,2.8945112967121647,516.4,incipient_degradation,325.6,2
6.003376846010698,4.271166171962228,-8.049903911882383,4.503568419013656,6.85686814961119,2.230382012063143,517.2,incipient_degradation,324.79999999999995,2
4.731670700419004,3.4326353353819172,-5.200653711831587,1.518325331608645,5.461174257746364,2.47199377415033,518.1,incipient_degradation,323.9,2
3.5498211182158435,3.0232066485157505,-2.7876929252107256,3.31547115546827,6.35970827156228,-1.8325065175621496,519.0,incipient_degradation,323.0,2
3.9191378299828457,2.2584452355376077,-4.60511534944972,4.52819524995497,5.521841949548739,2.755736148699515,519.8,incipient_degradation,322.20000000000005,2
6.93801420636494,4.70115742640654,-9.25457622577102,4.755581882280215,5.691903380580358,2.811551359655555,520.7,incipient_degradation,321.29999999999995,2
1.7322087245888471,3.4002800059733658,-2.953491441725682,5.982593467496148,4.8844332277035125,3.7194457017830937,521.5,incipient_degradation,320.5,2
4.988866377045959,0.32097084898280037,-4.683218741237506,6.177581471541131,7.182192133859553,4.65232775036685,522.4,incipient_degradation,319.6,2
4.986749337594387,5.293470914887133,-4.432790426511655,5.639653572137106,6.186910431702125,5.030666152013031,523.3,incipient_degradation,318.70000000000005,2
8.70093914935306,5.232668275497725,-6.070676757253111,7.652970320432039,7.164130044161539,1.67462798288909,524.1,incipient_degradation,317.9,2
3.5243181778459096,5.306267960924123,-4.001142304117696,4.38041628044,6.479658925244642,4.111778661346384,525.0,incipient_degradation,317.0,2
3.256302077355428,6.568738077705765,-5.915110429546253,7.0206070597881025,3.080230712967228,0.2728575679165664,525.9,incipient_degradation,316.1,2
6.077303644843751,4.256970806667758,-3.7332575389452063,3.327776270692568,5.051992061623432,2.6615948190412917,526.7,incipient_degradation,315.29999999999995,2
2.9760815452979545,6.619164460755372,-5.0816759431399054,1.8827172136774366,6.25275784216577,2.6136938150695292,527.6,incipient_degradation,314.4,2
3.4577435780384045,3.0285958355962124,-2.64305462751522,6.595382672168627,5.315568113362762,-0.23584712624120974,528.5,incipient_degradation,313.5,2
6.074727092953111,8.502684335035791,-4.223367399480474,5.183234091959123,2.8506490632817187,2.431644201060356,529.3,incipient_degradation,312.70000000000005,2
5.674606636607981,1.7297956871235631,-7.81960967677753,5.283189808713666,5.889148314312193,-0.2914045173166606,530.2,incipient_degradation,311.79999999999995,2
7.055961202786468,4.393260458342632,-4.570740189804702,4.312813540610773,6.340315237895342,3.267002113240219,531.0,incipient_degradation,311.0,2
1.9868169085527412,2.133261310219776,-4.647756015022984,6.1416275710712585,3.901910531242408,2.357818163857085,531.9,incipient_degradation,310.1,2
5.8927711078424,4.274391197301719,-3.6712632234651643,5.14846159322074,6.336077914594824,2.322157086770114,532.8,incipient_degradation,309.20000000000005,2
5.353489497470698,3.136696825939026,-6.827070243289106,6.607476131110824,4.3187542113088595,4.218649995732012,533.6,incipient_degradation,308.4,2
3.7508249880044398,0.3027563261693624,-7.08297465709363,2.502569927999743,6.63213509477377,4.042184899149295,534.5,incipient_degradation,307.5,2
8.271798294324379,4.282383036410562,-1.8998599702074785,5.529781827734698,4.96506181700135,2.642490924528183,535.4,incipient_degradation,306.6,2
1.3193860315343375,3.650253821558132,-3.0737732832946874,5.2472400583669705,4.713582157294664,3.933679125533854,536.2,incipient_degradation,305.79999999999995,2
10.164437034406639,3.978947757538136,-8.346624296238009,5.766078082837018,5.670021853004088,1.6714894532856945,537.1,incipient_degradation,304.9,2
5.80973611602007,3.829844894285709,-4.630320711704082,2.540529721339231,3.579732788423947,4.4352205575466614,538.0,incipient_degradation,304.0,2
7.119259041272286,7.795934985009798,-6.1612609824320534,5.115966128732965,7.589715653428431,0.43013429715596807,538.8,incipient_degradation,303.20000000000005,2
6.154824487396958,3.0502031012323503,-2.8660913697807917,4.646302222117941,4.434967763976874,2.8642437844414714,539.7,incipient_degradation,302.29999999999995,2
5.222517511555267,-0.7576788855251724,-1.4557219513676225,6.573950052700384,7.1873248167260515,3.08380526001194,540.5,incipient_degradation,301.5,2
4.646108390181622,3.450427533448509,-4.308580254213358,7.29578651063713,5.86156543260565,0.4397699554637038,541.4,incipient_degradation,300.6,2
4.202919583443364,8.860114540033978,-6.2251011400619936,2.6121248796661978,2.7262807590929734,2.7780948710812607,542.3,incipient_degradation,299.70000000000005,2
7.229137218078688,4.449336697814077,-3.678141075011201,5.222798599594302,6.716523942328929,0.9801958055655421,543.1,incipient_degradation,298.9,2
4.864590143814506,4.439978870528844,-4.47444523312978,6.531108331128563,6.974206050482125,3.994136956466863,544.0,incipient_degradation,298.0,2
6.260123950970852,2.888036460523855,-5.43406463076294,2.657448374898762,5.39752973519537,3.893834019445933,544.9,incipient_degradation,297.1,2
7.279891461054358,5.472870021820693,-4.780809714741091,7.327353730907316,6.234827612027007,1.7790330153441878,545.7,incipient_degradation,296.29999999999995,2
3.8160484024255377,4.135797956098613,-3.9651166615028424,4.412289226450999,6.523719719454221,5.66440688616772,546.6,incipient_degradation,295.4,2
6.972078301106227,3.483209228989029,-4.603224192026083,7.05008676809949,6.086573446060251,4.2859413231321355,547.5,incipient_degradation,294.5,2
3.657259502786049,4.76954978708365,-6.135620593549888,5.487103344341231,5.077297792905914,0.8696736874999382,548.3,incipient_degradation,293.70000000000005,2
8.575131207991278,4.805118017676269,-6.181939852343892,8.052782812142265,4.78279339683942,1.7542977116732306,549.2,incipient_degradation,292.79999999999995,2
5.407400153272092,2.867694148435696,-4.736906263539908,4.352481801325416,5.2979781364384095,4.189603361319988,550.0,incipient_degradation,292.0,2
8.074229827056703,2.045773404769341,-7.466774885459783,2.6321367736329937,4.637306688278019,4.319300473274825,550.9,incipient_degradation,291.1,2
6.803497410204994,1.7367145384784837,-5.5642554121874355,5.068239712180038,5.417820184696726,5.76364705679975,551.8,incipient_degradation,290.20000000000005,2
4.35486502997196,4.650048049268747,-4.448130150172088,4.110712225437813,7.405114208323134,3.86089401705395,552.6,incipient_degradation,289.4,2
4.311900616916217,4.4617599157258745,-3.2136625403033583,6.321630863693,7.341998491266163,4.122421052963261,553.5,incipient_degradation,288.5,2
7.640936948917575,3.7795538976382024,-4.321447777940333,5.458825788377226,6.960948082098622,2.6935981717948922,554.4,incipient_degradation,287.6,2
6.9270460820745505,4.266607489527438,-4.191909536457538,9.118115281943991,5.571172539896095,5.853899081299511,555.2,incipient_degradation,286.79999999999995,2
4.898287722681739,5.345818976569479,-3.1532895046167453,4.469635628531717,7.78554968556997,5.383282153649673,556.1,incipient_degradation,285.9,2
9.274946771193777,2.9086151936425644,-7.192640640536975,6.049814395992958,5.960546196172366,6.423569966929621,557.0,incipient_degradation,285.0,2
4.879223426845326,4.992933309158099,-7.511366121815577,4.080835488675691,4.654475754589374,5.516747193970876,557.8,incipient_degradation,284.20000000000005,2
3.892420463880998,6.175297110442427,-6.628249983304511,3.4643831086109786,9.374282839327913,5.0344411903170085,558.7,incipient_degradation,283.29999999999995,2
4.372463262312213,5.675026168461917,-2.136128772402028,6.539281307041451,5.185752065072911,3.222551291137219,559.5,incipient_degradation,282.5,2
4.497390471499076,4.868280825985826,-5.3118795476973,8.171082073345847,3.0825300086487473,4.883137824377799,560.4,incipient_degradation,281.6,2
6.175579132562883,1.4412650366371995,-4.815602781910512,7.37864510327059,5.94839344515926,2.864318269502184,561.3,incipient_degradation,280.70000000000005,2
6.331594546409231,6.337944675982228,-4.905041034167135,5.740738122396199,6.131626405939402,5.868222897041791,562.1,incipient_degradation,279.9,2
7.529975635647593,4.651917189894709,-5.133986888127015,4.835835580931951,5.853329840667674,3.7348272053874036,563.0,incipient_degradation,279.0,2
6.4435678811224655,6.6066907255293605,-8.437599239777095,5.572904374308249,5.170345619146814,1.3643064608480022,563.9,incipient_degradation,278.1,2
3.2950652338250856,0.8036940966975124,-6.6039599895794865,2.264778936865951,7.65212798672449,1.9356309148257873,564.7,incipient_degradation,277.29999999999995,2
7.9782901942362825,7.15905714262114,-8.100035695706149,3.1904569949618455,6.767938329272441,1.7724825621077527,565.6,incipient_degradation,276.4,2
6.258947817942207,4.443032137000022,-8.500588477267016,6.2988964889211,6.599837620173252,5.716857403790578,566.5,incipient_degradation,275.5,2
2.6675955278497243,2.7560650288680812,-6.462352780193435,0.9472379480082818,3.9710244156276047,4.597047985426757,567.3,incipient_degradation,274.70000000000005,2
6.535470368942193,6.5523785506703245,-3.0651533112252776,10.198148871418413,3.9844527420830818,4.502018252135375,568.2,incipient_degradation,273.79999999999995,2
7.854905633952118,4.122218902037568,-7.006683876255019,5.770565057680198,4.444791613349289,2.7122881663683915,569.0,incipient_degradation,273.0,2
5.80047475221772,5.335559920398654,-7.480575903825585,7.747506668002638,3.9229340673560733,2.7923723029448246,569.9,incipient_degradation,272.1,2
3.0136849798975467,4.432668004815625,-7.609679118680576,4.8290611965302315,6.080204224554275,2.606535970019882,570.8,incipient_degradation,271.20000000000005,2
6.810614382624873,3.7276018916992966,-11.590328849011765,7.82108558520894,7.947994612184404,4.8977384198342895,571.6,incipient_degradation,270.4,2
6.496203936943989,4.55357412396571,-6.206740398152935,5.658478530874849,4.9117823730538435,1.013146811432401,572.5,incipient_degradation,269.5,2
10.154054241437441,4.54123577514178,-6.495796459211793,5.127901882994372,6.8429827071460965,6.4554495729119115,573.4,incipient_degradation,268.6,2
5.806519528946339,6.236263425929884,-7.7869977847836225,4.836106722312955,6.283083829030523,6.047380628569042,574.2,incipient_degradation,267.79999999999995,2
7.102295373728914,3.2651643766808456,-2.6316381995536737,4.612315480034688,6.6531454427783485,2.7552511493837812,575.1,incipient_degradation,266.9,2
3.012076686360681,7.869191152699551,-4.778676875857564,6.1260106575505,6.60165689021566,4.523846776312269,576.0,incipient_degradation,266.0,2
8.335971394598955,3.9310330953513235,-1.7133513665921092,8.134832130755916,8.130475290924892,2.155851075330822,576.8,incipient_degradation,265.20000000000005,2
9.46291471071605,5.206217409774649,-4.499726120840357,5.39420698711334,6.61150160371494,5.029549383955127,577.7,incipient_degradation,264.29999999999995,2
4.153997919837858,4.452885033964545,-4.064731717233006,6.787130813385579,4.318921996353839,2.1364057345280676,578.5,incipient_degradation,263.5,2
4.049283787585206,2.9623999677412014,-5.327267607649719,6.68944244726089,7.647868152129203,2.823026460394273,579.4,incipient_degradation,262.6,2
7.389370299669599,4.398091934274184,-7.388712780921401,4.204337620970732,5.8816196480844205,4.462874659891931,580.3,incipient_degradation,261.70000000000005,2
5.669147191200605,4.6377804246847365,-6.631778532618909,5.129073601105109,8.044037969374317,1.7672829970177681,581.1,incipient_degradation,260.9,2
6.323033392037928,3.547396528430855,-7.525297043966065,7.485195365755796,8.049161329055128,5.25894525751803,582.0,incipient_degradation,260.0,2
6.895503835362157,5.204307855297316,-8.366005135309017,6.122972767383832,8.887383751545588,3.7516295115246807,582.9,incipient_degradation,259.1,2
7.554668958862985,5.391377511221322,-7.839090209450747,4.439613637458347,10.732271948848442,4.816694441680123,583.7,incipient_degradation,258.29999999999995,2
6.900252130566166,6.051792380649119,-6.88842813092476,6.4558444639118,5.3205996299753195,3.57187319096412,584.6,incipient_degradation,257.4,2
5.325617879884894,0.8286698568455045,-8.598540965954347,6.618504391770534,5.89713485015581,6.188418768153326,585.5,incipient_degradation,256.5,2
6.152483162112037,4.173700086607993,-7.171204502050813,4.176333973136506,6.521750406410731,7.7239496244264405,586.3,incipient_degradation,255.70000000000005,2
8.851604525515626,4.427788032262437,-5.129409038474269,2.650564703920003,8.010176428099454,3.8588141910179576,587.2,incipient_degradation,254.79999999999995,2
4.069578920312063,4.843280817527007,-7.429734180713393,6.74612206288427,4.031268268518474,1.4148701364557867,588.0,incipient_degradation,254.0,2
8.124956718101474,9.164370220089252,-4.0376633937253255,4.704362445385372,6.783954539533643,6.582210280632632,588.9,incipient_degradation,253.10000000000002,2
6.9237638503667025,6.156856270061319,-4.3315047476900075,9.471229895962374,6.609504794809731,3.0811373405648217,589.8,incipient_degradation,252.20000000000005,2
5.02090642890074,3.8260843854155375,-7.7855678361459395,7.645853550868091,6.159825532994656,6.874578025211607,590.6,incipient_degradation,251.39999999999998,2
8.988675992021525,3.7132812434655698,-7.636485620606709,4.52639686324428,3.801328806593317,6.0642491248398125,591.5,incipient_degradation,250.5,2
4.1618588647781625,2.997299349093619,-8.592838290507027,4.920776152026633,9.00157974960536,3.957220975391222,592.4,incipient_degradation,249.60000000000002,2
3.464860550458233,4.356736440165046,-6.7332897808031245,5.155179259272359,9.300646337853816,5.171726637115532,593.2,incipient_degradation,248.79999999999995,2
5.307160796914463,5.366023881562996,-3.0918651545796254,7.1817051579573175,7.327142845370303,2.718955595006976,594.1,incipient_degradation,247.89999999999998,2
5.590833142651335,6.273840224935726,-5.315822983517845,5.270798924277009,6.699433078813001,3.5761305200361675,595.0,incipient_degradation,247.0,2
3.705108970700295,0.7365828551089071,-8.508096714620928,7.7152159429250124,7.129783987907575,5.918011420165543,595.8,incipient_degradation,246.20000000000005,2
0.8600814671105185,5.5329492532705435,-8.393301042191423,3.979800739894734,6.123401881247254,4.366986824844368,596.7,incipient_degradation,245.29999999999995,2
7.015316233470958,6.867378253112888,-2.1660016078505153,6.192351759933456,7.073879464303824,5.2673045127400195,597.5,incipient_degradation,244.5,2
7.440354298864829,5.174629943542169,-4.128993810411675,9.648216049033339,7.697458316760774,7.30682312741746,598.4,incipient_degradation,243.60000000000002,2
6.837944431978863,5.961687678322337,-5.448051945254074,9.113391058392448,6.936587426861922,2.198282336583304,599.3,incipient_degradation,242.70000000000005,2
6.277027444266267,8.223232656260178,-9.532678074660355,3.2609343867794016,6.259039785304108,5.363611664822514,600.1,incipient_degradation,241.89999999999998,2
7.501918024931707,4.550320808930251,-6.952182693037665,9.836241529759155,5.719514791665739,4.718602864541023,601.0,incipient_degradation,241.0,2
6.408327653352534,6.0848307041458565,-6.259282954539107,5.366385944698971,6.714913044410074,3.8991903417318627,601.9,incipient_degradation,240.10000000000002,2
7.78990650536442,6.10026879537002,-6.620466833289966,7.356897074440768,5.894319388033385,3.691772808888413,602.7,incipient_degradation,239.29999999999995,2
5.336575063402965,7.084368303900255,-9.359137695380257,4.409819903159782,6.064146232210329,4.078504322602367,603.6,incipient_degradation,238.39999999999998,2
6.0137322870489465,6.901905827032693,-9.261221458911905,7.817541380014485,8.343933158442267,5.372474709909649,604.5,incipient_degradation,237.5,2
4.1963222977105605,3.862768038306032,-8.17716732662396,7.286701890999369,4.359436007420431,3.3549593207333093,605.3,incipient_degradation,236.70000000000005,2
4.950759666917819,4.956617422315076,-7.680219894785971,9.306521190627837,5.625242409124472,6.161547266798159,606.2,incipient_degradation,235.79999999999995,2
5.450424740575793,4.465726535238048,-5.305557563509013,7.549848059692296,8.630272726196113,5.202681612639696,607.0,incipient_degradation,235.0,2
9.374157694949675,6.966341671660454,-7.628692400531345,6.953705690776034,4.84375442448527,5.7663232711740875,607.9,incipient_degradation,234.10000000000002,2
9.939527577012553,5.348411525134999,-5.556353435455113,5.195796514820484,8.408481642436108,3.7767333469619055,608.8,incipient_degradation,233.20000000000005,2
10.135443987653986,4.220440726412452,-7.735719021031469,8.146527177872963,8.496126844057683,8.987019545731261,609.6,incipient_degradation,232.39999999999998,2
6.613051385743357,7.453041642350183,-5.872471777985158,8.925723179947175,8.831197056236414,-1.0005331049702535,610.5,incipient_degradation,231.5,2
5.035774938537278,3.767967246449798,-8.299974739448823,7.923372979502609,8.92179175423194,7.040439834834326,611.4,incipient_degradation,230.60000000000002,2
9.061574358252795,4.435731374749645,-5.366352534744345,6.064872426259004,10.167766318890905,2.748145782445088,612.2,incipient_degradation,229.79999999999995,2
8.011741605725428,8.482089436376537,-7.254935043829702,6.123389163076071,6.608838746854789,4.582369688509207,613.1,incipient_degradation,228.89999999999998,2
7.729770550090435,4.23117666602948,-9.049652501918112,6.188007964339944,7.83148489226664,6.394020219789369,614.0,incipient_degradation,228.0,2
8.60240108309731,9.13089138561256,-7.262121039237095,8.248645108803524,4.281069528719392,4.164828952992159,614.8,incipient_degradation,227.20000000000005,2
5.68624761839847,4.186980078168887,-5.120097253225922,7.50563748915876,6.540953660496474,5.194939398431962,615.7,incipient_degradation,226.29999999999995,2
8.700796919312406,7.202873840278838,-10.47406864818132,2.1521681111657243,4.734071838752542,4.214532326148781,616.5,incipient_degradation,225.5,2
11.240330706694284,5.547502281149661,-5.679121575042741,6.204518537718471,9.842359265704005,6.5461000924864505,617.4,incipient_degradation,224.60000000000002,2
8.852972122060562,4.788293731350048,-4.171468319981255,7.986542696089984,9.10456848179834,6.601990634924336,618.3,incipient_degradation,223.70000000000005,2
6.749105360419792,3.428125149568781,-8.925020394071087,9.817267166586987,8.67908408184861,6.210175346532949,619.1,incipient_degradation,222.89999999999998,2
7.330673055960927,3.5760802594422425,-9.030348195309399,8.539375071202455,6.067511127105969,5.43336184564709,620.0,incipient_degradation,222.0,2
9.944007823293784,6.5796498175762475,-8.44856855703786,10.081212233991778,6.503660002649946,3.510281155697629,620.9,incipient_degradation,221.10000000000002,2
7.028023940566497,5.017476641096401,-7.987075795365732,8.000098381765413,8.34970726787148,3.6514449041797397,621.7,incipient_degradation,220.29999999999995,2
11.543701913064451,3.223214798956548,-7.911838342889805,6.458827019102754,8.181324257877238,6.355480633674556,622.6,incipient_degradation,219.39999999999998,2
7.738878743079711,7.847614197451942,-10.390978562271133,8.846629440723843,9.406018016020232,5.906093471884078,623.5,incipient_degradation,218.5,2
8.088764643136248,6.0788433920650755,-7.634912677105265,8.151301202902657,6.6190605756791,6.717750576315647,624.3,incipient_degradation,217.70000000000005,2
6.301824704819095,5.491104751559817,-10.381030349178408,7.556973129502608,9.65894282333762,3.5948958460915206,625.2,incipient_degradation,216.79999999999995,2
6.367901499484213,9.07689241810164,-8.948199660086711,7.648678401378257,6.87273054884014,4.803984073923279,626.0,incipient_degradation,216.0,2
9.949166397461275,6.195312070334487,-10.682071796635645,6.823279769644835,5.10448190925692,7.2325950401705965,626.9,incipient_degradation,215.10000000000002,2
7.365721820214569,5.3913431594476515,-5.823867622389116,5.058965570250443,8.93167316835479,4.919559156936656,627.8,incipient_degradation,214.20000000000005,2
4.922855227014957,3.4391419654528343,-8.204156096651099,6.291149592321204,9.073019112105786,5.613731313684649,628.6,incipient_degradation,213.39999999999998,2
4.51255438198929,9.751506694209068,-6.19519003838236,6.048573509162579,6.427744875836734,2.5415936305796643,629.5,incipient_degradation,212.5,2
8.085646523013791,7.406701099674304,-7.866118252715112,6.264067271832603,7.945175780365535,3.149549837412812,630.4,incipient_degradation,211.60000000000002,2
9.545802002111515,9.899585066329207,-7.064423591034914,6.2762368163664055,11.513719389472286,1.4554111700086227,631.2,incipient_degradation,210.79999999999995,2
5.143765832111618,5.643325543445602,-9.800159030393615,9.022983391697277,10.029059557998524,-1.4315461565583216,632.1,incipient_degradation,209.89999999999998,2
8.287979696644056,7.693681878960542,-8.645597353201017,8.987351817460935,6.228525213862332,4.386627519647248,633.0,incipient_degradation,209.0,2
9.644772228875485,8.016536013417289,-8.603004016913651,5.63857730685948,8.576688448527166,6.669876657820507,633.8,incipient_degradation,208.20000000000005,2
7.303102309615009,7.513428019070465,-8.120014696390388,6.6653246980961525,10.686982754946708,4.050423454716096,634.7,incipient_degradation,207.29999999999995,2
6.986585765254923,8.855677099153304,-10.405007164011662,6.7724947123093475,5.773290743697262,8.563917992579796,635.5,incipient_degradation,206.5,2
7.048029142825837,6.638524716255215,-8.85159857356259,8.865144523597586,7.873564229606561,3.5284815802812064,636.4,incipient_degradation,205.60000000000002,2
8.812108337297863,9.687531567486946,-8.159824667864694,12.097665783722473,10.607744730636666,5.555460973557197,637.3,incipient_degradation,204.70000000000005,2
8.452189748987653,7.722205975259021,-9.862279221634017,6.85899157959596,7.656256941448639,3.0709337336692037,638.1,incipient_degradation,203.89999999999998,2
9.978804949783127,5.269010431344136,-8.355841422914562,5.528459321815137,7.967994880222664,4.646055261834239,639.0,incipient_degradation,203.0,2
9.551173921340036,8.596026186857486,-7.580551467733416,9.27262436788012,6.831271321772324,6.488130739717947,639.9,incipient_degradation,202.10000000000002,2
8.239271378099632,10.226573537781317,-6.878877685234779,8.590039774965764,10.727491846041174,5.7648027602303005,640.7,incipient_degradation,201.29999999999995,2
9.207885307016305,5.806771282550022,-4.944250830016041,4.511775979286365,10.230041474320869,5.79615352228158,641.6,incipient_degradation,200.39999999999998,2
5.556500998987271,9.790101922269477,-6.375631430348407,8.130424699940324,7.509208394734183,7.985326843793193,642.5,incipient_degradation,199.5,2
7.580910401367236,7.040911289519784,-10.844824119749905,7.123734854025422,8.289460885016826,7.544406940562727,643.3,incipient_degradation,198.70000000000005,2
8.337109234924384,6.092446694436947,-6.9933722628455,6.822166153258601,7.607669708289975,5.259739031267233,644.2,incipient_degradation,197.79999999999995,2
8.726179511186427,7.6903921914588524,-7.502881088561267,8.074126895649375,8.210054462011016,3.3819951970747164,645.0,incipient_degradation,197.0,2
7.138104521661509,6.7063492623205345,-9.727797587290384,7.632487387484484,4.81652125913427,5.048444043161337,645.9,incipient_degradation,196.10000000000002,2
5.761662362272424,5.306465988795843,-5.987062021173752,6.017971884218604,12.062923723104902,6.916706944831322,646.8,incipient_degradation,195.20000000000005,2
6.597882004866933,8.013502953871797,-8.762668859377818,6.657857243123599,4.979127371356241,3.0064565872899425,647.6,incipient_degradation,194.39999999999998,2
6.845400568341845,6.353934416277636,-8.422490120509645,4.462996814820492,10.604407083989267,6.000625848111011,648.5,incipient_degradation,193.5,2
10.124459452205016,5.440848106685962,-9.010855578563195,8.267965315573901,7.233250517218377,4.00853576512254,649.4,incipient_degradation,192.60000000000002,2
8.680239208048933,10.832506494174327,-5.665183603849672,4.205146894990543,7.188397155333058,2.438997569394354,650.2,incipient_degradation,191.79999999999995,2
11.041487639446688,2.8607934833139,-6.739723542666607,7.682551706761307,6.755329528064252,7.507032199226824,651.1,incipient_degradation,190.89999999999998,2
8.807797672988233,8.236421716655485,-5.679430725910186,7.699330654772037,8.228537602277468,2.800844809315941,652.0,incipient_degradation,190.0,2
11.002795597997356,9.947178438397621,-6.675838069762937,7.952572554499447,7.104999730607044,5.072190049798732,652.8,incipient_degradation,189.20000000000005,2
7.043390255345423,6.308636550967152,-6.479434624377242,8.163058501867383,9.128732693421583,5.137524790081492,653.7,incipient_degradation,188.29999999999995,2
8.70438002226014,7.664686961293601,-8.974691976114984,8.143302532163263,7.4532750941381165,4.91443339977046,654.5,incipient_degradation,187.5,2
10.204447438925268,7.5668692754324205,-10.217546939647985,10.67277217523175,7.392460416822805,6.331637965742472,655.4,incipient_degradation,186.60000000000002,2
9.166069675058308,6.08993093218903,-11.044121700617787,9.882855713300234,7.794231993751537,7.329183373357256,656.3,incipient_degradation,185.70000000000005,2
6.821035468297289,10.844654897896783,-9.665735802402798,6.304937684894615,8.898507216399219,5.214344957440929,657.1,progressive_degradation,184.89999999999998,2
8.986843412651309,7.280452269372832,-9.241396530158344,7.288230519703456,6.24009881848502,5.473204581755804,658.0,progressive_degradation,184.0,2
7.764392624222066,6.50571873856861,-5.564845517752006,7.993611739237388,10.638775845322467,4.876044307335123,658.9,progressive_degradation,183.10000000000002,2
9.857597603198492,7.402960797729801,-9.853524310749497,9.627630054693501,9.215459959587582,5.4553234272278885,659.7,progressive_degradation,182.29999999999995,2
7.814342720429304,9.197828847640254,-8.734268266822488,7.04702397719374,9.637012117571714,3.1667877118709917,660.6,progressive_degradation,181.39999999999998,2
11.46091855900637,5.799490727225313,-11.366929584556358,7.854164833690483,11.832804310776996,4.852141882070248,661.5,progressive_degradation,180.5,2
9.042674174001775,6.437415288364526,-7.467946033534174,10.858023990299925,9.857238251861498,6.140518949171163,662.3,progressive_degradation,179.70000000000005,2
8.083009796875196,7.4565192542607495,-10.598281841497863,6.991776154066948,10.30852138152585,4.927210973366172,663.2,progressive_degradation,178.79999999999995,2
6.2829245205680735,5.639530682801761,-6.937931542952817,9.005907018192074,6.707000684951435,7.654730318943623,664.0,progressive_degradation,178.0,2
8.086390495534268,5.9383567619251805,-8.58572882756193,6.1969673885951675,4.277616225046763,8.314331589038618,664.9,progressive_degradation,177.10000000000002,2
9.921776173859278,10.698577011419564,-8.860367582532264,5.280004589174156,11.321742647773528,0.9607888922827432,665.8,progressive_degradation,176.20000000000005,2
6.401456848310794,5.458211917928024,-7.222490314845548,5.839522812727213,9.728513446929314,4.610070005448968,666.6,progressive_degradation,175.39999999999998,2
7.333791176083383,7.866301562326441,-7.525037236396685,9.657988897431549,6.738702067787083,3.8645820432642823,667.5,progressive_degradation,174.5,2
5.950527445128144,2.8464930420058594,-8.212901944480867,8.190878160907365,8.940232154259155,3.4172493148754643,668.4,progressive_degradation,173.60000000000002,2
8.768186606660663,4.959028108549422,-11.91280240693083,7.852254393653978,6.217364154823448,5.7295395010811925,669.2,progressive_degradation,172.79999999999995,2
12.881971717691231,8.24817204394194,-4.964521862464315,9.093972632040172,6.793660320340881,6.340177170099765,670.1,progressive_degradation,171.89999999999998,2
3.7992050833781312,4.573475925073916,-10.43988280567988,7.128270246972337,9.056816599617871,7.475281926395391,671.0,progressive_degradation,171.0,2
9.39491781050181,6.568885588263289,-10.887550380840212,7.864095386769481,7.56820207947855,6.049734356487361,671.8,progressive_degradation,170.20000000000005,2
6.0864938936257245,6.483584072172072,-7.4929026652860635,12.594004607067404,10.459636473602517,9.3193446318419,672.7,progressive_degradation,169.29999999999995,2
8.379187445418946,8.831592464428079,-9.070454226572064,8.036399509207882,7.858699572733311,5.053714876911679,673.5,progressive_degradation,168.5,2
9.564581837866623,6.962053762029865,-10.730934752794989,8.115483564810475,10.49671527831188,6.824581621054796,674.4,progressive_degradation,167.60000000000002,2
9.281018899853294,7.127665683567818,-9.025479320898699,10.096586365306583,11.510752538623358,2.70311313044744,675.3,progressive_degradation,166.70000000000005,2
9.08855430289131,5.797524593356062,-6.7576613420208576,12.18299715808313,6.797109425350209,7.638605319006084,676.1,progressive_degradation,165.89999999999998,2
7.750924533447522,5.17080679320236,-10.180765035464896,7.499432363319686,11.246325536256801,3.781954241864733,677.0,progressive_degradation,165.0,2
7.637457783307227,6.181472346932085,-10.629301656874748,7.889118554474335,9.382201292231242,2.752381443135842,677.9,progressive_degradation,164.10000000000002,2
6.66183081930816,5.593002215717005,-12.11182507513809,6.73359422438273,11.298191354865768,8.780641925905803,678.7,progressive_degradation,163.29999999999995,2
12.024061993894081,5.000413913047089,-11.510921384346657,10.632282881814962,11.771523054310938,7.66349839557836,679.6,progressive_degradation,162.39999999999998,2
7.886054012859611,6.057173484959319,-9.818037416388982,9.913018116874495,7.988115488410601,9.222272484329107,680.5,progressive_degradation,161.5,2
11.210303756953639,6.68053289406399,-10.434067345551277,9.95452557384442,11.889555801660736,5.079391400895199,681.3,progressive_degradation,160.70000000000005,2
13.536027500500207,3.622012622219258,-8.256319011744024,6.0955100189372,9.79298068140538,9.230071070185051,682.2,progressive_degradation,159.79999999999995,2
11.11479628464149,7.823685156054504,-9.14710652259443,9.391641600393589,9.90850227282983,5.740931313979312,683.0,progressive_degradation,159.0,2
11.315575868596687,9.797422891445539,-9.414770753434777,8.142081012574389,7.523205672364321,4.905397007632959,683.9,progressive_degradation,158.10000000000002,2
7.236587884055461,6.521486202681452,-13.855071431312512,9.195861614508706,8.470866156896355,3.0632768387128246,684.8,progressive_degradation,157.20000000000005,2
11.173137953248478,6.251141785312559,-10.126523659816913,10.429292748594616,11.903340928370351,2.854573761435277,685.6,progressive_degradation,156.39999999999998,2
8.833141972158984,11.478515846280514,-8.107172347815485,9.729321906311057,8.62855282451849,5.842535369583396,686.5,progressive_degradation,155.5,2
6.910831857437815,9.600821628675407,-11.62759814413897,4.876185845222274,8.540403094289411,4.742149962209487,687.4,progressive_degradation,154.60000000000002,2
9.670833148635813,5.526945775649217,-7.070604594371599,9.497500175682376,7.741038493212057,7.793467885857459,688.2,progressive_degradation,153.79999999999995,2
12.450161314206845,7.779405719798586,-8.786416076824171,6.702706240939423,9.397579757834473,2.0590176185807407,689.1,progressive_degradation,152.89999999999998,2
6.513430183023978,7.928375217341492,-7.042656147547483,6.525021483800074,9.45849866965767,4.704939934428283,690.0,progressive_degradation,152.0,2
9.219427821855568,8.299481469644013,-7.703551218720105,10.777312394724165,7.818641127400656,5.148919311527268,690.8,progressive_degradation,151.20000000000005,2
9.250505085742683,4.718628334354734,-4.652244241134359,9.069709628564185,8.095522883095478,8.037680869405587,691.7,progressive_degradation,150.29999999999995,2
11.280527104343046,10.723973075621824,-12.76007416392196,9.343482187655706,7.659021976548242,4.304447982885758,692.5,progressive_degradation,149.5,2
9.17615159678757,7.351647330642586,-7.083083413750588,4.9531664800605455,10.992461961654383,3.5044134257562596,693.4,progressive_degradation,148.60000000000002,2
12.61266460606235,7.908511809392078,-10.36013597996484,8.224525976264385,10.365519193989897,7.281589958829371,694.3,progressive_degradation,147.70000000000005,2
9.833609959800306,8.094520601717566,-10.91442535917998,8.33866266391991,10.79975606286154,5.50056379097437,695.1,progressive_degradation,146.89999999999998,2
8.440876990367949,9.4269228469136,-7.601492159226802,7.939072203799732,9.218280718485255,6.569547651028336,696.0,progressive_degradation,146.0,2
10.193348025366594,8.702456064446057,-11.542942163769924,6.582601676153187,12.545080011588519,5.200951019967878,696.9,progressive_degradation,145.10000000000002,2
11.977323014374365,9.84071825042052,-9.785135506643208,6.688142075331622,8.840546413592637,7.311979017176393,697.7,progressive_degradation,144.29999999999995,2
11.545140624629715,7.417707812095514,-8.256037050040819,6.655609259735237,8.386108795893032,9.77923909643461,698.6,progressive_degradation,143.39999999999998,2
7.137918528531428,3.903870945844094,-7.855244601032229,7.730511913586617,8.476428750587441,7.572795567177099,699.5,progressive_degradation,142.5,2
9.789764814569645,7.237981352965818,-11.004515144372224,11.620462486666492,8.494644823570557,5.308176496960309,700.3,progressive_degradation,141.70000000000005,2
8.293411790120533,7.219827450929457,-8.39499482642282,9.024023689240694,9.319093046641788,7.8341221705594135,701.2,progressive_degradation,140.79999999999995,2
10.98742381283227,10.459670529033067,-12.301186526986232,6.656468335233198,11.322372145826147,10.929488189129884,702.0,progressive_degradation,140.0,2
7.9331540378672205,9.35995709518994,-7.86746260583575,11.81720460944159,11.429028991765705,4.5648436922934765,702.9,progressive_degradation,139.10000000000002,2
11.67709180967134,7.648505255204174,-10.44878071142816,7.890229404111782,10.888472838718084,4.882832604913128,703.8,progressive_degradation,138.20000000000005,2
11.156414982696985,6.31913809024621,-10.968465333611388,9.42442619012946,10.550738606972441,6.672084970586223,704.6,progressive_degradation,137.39999999999998,2
9.798856596400393,6.790808149610638,-12.633108822980912,10.197047705401706,7.2965072232358255,3.4543188367466953,705.5,progressive_degradation,136.5,2
8.285643841745294,6.805385425800563,-10.782708963539928,12.109954298454067,10.421290221632292,6.882185489173154,706.4,progressive_degradation,135.60000000000002,2
8.44322378603908,10.267991673360076,-10.37035709170602,7.65991970169447,10.332433554927206,6.6876129050485105,707.2,progressive_degradation,134.79999999999995,2
9.156108101825012,8.300148298191653,-10.182058031275302,8.669488349720877,9.364217512986691,5.621454398774523,708.1,progressive_degradation,133.89999999999998,2
7.075140376732636,9.604089088558847,-13.253142608328712,10.469548943426215,8.24859471375734,6.629130113213819,709.0,progressive_degradation,133.0,2
6.0364070377639925,9.648501890524287,-10.527659497899759,5.845567467136711,6.264000581354556,4.735342874082078,709.8,progressive_degradation,132.20000000000005,2
6.055268929311746,7.668267628525158,-11.443296897857273,10.774618964781306,10.26189109150264,6.23739828194727,710.7,progressive_degradation,131.29999999999995,2
13.727802828803512,7.761381142086605,-11.067926317410864,9.719026834079564,9.094402258348262,2.9265038152751224,711.5,progressive_degradation,130.5,2
11.457072877521968,9.803503155384467,-11.122464759853296,7.207030592967014,12.227321910950055,4.666592655197482,712.4,progressive_degradation,129.60000000000002,2
13.513680972955946,9.750395313296334,-8.499673108737678,7.300608953770572,9.654048786033654,6.836377176838782,713.3,progressive_degradation,128.70000000000005,2
10.593479422484094,9.929436757645245,-11.331055999860025,4.982444215710584,5.491846483612179,4.345602841052503,714.1,progressive_degradation,127.89999999999998,2
12.964990298355081,11.325100825086688,-9.403171050366135,9.108352808853727,12.579293347018968,4.170662826087752,715.0,progressive_degradation,127.0,2
12.837333366464506,8.964552014749891,-10.135299717829168,9.660638751081027,12.334533174229772,5.312100166817246,715.9,progressive_degradation,126.10000000000002,2
7.001771557289876,9.445254569895996,-10.654354961210599,10.529659327543822,11.359878019188022,-0.08115485932408638,716.7,progressive_degradation,125.29999999999995,2
11.85135643181335,9.841219382177533,-12.954175593402207,5.825700827481162,10.06095047280189,10.393134301869477,717.6,progressive_degradation,124.39999999999998,2
9.421728173168724,11.395386574700568,-13.01250037871624,8.382070185618394,10.059783115214644,3.8853063264162064,718.5,progressive_degradation,123.5,2
13.452407177356584,7.513011756401321,-7.598270746767691,12.90155294364727,14.760404408000447,7.371339886306276,719.3,progressive_degradation,122.70000000000005,2
9.21333928203747,10.056710079079007,-12.256100850643751,13.537683824450108,14.896517805293207,5.733744859894985,720.2,progressive_degradation,121.79999999999995,2
11.020618116170958,8.661789626502827,-10.662225720754346,12.932007930905607,10.03464707452433,8.817167368265427,721.0,progressive_degradation,121.0,2
8.166624649632608,10.037907534728111,-10.523411946242193,10.69519944088845,10.661019986686675,7.825406910604089,721.9,progressive_degradation,120.10000000000002,2
11.356981221591202,4.241144742470418,-9.368395102300125,8.55650816305776,10.143903861969346,4.65331738596887,722.8,progressive_degradation,119.20000000000005,2
8.102714127894599,6.003511973107377,-5.832904494976831,8.405985962121783,12.968208789173687,5.9250610925929355,723.6,progressive_degradation,118.39999999999998,2
12.196034524226757,8.001590971179855,-11.097668242068577,9.663936715633547,7.679330361877952,1.5445493042823617,724.5,progressive_degradation,117.5,2
12.251000964560832,9.292516480712655,-12.029399613242601,10.423302737473625,11.58215728906606,5.313559396870169,725.4,progressive_degradation,116.60000000000002,2
7.6209372170443945,9.499588972373298,-7.176829638029749,15.801252308722326,13.32240375120024,7.015027394247857,726.2,progressive_degradation,115.79999999999995,2
14.029718912449887,7.168621080548356,-9.383609957206287,13.022869344401625,10.933131048886343,10.63096831710503,727.1,progressive_degradation,114.89999999999998,2
11.471071595755959,11.386257085675602,-9.299353758252135,14.17313131830288,14.070551571654299,6.303230548578696,728.0,progressive_degradation,114.0,2
11.83627457711578,8.456576172005303,-9.841033407297513,11.557765192434264,14.310045005793867,6.864668465021551,728.8,progressive_degradation,113.20000000000005,2
14.400255520334962,9.401629838032333,-11.703810378503118,12.696839817620631,12.326566016832157,6.005383750647855,729.7,progressive_degradation,112.29999999999995,2
11.059813433148836,8.07292141885171,-9.667059008395698,9.905354914425365,12.752456739731366,9.118072793643636,730.5,progressive_degradation,111.5,2
8.967204726266022,5.115609554998277,-11.770934382969319,11.531027332169485,9.191795173581063,6.058617377113499,731.4,progressive_degradation,110.60000000000002,2
10.603922389701198,10.993351601942926,-12.402691733133954,9.976846319672868,10.07134864548483,9.414743066183775,732.3,progressive_degradation,109.70000000000005,2
13.043369991538468,10.39132060289991,-9.432560522894843,9.64510622339824,15.806412400781218,4.387330049197091,733.1,progressive_degradation,108.89999999999998,2
7.308550814250016,7.835166731229318,-9.92044993501737,8.915189475632918,12.955506120926211,4.827557072078758,734.0,progressive_degradation,108.0,2
10.529727541945316,8.196381693408522,-13.408256790304366,8.167367713101076,11.41374046368354,4.968930394436225,734.9,progressive_degradation,107.10000000000002,2
13.264001606939983,6.369693797620197,-8.815267808104627,11.310222795205362,12.946564938237644,9.576156594124269,735.7,progressive_degradation,106.29999999999995,2
9.513296967431508,9.546852971553033,-8.510102670738016,11.228552521175356,16.08616070233529,7.941339352624634,736.6,progressive_degradation,105.39999999999998,2
15.027922160212775,7.359067313754517,-13.659528976127673,15.511518375886238,10.385543049903264,6.071625177260478,737.5,progressive_degradation,104.5,2
13.484912212036644,12.31195251689537,-9.766161498029676,11.361738274220267,12.295681683109029,5.00017349171794,738.3,progressive_degradation,103.70000000000005,2
12.745786453746462,11.480087945098905,-14.20213003573888,11.178875546728525,10.707155308135741,9.092044327748278,739.2,progressive_degradation,102.79999999999995,2
10.280091939018781,5.259454576187183,-9.048048341228094,12.913631185471136,11.538246430199534,7.234111319008662,740.0,progressive_degradation,102.0,2
7.715755420697967,8.315034740344592,-10.592614411263444,12.783956436635247,12.249839363763536,4.8850783294934255,740.9,progressive_degradation,101.10000000000002,2
10.233801531165813,11.314344678543975,-8.26958833089807,7.905470039797685,16.74751464859812,5.514464734712914,741.8,progressive_degradation,100.20000000000005,2
8.05256709778491,11.28360994457545,-10.905019922365927,8.990277654301789,16.70304609958722,7.464265585916934,742.6,progressive_degradation,99.39999999999998,2
7.601030481736331,8.346044288502457,-11.66462877882454,11.23490774313606,11.795945203816292,8.659924834440258,743.5,progressive_degradation,98.5,2
11.83480851361962,9.521673121455619,-11.249778524899016,5.531335357177854,15.038372863883929,9.640852794295697,744.4,progressive_degradation,97.60000000000002,2
14.713035790934294,10.103961954103339,-9.860753607418461,9.243655124719695,12.585111714665691,7.797594866073275,745.2,progressive_degradation,96.79999999999995,2
14.018843784724563,9.704412433205084,-12.194579828022668,11.53285476974242,12.856333769123346,8.84538874206167,746.1,progressive_degradation,95.89999999999998,2
10.679003440018208,13.074349719568243,-12.497259674376746,7.37635700202483,11.469641133129699,5.402767784098899,747.0,progressive_degradation,95.0,2
13.525125020843934,9.368728921630257,-11.472258392800759,11.05524752736373,12.700289414034199,4.233023242469123,747.8,progressive_degradation,94.20000000000005,2
13.470207813985496,9.265548317692003,-7.42741001067412,11.525385931395492,14.031088539840901,4.330107070593708,748.7,progressive_degradation,93.29999999999995,2
6.578609834355648,8.968197344143666,-14.417732052094587,9.679622797873948,14.30374970229359,10.571340994598888,749.5,progressive_degradation,92.5,2
10.836616206629051,9.372998645027723,-13.015053139136327,10.233969967946564,10.276596059215024,8.187608293132486,750.4,progressive_degradation,91.60000000000002,2
9.879320506718292,12.098813906143764,-12.922370313280679,8.990884955660249,12.711341706161985,9.105852334445164,751.3,progressive_degradation,90.70000000000005,2
11.850995386325456,9.697091464029022,-11.462433034450145,8.468941947365472,12.373487123500857,8.445479974687634,752.1,progressive_degradation,89.89999999999998,2
11.102504326895591,8.993987443396804,-9.049483324896192,15.80897845470633,13.59267218156426,7.329832578375004,753.0,progressive_degradation,89.0,2
11.482050660818718,9.531420942406571,-9.633845933770314,5.314391818144137,17.28621281777454,7.428215324387769,753.9,progressive_degradation,88.10000000000002,2
11.119046774703163,8.364596266974837,-9.764693283160845,12.881430379729032,8.582664793572032,6.103174509712239,754.7,progressive_degradation,87.29999999999995,2
13.47356663109983,7.58572435779011,-11.14069559797766,13.069494594937858,10.578683801024429,8.72576607313582,755.6,progressive_degradation,86.39999999999998,2
11.086235398397006,7.932770223678214,-14.776536375471615,11.951450027271411,10.556906228045163,9.19001605165333,756.5,progressive_degradation,85.5,2
10.674370022923952,6.697939139849986,-12.241882931759644,11.330370259862654,15.944879870162866,9.055456927360892,757.3,progressive_degradation,84.70000000000005,2
13.795914607127555,9.43975222403168,-11.701157924480832,10.352819812158506,14.17992470513596,6.339638507683478,758.2,progressive_degradation,83.79999999999995,2
7.9069071249768115,9.977313026673267,-11.907812691790184,14.452593696272142,13.56409126682533,8.986289084283646,759.0,progressive_degradation,83.0,2
12.175230645585195,9.344444238340733,-11.069057185241931,7.912573667304911,13.166499717591764,7.740817104991845,759.9,progressive_degradation,82.10000000000002,2
13.93780548385779,6.945318386176652,-10.234874493316017,11.150758462194084,10.128124617805355,9.191260798588267,760.8,progressive_degradation,81.20000000000005,2
11.780777509322261,11.211349978322035,-12.6361439393147,12.932868389777955,11.590664114653267,8.51093490677289,761.6,progressive_degradation,80.39999999999998,2
9.582989687361467,8.611272312287632,-13.712230639474937,8.481259512959312,13.251934107669431,5.757939131170449,762.5,progressive_degradation,79.5,2
13.37807556994621,10.642820041373975,-11.693259975772834,13.663310819812557,11.931597232607121,6.713141136047529,763.4,progressive_degradation,78.60000000000002,2
12.292772833429401,10.191498356175428,-10.88534100949438,11.740378912535308,14.284074249307759,8.824492973985894,764.2,progressive_degradation,77.79999999999995,2
14.52917064104683,8.40107582991591,-11.662612752646622,10.35729226157055,16.019567329358548,8.712590343033787,765.1,progressive_degradation,76.89999999999998,2
13.482680294475317,10.648738649907415,-11.282373297789512,7.876745653904796,12.973766269108182,11.050166514507024,766.0,progressive_degradation,76.0,2
12.715425810448872,10.766112598447577,-11.09080046058337,16.235687203049316,16.43549457041609,3.8556560244440097,766.8,progressive_degradation,75.20000000000005,2
12.26373055320111,13.167428881356019,-13.295803414023634,11.79961500403665,13.43967610986047,7.1937194248614675,767.7,progressive_degradation,74.29999999999995,2
11.044370532963423,10.481150491037369,-13.304106179176939,10.099355189153854,12.271240004436427,7.437474663854709,768.5,progressive_degradation,73.5,2
14.576992757030176,10.128442644572022,-14.167439683189924,13.541442452675453,11.503345009214716,7.052737487641168,769.4,progressive_degradation,72.60000000000002,2
12.142129338811523,11.639134636481444,-11.947790833280322,11.618047114976601,12.065269850030932,7.822311887047512,770.3,progressive_degradation,71.70000000000005,2
15.249948724090123,9.636496955974176,-10.38280972892685,13.463225081129966,16.28336991513166,7.195562591545489,771.1,progressive_degradation,70.89999999999998,2
13.770263966330708,11.325747446708643,-12.929086036847377,13.492739373801173,18.692047913362494,8.641720177750951,772.0,progressive_degradation,70.0,2
10.989097751003303,7.886655998570024,-11.843986632245407,12.206814023317428,16.48215735163376,8.140567253043422,772.9,progressive_degradation,69.10000000000002,2
11.868270865881135,5.698795575146466,-15.292027824325748,9.509779006793206,15.30168248352232,7.715792156005272,773.7,progressive_degradation,68.29999999999995,2
14.877951523095046,9.332449407253465,-13.306793878412135,13.541198978782306,12.04410217057641,10.021834569175805,774.6,progressive_degradation,67.39999999999998,2
10.804275283534384,12.543705747588996,-12.129777979583583,11.461998333341233,15.745688317700973,11.998868343563649,775.5,progressive_degradation,66.5,2
10.106587700555828,10.28436130385836,-11.579987903546728,11.286889419321353,8.611697990474878,7.929600507057322,776.3,progressive_degradation,65.70000000000005,2
12.716705880814954,13.26714601823167,-13.606918950333947,12.152522111896094,13.15499936349497,7.883417399440213,777.2,progressive_degradation,64.79999999999995,2
15.302650424545813,9.88845913304646,-13.024542157455256,14.330632643050716,16.048374476688767,9.706176361819349,778.0,progressive_degradation,64.0,2
13.105770686690837,12.007729167921187,-12.998861488329785,14.7693781319858,15.430787407438665,7.564812969364356,778.9,progressive_degradation,63.10000000000002,2
13.150409037917562,7.744199193175737,-13.131127709291084,12.64790709859716,13.0462340134406,8.043250151251446,779.8,progressive_degradation,62.200000000000045,2
13.28685688039895,7.692802877693198,-12.454467957891051,13.128772187670986,15.210791822827307,10.011927717533414,780.6,progressive_degradation,61.39999999999998,2
14.461009629247197,12.284568091205594,-15.733960499844118,12.180475958252183,12.730089437577004,9.960861944902776,781.5,progressive_degradation,60.5,2
15.033113556697373,11.97731976545622,-14.686387176920487,16.575240597894695,16.27285747421212,9.288095609612173,782.4,progressive_degradation,59.60000000000002,2
14.951938496176107,8.558746429659234,-11.735676078989618,9.587494213434082,14.47691964061442,9.793049980963387,783.2,progressive_degradation,58.799999999999955,2
11.428998855647555,7.926471724941861,-13.46125350643392,10.338911366012903,12.563577233525736,8.636711395986913,784.1,progressive_degradation,57.89999999999998,2
13.78079445972672,10.162372093491507,-10.754804824983461,13.123021500319954,17.984506130061938,5.4704647165114135,785.0,progressive_degradation,57.0,2
10.885587103710145,12.949412318743784,-16.350616786789953,15.367652972528614,17.419652043347845,6.071944108747689,785.8,progressive_degradation,56.200000000000045,2
14.616231837097482,10.397845419203952,-12.84114620964206,9.818959033469426,12.75704235830139,9.547050710232138,786.7,progressive_degradation,55.299999999999955,2
13.671873600501822,11.062622963887382,-12.448342339888924,9.162181289853473,13.7369937395281,9.39920158898318,787.5,progressive_degradation,54.5,2
13.884977964519976,8.449540120481407,-11.754279509364647,11.478872734185087,15.273112334586724,10.088544913102423,788.4,progressive_degradation,53.60000000000002,2
13.507422851166297,13.718182785778053,-13.518487704160199,11.419644942930097,13.081115549986661,7.6379210721529605,789.3,progressive_degradation,52.700000000000045,2
13.790143349707924,12.523848401717284,-14.73747763053515,15.24521327176727,15.08202027277704,8.694492335408677,790.1,progressive_degradation,51.89999999999998,2
14.664015660377562,9.721950024008038,-15.93471622551999,9.396635581951735,15.550419059602401,10.101218038328918,791.0,progressive_degradation,51.0,2
14.300634317615582,11.959266898048272,-11.422502222245905,13.309956882024217,14.836625132907134,11.285204292849967,791.9,progressive_degradation,50.10000000000002,2
12.47971234034984,16.89139352643182,-14.245215798000777,14.256551560939828,16.916851314983408,5.074141050536551,792.7,progressive_degradation,49.299999999999955,2
14.105708046872715,13.086451647361622,-11.318315358899488,13.781008313155255,15.284518186461842,10.032319357175595,793.6,progressive_degradation,48.39999999999998,2
11.590150962116653,13.066036590340982,-13.952308945681,10.619949407415614,15.2209032052752,10.935829237775195,794.5,progressive_degradation,47.5,2
11.806110867720642,11.412332102580907,-13.585471734780878,13.155265190668231,15.133538894228446,7.933807220144939,795.3,progressive_degradation,46.700000000000045,2
12.297001441946334,12.654203279318173,-14.713108083329574,13.217849048200243,17.7813612346599,7.114970602282422,796.2,progressive_degradation,45.799999999999955,2
12.813351193452531,9.930677462882379,-14.40096439380864,14.669302061659076,11.125544063999454,7.315458146648293,797.0,progressive_degradation,45.0,2
16.16106342387151,12.609667215106057,-14.621918647494828,13.534390010020752,15.196352404419994,9.10622289762218,797.9,progressive_degradation,44.10000000000002,2
12.427935135158547,10.891407661856665,-13.094111172690678,10.356343266737055,16.18069234695248,5.911863694109609,798.8,progressive_degradation,43.200000000000045,2
13.676020153226059,9.357318070695326,-12.36693596814931,13.712668234774632,17.089827371951973,8.356319664179903,799.6,progressive_degradation,42.39999999999998,2
10.21583678295151,14.243550729460651,-15.097136902076533,10.840265613219067,14.13363171849705,9.038635492105746,800.5,progressive_degradation,41.5,2
10.944601629817232,14.205428343461305,-16.124637572750217,12.112703063372626,16.031432310448505,9.547324781398691,801.4,progressive_degradation,40.60000000000002,2
18.674601936127225,8.7349791113378,-18.2447922076596,14.554480603679096,14.101685176787852,8.197391905856259,802.2,progressive_degradation,39.799999999999955,2
17.78045090388926,12.462217278374748,-13.685689987154687,12.963085436640723,18.062125612732753,10.77887279429683,803.1,progressive_degradation,38.89999999999998,2
16.62159335479956,11.339674059891474,-14.02238851300044,15.443398254034083,15.828098399837314,9.255461842390227,804.0,progressive_degradation,38.0,2
13.528680771860769,9.836040347124195,-13.988321497216779,14.86765719897622,10.820074761830847,9.811682926751752,804.8,progressive_degradation,37.200000000000045,2
18.857077607925014,10.543403987691033,-16.778572217878008,12.577313503330613,12.182169744193171,7.204425467348391,805.7,progressive_degradation,36.299999999999955,2
15.623663626345662,14.795737304913835,-15.015179698009591,14.406025164086024,15.81722958929577,7.472997266442455,806.5,progressive_degradation,35.5,2
14.32652565540436,9.29615574802871,-7.533548451809146,9.542079415491596,16.134818677587674,11.057906189451318,807.4,progressive_degradation,34.60000000000002,2
13.505787205698532,12.585309786884052,-13.238959934657506,11.182957884561787,15.619500528153752,6.860897658823295,808.3,progressive_degradation,33.700000000000045,2
16.494576458092077,13.929906911731635,-16.26480274942559,15.418017484048686,14.54831202114909,8.966737432985159,809.1,progressive_degradation,32.89999999999998,2
15.54429379326371,4.899682388501991,-14.097836429747684,14.742546202262297,18.297192805254877,11.3494087223365,810.0,progressive_degradation,32.0,2
19.22461097379739,12.253047307827874,-12.093382765736312,11.56872843449751,14.849367225526418,9.172214968565665,810.9,progressive_degradation,31.100000000000023,2
15.73623323315246,13.352758720978443,-14.912774228423777,16.566559923579632,17.010953274857876,10.829455429738243,811.7,progressive_degradation,30.299999999999955,2
14.482765355084057,9.560118818265943,-13.991347550495819,11.485201672032323,17.969653939988948,6.945189185624261,812.6,progressive_degradation,29.399999999999977,2
16.637599704761527,12.392719598862623,-12.918167069890755,16.978526051018154,15.14668895696512,10.552948263131299,813.5,progressive_degradation,28.5,2
18.89028832242223,11.18938909148641,-12.751822756078887,15.02649763013632,19.02282969697228,9.796685867631224,814.3,progressive_degradation,27.700000000000045,2
14.411179881535926,9.565289770549018,-13.432521608877327,12.070338605966349,18.226897793819973,6.583454519714884,815.2,progressive_degradation,26.799999999999955,2
14.538475767938607,10.074734656790987,-11.73416154184097,11.95095339586439,13.956502935910574,10.71122376932108,816.0,progressive_degradation,26.0,2
13.188056235606583,13.606814335551796,-14.127662942916363,15.59652949907495,16.242420470383376,10.626760757596262,816.9,progressive_degradation,25.100000000000023,2
13.703016509023104,9.226361026708997,-15.194892017571625,12.66311314992323,17.451056106992784,6.830742720564812,817.8,progressive_degradation,24.200000000000045,2
11.526836712472306,10.304372222365277,-16.654652063331575,14.069600962117251,14.14422191004828,8.691895007485,818.6,progressive_degradation,23.399999999999977,2
14.32090209841154,9.534478250262872,-13.830443083543635,15.776882785418088,16.64438014742798,8.733595807289882,819.5,progressive_degradation,22.5,2
13.24488260724177,8.62360257834128,-11.109349512629928,15.711864188954682,16.748830003683814,12.074041375376106,820.4,progressive_degradation,21.600000000000023,2
16.52009580962059,12.541767903415694,-14.367724130019015,11.127826264883998,15.615550339593991,11.867364968886688,821.2,progressive_degradation,20.799999999999955,2
16.310076743407784,14.153456130596712,-14.716410056275317,8.585139862866328,15.572890811580722,6.019098820303092,822.1,progressive_degradation,19.899999999999977,2
17.7337720986175,11.722835764058319,-14.806883510785143,17.626865210837792,15.908120217693373,11.86878390929314,823.0,progressive_degradation,19.0,2
16.109308100224904,10.027529257695749,-15.327331443579189,17.24063676397803,15.608882969930447,9.388509597087248,823.8,progressive_degradation,18.200000000000045,2
15.287065294319698,9.709096398579113,-15.556126246626636,19.275518243995734,15.488786396549678,10.019098766752911,824.7,progressive_degradation,17.299999999999955,2
15.600841175203753,8.404024020373516,-14.467984676648298,11.949363898687013,14.266603611313377,9.360158720855914,825.5,progressive_degradation,16.5,2
16.68471614092767,11.796356642474551,-14.811721168007269,17.071456992605853,16.368518946826125,9.319981817679391,826.4,progressive_degradation,15.600000000000023,2
11.495606277772117,11.913409300896278,-12.075253635226316,15.326814377077621,19.912051355498036,7.20551227209779,827.3,progressive_degradation,14.700000000000045,2
13.054721042861441,12.489787607780839,-15.73749408418892,15.433563845475403,13.527121412045716,7.226053220429838,828.1,progressive_degradation,13.899999999999977,2
18.42888312970542,12.015809917503057,-13.717434846911233,16.895785045208083,16.10570237944888,9.665965432512824,829.0,progressive_degradation,13.0,2
14.962988676259194,10.624472152851016,-13.148069579629377,13.506564817483207,16.232885575172475,11.289573010944617,829.9,progressive_degradation,12.100000000000023,2
14.01914465596445,14.340277241334784,-13.154012929530497,10.188264661381583,14.455554290244862,4.771150889879711,830.7,progressive_degradation,11.299999999999955,2
17.243384799920356,15.13450641404093,-15.372254991942322,13.817057666458224,16.556559667762304,9.99083270192025,831.6,progressive_degradation,10.399999999999977,2
16.829790782414523,11.900561737545075,-15.203733530979267,12.128848425911452,16.59533475397678,9.561178664121602,832.5,progressive_degradation,9.5,2
13.884797441776055,13.024179964474852,-17.391737214734523,12.011831552770035,16.65653106825452,8.494572401062237,833.3,progressive_degradation,8.700000000000045,2
18.151698661977704,12.265375553188962,-11.518691443282126,13.540190498849935,16.799996992466685,8.740766348656695,834.2,progressive_degradation,7.7999999999999545,2
17.24180385831444,13.95402791892311,-12.63642187299357,10.383395152989012,18.582395697960973,7.278048194192783,835.0,progressive_degradation,7.0,2
17.255036722483215,13.521694681791773,-16.28141532877478,14.355006316478141,17.869088460937085,4.962937902018171,835.9,progressive_degradation,6.100000000000023,2
15.546788289361654,19.331082761218124,-14.633469007265404,14.79583931737201,13.592092206206987,6.594173766371664,836.8,progressive_degradation,5.2000000000000455,2
19.812743132754218,11.207207558556389,-17.192362094398266,16.99475164927175,18.563206170274487,11.204855734308024,837.6,progressive_degradation,4.399999999999977,2
15.767786420637222,16.025120601577107,-9.61487192515678,11.907422753844939,16.302491693617764,9.789504999926452,838.5,progressive_degradation,3.5,2
12.810216662171547,10.836879272892784,-15.499234430968524,14.254162473363394,18.88799266102553,9.631682836901609,839.4,progressive_degradation,2.6000000000000227,2
13.400657324096189,13.040355608486557,-14.285112371998196,11.92117902880733,20.38324539703296,6.8336527164592225,840.2,progressive_degradation,1.7999999999999545,2
16.26411455872555,16.650337027152318,-11.71558932865451,19.30784908693077,19.68671865618065,8.181221199176917,841.1,progressive_degradation,0.8999999999999773,2
18.19044540728883,14.73879620902303,-18.123991757957914,13.721708586431832,17.965541037077575,9.249175980403534,842.0,critical,0.0,2
20.744563244225944,12.886902194133903,-16.184910914834624,17.326516646285445,17.461200734241377,11.69686798779306,842.8,critical,-0.7999999999999545,2
13.992799276122764,9.738133750790006,-15.88162585782474,17.61051372551444,17.40545467249692,11.986268349124034,843.7,critical,-1.7000000000000455,2
17.583314597129757,15.642629767343042,-15.656724140293683,14.297060913285314,17.71177276136628,12.009964247629682,844.5,critical,-2.5,2
16.683534537512813,16.360381788405086,-16.18339033564948,15.657176632456988,20.136813650257317,9.680983821446187,845.4,critical,-3.3999999999999773,2
12.261088356676304,18.12306626777532,-16.902721969811342,16.32971377715616,16.227468599737303,7.375500723367868,846.3,critical,-4.2999999999999545,2
16.813188160358994,14.596557638426168,-11.616705359340518,17.603452982613387,14.186033964788802,7.846299800847975,847.1,critical,-5.100000000000023,2
17.05342563982869,16.090487985478987,-10.575729940271877,15.143611339485249,23.511622644999328,13.164064556531937,848.0,critical,-6.0,2
14.652123040822824,14.841588839988107,-18.583791742404724,17.273743679947444,20.281953775311944,12.026895548349366,848.9,critical,-6.899999999999977,2
12.810971575464341,14.858940527074747,-15.63078668461707,18.3722563845614,19.92906150778636,11.149607794802959,849.7,critical,-7.7000000000000455,2
19.82367843472755,10.36792098295543,-15.641573733776829,15.899232566843898,18.103257408657935,9.658113860693236,850.6,critical,-8.600000000000023,2
15.447238201662653,14.72354200082262,-17.52659849037139,14.212206111403002,17.693826199503857,13.25957539560179,851.5,critical,-9.5,2
14.956462505546767,16.23526252524947,-15.705904303369131,14.89193956969371,18.382223294688814,15.90123310315543,852.3,critical,-10.299999999999955,2
16.974351207600463,12.08666550242129,-14.07574674431374,11.753266428378986,19.921266054186137,9.004964689697688,853.2,critical,-11.200000000000045,2
16.11285838085558,17.695087623129332,-14.704515300424395,17.92860960015249,17.730635030162986,9.260263081689665,854.0,critical,-12.0,2
19.414220029173585,14.07086436324001,-17.819137785470918,15.508530287197706,21.872037369908657,10.009746320960096,854.9,critical,-12.899999999999977,2
19.57048161039802,12.880528929772526,-14.381599666834953,16.058103432240642,18.492750350035163,11.384242507396943,855.8,critical,-13.799999999999955,2
19.017283337585027,14.89319732819035,-19.452632562684958,14.980882242906873,15.867806170657932,9.170939411901069,856.6,critical,-14.600000000000023,2
17.15725903990647,10.772795028771968,-17.848007642860853,19.293098165779938,19.50237941221558,10.959736910851166,857.5,critical,-15.5,2
19.32955486226965,12.721973266684136,-14.990836332962168,13.247370257743416,19.818511661234357,12.483190014530763,858.4,critical,-16.399999999999977,2
12.588638669960947,11.104055244314104,-15.963997948397829,13.942392769823789,16.535863358241013,7.247267919992826,859.2,critical,-17.200000000000045,2
19.27147577219928,13.31066365338922,-18.905671166734894,21.721010144546977,20.670467825255113,10.312087276599188,860.1,critical,-18.100000000000023,2
18.614000998028015,15.341180829265554,-14.722987820008658,12.360955131665065,18.207902179783154,14.511392655644622,861.0,critical,-19.0,2
16.067979332636927,13.766533917559697,-15.069768490756157,16.832912062427976,17.918519033300015,7.217706492240781,861.8,critical,-19.799999999999955,2
17.0869153440211,14.909736696864405,-13.853301114618818,18.425021050653047,21.03543578217353,7.209663121389872,862.7,critical,-20.700000000000045,2
16.50929726730175,11.03572350441407,-20.950840100689067,15.708863649896609,18.4399000417744,13.258855429776366,863.5,critical,-21.5,2
19.917539320799616,13.681248567009044,-17.86945586542001,21.64782548904263,16.278249548344178,14.305127101978693,864.4,critical,-22.399999999999977,2
17.253346373153704,15.223996825826866,-15.447190342593386,19.65211702170694,18.143634521769314,9.205229456018362,865.3,critical,-23.299999999999955,2
13.05129658111294,14.775344475511442,-13.742809386187517,13.484616199366425,18.878059829425954,11.801859928669677,866.1,critical,-24.100000000000023,2
17.375932257055595,11.57079885519627,-16.250358254172838,17.393934013946037,19.007929028486874,12.22931564147211,867.0,critical,-25.0,2
14.46546799398369,13.695540925546803,-21.69465003871345,14.914206363920846,19.04808404307544,7.574674114264954,867.9,critical,-25.899999999999977,2
21.156641964759977,14.204042148359248,-16.52550051218461,14.29268391670638,17.623276329206597,12.180987533390889,868.7,critical,-26.700000000000045,2
20.222863455035963,19.728514596304482,-15.272627852139161,17.225011550210922,15.847182013550594,7.703001208955486,869.6,critical,-27.600000000000023,2
15.074316505403228,13.394880057571072,-13.830288004606869,16.773338427574775,21.186853684000607,13.662212009039967,870.5,critical,-28.5,2
19.24199586107666,14.290067072390002,-16.162540274703556,16.729777351318678,22.41501861704977,10.427877858435927,871.3,critical,-29.299999999999955,2
15.742179542929852,18.638692452584667,-20.32952338959169,17.173924917257796,18.009076169407702,6.20292862726314,872.2,critical,-30.200000000000045,2
17.364936780834306,15.30360200956717,-20.258143777419253,10.042385064907979,18.74928990501199,8.957038800944286,873.0,critical,-31.0,2
15.461225979124272,13.045431588218886,-14.7659527415406,17.198656884652962,18.593781234765203,9.597076231276318,873.9,critical,-31.899999999999977,2
22.822845009704032,13.299810513603216,-15.426425877164503,17.6112731980561,18.98516406985471,10.236957581549325,874.8,critical,-32.799999999999955,2
14.716679068129983,16.318561535005188,-15.625416321177099,16.875009528576438,18.825357981593186,13.05356139829997,875.6,critical,-33.60000000000002,2
12.839592635956782,15.120597987091207,-20.373828636219933,13.627545058260107,18.13725058341018,13.592559166646987,876.5,critical,-34.5,2
17.889497581996334,13.293449373397243,-19.71563636937375,12.671320710195952,21.551824913723237,15.032519257233234,877.4,critical,-35.39999999999998,2
17.05227685873094,12.871670213551742,-23.03256839048202,16.132303484549322,14.915856310166253,13.469336837878274,878.2,critical,-36.200000000000045,2
17.508693059251865,19.752692182887873,-18.86057642733767,13.686631745327025,23.254856459096484,7.947705963188501,879.1,critical,-37.10000000000002,2
18.51903509394763,16.5968088810099,-13.176270784980291,15.633029832429992,19.923514341491455,11.59769586942104,880.0,critical,-38.0,2
19.60129629574852,11.378954302732646,-18.85934284488615,12.252497195892142,19.843194041737927,7.9581066169265355,880.8,critical,-38.799999999999955,2
19.493737562682348,13.668790997323576,-20.01108289103454,18.709085915227288,21.563650750352267,9.24596770569784,881.7,critical,-39.700000000000045,2
20.985014068756666,16.218939370680243,-17.052668196569677,15.705460548890226,19.992002065223065,12.112184836395345,882.5,critical,-40.5,2
17.168982077489655,12.190902928572923,-18.176448718827043,16.81976723894722,21.100229091301017,9.599546596028329,883.4,critical,-41.39999999999998,2
22.19430857842362,15.076411502693457,-15.282973832634623,16.782696955342328,16.345919350933197,9.953136489833703,884.3,critical,-42.299999999999955,2
17.58407498080876,15.25326049560543,-21.50737107544469,20.573766693570885,17.653163728009275,9.768730947211237,885.1,critical,-43.10000000000002,2
17.96524601942723,15.423633168835034,-19.82718746820423,18.20009129124948,19.885143791103108,11.687215739630895,886.0,critical,-44.0,2
17.996104467867205,12.895385061536915,-17.878984156976177,18.698745191640818,21.757648965411672,9.393878954258794,886.9,critical,-44.89999999999998,2
20.653514136650234,13.630086651864456,-18.788097164522743,15.914935249577002,15.332966411567842,12.590431742809166,887.7,critical,-45.700000000000045,2
15.479086790001142,14.612715096204747,-17.519763940086914,13.796684711774889,17.974522257788745,17.143000297098244,888.6,critical,-46.60000000000002,2
19.730468524610842,13.20932592107354,-16.054568075491613,19.615556511565813,21.02011451528342,10.088794099487334,889.5,critical,-47.5,2
20.55852635102516,14.98236644985787,-16.944083737659344,16.48047806861087,15.440036728950293,10.881513038665876,890.3,critical,-48.299999999999955,2
18.758720064413186,15.199649501067704,-20.5412907267838,15.109532603004867,8.527429310816547,10.37908794297833,891.2,critical,-49.200000000000045,2
17.03942145120854,15.769535322729313,-14.745379607267468,17.675104167603262,13.48603907422106,9.48183514604651,892.0,critical,-50.0,2
23.47790187318384,16.81844450401252,-20.153576265773516,21.12713512626058,18.84105146536781,10.158238214426106,892.9,critical,-50.89999999999998,2
16.751175862625367,19.206454526356676,-15.789977227216202,22.293236736959837,17.1408331535957,11.218568095415597,893.8,critical,-51.799999999999955,2
21.59089763086677,20.23462533980825,-19.200173116689943,19.180751564588736,13.736366728376053,10.480572483916825,894.6,critical,-52.60000000000002,2
20.181578450537412,14.62429366462287,-18.99455556564594,13.943089298830579,9.755522457489072,12.450108321239208,895.5,critical,-53.5,2
16.074439858715238,15.829766106121808,-16.669243581472436,19.786260761518903,13.54735356472201,10.829701399722806,896.4,critical,-54.39999999999998,2
18.15666030224274,15.665938456121932,-19.078203532926036,18.256431980146612,12.73373972315326,9.824688018351075,897.2,critical,-55.200000000000045,2
15.615365050510977,20.936694765845335,-19.181032952072734,20.21090482358058,18.028907091359496,12.150262445849542,898.1,critical,-56.10000000000002,2
15.909206844156017,14.57458866882026,-17.116333135141197,16.82571920727241,15.02081946915931,10.626696598873517,899.0,critical,-57.0,2
20.662168287586603,15.21220406399646,-18.50268948650214,20.2766157989276,17.00695503851783,10.526103508684296,899.8,critical,-57.799999999999955,2
18.75779009876263,21.90001953407772,-19.32737409705438,15.899252625772597,18.036432969244203,10.282929422448786,900.7,critical,-58.700000000000045,2
19.79552782744655,16.948599333049106,-15.799887174077776,13.187458387851176,16.926122480310003,11.703825231031486,901.5,critical,-59.5,2
17.199364602331933,14.086617682504869,-15.536915591583629,12.140944651602423,17.285729583926035,11.2191531417106,902.4,critical,-60.39999999999998,2
17.083425237638433,13.22551368924065,-18.336568728040664,14.114351740351173,14.375316456544882,8.931516494893271,903.3,critical,-61.299999999999955,2
18.896995015878627,21.139477327182828,-20.781647973674822,16.57356463981778,11.394867493678317,11.017582686132592,904.1,critical,-62.10000000000002,2
17.0755205296087,19.76098914657457,-20.204310239234843,17.795282051232316,15.417936311060611,11.13750955881774,905.0,critical,-63.0,2
16.649519676247163,12.244404805711953,-20.444961531902063,20.663378228302978,10.572228754534263,14.661759541229689,905.9,critical,-63.89999999999998,2
20.175528203422584,14.64177871741903,-19.45723256647153,16.013691580732964,14.965864995402482,9.677550737284546,906.7,critical,-64.70000000000005,2
20.098767744548432,19.77475814573707,-24.7750705691612,16.76824000124997,13.241264012325852,11.9985819992905,907.6,critical,-65.60000000000002,2
21.227204476092535,17.305362709499654,-21.802264750765975,13.017380114810845,13.11056483442261,13.44354113779763,908.5,critical,-66.5,2
14.925981513753213,17.925575900275,-18.55660962720968,19.09489243289722,11.54183591051855,13.26091341814684,909.3,critical,-67.29999999999995,2
22.901098884005293,19.34188134230477,-21.877451852937753,17.13399312372132,18.613447278438915,15.32458533731635,910.2,critical,-68.20000000000005,2
21.033109704049,17.884428537500444,-19.27445995542363,18.764056371788303,13.476668572827089,16.634049802240146,911.0,critical,-69.0,2
17.494814689513838,17.944236996146092,-20.951637649506708,17.7790405441732,12.798608651283374,14.213169538872986,911.9,critical,-69.89999999999998,2
21.39982251199441,18.3966882484905,-20.89013173197687,14.68471146902091,15.485063151124223,14.169758629787985,912.8,critical,-70.79999999999995,2
17.918583625314,17.694121732081545,-15.73612455591621,15.950476904477812,16.885332875443837,10.774028726087488,913.6,critical,-71.60000000000002,2
16.765398866692706,14.825817334490123,-20.27477246886577,15.84339819297455,13.896049806568673,11.079874796327616,914.5,critical,-72.5,2
14.605285594351832,18.17007768038398,-20.919149619260992,14.124630903777158,16.003017146017726,12.439906491827992,915.4,critical,-73.39999999999998,2
17.169906572754,9.699655722898592,-18.450674601303398,16.602065610746234,17.611519006149994,13.008677885707955,916.2,critical,-74.20000000000005,2
19.842693497088327,17.404188720952558,-15.88823282473448,18.817493357834866,12.953534697785267,14.464786168171093,917.1,critical,-75.10000000000002,2
18.090627270667003,20.086144849866947,-20.230240645868875,15.973421552157438,18.086555739698376,15.417989942010506,918.0,critical,-76.0,2
16.4536142063781,21.51355601825378,-18.095970806695835,16.970522538468376,13.443464639117353,13.029801679640034,918.8,critical,-76.79999999999995,2
22.726637327960834,15.614768458207081,-21.17571865708022,16.420916884127212,16.907041870255856,11.533455974888545,919.7,critical,-77.70000000000005,2
18.47660677873754,12.982949753304972,-21.403705841249202,21.323681501559086,13.287520567486274,12.744772406382909,920.5,critical,-78.5,2
26.77481609753772,17.685463064425058,-18.134754638971682,15.47734764500874,15.621867971370385,11.365674228184014,921.4,critical,-79.39999999999998,2
21.038120577789627,17.70873942212284,-22.510784160616,18.927446721326454,19.063421038804226,12.002388947671626,922.3,critical,-80.29999999999995,2
20.084818259790083,12.694647441078857,-18.96261131868498,17.51323483821004,16.282117658419313,14.508930924388281,923.1,critical,-81.10000000000002,2
18.111157629999628,16.657948976058268,-21.430435810713043,14.379063197169602,16.50040554977403,10.404948140350184,924.0,critical,-82.0,2
19.705069521578295,13.274040621275764,-19.327777906493612,17.41800334500704,15.766047959020366,9.64729846059445,924.9,critical,-82.89999999999998,2
18.14296792563485,20.55404227620578,-20.27378761691672,17.72597983596148,16.634548191405653,13.357872229868395,925.7,critical,-83.70000000000005,2
16.157080982732666,15.501015590749867,-20.373183145320816,18.982134969511343,12.915434369060634,12.83254771797207,926.6,critical,-84.60000000000002,2
17.245534661688986,15.648251334068913,-17.367392842681017,16.075679203901657,20.990932524212678,11.530135126170649,927.5,critical,-85.5,2
21.530564741690334,16.111198063614655,-20.489726980310188,22.53356967854047,17.27825316414185,12.03134789285309,928.3,critical,-86.29999999999995,2
18.916830636166367,19.991919955392767,-21.531167636189107,17.787379525013225,15.089165687171883,14.019699756857367,929.2,critical,-87.20000000000005,2
20.782407375817414,15.02977593890255,-22.206516265669233,19.44045036429471,20.3163311062246,18.05924771557343,930.0,critical,-88.0,2
22.98664478308415,21.34983950634518,-19.213515947288034,20.52467765324101,16.16889920606818,13.363363810253194,930.9,critical,-88.89999999999998,2
17.939710256740188,18.312457699460644,-18.576609775021662,19.14895885429252,20.619459298331535,12.410349211539558,931.8,critical,-89.79999999999995,2
19.733778108249588,17.69593429331557,-22.855850907010453,19.819297817081466,16.286188111768137,13.205892573434815,932.6,critical,-90.60000000000002,2
18.85200108955022,15.99889807411428,-21.780262674861238,20.305912210131936,22.49148799971609,12.939955852647467,933.5,critical,-91.5,2
22.1649982492725,16.370250850910175,-21.589108752185574,18.732274036800035,19.010740195053764,11.689008290330486,934.4,critical,-92.39999999999998,2
16.473520941686214,15.363794399800854,-22.1937051342829,17.14819692029979,12.379862470748927,11.34073307489074,935.2,critical,-93.20000000000005,2
23.700929517732074,24.14849063109667,-22.407661702699187,23.528495308618666,13.831639867697954,12.732311394295202,936.1,critical,-94.10000000000002,2
24.299953215572756,16.134963428914045,-24.68768258128931,14.044596469966695,19.09745504824852,17.412287999196234,937.0,critical,-95.0,2
21.1477307056732,19.682687309541016,-19.348395349034398,17.869536746829514,16.97656782652951,17.71286442067562,937.8,critical,-95.79999999999995,2
19.534245772343365,16.584575608199557,-21.264828625353832,17.351449202967583,18.143134288717338,13.610450478228646,938.7,critical,-96.70000000000005,2
20.110693186420278,16.057534531070136,-19.52000731166579,18.902640743401278,19.203702233839564,10.731689047602824,939.5,critical,-97.5,2
19.127024754736937,19.750909932042358,-17.037065644321608,24.201667422164157,18.51847402056892,15.55204739249066,940.4,critical,-98.39999999999998,2
15.793765284604854,19.513674562410102,-21.25327725857717,17.75561309883048,14.805733736817018,12.611039558411624,941.3,critical,-99.29999999999995,2
23.431726343440626,15.738659140280985,-20.669540000480517,15.546953510958796,14.376152335047436,15.471988902474905,942.1,critical,-100.10000000000002,2
19.987521971197094,9.290299780964888,-21.469884267003586,22.052462498947882,16.851682580762017,19.659463683900984,943.0,critical,-101.0,2
20.62116227278325,12.382048321407796,-24.409071187322027,15.63496240645679,21.475304705699376,13.76262675829407,943.9,critical,-101.89999999999998,2
17.98723150148365,16.93380988413946,-21.22513748059731,19.00431322777733,14.82125184565531,11.400503781138735,944.7,critical,-102.70000000000005,2
18.888860551629335,17.52198903562469,-22.473197658572694,21.763411953061862,16.78402696750179,11.927028010365113,945.6,critical,-103.60000000000002,2
24.549944393600978,18.926962433729692,-20.85271843497981,20.575732468583116,25.40472375924469,12.996641692392622,946.5,critical,-104.5,2
23.69003797884822,18.307351409339788,-21.394875404908472,13.354121109515583,16.886738760169777,14.946979428528525,947.3,critical,-105.29999999999995,2
26.968106722812827,20.674671560473964,-18.36321511599962,21.47233614706472,15.441385673342396,13.850741569404239,948.2,critical,-106.20000000000005,2
19.874109924918596,18.837864036302076,-22.278709538756626,21.07923924634453,14.656629223108025,15.46077873155438,949.0,critical,-107.0,2
25.835135041125692,17.77084136683386,-19.19251584243576,21.633915659522643,15.33639789295711,12.975700217575046,949.9,critical,-107.89999999999998,2
18.256177567624686,17.540777435127602,-23.01834040153708,23.147850160808424,19.89803630352659,12.43909900605624,950.8,critical,-108.79999999999995,2
20.726144453958728,16.16317431786439,-17.822692516943462,17.16107890264589,19.782676715910736,9.518584382156712,951.6,critical,-109.60000000000002,2
27.189050150226596,18.39110911630858,-19.403967986723934,19.51965339009509,22.62365524562534,17.41379555989651,952.5,critical,-110.5,2
24.471712400844453,17.684687118478706,-19.95313271198333,20.510892327416375,17.61104148894305,13.157770992112829,953.4,critical,-111.39999999999998,2
24.153270280549087,19.794417463737044,-23.579404917677806,24.40263298696059,20.629087328507087,14.017913638958472,954.2,critical,-112.20000000000005,2
23.850358586618036,14.863561850979156,-21.104784141596422,14.898920076879982,20.3360045137078,14.785234865278458,955.1,critical,-113.10000000000002,2
20.805858921369992,17.72852402306209,-17.970297454559116,20.190415665448242,22.119952299878197,16.871008364086048,956.0,critical,-114.0,2
22.139074089166716,18.71492712112054,-22.204476071345333,21.177050732790175,16.739032584358583,16.711961937517955,956.8,critical,-114.79999999999995,2
20.34510470460854,16.465185008475927,-23.438005151544825,20.047520007539994,20.628978357045728,18.50139061271543,957.7,critical,-115.70000000000005,2
19.22909122007862,20.873135901792356,-21.345468665464377,21.658397236152705,19.57735917373762,16.286876965698845,958.5,critical,-116.5,2
25.772925809489664,24.812661968009518,-26.604066514310677,25.591480039426884,17.624382310949024,8.095290239261388,959.4,critical,-117.39999999999998,2
21.8294721129378,18.566897245622034,-17.015234759450962,14.96003064068362,19.191236111822974,10.825835371145807,960.3,critical,-118.29999999999995,2
19.896965198377615,19.447319059842144,-25.09268330871823,16.874331675123948,18.281483980210503,12.432166647599464,961.1,critical,-119.10000000000002,2
25.42494360382367,19.162266021266365,-24.258525791944383,20.191129486634953,23.135067055616474,12.43723831845453,962.0,critical,-120.0,2
26.07008265715961,20.124463243045454,-20.376890941717964,20.86052775483677,25.450190621198864,16.525278252385363,962.9,critical,-120.89999999999998,2
22.816526713666427,17.922807551456007,-23.319997129710956,23.050578190375987,17.883504280703487,16.92457234872435,963.7,critical,-121.70000000000005,2
18.232556440100506,12.338128568429104,-22.8384891151356,23.990677926517222,18.618138294223588,6.183666198069691,964.6,critical,-122.60000000000002,2
18.72681130182674,14.412357365949584,-22.710542950269836,20.54984953369311,16.61993796276262,13.242204040529135,965.5,critical,-123.5,2
21.017289347217165,13.586787251504331,-25.09109324611337,19.29807139672219,18.981255631080284,15.078763730383312,966.3,critical,-124.29999999999995,2
25.08353133195953,25.230818026079508,-21.388755828942845,24.418309385580226,22.476160800868342,12.268564782432264,967.2,critical,-125.20000000000005,2
25.850386477794864,17.33969629693286,-19.524934592429297,24.247292493014356,19.45796576880169,13.443544354197979,968.0,critical,-126.0,2
21.428394339011213,15.968331057628946,-17.0712545078413,17.26815208065159,20.731047280533353,16.077261023217076,968.9,critical,-126.89999999999998,2
24.969282316595542,15.271030466053773,-22.674669365573497,22.6571312959344,14.788231781100734,14.596452055707784,969.8,critical,-127.79999999999995,2
21.651203168112257,20.468261855975822,-21.965757223351147,26.37630153346958,18.68707870921964,13.098551983166743,970.6,critical,-128.60000000000002,2
24.904441829207027,21.379280997069795,-25.83028304022952,19.347749754543408,17.639741559593304,13.6874935082754,971.5,critical,-129.5,2
22.341615137471802,16.365118291785908,-22.156301907346673,20.75986513376748,20.005295302378297,22.017713607183822,972.4,critical,-130.39999999999998,2
20.101174714467522,16.519333507236915,-20.1822376729043,23.661997854399544,19.312146666062315,11.25286397983878,973.2,critical,-131.20000000000005,2
20.572639947368906,17.5446329165485,-21.605095980757298,21.972356821356183,19.98268176477005,13.096138921126203,974.1,critical,-132.10000000000002,2
23.707975375131575,20.770454408918553,-21.400420987406868,20.71180532398588,16.806945930950654,13.146032569756088,975.0,critical,-133.0,2
24.525190896137627,20.020062140795773,-21.487191680549955,19.693640387482386,22.613304690090548,12.066745648322037,975.8,critical,-133.79999999999995,2
17.600103212315414,18.49772287692089,-19.079599243356903,22.541697003098395,17.82539585720157,13.863405383998142,976.7,critical,-134.70000000000005,2
20.52367452067397,18.09062202789376,-26.493215284707798,21.921446568638135,21.528005670736267,13.629494869335293,977.5,critical,-135.5,2
24.144194909876866,17.128861275709465,-25.992141141942188,22.93859818339889,22.785350883093447,13.18774572730967,978.4,critical,-136.39999999999998,2
22.585835058080338,23.10888875978448,-21.620021824917668,21.447357939027636,21.857804439609314,12.193104136714949,979.3,critical,-137.29999999999995,2
25.18985922813526,17.50028679743784,-21.73079652205825,23.1296587875426,19.99694899491882,18.0204952545408,980.1,critical,-138.10000000000002,2
22.53701186142611,15.10378784561295,-22.48954036029167,24.98504052321755,19.889673115287486,18.20297146480675,981.0,critical,-139.0,2
22.868697786662672,18.83488553545594,-21.389412396908877,19.472045943739943,19.3955669035256,19.536121501898226,981.9,critical,-139.89999999999998,2
23.855117822594416,21.564802802486234,-26.43581190995959,22.439454568472478,17.932933625764836,17.41088818790764,982.7,critical,-140.70000000000005,2
23.81243239923382,18.102707790146596,-22.541345788225176,24.691307255011754,21.006785966293254,15.276485762944114,983.6,critical,-141.60000000000002,2
23.24109979623502,19.427807252399678,-22.590522930282376,24.679816947304843,25.995113384079257,13.466481351505566,984.5,critical,-142.5,2
27.556003655163938,23.189698276295687,-18.422469367928148,25.80624614716628,22.993485362304046,11.89869837930451,985.3,critical,-143.29999999999995,2
20.117892214632803,22.34377574629941,-22.816499123303863,22.611484091093907,20.05859601955319,10.146535511041657,986.2,critical,-144.20000000000005,2
19.70967011635544,16.117702672992994,-23.888240592216494,25.881186996462322,21.604134240366403,17.689139913135293,987.0,critical,-145.0,2
21.622237473290504,16.862748188579246,-21.068924654985242,19.65081664977767,22.054313164645873,14.993889865835007,987.9,critical,-145.89999999999998,2
23.682784246773846,22.60499673672104,-24.905158635965243,20.348267675604667,11.562947812345987,16.680828959627124,988.8,critical,-146.79999999999995,2
26.808923955368435,12.399214104778117,-21.409828438233085,27.18036922375264,20.308171004099613,14.973205618403208,989.6,critical,-147.60000000000002,2
26.561077168722687,20.98938230387922,-25.3263107339574,18.980524721718087,15.35394163075614,13.633601874012108,990.5,critical,-148.5,2
27.591457227994848,20.236516708052477,-21.352371692162485,25.178100103358894,21.254315157529287,12.745570920090525,991.4,critical,-149.39999999999998,2
21.466036066314075,23.42816222700965,-21.83895401038944,21.35573497792835,23.523806250804792,17.473477137998,992.2,critical,-150.20000000000005,2
22.53657423053173,10.150460110799564,-29.01403045082891,20.158586295730622,17.778116120092168,13.706809685211516,993.1,critical,-151.10000000000002,2
27.821060276731146,26.492108058401094,-27.38672976803063,23.385080885313105,20.60321156946961,13.32411847818819,994.0,critical,-152.0,2
23.538212880815536,19.72914303169331,-19.968562059185135,22.301083236516018,26.544367143514986,13.744031224320286,994.8,critical,-152.79999999999995,2
22.057406693889273,15.192049676317177,-24.851062269193196,22.26618623408227,21.144478093284498,18.897101808350207,995.7,critical,-153.70000000000005,2
18.452471434912493,19.743649583643354,-22.468175719237397,20.16254758830451,19.63047098336139,19.910037691633427,996.5,critical,-154.5,2
28.0294491678624,19.899980464213694,-25.30242757068985,22.596076067106473,20.898574441459857,15.112476345995896,997.4,critical,-155.39999999999998,2
23.727362423752613,21.22426154597649,-21.606699134441232,20.238894637670878,23.29179219704533,17.5088259703248,998.3,critical,-156.29999999999995,2
23.236635961112366,21.472206586222363,-19.002498829627662,18.046834850826063,16.612489437174876,12.298480014222662,999.1,critical,-157.10000000000002,2
-1.9998145461157966,-0.6781363432544882,0.2525994198405354,-0.08040863658373575,1.2023071313716476,0.5822707107854925,50.0,healthy,792.0,3
1.0166439195748405,1.005179373405955,1.2851905062631537,2.2739078244842976,1.815491417689774,-0.5209992152063784,50.9,healthy,791.1,3
2.559889094356742,-0.6685885708678165,-0.46908155951267005,-0.7100169071243418,-0.7325298157266215,0.34428230833320583,51.7,healthy,790.3,3
0.42491771689790697,-0.9970481065098886,0.5048927098318731,0.2678793841780285,-0.16717829506942766,-1.6196976205973996,52.6,healthy,789.4,3
0.2807456891307089,-2.826415440644161,-0.051127712839731936,1.1238976247225418,1.534905741186482,-0.1778058276754331,53.5,healthy,788.5,3
-1.0842141296670695,-2.806966274671311,-0.8880947765847945,2.635021109242062,-1.3182926212618076,1.7208044884212712,54.3,healthy,787.7,3
1.0986012453198009,2.1409096315919562,-1.0050383929890696,-0.30387201913089706,0.6003502645041616,-0.1798905629540634,55.2,healthy,786.8,3
-4.939189800147657,-0.6636722258483976,-0.5421740890320736,-3.6268396804339638,-0.8446292274158784,-0.39955090051419395,56.0,healthy,786.0,3
-2.248744469225125,0.04258407519084784,0.939356421233547,-1.8204044975264155,0.15339386813702802,-4.060876925133535,56.9,healthy,785.1,3
-1.1432560077050549,3.8589913638953153,-0.7384768338094815,1.3995972243432837,0.5806446349715816,1.1620664861447865,57.8,healthy,784.2,3
-0.8336540314761873,3.2342275734554606,-0.1418700379736783,0.5738984003666134,-0.9215252481025697,-1.80332682574623,58.6,healthy,783.4,3
-0.1270114263213256,-0.2689582222668362,2.4359869877118876,-3.5456231532048053,1.261486676944797,-3.3498872266676663,59.5,healthy,782.5,3
2.4269477694165515,1.800972562160211,4.071598491712125,-1.1506686859727544,0.9129857267706382,0.892010910784608,60.4,healthy,781.6,3
-2.224297313387872,0.758658921420947,2.2646227485768793,-1.008485465876817,0.7954456656446741,-1.8428804243920198,61.2,healthy,780.8,3
-1.3910043273995785,-0.09859565250007553,-0.35669061760907855,-2.000189216994103,1.4388862302509575,0.731493912120259,62.1,healthy,779.9,3
-0.8894465001233832,2.534457695561446,-0.5883302128406497,-0.021162861461640252,0.5929009960759892,-0.06815924764158153,63.0,healthy,779.0,3
-2.8311819561688605,-1.6991862360942962,1.994880057181476,0.2604216128262286,3.4291826103456886,0.7374566105140266,63.8,healthy,778.2,3
0.7966578097425263,0.9229088961676692,-2.2050029534402644,1.2421111167137646,-0.6506763363885173,-1.1688204190243332,64.7,healthy,777.3,3
3.882655824550152,0.26843486289155927,-0.9832266412339968,1.478572685056031,-1.8339599164636908,1.9158123022983602,65.5,healthy,776.5,3
1.9742404907254854,2.7021004131308493,-0.19892599562329732,2.5208318533596117,0.3875236390995393,-0.9711191237815616,66.4,healthy,775.6,3
2.3471785981434894,0.23069438778766801,0.1321635063408517,-0.9797251122497054,0.5667695599751026,0.3370264477150415,67.3,healthy,774.7,3
-0.8354045550537059,1.467873516380623,0.9882334754780533,-2.962635983077243,-0.7378561215661046,0.6779843523615402,68.1,healthy,773.9,3
-2.9512733439728076,-0.4729228887569643,-1.590606388144395,-3.1318752395483256,-2.3370679223869244,0.10936252109778996,69.0,healthy,773.0,3
-0.08180415493193764,-2.1160732992312057,1.3999871856987374,-1.4997120291530033,3.514005362838471,2.442702185459124,69.9,healthy,772.1,3
-1.0629233866554892,1.0122740250143483,1.3249299873116485,-1.8371322606846208,2.0184625099627636,-0.23377694940626073,70.7,healthy,771.3,3
5.045101946973745,1.113543053782688,-1.3204639153340978,1.8756592375251722,1.9855178921579637,0.012030353009442496,71.6,healthy,770.4,3
1.482031553430547,-2.5381434388065753,1.9967994107754414,0.3463844975972108,3.6718394466056736,-2.8464206944040633,72.5,healthy,769.5,3
-1.4132250360616647,-2.009657566490618,-0.5107695973315278,-0.32315487479267757,-0.3757602871930677,0.3740731162153723,73.3,healthy,768.7,3
0.6417802362216067,-0.4078464845849508,-0.3746525851093126,3.970822640085212,1.3426779840171612,-0.9464065041972715,74.2,healthy,767.8,3
0.07285460314184311,2.082618713065324,-1.9910020767563281,-0.9095755801632546,-1.2804383342065975,-1.015881767434154,75.0,healthy,767.0,3
1.1829327186667402,-3.3397400566178765,1.3546024285496399,0.5565412018596667,-1.125981353756018,-0.3435124036602653,75.9,healthy,766.1,3
-1.3981541221364653,-1.9281832421243525,-0.5507316267243436,1.0510283785797758,-1.635392285368286,2.43881101817413,76.8,healthy,765.2,3
-1.1417844738226828,-0.9800520613153173,-0.7609119223298483,-2.4228847962234594,-0.07017194753698136,1.9918806783973553,77.6,healthy,764.4,3
1.5505864330350794,2.2451389749733255,-1.5122401677689825,-0.4407541485534749,0.16774453326164648,2.3242255707627724,78.5,healthy,763.5,3
1.0208232946161866,0.30196219398990326,0.12940733069202093,1.4565410644756909,1.0619545805918031,1.945279946587605,79.4,healthy,762.6,3
0.5889253649528935,-0.6476238854685108,2.54912009309856,2.48873341732257,1.6940691863495168,1.135541678890361,80.2,healthy,761.8,3
-1.0640557565947066,-2.0661823997122797,-0.7700132433068707,0.35635586022080074,-0.30910657188863055,1.4803985378963815,81.1,healthy,760.9,3
0.03913514272992115,2.098517522195145,2.178184367441135,0.42077960569528805,3.07786395876201,0.7355729848993013,82.0,healthy,760.0,3
0.015070913925199417,0.15399495996103765,-1.5501499187648915,-1.2755223750496019,-0.2471347214360283,-4.877294302081163,82.8,healthy,759.2,3
1.4575406345038153,-2.4651944163872734,-1.6182104388881666,1.3685128017362034,-0.3872207324568998,3.68805532722226,83.7,healthy,758.3,3
-0.8890033988428442,-0.8528130916552265,-1.3884348119159935,-1.6605763370498237,1.1009166042153895,0.7865583475212155,84.5,healthy,757.5,3
-0.3763516283941348,-1.1084690947429214,0.7924241636812541,1.8250969034669262,3.127645862350982,1.903895369722269,85.4,healthy,756.6,3
-0.009551294269815621,1.2593824985368134,0.45739626092699404,0.42970790402665976,-1.3586486226328471,-0.1277731966936406,86.3,healthy,755.7,3
0.2212935321292428,-0.6594449369948663,-2.8464426670917424,-0.6853637920695728,-0.1049276318420491,0.8366939033141669,87.1,healthy,754.9,3
-0.6758498013490528,-1.2721290272595875,0.24794100970115,1.0946378729396078,-1.1363043811316786,-0.4008906159015283,88.0,healthy,754.0,3
-3.3219029484229488,1.058444829514456,-1.2898801335910952,-0.2554539153815508,-0.7389779075078327,-1.8064602768227624,88.9,healthy,753.1,3
-1.1079610760733254,0.7680329142467262,0.16164763744134353,0.3122345173356056,1.3834251716181911,0.46558089112495216,89.7,healthy,752.3,3
-1.3999812311205206,0.9665861660381263,1.5921168972687074,0.611368479171031,-2.0271133497011826,0.39913784699573335,90.6,healthy,751.4,3
-0.8082003245817898,-2.738189982406184,-2.0787304326842313,-0.9479282518303133,-0.21652515254562138,-0.679513666085221,91.5,healthy,750.5,3
0.25671428264309626,1.5273081469010985,0.9394974020851494,-1.0346229416550992,-0.6277844058718243,-0.011649632778692215,92.3,healthy,749.7,3
-2.3961713767692716,-2.015828761595135,0.6847721924036687,2.4939224546701153,-2.7622510305645203,2.505090533738258,93.2,healthy,748.8,3
1.6280908644297574,2.8569218363524365,-1.0306838169016495,0.27324687682224175,-0.7249297829885404,2.142948231405742,94.0,healthy,748.0,3
0.012494362034559569,-2.2658066185650423,-1.392831400473822,0.05532944221596207,-1.6876460066372259,0.8865919533339983,94.9,healthy,747.1,3
-1.1413359021559843,-2.888256716013841,-0.31802762606317164,-1.0987492616351262,0.15783458975995987,2.2912026190986405,95.8,healthy,746.2,3
-0.09121868954725963,1.2105302349981593,1.1558013016806228,-0.7880433730036072,0.7564119094734658,0.7449675824651111,96.6,healthy,745.4,3
3.886156871705189,2.5172696845728573,-0.49597969899235006,-1.0148808056949068,-1.1945629445269088,2.285743541285777,97.5,healthy,744.5,3
-0.1293855739233556,-2.8313580546669868,0.5835902352085551,-1.3474246424917686,0.75685156335007,-0.6953292144523759,98.4,healthy,743.6,3
-0.13550693605846048,-2.142413026863008,-0.2854489652699974,0.9571608925281094,2.131085075099293,0.12113116068938778,99.2,healthy,742.8,3
-0.12805627008168757,-0.5939340839206021,2.1334511432276595,0.4168591226659787,0.5393067600389614,-0.36732087617812376,100.1,healthy,741.9,3
-0.5580012718788012,1.639680881333938,0.5040266846006005,0.5486877854315201,1.1949851685679136,0.14802991680540203,101.0,healthy,741.0,3
-1.3044956403530594,-2.5615915553727078,0.9285995822562836,-0.05584544086450112,-0.6179167289140315,-2.110223050700204,101.8,healthy,740.2,3
0.5457257252914315,0.2657938177043851,1.5785213081438159,-1.5608959117994603,0.6884110261344768,0.16557571927591777,102.7,healthy,739.3,3
1.3410214088752317,-1.0183643924161208,-0.5529893343621513,0.5313250534270098,0.07560409198905316,-0.19208732236048628,103.5,healthy,738.5,3
3.8029960610006848,2.555972009339417,-0.5654510346377295,0.4652841432872891,0.7669431582514334,0.03731007476047378,104.4,healthy,737.6,3
-0.7468772955068405,1.9992792894582374,1.2360476024127647,-0.9739965588889535,-0.09262923027561958,1.905086284272427,105.3,healthy,736.7,3
-1.9268286537056702,-0.7896139108794572,1.455218448326185,1.3119424726898625,0.6415913440989981,-0.2573760173329874,106.1,healthy,735.9,3
0.014212063294969152,-0.8135166832735072,0.11248358646321786,-1.3913011281094287,0.16843767874358295,-0.46546560856508534,107.0,healthy,735.0,3
-1.1813025435851863,1.9167804739596839,-0.5615126338475996,2.0393691465480766,-1.8042677016754811,1.8716758410083911,107.9,healthy,734.1,3
-1.3919124115053958,-0.5237049136986388,-0.8922637817678971,0.19870236428974053,-1.021539787168751,1.1080698956595934,108.7,healthy,733.3,3
1.3360050647483948,1.2175238519781033,1.4423579736417826,-1.7363700366590553,0.647488248281051,-0.6654309110848664,109.6,healthy,732.4,3
0.546557223990763,-0.3229875001662672,0.8255244536253558,1.7518043447599567,-0.8047279735777213,-0.32472540922361937,110.5,healthy,731.5,3
0.9891716401801474,0.6399007984713069,-3.011421480655234,0.9035136335738339,2.521962498785432,1.1768830882773285,111.3,healthy,730.7,3
1.7421976497530423,1.9534499820022129,-0.5465918247176481,2.3942932142722766,0.9852163973478081,2.0315431268023083,112.2,healthy,729.8,3
-0.28756179031070267,-1.9653336749982064,-1.1409328568669732,-0.7256614881329572,-2.7347541030318046,0.4599296757123185,113.0,healthy,729.0,3
0.5761356020646583,0.7454658196404994,-0.3330612198744164,-3.2827086997226793,1.1857085342132216,-0.390328972861835,113.9,healthy,728.1,3
0.4981278951414845,0.8022937567474709,1.490121279158633,-1.8361265475010247,0.5155245191180529,0.09102226774115507,114.8,healthy,727.2,3
2.305729482059546,-0.10528818628730825,-0.08085856043052814,1.477987517687863,0.9446462318510215,-1.3069309571544039,115.6,healthy,726.4,3
1.317909027265806,-1.4347866962622504,0.852057049896954,0.07966853128356717,-0.9614492608489806,2.461657448419274,116.5,healthy,725.5,3
0.8112637408424473,1.5205327647185416,-1.2984477413442033,1.5191498227467715,2.061976207578453,-1.7844910774516691,117.4,healthy,724.6,3
-2.83958993972714,-0.5821938600969909,-2.052491882188844,-0.41997724854744173,0.5355061838481472,-0.06175708738964752,118.2,healthy,723.8,3
1.6400874213219294,-1.8255401424093405,2.333799031439978,-0.9342826468193495,0.9710178314927125,0.6888581555192835,119.1,healthy,722.9,3
-0.8842113405493564,-1.2713247916172854,-0.6699551049002513,-0.9811569047462931,0.11368629110087168,1.5278820869597287,120.0,healthy,722.0,3
-0.0775700760287941,-0.7416123589121794,-0.8019454061948373,-0.8904960805372238,-2.369841568468957,0.6403451890601286,120.8,healthy,721.2,3
1.1193887128028346,-1.2616982122204492,-1.3583253300380307,-0.05576797189849444,0.3609287136334652,-1.6333187375056077,121.7,healthy,720.3,3
1.1702304819573606,-1.433115583508008,-0.6292710521460124,0.824387385052262,-0.3751164167929972,1.4261788307975167,122.5,healthy,719.5,3
-0.49939155434898536,-0.05099217696881727,0.40992901519851277,1.2370645669286924,-2.4382930545065418,0.5827597729227232,123.4,healthy,718.6,3
-0.7857608004725136,0.930640065935155,0.5355328839155129,2.8256501005752024,0.12569719188923303,0.509547221764902,124.3,healthy,717.7,3
-2.541962638845705,2.348667138033365,0.931846169867467,-1.2698297894230715,0.6091858992568301,-0.18326862974131963,125.1,healthy,716.9,3
-2.0231512135586223,-1.4048743841691533,-0.8035274127510396,2.6329405141552407,-2.9590225811578996,1.0515731463980948,126.0,healthy,716.0,3
-0.3029937497237449,-0.5238079690196491,-0.5867341081992928,1.8488203909297183,2.255397224857842,0.34742422362117814,126.9,healthy,715.1,3
0.6201010957912337,0.2679115035163011,0.12853224240599878,0.6316196969077984,-0.4797156162726985,0.7173706981892004,127.7,healthy,714.3,3
-1.4597452001342426,-1.8824590106818806,0.43138831482457923,-1.8706901567060938,1.463004310406907,0.6799324752674688,128.6,healthy,713.4,3
-0.8851303654275944,0.36272037814279817,0.596280525864948,2.5834253945123633,1.660504899670543,2.336460588404926,129.5,healthy,712.5,3
2.805509433827324,0.3486280681693388,-2.2521741393803767,-1.0565591094023414,-1.666689606073159,2.4410611441443826,130.3,healthy,711.7,3
-0.15598806191544876,0.34119596090198434,-1.0494503822621137,-1.0904905165098806,0.5160308133173014,-0.9838641948053224,131.2,healthy,710.8,3
-0.4483036178163199,-1.394896204265353,-0.9623534191481655,-1.6337803750605424,1.9282756313633813,1.3322028918309075,132.0,healthy,710.0,3
-0.808315202691595,-2.9262699846144944,-0.36838095122516895,1.167594271669133,4.438399030050077,1.0656704598421307,132.9,healthy,709.1,3
-1.9435844465742211,-0.043329710748652814,-0.9649645859210585,-2.561569462479916,-0.13301769054371387,1.0837327484949493,133.8,healthy,708.2,3
-1.8070928410033555,-1.3563979694482526,-0.49073722532489716,0.2281059870095221,0.09549580843228182,-1.4758866053440933,134.6,healthy,707.4,3
-0.45627944086642985,0.5821211151645286,1.2802642325057274,0.218739158995618,0.06316769435547295,2.388954612074602,135.5,healthy,706.5,3
-1.017398832867635,-0.787716480557527,0.0641261473574807,0.49986573635946246,1.0048055731857106,-0.0001713156396263713,136.4,healthy,705.6,3
-0.4340204395010242,-0.39002195543726914,0.7407657586358545,-1.460642769550457,1.7496427583929408,-0.8617376428501354,137.2,healthy,704.8,3
0.38517536130205443,0.5699545252089487,-0.4245014002237933,1.893807726184825,-2.3283214715490845,-0.5510997285852837,138.1,healthy,703.9,3
-2.0027466731081707,-1.9424250833478964,-2.983558629348162,-1.9488425096551152,-2.1835529820255855,-0.0006857704111807676,139.0,healthy,703.0,3
-0.9142437606761603,-0.4439582814785329,0.6259569951272745,0.18024953326367596,-1.4521664730815598,-0.14358806792387147,139.8,healthy,702.2,3
-1.3585047631056786,-0.6183622363825091,-0.5869324883976211,-1.711725221850638,-0.3016315516588778,-1.059483798413558,140.7,healthy,701.3,3
1.342925103265773,0.6407878825089145,2.0776750903093806,-1.3641690061426905,0.6759173436613499,0.9791247442494311,141.5,healthy,700.5,3
0.10155771942697901,1.0123730389501986,1.063510201191207,0.4496561627713904,1.997388083896733,0.7794260643901327,142.4,healthy,699.6,3
-0.580150865520561,1.9842857505991676,-1.0894295307583308,0.07868771883903954,-1.0668174508951143,1.9581860069130328,143.3,healthy,698.7,3
0.234810856379425,1.9646688671431272,-0.6534593382566702,1.3870085173684537,1.193272426149508,1.5480925924770068,144.1,healthy,697.9,3
1.667964509293893,-0.9265764531796924,-2.2974058316048755,0.09005490622499578,-0.7525052039933728,3.1906859050301524,145.0,healthy,697.0,3
-0.5120336168103573,0.23962180755579224,-2.1353483426878,2.0052011824193543,-0.8434312518839489,1.9478352920225128,145.9,healthy,696.1,3
-1.4338265104146175,1.2118416644751744,0.07946687802400237,-0.46183400755154486,0.44322774650840313,-2.879568239260647,146.7,healthy,695.3,3
0.5434609854129964,0.5453869449598002,1.832816526227907,1.1931880813110323,-1.6878285085353628,-1.0997419580199397,147.6,healthy,694.4,3
-2.2692584173991714,0.9899595169791975,0.2440730993368308,0.852017521800422,-0.5303043414610226,2.0638318927658026,148.5,healthy,693.5,3
1.7130787841182662,-0.9312947703273915,0.21775197434264565,-0.5692765465201324,-1.4657412359940047,2.1102677417366222,149.3,healthy,692.7,3
0.9291560334021777,3.1544647756947906,-1.2792411143255207,-1.3498745985414933,-2.5869730510584192,1.8925670384099869,150.2,healthy,691.8,3
-0.47360415389764376,0.753172741097177,0.8089853857202222,-1.967699286003891,-0.8252920036734321,-2.6940826632579427,151.0,healthy,691.0,3
-1.5157783657733677,1.4838430497503452,-0.8601503577850129,-1.1815635862880132,0.12299543818163378,1.0579949436205813,151.9,healthy,690.1,3
-1.7425805767856246,-0.42649343560805963,-0.45155361163415136,1.0118249316611214,0.5271747977920942,-0.19990402162892537,152.8,healthy,689.2,3
1.4239032298845384,-0.888276246234293,0.8548524987830113,-1.141651851680223,0.7644976091316056,0.16414323613115073,153.6,healthy,688.4,3
-0.39370916374245774,0.343471260734248,0.49821122447199734,-1.3451061070093766,2.229970755090954,0.3392853764651878,154.5,healthy,687.5,3
0.9275258583206236,0.6365808005810693,0.07049042580125077,3.5221583567534767,-3.3915097055450705,-0.9495238732720572,155.4,healthy,686.6,3
0.14168847244157312,-0.03368090373355068,0.6187407895373865,-0.19223785575200894,0.9233926089884781,1.331161285970617,156.2,healthy,685.8,3
1.1850771100492108,1.2992285352971977,-0.6514946693889848,-0.04726160275693845,1.6391611455024746,-2.278914446208617,157.1,healthy,684.9,3
0.20727840273672413,0.7433279269029162,-0.6315660190088883,-0.9941938250243951,-0.861191683772507,0.4780026292715545,158.0,healthy,684.0,3
0.7130812496883816,0.3376435833663756,2.3281708744427863,1.7364322885067331,-2.4834044942294096,0.6332091816760071,158.8,healthy,683.2,3
2.389393568292597,-2.0344938988513688,-0.5183644372085731,1.2098300752568791,1.8137500490003002,-0.15014715465597564,159.7,healthy,682.3,3
0.7996336998243284,-0.4544982139164023,-0.6444264936932813,2.5366161551818984,2.9704413950602335,-1.11115120719363,160.5,healthy,681.5,3
0.6618237311841644,-0.24867653095571615,0.9764504973023365,2.5090081524240184,0.8928677346729078,-1.4087735342369743,161.4,healthy,680.6,3
1.3460815160914965,2.0245864431874887,-1.4119322918538026,1.2454478157492936,2.12344888002781,-0.3990383078691471,162.3,healthy,679.7,3
-1.5612974491750622,-1.9150770301243512,-2.9914585920683163,-2.1524005180637187,2.3243726287147366,1.6431477184027208,163.1,healthy,678.9,3
-0.5000589414629245,-0.8489596309268878,1.5460493899954226,0.48082082109325275,0.05806219514239559,-1.6520601944846864,164.0,healthy,678.0,3
3.5408223329501616,2.079288611712262,0.9845468262086516,0.6914409557773096,0.7646859460951515,-0.046366103868527644,164.9,healthy,677.1,3
-1.7306223125967208,0.49108083217846626,0.7966354631198392,-0.7185620107489076,0.07005202725363056,1.9640225885562832,165.7,healthy,676.3,3
0.20589439503325865,1.6660246503508815,0.592944314712385,1.25459883735792,1.739482003970953,-1.408313419702889,166.6,healthy,675.4,3
1.1701921892541431,-0.23953289708276596,-2.6187233465408015,0.9940956054425087,-0.968157336014934,0.41472824733847585,167.5,healthy,674.5,3
-2.078681103669201,-0.17907983750772333,-2.5506859875574306,-1.0873378062686094,0.1497657062866289,0.32978988549896743,168.3,healthy,673.7,3
0.9175259923840077,-0.20523164073064895,-0.10553323047922204,1.3197350206447191,-1.073033571911861,1.2644744725518156,169.2,healthy,672.8,3
0.6260200536377287,0.661954637165081,-0.4215488583888019,-3.8063975265012076,1.2852804695726852,-1.540834192595407,170.0,healthy,672.0,3
-0.38294344374072836,0.5386843077097433,0.9026611195735815,-0.2856640453723546,-0.9136892181895786,1.8792915998971502,170.9,healthy,671.1,3
-0.2876876091928266,-0.628447512992423,-2.9325920374816996,2.0877581994351653,-1.9627359558539463,1.2568996804464436,171.8,healthy,670.2,3
-0.07912913609002162,1.161566833368213,-1.1794427834882812,1.304663156634744,3.366064610938413,-0.8161864732594364,172.6,healthy,669.4,3
-0.114533475445346,-0.6274715184817892,0.5909433936257104,3.489629691280281,0.9065887187262538,-1.3586163100627298,173.5,healthy,668.5,3
0.2066930714155321,2.673253006021412,0.09975200855743097,0.14684104167662707,0.7787407023492975,-0.28378621916447,174.4,healthy,667.6,3
-0.41993966547433836,1.066774124282261,0.06643924032984648,-1.9911792995735487,-1.2424643744815116,0.8262103003039841,175.2,healthy,666.8,3
-0.6755872228124351,4.254503541041477,0.7290824740623367,1.7825221731529348,-1.422200720762208,2.860998097921195,176.1,healthy,665.9,3
-2.491744493715639,1.1209832438203056,-0.4078565966799579,-0.534220456031218,1.3391518819823798,0.08398478377823772,177.0,healthy,665.0,3
2.0933526794032886,-0.3426407560885389,1.7061140138744941,1.2227812263226354,-0.06422310911963897,-2.269070229730907,177.8,healthy,664.2,3
1.4783390427592187,-0.06446817570887006,1.0750464628766288,-0.9610592415671256,0.06266326264020083,-1.4630431801833534,178.7,healthy,663.3,3
0.31204176846506465,1.601710047277237,1.4620328584889928,2.1375098760992133,-1.1098667871155439,0.7886916673735356,179.5,healthy,662.5,3
-0.0006072128659313944,0.42882329413966064,-0.0930181588812439,1.8488203909297183,-1.818243038598422,3.552067444038084,180.4,healthy,661.6,3
1.6718484834815126,3.4745869337987756,1.048287290236393,-0.6541036809145994,-0.14100672405370598,-2.8118699525743,181.3,healthy,660.7,3
-2.4973789914807774,-0.7802419387462393,-0.07148232679288266,3.3123267454733507,-0.31741441313278773,-0.2862636938541003,182.1,healthy,659.9,3
-1.5809416059465087,-0.9382600976113674,1.424240927204782,1.311990890793612,0.5706719053048446,0.13004499104517786,183.0,healthy,659.0,3
-0.4176421032788452,-0.665632297639947,-0.037025599655146534,-0.07558342670151776,0.6354383106897944,0.6860849412818079,183.9,healthy,658.1,3
0.1519235649839079,2.0258716036611157,1.2779400624664536,0.9502661545542103,1.3678833241835457,0.5707157078907406,184.7,healthy,657.3,3
1.263473214391126,-1.1096936344394903,-3.3904887804318746,1.23074116257902,1.5864152762998713,-0.2485861030327331,185.6,healthy,656.4,3
1.374713517356255,-0.4063976480132553,-1.954739787711999,-1.0656409622913259,0.39040055242740296,0.7575745175581049,186.5,healthy,655.5,3
1.2553879836174722,1.288892692808769,-0.7986555173220922,2.7178340505205485,0.9518066430099087,0.6302087880033785,187.3,healthy,654.7,3
-0.46527822613211156,0.29599710952736935,-1.4444736934219087,1.7390828338434063,-2.298100375906227,0.7175034170246382,188.2,healthy,653.8,3
-0.18828522192068778,-1.5698053323114811,0.1769007585786532,-2.543914838478509,3.0818281536319114,1.8561859954976012,189.0,healthy,653.0,3
0.22398496212968788,-0.4261842696450664,2.404062880872582,2.3739036590962383,1.9945672496384428,-0.38512280568692203,189.9,healthy,652.1,3
2.4270571771401466,-0.16643232272081854,0.22441432658694296,0.2144852827376397,-1.7086605856025148,-0.7539261038573272,190.8,healthy,651.2,3
-0.6622558916923846,0.49113539087782243,0.8882569045641431,1.7112714750497897,2.5467986149606308,0.6263287934774929,191.6,healthy,650.4,3
-0.2532952912807552,-0.35496091867934426,-0.6313334006037385,-2.1051181646909005,-0.2886366564456747,2.090114454288703,192.5,healthy,649.5,3
0.7105429905010102,-2.292540381247723,1.1853680072799122,-2.233123180634631,1.7178043807098515,1.4076025952258269,193.4,healthy,648.6,3
2.016657865163254,1.1296257459362449,-4.3601228535592265,1.3321093045886592,2.2393132330988434,2.251373933580924,194.2,healthy,647.8,3
4.107948208976769,0.4622879837683853,1.1048679410148838,-0.14998960179472226,-0.8182096122913151,0.548299259586953,195.1,healthy,646.9,3
-2.4435558618582394,-0.512603228726719,1.2482696352406206,0.6175383289630905,-1.5459982005265114,3.411144417729441,196.0,healthy,646.0,3
2.2128860878168917,-2.707374420734916,0.8695376684895757,-0.7527216746312653,-0.5991314140795649,1.3660527969531098,196.8,healthy,645.2,3
0.45739539964706744,1.6185121059852106,-0.8444420698982513,0.5944083091148313,0.5353870494684383,-0.3305396453486685,197.7,healthy,644.3,3
0.11033768924547087,0.006918851354920558,-1.144414076895474,0.049737842920119305,-0.5223843598136213,2.4950755094736126,198.5,healthy,643.5,3
1.3344022415977395,-1.7094068991063107,-0.2612314759829419,1.6705739837868698,3.4265822705055062,-0.44080428210214173,199.4,healthy,642.6,3
0.49022865749791134,2.528906853075477,-2.0752250445097475,-0.13773290467417346,-0.32172226321095426,0.5697250565833465,200.3,healthy,641.7,3
-0.6092697311553372,-0.41729726372833315,-0.30735436859077564,1.9333639335736403,1.203641724947903,0.5700334924483657,201.1,healthy,640.9,3
1.07645165167799,0.8734908387097862,-0.4022777829808303,-0.41067405575560306,-0.598078324728917,-0.7303940724852356,202.0,healthy,640.0,3
-0.7047224996057404,0.39000376920414415,-1.3566174477214783,2.9218195216165443,-2.1634710984322445,-0.4865079767830719,202.9,healthy,639.1,3
1.3419404337534189,-0.015759381342579586,0.6152696395697239,-0.8858603929468273,-0.2642138502263198,-1.1080033669576415,203.7,healthy,638.3,3
0.30022026393060364,-1.4018049521574305,-0.46237288498855483,-0.01808762018636292,-1.9014173743477278,0.0015848389507572042,204.6,healthy,637.4,3
0.331352231679567,0.8950233387208819,0.13775541111905476,0.4244372475899452,1.9225285225689357,0.8347825150859036,205.5,healthy,636.5,3
2.4173253601263585,0.3065289591949568,0.9935202574131471,2.2921891170856576,1.94209246336382,1.0348243340771377,206.3,healthy,635.7,3
1.7580015954263482,0.1550255131710276,1.8466306356727846,0.26833036423008866,0.5940964631757416,0.057684447411300674,207.2,healthy,634.8,3
2.726533468550325,1.0968299055477406,-4.297673371329733,1.999450495068322,-0.2931818386583681,-1.4379488246629468,208.0,healthy,634.0,3
-2.314886908524461,-1.933241035623574,0.23771083490522837,-0.7869408236125124,-0.06833017696560438,1.3154016013989964,208.9,healthy,633.1,3
-0.16636538449843655,0.617042724135212,0.8143295670020417,-1.4918848968383258,1.6130203000894747,2.5823852047912363,209.8,healthy,632.2,3
0.778660239211163,0.4278776100175559,-0.5566185842848271,-0.16581817159758253,0.18366541233431483,0.023666950902510794,210.6,healthy,631.4,3
3.8132639758600777,0.719378678579773,2.127959939057744,0.05762861045686217,1.9952833585788925,-0.8843897348005277,211.5,healthy,630.5,3
0.6177214778030443,-0.36934824976783165,-1.7855788778863193,-0.4331538896392281,-0.4437501032862288,-0.7806826612210934,212.4,healthy,629.6,3
0.8758088273772873,-0.950893467550307,-0.42584978136876667,0.6672886222527377,-1.5331736203220725,-0.27580785345744774,213.2,healthy,628.8,3
0.922514984579946,-0.5129730154667704,0.856521107862337,0.9232640697803911,-0.8159066777682688,0.6667152705293653,214.1,healthy,627.9,3
2.008047477316314,1.6650446144551068,-2.710593518487568,2.1832331665313127,2.7227402524133297,0.30904291826036817,215.0,healthy,627.0,3
-1.6699994929527686,2.0921745682222777,1.443167606532418,-1.4045192704330003,1.994892183114707,-1.8975577067615383,215.8,healthy,626.2,3
1.2405632370703612,-1.9224303303815224,-0.8381170646917078,2.660573417652189,1.9851901165096193,2.2347514072947092,216.7,healthy,625.3,3
-1.0336404094353207,1.558321736444087,-1.9077629539458798,-0.1837743712166258,0.4978759331603415,1.4709352109336464,217.5,healthy,624.5,3
1.0842578927564974,1.2273646247872232,-0.23147142521572917,0.5480140821022053,1.5905379330290648,0.0035344854147432245,218.4,healthy,623.6,3
-2.152066334270489,1.7355041436298801,-1.3596575990856723,-0.026546954598570132,-0.9131476982818159,-0.2277702371129834,219.3,healthy,622.7,3
1.0630546759238235,0.21128361497362924,-3.0979988286304136,1.6179338213905778,0.33012590933899394,-0.9663075581441641,220.1,healthy,621.9,3
0.2703519553891921,-0.40022241152359744,-0.25295690699995604,2.21753531797613,2.571188725435256,-0.7042770709381746,221.0,healthy,621.0,3
-2.32500712295699,1.3440454757763383,-1.1958700737182195,3.2287557150275785,-0.3251252044555811,1.2495232894573123,221.9,healthy,620.1,3
2.0879041747682825,0.3644036150524447,-1.7061895393307096,-0.5032397865036007,0.545538803678839,0.1734206890105782,222.7,healthy,619.3,3
0.49121879739642493,2.1199267599595446,-0.08564788136068732,1.2458185600865717,1.1982741753158426,0.2569853093327437,223.6,healthy,618.4,3
0.8931608923394508,2.101320222787789,0.8472314767478151,0.33868186897788877,1.4777966964423703,0.638535879221883,224.5,healthy,617.5,3
-0.2642524747987756,1.161566833368213,-1.16302757733133,1.4264844890424868,2.244142460266732,2.261147050682503,225.3,healthy,616.7,3
-0.49213235188845267,-2.2804283499914804,-0.2405103118156209,-0.5251510535117614,0.9561170015202524,0.7754626127394074,226.2,healthy,615.8,3
2.8503720708873983,0.1591113535447375,1.6196524715988456,-0.18004617722792615,0.2304700114793227,-1.3512483832850424,227.0,healthy,615.0,3
-3.97239203944267,1.6786822686006293,-0.48276777918502994,1.302635129774835,-1.5373338066416928,-0.9286602691997667,227.9,healthy,614.1,3
0.3672598465633872,0.5264510348993843,-0.3965881986125865,-0.5799506633352818,-0.5336423326141273,0.30534541213321736,228.8,healthy,613.2,3
0.5633567799487417,-0.5361301523030155,-1.5615321085196259,-0.26737583589903013,0.6623353245974557,1.1595201127740056,229.6,healthy,612.4,3
-0.26223390229848004,0.6130397321567886,-2.616207845345772,0.12754988576849466,-1.1707562437008212,-1.9609991722285214,230.5,healthy,611.5,3
1.6598519265893406,2.295858358445381,-0.23736744583096236,-1.6647140098588111,0.16879330552515626,0.036253571888044005,231.4,healthy,610.6,3
-0.07155812161723318,-1.561716499959348,0.2635002606876574,-0.6668002910920682,-1.6240125943952732,-1.8245432181515076,232.2,healthy,609.8,3
1.8429949855010672,-0.527439153565441,-0.1510398353643438,0.025430571463546915,-3.2540376208081914,0.33839054003134117,233.1,healthy,608.9,3
3.049778587911499,-0.43619478062995687,-1.4995428280700078,-0.5723490210466344,1.0218009117286457,-1.5758401397166173,234.0,healthy,608.0,3
1.7745823359371369,0.43209479540824414,-0.2655535460906339,0.19174537446816362,-0.2302385359418101,0.8241054202021104,234.8,healthy,607.2,3
-2.005645977783436,1.1784113266201386,-0.5193603662245402,0.17988570579836202,-0.23361813692480796,0.4259792157581558,235.7,healthy,606.3,3
0.02661889915062222,0.8946656761362346,0.24714144687135284,3.1066079062631307,-1.7774212547460846,-0.2561896734570174,236.5,healthy,605.5,3
-0.19093835921786445,4.131330204829428,-1.6104383659405392,-0.5725551438311596,-0.5175460786051277,-0.5371234533648861,237.4,healthy,604.6,3
0.4091301823831813,1.6096554104569876,1.3554513346775015,-1.8217574376826218,1.0992743562772225,0.6813512463896958,238.3,healthy,603.7,3
3.1452094748171624,2.3921706283429294,-0.41189972610270104,2.142256233641037,0.32455282975546046,-1.8338210095993932,239.1,healthy,602.9,3
2.247437046928196,0.31701433293347014,0.8792129829338369,-1.2853830677217517,0.49239580552280526,1.0782052798536264,240.0,healthy,602.0,3
0.15489398467949964,1.9009907822285939,0.5500428345636533,0.9281017300321498,1.1146805222924328,-1.167070189381962,240.9,healthy,601.1,3
1.7177067308263105,-0.7043588707173152,0.6075690640539768,1.6953004176844697,3.096440923004531,1.652757645507659,241.7,healthy,600.3,3
0.37590305672738544,-0.22217918930356614,-0.9349336505175674,-1.770410730343634,0.9344705775572169,0.6802420961220872,242.6,healthy,599.4,3
2.649094681789814,3.042801304353525,-2.4430904086204825,-2.9527988077697738,1.2284809416744615,-0.430419541081629,243.5,healthy,598.5,3
1.0226449332140317,-0.31399945962110354,-1.1357910838078171,0.7470429227486634,1.1389901691529316,0.47527055110169114,244.3,healthy,597.7,3
1.7312459366211812,0.9762349730532285,-2.4186272098492014,1.9865795797173607,-0.013058574939931388,-0.16414899179493006,245.2,healthy,596.8,3
0.28859569329864404,-1.8951226910093495,-3.1107153014449573,-1.237633133804144,3.2577311633822466,0.0972800285458518,246.0,healthy,596.0,3
0.8449066158478834,2.222210176397329,-1.8299505869160486,1.2150121957324467,-1.1379929650873981,1.1928010536029514,246.9,healthy,595.1,3
0.36736925428698214,3.4621334054984496,0.6679058475216008,-0.7955620128286842,0.7325764747182767,1.4300515461015577,247.8,healthy,594.2,3
1.9387705067360448,0.5444735919188046,-0.5779671132417774,1.3042813453023128,2.301107167885527,2.681351981393638,248.6,healthy,593.4,3
3.1839616905144505,3.215602850050599,-1.5943423807118613,2.796950615421381,0.40446778624761426,1.1331246386704452,249.5,healthy,592.5,3
1.7601186348779199,1.1406223548945933,-1.2982554031823685,-0.25156524996328705,1.3963157461970739,-0.015631536410362683,250.4,healthy,591.6,3
0.3473859335723813,-2.406406407488771,-0.8088927411605957,2.4134557163618777,0.6342381066365725,0.4564028080878779,251.2,healthy,590.8,3
-1.0882567450538712,-0.2996444596137064,-0.06665675364374374,1.8298847622405479,0.5878874045259849,0.5591530872056938,252.1,healthy,589.9,3
0.4671655093641238,1.5537266815430653,-3.7289777630929875,1.2416891875239489,1.9444199546842735,0.5982018802809644,253.0,healthy,589.0,3
2.832927009360169,-1.282650773464332,-1.1409479619582164,0.16468657134424325,0.46485066872275577,0.22686964501535745,253.8,healthy,588.2,3
4.301392005064947,2.058994796245738,-1.9016323009133385,0.9905583171200182,-0.28789571079693044,1.4912615068634745,254.7,healthy,587.3,3
0.4522860589552155,2.334597055678153,-0.26695932658233307,4.499281341770245,-1.8608402972052,0.6467228030988801,255.5,healthy,586.5,3
0.5084450434764646,-1.7653012762465816,-2.165512202894232,1.2353353489376444,2.436629210366886,0.7933476608045952,256.4,healthy,585.6,3
0.9597245513745865,1.3086389005892078,0.7906669380666372,1.3882577044451843,1.984397053606929,0.3822434502379396,257.3,healthy,584.7,3
2.572689798017347,3.58242119272253,1.5249798017234306,-0.23793624544503994,1.7097673747801976,1.364590350499831,258.1,healthy,583.9,3
-0.8701852703845189,-0.6641875024533925,-3.1078564111756806,2.3244563247986147,0.30372635090604305,0.7345000614566669,259.0,healthy,583.0,3
0.1273013567888419,0.43465501289267394,1.1162843689764397,-0.14932696546056035,5.0066618930742015,-0.7943020852870072,259.9,healthy,582.1,3
2.990266256662025,2.0175766606669807,-2.025130519911041,-0.007659744013149154,-1.7089261887365992,-2.374681920169443,260.7,healthy,581.3,3
1.0670152355179288,0.05390399496017355,-2.5481191290521785,-2.0160841887678167,-0.8787834047570003,0.4261488385554918,261.6,healthy,580.4,3
-0.5491009535643447,1.6282316372402141,-0.14882442198201876,1.6217436344684601,2.446031793854795,1.8839360820006432,262.5,healthy,579.5,3
0.897340267380746,-1.5626399564632056,-0.5055784809743072,2.7724469048010354,3.178219375459191,-1.5966360300973566,263.3,healthy,578.7,3
2.0783091174089883,-0.07808764362128649,1.8326765523823836,2.22042795383155,2.3058868831238772,0.9843513948160375,264.2,healthy,577.8,3
0.5246373865685118,1.7199609763921642,-0.7303422386720096,-0.49963609621025645,1.452159496840998,0.4952401651612841,265.0,healthy,577.0,3
-0.8851905396755512,0.9912244705271572,-0.9226844285254721,-0.09848795652374678,1.1080372034335422,-1.2883073219986234,265.9,healthy,576.1,3
1.5811604213936985,1.9844575094674992,0.570714655432919,0.16325339547325488,0.551197858967808,1.9020655764923298,266.8,healthy,575.2,3
1.1647929180947239,-1.5945345679660994,0.22729939901437987,-0.12933720548404454,0.1498878873886797,-2.6956564987338245,267.6,healthy,574.4,3
-0.13768414975804003,-0.110158055377653,-0.7641454188619655,1.3743091404421965,0.6336423163141973,1.9806195529239332,268.5,healthy,573.5,3
1.0224042362221024,1.2301349942987958,-1.064784063886044,-0.9810780524058988,1.0979574401500432,-1.228392724156081,269.4,healthy,572.6,3
1.730403497149531,1.5059615506063184,-1.5620980459382034,3.8635253554278726,-0.12257844632105014,-1.522146229432656,270.2,healthy,571.8,3
1.627565707356471,-1.5326144855862551,-0.7989022338123966,1.3230993871681047,0.5523885460508806,0.781242822734448,271.1,healthy,570.9,3
3.1723480606548606,1.3260350429123409,-0.8079370923879436,1.197566461264366,-0.44888866428134866,-0.1534925495870635,272.0,healthy,570.0,3
-0.6117368753224331,0.1416202386708761,0.3114045470561008,3.3943774474613884,-0.2374859993864649,0.8573017189166251,272.8,healthy,569.2,3
0.3600170552614345,-0.3457687881847588,1.1351737890790072,0.03085201570908601,2.42627162476252,-0.9164870403011601,273.7,healthy,568.3,3
2.718273185418909,2.504292796897273,-2.5367651354677627,-0.27916080235162616,3.3250249918213886,2.0998042835496826,274.5,healthy,567.5,3
1.198326385376565,-0.5831920822258907,-1.2234358582308438,-0.09736188976797112,1.0495082030585297,-0.6988367836747221,275.4,healthy,566.6,3
0.48402523957005933,3.1702706329664445,-0.9689503159970853,2.212909314006473,-0.5298611456351221,0.9856865395291998,276.3,healthy,565.7,3
0.9161201031358538,0.8434229332889024,-0.06027434909048379,1.4082142634362667,-0.47646897296089175,1.6295370971167011,277.1,healthy,564.9,3
0.5433461073032421,3.8157263153088428,-1.4382433467871591,-2.576940135358739,-0.49148399580932706,-0.214361910480476,278.0,healthy,564.0,3
-1.2969246258802711,-3.8943736907716375,-0.766696165269886,2.128697781216832,1.4399470386825939,-1.7976642682902628,278.9,healthy,563.1,3
-0.39624195254372074,2.7166312133917003,-0.9583898432059732,2.7701090020771386,2.5634529143855116,-0.2672779597327478,279.7,healthy,562.3,3
-1.3541393949342517,0.6901473398823004,-2.3130194609198527,1.0049509443031148,1.191108467381716,0.00837195153915557,280.6,healthy,561.4,3
2.1065472508688456,2.6911199697130272,0.04899688796836279,2.646919512394873,1.0398603315074313,0.09373183110857639,281.5,healthy,560.5,3
1.3349438098295037,1.7094109404914517,-0.9107081051818414,-0.8440382183025322,0.335219049409842,-0.3070445179384672,282.3,healthy,559.7,3
-1.333795028731757,0.8381085118334639,1.086399449454956,4.0116944365216245,-1.522601020093494,1.9619105985168057,283.2,healthy,558.8,3
1.4187446557170484,0.18443467281453393,-3.399830775862708,1.3323596953537578,0.6137296819150886,1.6958504695266048,284.0,healthy,558.0,3
0.7894970742332698,-1.045478045301696,-2.1128206096077973,1.4922528744268158,0.8822893101447254,1.6172326729407063,284.9,healthy,557.1,3
0.9978640838197836,-1.7117731301041617,1.0278239196262844,0.7602804323137398,2.289431503447221,1.9267225015653184,285.8,healthy,556.2,3
1.2295075866011156,2.013262482033003,-0.3541932425235485,0.7692695991184015,3.2187499012681,2.3797254052004067,286.6,healthy,555.4,3
-1.6499559979901601,1.5510108707308679,-1.8420870242268506,0.1935437611788536,2.2652966824670835,0.16840902941464195,287.5,healthy,554.5,3
-1.1274739435764884,2.4233842664502174,0.013645939429035523,-0.619441852127631,2.163844736402797,0.36577548045269637,288.4,healthy,553.6,3
0.039304724701472886,0.29282260150209405,-3.2058944953800563,1.4990355590749,1.0419006665555248,-2.304290152117421,289.2,healthy,552.8,3
-0.27611227203650507,0.6518127811632498,-2.286720490059483,-3.3593006063565682,0.14423360135059038,-0.6612497599158063,290.1,healthy,551.9,3
0.9743140713159784,1.7787388818278234,-3.1051948940986347,0.8904310619407578,0.6725561414362523,-0.3893875832650469,291.0,healthy,551.0,3
3.1750285498829363,1.997113107024686,-1.020323738321033,0.7622628078186747,2.1762568786814627,2.873052489291137,291.8,healthy,550.2,3
1.4984044192665156,1.7698922897624623,-2.2710313352882903,0.19787925652600163,1.6854474573433178,1.151268860890038,292.7,healthy,549.3,3
0.4693372526774421,3.3420153564501214,-0.005741948684555189,0.29090565094682475,2.564345830114135,-1.4280871719096573,293.5,healthy,548.5,3
-0.028692175512766222,0.9538901546295486,-2.5836704718020016,0.5826565436476686,1.3980960763288175,2.8442841581513876,294.4,healthy,547.6,3
2.0528061770390034,4.4712450466429265,0.0998678142569616,-0.6130949304132908,2.090001294656991,1.8427438120193183,295.3,healthy,546.7,3
2.8398251663328584,-0.795249622453293,-0.13302147552345372,-0.7707664102114553,-2.625633610657014,0.5146037416814815,296.1,healthy,545.9,3
1.338619909342303,4.43704482491924,-1.9283501863041803,4.041365050499222,0.0014065952689625001,2.3037235578033632,297.0,healthy,545.0,3
-0.7645411724812596,1.6720665211310188,0.7939034556170013,-0.31165903358818997,2.734511441824628,-0.46780071521822675,297.9,healthy,544.1,3
4.130157976866536,2.2613024948296077,1.4519406435264268,0.3838269089137844,1.3766581536789764,0.8084459518939924,298.7,healthy,543.3,3
-0.06542581870975862,0.25963474675527237,-1.120753461972237,0.03520134480016241,1.0394887605711194,0.06470026299292513,299.6,healthy,542.4,3
1.8057799483202164,0.1856773987442277,-2.901713202956416,1.9059413029844061,1.6053327198386718,-0.39303057987050344,300.5,healthy,541.5,3
2.8472594211511026,2.406363972944819,0.6107079020143001,1.854832536040989,0.07972744849546516,-0.27773126086596084,301.3,healthy,540.7,3
4.265741498331534,-1.3906305222530295,-3.4311476580340323,-0.2597686601128192,-0.9624707956300494,1.944673062627076,302.2,early_deviation,539.8,3
0.37244577266182693,2.4111206832513297,-0.8313751589668595,1.3202897537762421,0.2520691843315177,0.1188837432668001,303.0,early_deviation,539.0,3
3.7138178254984604,1.2513643904245815,-1.4789566027177958,1.8729948584445704,1.2384275642681126,0.6158487454361159,303.9,early_deviation,538.1,3
0.33018156903708107,0.12585479525059445,-1.6673100414769846,0.1693208755602521,1.9716305549114839,-1.4625084113043305,304.8,early_deviation,537.2,3
-0.5921091297095157,2.0761363313052343,-0.34917432420649575,0.49098862288061546,1.3857162314601574,0.13778635883177098,305.6,early_deviation,536.4,3
0.3155482860062613,1.422428140512634,-1.559884646568046,2.286073218894924,1.7483931500682146,1.4833605040490545,306.5,early_deviation,535.5,3
1.7563550091862141,1.7448599502225342,-2.023205124280592,2.0912968711320437,1.2732328573949492,2.7540832574887566,307.4,early_deviation,534.6,3
1.5486717978721685,1.6402749649491164,-1.7795106592309184,-3.3082208902754084,0.5435891274606325,1.8419304012995628,308.2,early_deviation,533.8,3
-1.8141934022647062,2.85683494657199,-3.0525405600372677,-0.27651717388690417,3.467313740033665,0.6789861764280427,309.1,early_deviation,532.9,3
1.5974949945263988,2.5064448344828403,-1.3344512298252318,0.36971649010683205,2.0690899489798826,0.9519155208576493,310.0,early_deviation,532.0,3
0.9198290249657112,3.18358699699357,-0.31034618366300293,1.9521805920650317,2.123985727576926,3.068071475927334,310.8,early_deviation,531.2,3
3.4743297889353526,1.9954783667366935,-0.34763259789361783,2.8905524935896194,2.1981425403262147,2.1577931040045057,311.7,early_deviation,530.3,3
2.4379760679548985,0.5661859335684952,-4.689849876293239,2.676609493613962,0.7719127284315984,1.2493297975837099,312.5,early_deviation,529.5,3
0.1837502717776582,1.4355404145903374,-1.4728934190927998,1.338450692805423,0.859187737139688,0.5701855096858977,313.4,early_deviation,528.6,3
2.072800438525974,3.375395176990961,-0.7450525835306553,2.5655245298690335,3.8498049043641505,-0.43140477529369387,314.3,early_deviation,527.7,3
-0.8764926256497555,-1.6568931406333354,1.5828202171116035,0.3189037652834747,1.741764989460418,0.23649125273208715,315.1,early_deviation,526.9,3
1.267712763680429,-0.8750972893018293,-0.6294160610219501,2.6055248004379576,2.6743249706655368,0.7883385404720984,316.0,early_deviation,526.0,3
2.228443866112109,0.6354290058169628,-1.3146675883210637,0.639733187721796,2.1685893981854876,1.9848421787290638,316.9,early_deviation,525.1,3
2.0927454665373575,1.4534215231299552,-1.2686534523701785,2.839492144749952,0.9083877275267825,-0.9045164446245081,317.7,early_deviation,524.3,3
2.4058867826245307,1.5922431025933095,-0.17439532744446204,1.1064020887763113,1.160334170934477,1.786216422312392,318.6,early_deviation,523.4,3
1.8814244484137808,1.8836855710710294,-1.3736157104004085,0.3014455804458533,2.2849193507191594,-0.9421176882586472,319.5,early_deviation,522.5,3
2.9073461429494496,3.5376163763987933,-0.08976250821531086,1.2568758716085269,0.5748090635711312,2.2160532870782244,320.3,early_deviation,521.7,3
3.41137111439269,-2.6060609367300627,-2.462106711489498,1.1817005403528966,3.7508377164754387,1.5486793316143004,321.2,early_deviation,520.8,3
0.2631966902660949,0.5698797595839065,-1.49703437591757,4.7625983572006945,2.3166120670831254,0.13163744778623773,322.0,early_deviation,520.0,3
1.3674871372128312,-1.122848343061127,-1.7413894369576057,0.34449895829977456,3.6840432813556068,-1.5377923242867,322.9,early_deviation,519.1,3
1.0274643434383672,0.8416528065988095,-1.3614561119496928,6.386677127644264,1.7311338555591067,0.5662295065412499,323.8,early_deviation,518.2,3
-0.8759401166456215,2.162644200859913,-0.2610361168028604,0.21613979851146936,1.2456871392415194,4.354654299486384,324.6,early_deviation,517.4,3
2.092964281984547,2.008871517081422,-1.6455093667888196,-3.5012666366728276,0.12618999653690227,2.1678015261842307,325.5,early_deviation,516.5,3
-1.4060533597800384,3.5734068831739783,-2.153013243393595,1.4846664492564845,0.8605593327820058,2.1858108288734046,326.4,early_deviation,515.6,3
0.9670220465383875,2.4098759366290747,0.7238963927355304,1.3181344564722024,1.6978675878480567,0.859420141756798,327.2,early_deviation,514.8,3
2.4312092002505428,-1.5584732883867325,-2.987707494409607,1.8209080458054139,0.16679307309448504,1.2941129246279957,328.1,early_deviation,513.9,3
-0.1947457479989471,1.8007523066702251,3.340218029768675,-0.2586578104753596,2.469580126166639,2.9981584436745754,329.0,early_deviation,513.0,3
0.5113771704687878,1.284517893397733,-1.8901081233009132,0.5048306670553648,0.14774683825038537,-0.1925086708061657,329.8,early_deviation,512.2,3
3.472606617288733,2.1318751151177184,-2.0389466433680865,-0.31802670591842286,-0.7210828600143687,1.1686328520987352,330.7,early_deviation,511.3,3
1.8065129800683228,0.7487231760610988,-3.7238893613562127,0.2462572424179633,1.058848118805224,1.2429164645726674,331.5,early_deviation,510.5,3
2.132662874490921,1.1681199393682231,-0.9744284290879254,0.5296705376531672,2.5287353087268407,-1.6329297223476467,332.4,early_deviation,509.6,3
2.7090446439336677,1.3841299542598147,-2.208454970292358,1.3167303314634713,4.508036520046283,-3.083788331589052,333.3,early_deviation,508.7,3
-1.8961069649201878,1.986500429654373,-2.173789792895465,2.3902938789025856,-0.3448487698165173,-0.5912815410044373,334.1,early_deviation,507.9,3
1.9955914079850736,2.3672029509652006,-0.1680612591831782,2.480867550524896,5.911965670109181,-1.0360937965094974,335.0,early_deviation,507.0,3
-0.6400789461196752,0.3887832708926975,-1.4435885350750577,0.6858424396094897,3.2931578479117873,1.241688476776386,335.9,early_deviation,506.1,3
1.796327121001626,0.7335801059519635,-1.8963576030512412,1.1525376247774741,2.512145884032856,1.3112031832385984,336.7,early_deviation,505.3,3
2.240703001540899,2.540186358993449,-3.4142158577565778,4.330213623723893,1.73361108843815,1.9100730590867145,337.6,early_deviation,504.4,3
-0.2704504223404683,1.1399514849618306,-3.0206597544595337,-0.57810524189523,1.9336550987397345,1.1737628413706531,338.5,early_deviation,503.5,3
2.4617777182230025,0.22298948702357033,-3.872975604919779,4.703694275553633,0.9960983852326357,0.18020543161977795,339.3,early_deviation,502.7,3
-0.4476526418609607,1.4934312359883892,-1.985966039335874,-1.4141046716009833,2.502368241488355,0.5975611394746598,340.2,early_deviation,501.8,3
1.9846998691011695,1.5933847938945729,-1.4961421685281369,2.0607312139222778,1.5179112423762067,-0.34516529487103176,341.0,early_deviation,501.0,3
4.045640510389465,-1.1250913118122814,-1.9558887816525556,2.473409779173109,-0.38448166447494053,0.47549688411570284,341.9,early_deviation,500.1,3
1.3694345946928004,0.8248891410496281,-2.8222916402061435,0.6330528727787739,1.9118300055045485,-1.6634856949443406,342.8,early_deviation,499.2,3
2.497417284184046,0.7188654226673579,-1.4789052454075635,1.4790457990983843,3.683219169876099,0.26212054641574983,343.6,early_deviation,498.4,3
5.124291257311723,3.216411127078042,-1.1317066671356704,0.9149569065513962,0.9436847917841692,4.1280803940188795,344.5,early_deviation,497.5,3
1.8950128876842387,1.9525204634206534,1.1623800724200433,1.6853415054304204,2.1474844187695914,0.9468192191472818,345.4,early_deviation,496.6,3
1.61210092562632,2.844060128153248,-2.8888043919800377,2.8254661117809574,3.7895737228238056,-1.245988804042569,346.2,early_deviation,495.8,3
3.7727229438819516,1.3376580665669766,-0.5684237165943784,3.109254301476628,0.7134071975078586,0.8564676555209432,347.1,early_deviation,494.9,3
2.388802766585195,0.5762914171040951,-0.36753909413988917,-2.2411578191082344,3.3077770444689962,1.8253358069111112,348.0,early_deviation,494.0,3
1.5828835930403184,2.4233034387474732,-2.4575661210618107,0.20481964585487478,0.3613951205313559,0.8937382870560792,348.8,early_deviation,493.2,3
2.3507617010912227,0.710049140990526,0.061074918926369424,-2.2483513659509944,3.702130013977454,0.25542806371129173,349.7,early_deviation,492.3,3
2.614543722678561,2.1051029592762265,-0.17605084544470292,1.5564594301216248,1.8723227477710491,-0.6924307298855242,350.5,early_deviation,491.5,3
2.0349727180930324,0.018220584891140094,-4.0541229081499175,2.0276519654407346,0.6580276898353561,1.3826260615287185,351.4,early_deviation,490.6,3
3.4621581796854186,2.151174749840484,-1.1371374509406136,-0.31778738214846436,3.0760158148350563,-0.49343322530223716,352.3,early_deviation,489.7,3
4.6334389757893515,2.5844334641682574,-1.6282261213884377,0.13901252598754904,2.2379355763092468,1.0211471840891742,353.1,early_deviation,488.9,3
4.956957614459512,1.0788962590013467,-0.36493396940348966,1.6720223767761742,4.094747116121941,2.0098654348733467,354.0,early_deviation,488.0,3
0.6245266382106683,1.6889150557680668,-0.7822090939765756,1.4836939370583215,2.0140955017952713,-0.9283614825357988,354.9,early_deviation,487.1,3
1.00870638922805,0.22313093550337287,-4.370274481880696,2.0136397662156686,-0.08590883903065216,-2.0176946611747186,355.7,early_deviation,486.3,3
1.4624202189761586,2.2060527186187304,-0.8334375074245951,4.214433487289665,3.5611448430620234,2.4043736967777183,356.6,early_deviation,485.4,3
0.5222468278079527,2.19717581616484,-3.0159882532410727,2.36824150770634,0.08677780084685385,2.1938885644227804,357.5,early_deviation,484.5,3
1.822814730883965,1.5062040337145515,-0.2685564382297691,1.9585012296659159,2.323528514372632,-1.2783136275468125,358.3,early_deviation,483.7,3
1.3895546750619459,1.406872849119495,0.872877907666474,4.990687743717514,2.6360371231784088,-0.0897309676432697,359.2,early_deviation,482.8,3
2.412856054617496,2.1718969521315565,-2.4199786120124216,6.475113485829638,-0.016376983096767946,3.0921812743725923,360.0,early_deviation,482.0,3
0.8063349228945169,2.0957471526835727,-3.0568455110415584,0.9989415659406193,0.8025116499425061,2.1609959616148795,360.9,early_deviation,481.1,3
3.9867791550954013,0.837855925262388,-2.704851569803013,0.17725176095439243,2.2348581498942646,3.0707410882167423,361.8,early_deviation,480.2,3
4.52051926426703,-0.15857182862893426,-3.4086823593311797,3.8042892639265293,2.0389623974022046,0.6957363430228242,362.6,early_deviation,479.4,3
2.4143494700446073,2.925366735036323,-3.1031909519937133,2.719720973192385,2.8239423887770236,0.2876711229329858,363.5,early_deviation,478.5,3
2.986234582047542,1.3445728765367562,-3.233215577414535,0.5502592987417795,0.7357127470142897,-1.4326556453943884,364.4,early_deviation,477.6,3
3.2897589592307326,3.6257286758529355,-0.47246409294505093,3.4329265582922197,2.0483657129647397,1.597418631087459,365.2,early_deviation,476.8,3
3.0785254672860622,-0.32155684982769667,-3.3424576112969837,2.092801982471462,2.7440708938329346,-1.314592084216505,366.1,early_deviation,475.9,3
-0.2775400428293983,1.3863870678589532,-4.283358779861665,1.9890115518999683,2.4432398442468526,1.3637512085772858,367.0,early_deviation,475.0,3
3.2784571413833983,1.5833540759839964,-3.315971337305203,1.476031426296397,2.4442003261572087,1.9341850582269462,367.8,early_deviation,474.2,3
3.119739356764236,0.42138310410206187,-2.5314390802954425,-0.17983728769461269,4.846814883994197,4.040094746775336,368.7,early_deviation,473.3,3
2.5471102722408254,4.17911150130672,-3.0206869436237636,-0.5914769387764015,4.680812042396125,1.0302155709459357,369.5,early_deviation,472.5,3
3.947299378036166,1.2742547958417667,-1.9858482196241758,-0.7668016592015725,1.4535198745162419,1.2106624018760899,370.4,early_deviation,471.6,3
3.616702059649445,1.123432323213462,-1.9133760058518288,1.9962189324866566,3.7000311667882326,1.393314159887387,371.3,early_deviation,470.7,3
-0.7301269730244998,-0.3314643054915768,-0.5324091510464327,2.0404495619488783,2.31253888998606,1.2412823639113042,372.1,early_deviation,469.9,3
-0.6733170125478407,0.6632135286353198,-2.791634347019102,0.9953544761399917,4.233890354978944,1.7140200843805296,373.0,early_deviation,469.0,3
2.9994236831269396,-0.1464173628287585,-1.622726861169861,3.890591075423757,0.8343009893914041,0.3272325086533033,373.9,early_deviation,468.1,3
1.6722970551482619,4.0112182178588025,-3.088055650568102,2.2321894029194653,0.998122873018219,2.0260681362719395,374.7,early_deviation,467.3,3
-1.0271798833570103,3.1064308926464226,-1.0069758726925249,-0.9336213938595753,0.4940417784289252,2.2787292492622258,375.6,early_deviation,466.4,3
1.4132852103096725,2.402423622436034,-1.6951195214616572,0.8962024999076825,1.6232604415452574,2.0630428589750047,376.5,early_deviation,465.5,3
1.697772643587348,-0.25023246423354417,-3.3611063569457498,2.1055968122308175,1.2987549059638477,2.2354869472691874,377.3,early_deviation,464.7,3
1.0013924829057197,0.4065451585707599,-4.3031887436456415,2.6091188071105624,3.3077651159589005,1.4605174594884915,378.2,early_deviation,463.8,3
4.118172360746733,3.3337648686924997,-2.228330249350064,3.077160015562776,2.5738431096081813,-1.2458752143249927,379.0,early_deviation,463.0,3
3.8244618563699766,2.5680658543625343,-1.5672639871433522,1.3676011580113177,4.259351662885424,5.302082264720703,379.9,early_deviation,462.1,3
2.2367588531053224,1.3004914681525777,-2.5356775688982576,0.21060768431451607,2.8000920649158227,0.8372522027010061,380.8,early_deviation,461.2,3
4.80813028805332,3.1683024784046316,-3.1895366885698313,1.4022339359360285,3.5854743097664628,0.19089674637879434,381.6,early_deviation,460.4,3
2.9880781021901264,0.9950152897858578,-3.2337341855472155,2.81381671601887,2.903489962230363,3.3604979621337328,382.5,early_deviation,459.5,3
1.2568157544104164,1.8941608413466997,-3.0588615372194763,3.349175689175391,2.227871078934878,0.23075878088959523,383.4,early_deviation,458.6,3
1.7232755839573326,3.3886064650045147,-3.146835602631605,0.8079916317483379,-0.1474602095023899,0.016366060679458408,384.2,early_deviation,457.8,3
2.573450181696301,1.4090471143233283,-4.736768303706553,-0.023044250635900564,5.211127989393143,1.301694149534063,385.1,early_deviation,456.9,3
1.7238062114167272,-0.947510828190469,0.2181779379156999,0.8157495953433733,0.6883522340824617,2.60197460647277,386.0,early_deviation,456.0,3
3.6067951902778947,3.0741321426297885,-3.368083902093985,-0.25394327054456867,-0.12534281394084826,1.2774871819414333,386.8,early_deviation,455.2,3
1.613353644061502,4.388461313492188,-0.9779690624753101,1.1149416589033005,2.1713802819789003,1.025880709697061,387.7,early_deviation,454.3,3
1.0797667057029465,0.43451962649057346,-1.4187376389618702,4.784304884798718,1.2423861393886744,2.2880210913011014,388.5,early_deviation,453.5,3
2.4989489923143746,1.9928332801643784,-5.434669841418753,2.064637863207659,3.2001624726647364,1.6653784619074259,389.4,early_deviation,452.6,3
1.1376379210984457,1.8141272707818477,-0.7526151992130466,2.161505888317384,1.4188889443402226,-0.011668931180786508,390.3,early_deviation,451.7,3
1.8966430627657926,1.2554178997172012,-4.004436221014776,2.7394714093989427,3.8673150851541824,2.2198501630477283,391.1,early_deviation,450.9,3
5.110686406882685,5.188508060103364,-1.7631206282260483,1.7697342602655308,3.9443604382989372,2.6407327385270585,392.0,early_deviation,450.0,3
-0.6978298130192608,1.3802946797646007,-3.857907772901722,1.8755388839529925,2.9031367685203433,-0.187504459716307,392.9,early_deviation,449.1,3
-0.34569011385666015,2.082596485447077,-1.8538468412626725,0.46200692935064963,-0.0929141364950823,1.780212249282554,393.7,early_deviation,448.3,3
2.6711512788665592,-0.5476056654001467,-2.317633562791588,2.612109662547869,-0.9493093857366609,0.6449520900648152,394.6,early_deviation,447.4,3
5.213945416411596,1.7754815254072238,-2.787519720164469,1.6664874958304325,3.1153445109544387,0.5402425152819622,395.5,early_deviation,446.5,3
3.464411978791484,3.6293861294021155,-2.190104298444129,1.2733850616126663,2.359275201640511,1.8364218924918683,396.3,early_deviation,445.7,3
2.5639481209020722,2.250388734266565,-1.8352373688511423,2.5884027755778063,3.697305922097756,0.3790905314750879,397.2,early_deviation,444.8,3
1.313571011025278,0.8538113137841262,-5.498267310582724,1.6595471065015595,0.9640074525691049,0.5945874927101953,398.0,early_deviation,444.0,3
2.959960317226234,1.0641350997876668,-2.4237709969205254,-0.23498689123950575,0.533448192882585,1.687347153425836,398.9,early_deviation,443.1,3
3.19452500622757,2.665059097655708,0.042672889767907715,2.95581733069495,3.0606141381598357,2.9779657130013266,399.8,early_deviation,442.2,3
2.524145591058263,3.3219902930952183,-3.3252871505778856,2.8818732026489458,2.5580148702732126,1.5905174209287931,400.6,early_deviation,441.4,3
-0.46154195237130446,0.33189269231612545,-3.010339956122223,3.274811015313959,4.382701435952231,0.7496493070989604,401.5,early_deviation,440.5,3
1.1981075699293753,0.6641976059162356,-2.8314271993899873,2.6221723278813807,4.208804601356009,1.1152480548167012,402.4,early_deviation,439.6,3
4.901728595588769,1.3354676358225983,-3.4895036605366396,2.4229027800905767,1.9871634667293603,2.8496474210907037,403.2,early_deviation,438.8,3
3.3663443657471723,3.55183396931151,-3.5844985723585743,5.7357233902221605,3.4188783908284544,0.8078956088659061,404.1,early_deviation,437.9,3
3.81341167628689,2.3915805861128923,-1.0728813997984477,1.00738429986011,3.7312537405205473,2.0365414129441626,405.0,early_deviation,437.0,3
2.50075969013985,3.140515934893695,-1.9735264931941114,0.9147244996534019,1.1548366995877672,0.3070494271811053,405.8,early_deviation,436.2,3
2.919999146183191,3.179551673934056,-0.8003150633466684,4.044443058523287,4.896332013415942,5.165639684097771,406.7,early_deviation,435.3,3
1.0095214767688014,4.515724531463106,-2.656283666425951,1.8720679976013685,2.7042347300417404,4.153663980960743,407.5,early_deviation,434.5,3
1.460336001841645,1.4094007355228348,1.4876500862312538,-0.19632434370845891,2.8294556104940125,1.0562907592884683,408.4,early_deviation,433.6,3
3.3914424975398862,2.9110137557215054,-2.375070168740522,2.796953382170169,3.6045985320899225,0.5145018325756966,409.3,early_deviation,432.7,3
1.3859278090247336,-0.5222419322789781,-2.0779711500977496,3.0375899744300194,-0.5989532615659715,1.4637946328753448,410.1,early_deviation,431.9,3
1.7853480559388664,2.870610007812193,-2.4082792153415817,0.2559533135373604,1.2607404237550082,0.9219403624502286,411.0,early_deviation,431.0,3
1.4907951120904588,3.683037537791213,-4.263046460163997,3.1131332832741396,0.8173642060528092,3.4563368740391485,411.9,early_deviation,430.1,3
-0.34740234473091036,2.1816407316973874,-2.4318824309180833,1.2572991841727432,6.153218731740679,-0.19847136919993322,412.7,early_deviation,429.3,3
-0.08417830253391671,3.2876607470471524,-2.885724967378608,5.8004763788021405,3.3164229642352914,3.443958303370907,413.6,early_deviation,428.4,3
3.013942088047954,2.498382271134095,-1.9164514024289234,-1.4253570389123236,3.1264823481555273,1.830826033022078,414.5,early_deviation,427.5,3
0.6924743049492694,1.069354548692377,-4.053376716642502,2.934958811599734,0.4310445498034627,2.2355509367076998,415.3,early_deviation,426.7,3
1.0787875065767516,1.2399252497937003,-2.783733377292859,3.9909797883632563,3.452722685286375,1.449094159723811,416.2,early_deviation,425.8,3
5.441174317545863,6.15323114759323,-3.991515325965411,1.7834158330107033,4.874997862344449,1.4179519558425067,417.0,early_deviation,425.0,3
3.978196119179411,0.46319527473167893,-1.3472935784001348,-0.8918296534519253,2.1831059858711086,2.091631579547909,417.9,early_deviation,424.1,3
2.022511178375582,3.092437596608814,-2.7963018202132277,0.18898139243127493,5.09438958228093,2.359537075917112,418.8,early_deviation,423.2,3
2.074523610172594,2.774012820262459,-1.0343050107756735,1.9903755590513017,4.527775835777498,-0.7020139100823063,419.6,early_deviation,422.4,3
2.977153740989164,1.6561091119167195,-1.0386512490293582,3.2418147692959733,5.5264806327633975,1.5221931211640556,420.5,early_deviation,421.5,3
3.5710899796827356,0.6271037524342988,-4.054278994092764,2.643640915083846,1.9347363299002989,6.019095942471194,421.4,early_deviation,420.6,3
4.195665851368991,5.036016495413378,-3.464909550974585,-2.5334482278222983,2.2180771369641277,0.3408593812252946,422.2,early_deviation,419.8,3
1.9283220691327305,1.5210136895498854,-4.823689040755998,5.810071463590876,3.0624701411232236,2.710665577034595,423.1,early_deviation,418.9,3
0.689383536757713,3.1714022208048647,-2.382539132857208,4.253986927929705,4.745353517851993,3.037769768242415,424.0,early_deviation,418.0,3
3.747663104792557,0.9538436787004744,-2.6876277377615243,1.55095221666374,4.213898225888006,0.8604937423363407,424.8,early_deviation,417.2,3
2.3660131377603437,1.7789975304766015,-2.6551689106922063,4.272536595163281,4.937683528621391,0.8693503546227798,425.7,early_deviation,416.3,3
3.140450238840784,-0.6140763474444996,-1.0198091582126878,0.4446248301046343,3.8682218887691087,-1.7243139197701407,426.5,early_deviation,415.5,3
2.536443019190321,1.7899820152795458,-1.7494525346631784,2.610834191357682,2.7446747262104005,-0.7954806420884573,427.4,early_deviation,414.6,3
3.3732644042645505,4.559112842296257,-3.6779598139162832,4.299286905797588,3.59456810848311,1.2745536555392067,428.3,early_deviation,413.7,3
2.6937986776507064,-0.03606936234964883,-4.131563689935174,3.497487257831603,3.445720079272776,4.34261971437122,429.1,early_deviation,412.9,3
4.312852464111513,1.8485922032320143,-5.133959698962776,4.258997509980569,5.089790441861922,2.734336252190144,430.0,early_deviation,412.0,3
2.0788506856408033,4.735222261728126,-1.523483390684282,6.48911876818274,2.1293357181837465,5.106042832752832,430.9,early_deviation,411.1,3
3.7408798259296723,2.513383892763428,-4.549607160149492,3.0368733864945314,5.097069772084448,1.513396604778873,431.7,early_deviation,410.3,3
1.0728247856408288,2.856087290321605,-3.480691350305404,0.7260183987263069,6.892990638776087,2.9994057298729513,432.6,early_deviation,409.4,3
-0.4363672351721555,1.363173351630791,-3.9875447009806364,4.207890126411539,2.400766855307974,1.4359963003670633,433.5,early_deviation,408.5,3
3.7999381151261864,-0.008781929903161874,-1.1884746210455817,0.7596924981967834,2.214013595261047,1.5043835738649467,434.3,early_deviation,407.7,3
5.330956976796356,3.0791111291188455,-1.0824872308229867,4.077951153066623,0.6687179495285853,-0.1903971886193714,435.2,early_deviation,406.8,3
3.13063089564814,4.066900422279369,-4.561538168219393,2.602492443768866,2.2174728739545273,-0.5365126758670932,436.0,early_deviation,406.0,3
2.4204434802488137,0.8831335836471862,-3.1785200420231785,4.481747071341018,5.076612764839695,1.188502927031742,436.9,early_deviation,405.1,3
3.815610771531158,0.7206315079723098,-2.2102816793266973,1.023221169909322,4.933309307365662,3.160118421105884,437.8,early_deviation,404.2,3
1.6373631690044261,4.0068454391403465,-1.2703784537901415,3.6094451308184077,4.167039593176063,1.4106199173213512,438.6,early_deviation,403.4,3
0.019222937035646787,2.299839122805538,-3.645723535191296,1.4078601195917053,5.1695723007274434,3.4676321949268045,439.5,early_deviation,402.5,3
0.9745110052184289,-1.325279303891693,-1.112532264311651,6.082185356785378,5.943766152164527,-0.24979936310110007,440.4,early_deviation,401.6,3
1.3582312437966912,4.393791900488191,-2.890320943140853,3.73811831659389,5.525111739337714,3.5580661999726084,441.2,early_deviation,400.8,3
5.965286547041139,3.005406367678877,-0.4764105497838325,3.5844323384215007,4.327245910942381,2.8233870358017796,442.1,early_deviation,399.9,3
2.851416914647709,2.1562972055019047,-3.7019164886278797,2.754868366391235,5.404340677612193,4.046831074095079,443.0,early_deviation,399.0,3
5.012142870240777,1.2080953004529869,-1.7971745529306251,4.371926511791148,3.974365841071975,4.090148369001505,443.8,early_deviation,398.2,3
6.152718388717756,1.3680452414136968,-2.7304345593384522,0.24826036853879083,4.3648646529864195,2.0755731083123203,444.7,early_deviation,397.3,3
2.9678048510080095,-0.5087740163092073,-4.089126439590653,2.115305333719755,2.5387655923782093,1.8553856196634617,445.5,early_deviation,396.5,3
0.09430945773881595,1.198238362103322,-4.467751663696908,4.694018955050116,3.147226996133793,1.0044936787890812,446.4,early_deviation,395.6,3
3.591303056616896,3.133011082693897,-2.108314257386932,3.5442909636645044,5.120471646407722,3.2647230396668294,447.3,early_deviation,394.7,3
4.755559876865964,1.582446785020684,-1.0043093205850737,2.4705766284165653,3.457369604340586,1.7886415881753015,448.1,early_deviation,393.9,3
4.108539010684171,1.7418430562176064,-4.446796874118367,4.730152694191056,1.9156181687241154,-1.9480145640209,449.0,early_deviation,393.0,3
1.6392121595331701,2.0851465994686635,-4.4109635696653395,2.9010550719800388,2.224262618504581,2.8508613582959867,449.9,early_deviation,392.1,3
4.031953604167731,5.943362017417626,-1.7750949375575114,2.409708155131673,3.5275269857456557,0.8261055133663097,450.7,early_deviation,391.3,3
5.600099976839845,3.5688219317357994,-3.933489621457985,4.125441012598367,4.221955374635704,1.4888041769970797,451.6,early_deviation,390.4,3
2.129593987844104,0.04010266471658243,-1.813698515744525,3.959106842352258,4.030417199467415,2.616681512424992,452.5,early_deviation,389.5,3
2.3529334444045924,3.776466279393374,-2.765691856312074,5.192863761107666,7.260258203584323,-1.1846434158975498,453.3,early_deviation,388.7,3
1.0473710787464823,2.4326248935664574,-2.2434031163985355,1.7304132265234982,4.127190208978372,0.8587753381290044,454.2,early_deviation,387.8,3
1.7773339401855388,3.5617697146713585,-3.412000444374253,0.9447243567364917,2.383888228838996,3.5387246304021542,455.0,early_deviation,387.0,3
4.174096118662264,2.7044989752097908,-2.0319912523536763,4.191185880618015,4.948360826287405,2.7171200461132576,455.9,early_deviation,386.1,3
4.481192658020818,3.067288056899929,-3.895664458973032,4.1968162143968675,5.165158784289537,1.813829219305824,456.8,early_deviation,385.2,3
4.375182044243557,3.180846937870545,-3.623883587265895,2.246665032566132,3.7468070965989595,1.749896491006629,457.6,early_deviation,384.4,3
2.6505716860583455,1.0323273780652005,-3.970127523771225,4.306122158672611,3.2869191940686613,3.773345630973598,458.5,early_deviation,383.5,3
0.7936983308193043,3.760468456327702,-3.269312717461278,4.236166299001157,4.872949711323131,0.4688821028722972,459.4,early_deviation,382.6,3
1.9751157525142449,0.48840543521764085,-5.132736186572083,3.1727401191127735,5.41419010653333,2.196952947533929,460.2,early_deviation,381.8,3
3.303106701509312,2.8798405314655895,-2.261526204872039,1.2568025527657092,3.8453728599787103,2.149482602640431,461.1,early_deviation,380.9,3
3.352378469830292,6.517982321767479,-3.36723801698437,3.582502531143491,5.15637923937225,1.9181816043657351,462.0,early_deviation,380.0,3
3.1798096674040544,2.1697428938534284,-5.295840961815348,4.342823081314616,1.884124953461757,1.621475105000622,462.8,early_deviation,379.2,3
2.6457741573787494,1.4704458580204758,-2.2310864249988946,0.5997481342711879,5.219685037452907,1.6755135086903514,463.7,early_deviation,378.3,3
6.0885616996017085,4.603513520106271,-5.583640279282779,3.774101267926006,3.041874804071416,1.4881031710053017,464.5,early_deviation,377.5,3
3.351875194301745,2.4742349949392324,-2.2835725890444194,5.295945903990024,4.973916550289137,3.423913357829468,465.4,early_deviation,376.6,3
5.966785432854359,4.16457868035329,-4.017722659272233,3.269619211217639,4.4900507598939186,0.3776463677185292,466.3,early_deviation,375.7,3
2.4057609637424067,3.5932258358868796,-4.3115670342551615,3.326818975612721,5.245810799975431,3.288825389606018,467.1,early_deviation,374.9,3
4.996306102250413,4.080726000833788,-4.529922205241443,2.76996236439149,4.219271416801017,1.375025538220557,468.0,early_deviation,374.0,3
2.98392607907973,-0.21871976362610585,-0.3017423236909151,3.5180649519250755,2.2478380160460096,2.091458063213309,468.9,incipient_degradation,373.1,3
6.160535570568582,4.9778447977483005,-3.3243949431884525,3.9627105326456022,5.713342971929714,2.6843997746503496,469.7,incipient_degradation,372.3,3
0.9981102511978722,4.419563813508203,-2.7804998807607513,2.5777867604871587,5.121820429312773,5.458231560995776,470.6,incipient_degradation,371.4,3
4.605600180520605,2.7042180989427465,-5.312422323975974,-0.6563461308053854,2.8373588513172283,3.7238112034773962,471.5,incipient_degradation,370.5,3
2.776603913253527,3.3596923750403174,-4.3975562906779375,4.492488973501408,3.2465533096901615,3.99241279659574,472.3,incipient_degradation,369.7,3
2.9163832209183997,2.8242876513694206,-2.088158023632109,6.842197414466901,4.097868660798994,4.48687239217767,473.2,incipient_degradation,368.8,3
4.1060007514968,4.557975192380134,-4.511720570293478,2.383068514448793,1.7798046528832576,3.9391199206499894,474.0,incipient_degradation,368.0,3
7.387297023307455,1.0426531170907862,-3.885238924997029,2.0848351293431002,2.6849294484377895,1.8023297416381405,474.9,incipient_degradation,367.1,3
1.5457451412660044,1.9148870850229134,-2.3081717336368883,3.1160618868637813,4.754633285055455,1.3711284459875583,475.8,incipient_degradation,366.2,3
4.366456778286862,3.0580150987025805,-3.8689717487342716,3.144148537161578,2.1252457033702643,2.116233656530745,476.6,incipient_degradation,365.4,3
0.7619974429076779,4.244022208688104,-3.834828200488306,4.672928029056906,8.962468242802467,-2.5556093490253837,477.5,incipient_degradation,364.5,3
3.812908400758394,4.403865052942701,-5.444705664040682,4.160422400870075,7.6931772412354995,5.467173153965112,478.4,incipient_degradation,363.6,3
4.654959475020441,2.396207972095004,-5.1954323852918805,2.954129613935687,3.1652131653866857,5.3870307836139455,479.2,incipient_degradation,362.8,3
4.572925563868994,2.4354639666253513,-4.693818487265855,0.9985915722192338,3.2224926543292,2.307148685606252,480.1,incipient_degradation,361.9,3
3.488333977555502,2.962911202961055,-5.444739902247504,2.271863197131685,2.6563114670379746,1.5497642742371764,481.0,incipient_degradation,361.0,3
6.084349502243304,1.8062182800683093,-4.513621797777953,4.470837780879099,4.302116717302987,4.120185993289381,481.8,incipient_degradation,360.2,3
4.905388283943039,0.15723413014851217,-4.850983940632325,3.7099071626007247,6.097204483069332,1.5038813075578672,482.7,incipient_degradation,359.3,3
3.9357678039692723,1.0318403911561735,-5.8072349029182675,-0.6816411315784366,4.533058034120719,-0.1658912650785406,483.5,incipient_degradation,358.5,3
4.127143794081516,3.6007609984752253,-5.258784144971636,4.794634541390045,3.8431974033329563,3.818306845026672,484.4,incipient_degradation,357.6,3
3.6854648139288484,3.662836674182856,-3.8835743439420383,3.96881121371802,5.3846466320839985,3.16375346135258,485.3,incipient_degradation,356.7,3
3.0741710398869544,1.0669317383026087,-3.6078329173109562,2.8658454269335243,7.267210920865265,4.167743519560749,486.1,incipient_degradation,355.9,3
3.1459862696546965,2.676532590060259,-3.027248595259783,2.500346845350449,4.776610725173638,2.0569635237475383,487.0,incipient_degradation,355.0,3
4.853813483040407,5.428643123571571,-2.047705582276941,5.04282989133237,5.772129059688371,0.8850160864473761,487.9,incipient_degradation,354.1,3
5.208436737528582,3.0365331160057187,-3.842703995062477,4.640204307794312,3.818858861056307,1.1010026176723973,488.7,incipient_degradation,353.3,3
5.845134984989184,0.620146507920586,-4.295999727219993,6.048482206452657,4.645969682608405,4.055161720282388,489.6,incipient_degradation,352.4,3
2.6488594551840956,2.078932969820195,-3.976521005391402,2.975993846214499,6.522713267563623,0.6151915840596146,490.5,incipient_degradation,351.5,3
0.5657199867784021,2.4486409028652347,-2.6097015790443208,3.827337664685606,4.90318810761195,1.1982457422563508,491.3,incipient_degradation,350.7,3
5.845982894847045,4.022924089908762,-2.173364836328499,8.64423969198998,2.479116022597247,3.4047275297495925,492.2,incipient_degradation,349.8,3
2.2452379516839285,6.961083829596934,-3.2839062496143043,5.04407216153715,3.8216203865040224,3.9771364184975706,493.0,incipient_degradation,349.0,3
3.322805562142607,-0.4995030788044385,-3.6093686015873403,3.4473039683569873,3.94085881770094,4.4312125841437435,493.9,incipient_degradation,348.1,3
2.7598152980678674,2.113276660716245,-2.059174374554799,1.8993509073769312,1.0750017437801986,3.290890487914096,494.8,incipient_degradation,347.2,3
0.896136782421202,2.7651743109673803,-3.929113173021814,4.682629633673879,6.1719255638688315,4.806565996982125,495.6,incipient_degradation,346.4,3
3.7794569892692493,2.57496449879175,-3.3848344412765314,1.6610964858215385,3.2788138791168455,0.81539083738371,496.5,incipient_degradation,345.5,3
4.148078961991414,3.0824311270090643,-3.3346734542763596,2.4721135573670168,4.278090760126172,2.6001656352029747,497.4,incipient_degradation,344.6,3
1.8586785826783574,2.7654248768458762,-4.367841555184463,3.987059305333947,5.715922587598478,2.2430646172064486,498.2,incipient_degradation,343.8,3
1.7916499408179436,4.010294761354964,0.9135095961044015,3.438017376057865,3.1133495645332068,6.0940175872037665,499.1,incipient_degradation,342.9,3
4.045098942157701,3.6517168029777927,-6.035958208533836,6.3672573179176,4.247565799684179,5.159866753324574,500.0,incipient_degradation,342.0,3
2.6981366938912346,3.8135176983313586,-5.34942979752163,5.470924780816985,2.8690702140525692,4.75664120005413,500.8,incipient_degradation,341.2,3
3.920456193052195,5.192915190595508,-7.2652578631852505,8.22134974865842,3.637574424553414,2.8636661866525457,501.7,incipient_degradation,340.3,3
4.239166362270339,4.152583849266041,-5.18231915208069,5.551355551391015,2.835700562332092,4.323831365660741,502.5,incipient_degradation,339.5,3
6.988921620153684,3.4642288636921,-2.5615616532524808,4.595838107641595,5.666348937709223,4.810805212641686,503.4,incipient_degradation,338.6,3
1.6084740595891587,4.900999880056708,-5.974252903799582,3.6338084289378876,4.50544737664157,2.6251035720959024,504.3,incipient_degradation,337.7,3
6.290697939329472,3.8959841827488217,-1.573770253444804,0.9876573810182334,7.141777641878994,4.1119467605856626,505.1,incipient_degradation,336.9,3
3.202227309968642,1.611017357248237,-1.2503249346557648,4.305975520986962,5.129159143706496,4.114272218037761,506.0,incipient_degradation,336.0,3
1.5401161138870767,4.333656089646423,-3.2411950936152403,3.1022433600537256,1.4600961870151747,3.148499936625311,506.9,incipient_degradation,335.1,3
1.630568949369172,0.9479533598629827,-2.7437270396324025,3.7085224048334986,4.267193474034807,2.7058853289795413,507.7,incipient_degradation,334.3,3
3.993994594466506,4.818614223342008,-7.068678191735061,4.868169190615775,2.6993602649682393,-0.20457474278789925,508.6,incipient_degradation,333.4,3
3.991002293226175,4.506566752742191,-6.366562333566029,6.233313475705404,5.236780777877743,1.0236126395985548,509.5,incipient_degradation,332.5,3
6.3313702605758815,4.84900948095901,-3.218602912145939,4.3601180279738845,1.3358597316198755,3.577823362324947,510.3,incipient_degradation,331.7,3
6.554950414128247,8.25386029352257,-4.776516847809797,4.01031797900075,3.321808245145446,0.187272201754283,511.2,incipient_degradation,330.8,3
5.970363065415933,4.41107690472005,-4.460222279215249,5.078422731085716,8.494686670248118,0.24611286044882477,512.0,incipient_degradation,330.0,3
5.52943899855606,-0.0492503399746736,-5.927778566068821,5.043841138013543,5.140889832165648,1.6570608506057394,512.9,incipient_degradation,329.1,3
1.1635019069562733,1.7384806237834545,-3.3636953695848177,4.199981375007679,3.5894416482509395,1.809339970840203,513.8,incipient_degradation,328.20000000000005,3
6.413114241259811,0.1730824219640992,-2.65940840630111,5.737608929519596,4.243946250476446,3.7377600546527137,514.6,incipient_degradation,327.4,3
3.942633138624853,5.432589536158077,-5.509785446158647,4.708251110803648,3.9583858577389934,-0.8718428956087824,515.5,incipient_degradation,326.5,3
3.6401153124987564,4.873518461123642,-2.9706790215481904,7.717669357410706,3.1248697384739423,2.9851078146176855,516.4,incipient_degradation,325.6,3
2.1016293736932337,4.223930462478441,-4.822378925842171,5.016460008656094,4.668209646840917,3.4341454044755406,517.2,incipient_degradation,324.79999999999995,3
5.4374708661021645,7.490947814244704,-6.246798093123624,4.266906261384428,3.421330905423041,3.5565973207186343,518.1,incipient_degradation,323.9,3
7.139368180869061,6.730579386910703,-7.117125254382178,5.143474528534558,5.484038380193041,6.215275880349037,519.0,incipient_degradation,323.0,3
6.4376598640483405,4.199154750894748,-6.431918035350705,5.726429881051074,5.253014360474087,1.5004868202004062,519.8,incipient_degradation,322.20000000000005,3
2.112504501418558,4.162357939220401,-6.352747217115072,3.0225665285237935,4.091381456854265,5.216117871169967,520.7,incipient_degradation,321.29999999999995,3
1.0263265031129905,1.7101545553566955,-3.9251717512134374,2.7599453504129516,4.124144024924666,0.2497556877700483,521.5,incipient_degradation,320.5,3
4.145737636706442,3.2715841169712974,-6.711744885660013,-0.5591336454718446,3.108630654552094,2.5638521366979075,522.4,incipient_degradation,319.6,3
4.203543207467825,3.0905724973679924,-7.221668597881926,2.759302081320282,3.7505146777805614,-0.16630093291242837,523.3,incipient_degradation,318.70000000000005,3
4.636103053858847,6.010760197350978,-5.998387818587849,5.598372296880405,6.679692847988503,3.900288657808821,524.1,incipient_degradation,317.9,3
4.7452208469862445,5.607694671383345,-5.116189062618288,3.9380214498566115,6.956286521551877,-0.11710896741124625,525.0,incipient_degradation,317.0,3
4.313776959375911,4.896774611895757,-2.5441273569396676,4.696340257281309,6.662920609188083,4.665249723409791,525.9,incipient_degradation,316.1,3
1.584918576699194,0.9914750364056533,-4.988469474121161,4.143424879705266,5.307423966158315,2.4746974125697387,526.7,incipient_degradation,315.29999999999995,3
5.250958049303735,4.739328309027541,-2.522394151659057,4.320655890043767,3.392758065036611,2.874566398149995,527.6,incipient_degradation,314.4,3
6.467582876451549,2.9805336628518764,-5.993748541564042,5.9463255410391,5.3670683791194795,4.2492240817412,528.5,incipient_degradation,313.5,3
4.53386700654561,2.1729234639564057,-7.296362267073101,3.9206531843545247,3.5695793870456365,3.8299754376389923,529.3,incipient_degradation,312.70000000000005,3
3.9482402844590925,0.5612473609308103,-6.110936860446454,3.2625308008287295,4.304169206943043,4.379310378138223,530.2,incipient_degradation,311.79999999999995,3
4.673454850694191,6.361301861382773,-4.165502815946309,5.306909146053269,4.519150737074855,2.4617766245164048,531.0,incipient_degradation,311.0,3
2.548056649049911,7.289612068786327,-5.061838930313356,3.204624132118912,3.9113427529868985,2.0519916459453897,531.9,incipient_degradation,310.1,3
1.5334203612030475,4.391532766196472,-4.014226334152489,4.14858901631373,7.365729196286506,3.693727026026579,532.8,incipient_degradation,309.20000000000005,3
5.400452762823815,2.9340738993144613,-5.1236972999722,4.908220646037224,5.693757542591375,3.6965791267147226,533.6,incipient_degradation,308.4,3
5.6958536165300835,4.283088258117013,-7.007050426469189,4.230026883445743,5.729048491872468,2.3392219527463847,534.5,incipient_degradation,307.5,3
4.803294466670455,2.9337263401926568,-4.721872669728664,9.439756745150898,6.703692482776159,1.9317808836084214,535.4,incipient_degradation,306.6,3
4.1337574909727985,4.748322411650426,-5.789605247425373,6.039214981395027,4.45987624788209,6.258299805686825,536.2,incipient_degradation,305.79999999999995,3
5.573814771246167,4.6232051691873535,-2.8457790500831237,5.188254357630739,6.4099447827286875,3.2925012273518757,537.1,incipient_degradation,304.9,3
6.617159645764326,1.9308566183926168,-2.9979175290838804,3.799512472148061,5.600906041540097,1.987052015052837,538.0,incipient_degradation,304.0,3
4.475322933649961,3.0930619906125214,-5.487304035358463,6.8168989552578685,6.414842060539458,-0.3073312854221855,538.8,incipient_degradation,303.20000000000005,3
6.04120456644364,2.2534581662782687,-3.584867136584903,6.212850601686547,-0.3762514877360403,2.6920976363901157,539.7,incipient_degradation,302.29999999999995,3
6.076417442282673,4.716797586887564,-1.9915055797977657,7.103278896878517,4.915280957695301,4.623968748492531,540.5,incipient_degradation,301.5,3
6.3382848287071,6.819162507733327,-4.730663832832162,6.009465515077036,4.4046753556527225,6.151589460602873,541.4,incipient_degradation,300.6,3
4.88321133837033,-0.10712095444703927,-9.359146758435006,6.018005085204025,5.875331622267198,5.177821546492054,542.3,incipient_degradation,299.70000000000005,3
9.308480238475617,4.933316816306467,-4.951958454574361,3.86935074499611,7.042119149460717,3.3227899001511707,543.1,incipient_degradation,298.9,3
5.137414713756954,3.2934177001751044,-4.460641193745731,4.447523772236594,2.4507533306919207,6.256344911411743,544.0,incipient_degradation,298.0,3
5.336804819622474,4.891268224646301,-6.2267586720744115,5.444801138782632,6.377325776645761,4.156756295969655,544.9,incipient_degradation,297.1,3
8.087922203664597,6.004566774628195,-4.232160576596131,6.683190978379661,4.364320656943887,2.074276898971805,545.7,incipient_degradation,296.29999999999995,3
5.148054614876559,2.953666534459675,-3.1304012633590848,7.267080108611343,4.631345609142284,2.6164330031770042,546.6,incipient_degradation,295.4,3
3.8255067001303384,6.922480518766243,-7.216148190535604,6.216675631882746,6.078531455563653,-1.212870883926031,547.5,incipient_degradation,294.5,3
5.538525310000597,2.0837401974409016,-5.2972084760759,4.768510899355691,2.731498416445198,3.894694491181321,548.3,incipient_degradation,293.70000000000005,3
2.17765133043317,4.290172806262545,-6.1096740748185345,4.240519778215423,4.160779870655806,3.5470544301683233,549.2,incipient_degradation,292.79999999999995,3
4.852593586922283,2.1126037700909026,-0.6113423158465113,6.678010241278481,4.124145585966151,5.231565226339304,550.0,incipient_degradation,292.0,3
0.8441626433274584,6.1705100897473875,-3.4426446464822185,4.01596076314913,6.290961920937146,2.113947980872435,550.9,incipient_degradation,291.1,3
7.568109697706631,6.554585146955247,-5.369236600165693,5.340779684687531,9.013223030507234,5.374460752482841,551.8,incipient_degradation,290.20000000000005,3
7.469002711288168,3.390968654617225,-4.382079614190237,4.224887647576348,4.907811352664626,2.6860240568264366,552.6,incipient_degradation,289.4,3
5.441343899517414,3.552031997183249,-5.182667576185361,4.91685013549976,7.058579266090841,2.3361822851326517,553.5,incipient_degradation,288.5,3
5.5441488669934165,4.667060260003864,-7.255507023284774,6.178336793959615,2.5488589205739105,6.7574363859441915,554.4,incipient_degradation,287.6,3
7.735508985193008,4.097243141889576,-2.532321217624037,5.105950498128814,6.933860158200417,3.7236827167476805,555.2,incipient_degradation,286.79999999999995,3
6.357961807795605,2.3136242875085653,-7.147864115061938,7.455757158676194,7.80593953573352,6.399627929155184,556.1,incipient_degradation,285.9,3
7.5895207892141245,5.515987559849642,-5.359669035372302,8.01462934638778,0.4189007774703385,7.225794723412341,557.0,incipient_degradation,285.0,3
3.920746123519711,2.906804653101099,-9.795577152716534,6.652098255526216,6.99813934638963,4.111457529164207,557.8,incipient_degradation,284.20000000000005,3
7.54831784050827,3.6496173033990202,-5.366136028436527,4.454634316615784,5.9381789909102345,1.2497064549929633,558.7,incipient_degradation,283.29999999999995,3
6.133851026783793,7.532012328623936,-3.0801043305377247,4.731681322895143,7.810956981441119,1.4500480763535397,559.5,incipient_degradation,282.5,3
7.086814180840234,1.2627853448223565,-6.1102682084074305,3.0055814577285256,6.990620929206633,3.937391190104686,560.4,incipient_degradation,281.6,3
4.179385982098088,1.3705145277325392,-3.915542759048985,5.039660580598382,4.520276226452928,0.5082367925491553,561.3,incipient_degradation,280.70000000000005,3
5.058887320146704,3.953735576359632,-4.532027854960741,5.345588294077032,5.1184222142558085,1.7067938485024148,562.1,incipient_degradation,279.9,3
6.621732888610624,4.076013745763791,-7.2857393599048486,8.022307074268033,4.234345813054845,2.8534657961572756,563.0,incipient_degradation,279.0,3
6.980179943038461,4.555546319912663,-4.062994631740047,4.778130884883483,3.2378347422829585,5.533885021449787,563.9,incipient_degradation,278.1,3
5.09036939261114,6.628548557043994,-5.336543140679077,8.178026612797895,8.452693340911036,4.546390018503491,564.7,incipient_degradation,277.29999999999995,3
7.577042838338145,5.45969712696595,-5.028761801509159,4.6612897002899585,6.9185099851283525,2.162458238783925,565.6,incipient_degradation,276.4,3
3.660328389432917,4.824878370304692,-3.6658787619400393,7.106695831628828,6.619566869878349,5.627369189731517,566.5,incipient_degradation,275.5,3
5.7508528791812665,6.146872028079818,-4.397967149159758,4.254800352072691,6.74090390065101,1.210845736695966,567.3,incipient_degradation,274.70000000000005,3
8.571569986588283,7.175596511295194,-4.364151884896815,6.912423032144958,6.909681724950969,2.8708917453937364,568.2,incipient_degradation,273.79999999999995,3
8.570497790897024,5.240266079555691,-7.980479905522901,4.944501022863813,5.865087045300441,2.0107358943782354,569.0,incipient_degradation,273.0,3
7.394233472983413,2.971608263776351,-4.160581577219296,7.885375143367319,9.381676319363203,1.164567829910691,569.9,incipient_degradation,272.1,3
3.45222942876918,5.717238436220134,-6.288696595213807,7.773471221981827,4.772468657701029,5.38461865263666,570.8,incipient_degradation,271.20000000000005,3
5.064576521773639,4.06290753376379,-4.456995831725724,7.226356333234968,8.308849084838071,3.709581848334831,571.6,incipient_degradation,270.4,3
5.9707678739932035,0.44274788662994813,-7.0198474597703635,4.401302467023073,8.045826223137317,4.783530476253326,572.5,incipient_degradation,269.5,3
9.023910749405246,4.628968184393027,-6.782844550141403,5.895810241710215,3.410190904295484,2.7460974432756644,573.4,incipient_degradation,268.6,3
5.379998988897777,3.441609231079097,-6.945558607024506,3.7512866574393113,4.959883433299692,3.06043269438345,574.2,incipient_degradation,267.79999999999995,3
6.099507942347359,9.325421438499852,-5.984511274765832,5.593255195001303,7.282945648432467,1.1577004765978007,575.1,incipient_degradation,266.9,3
5.698703687729761,4.646121843607946,-8.18797955093579,4.939978771973618,6.4242712247958025,2.8941918573722702,576.0,incipient_degradation,266.0,3
6.127188096416873,5.876165906741136,-7.361974755408902,8.22344694423797,7.699579578352538,1.9024969127075104,576.8,incipient_degradation,265.20000000000005,3
6.765335996215108,5.965965484490066,-7.192012268741257,5.224798958966342,6.123533826932931,6.416986333984327,577.7,incipient_degradation,264.29999999999995,3
9.335017081833595,5.070416765701364,-3.9413110377036773,5.632829386257236,6.084289383990452,5.028947239953011,578.5,incipient_degradation,263.5,3
8.40817502178544,3.8113717228234933,-6.420100818968167,6.3590483742704915,6.537332711734309,1.4088862775334094,579.4,incipient_degradation,262.6,3
12.417426523307226,2.5195591292531048,-4.789882839547795,5.362513879773411,3.8333122319447415,4.1539647990354585,580.3,incipient_degradation,261.70000000000005,3
7.687375057197406,7.2110576451816994,-8.294892379748552,4.302811743750551,8.12217341393578,3.3065061116069447,581.1,incipient_degradation,260.9,3
9.046131458067384,4.54103976796264,-7.108429756856553,5.469506822064326,5.865408738269902,6.221261770682164,582.0,incipient_degradation,260.0,3
6.146044517578466,4.590473990961049,-2.9387176554838264,5.769310337105891,7.686497103329203,5.752293671421595,582.9,incipient_degradation,259.1,3
3.4532523909848027,3.6484149913206987,-1.5071900322633642,4.913090123900015,6.921926512816789,2.672357910313348,583.7,incipient_degradation,258.29999999999995,3
7.781832215363085,6.797355193532927,-8.508422984591784,5.588263980191945,5.52077090283813,4.550127644992887,584.6,incipient_degradation,257.4,3
6.182220181385114,4.574118505310749,-7.123952755624071,6.9640533312344655,6.115685222561644,2.608580923504732,585.5,incipient_degradation,256.5,3
5.889160652963767,6.756397775859808,-5.868389375325179,6.451789793566382,8.292313392268534,1.3135095115728275,586.3,incipient_degradation,255.70000000000005,3
6.8193615301262565,5.130706149178338,-5.612502080624066,5.101847409679648,9.172227798494914,3.4088108346343566,587.2,incipient_degradation,254.79999999999995,3
9.347298098807123,5.286289373498294,-5.890190050013343,6.758795155697058,5.498398583819413,8.53638475917394,588.0,incipient_degradation,254.0,3
9.802045831543174,3.6837003249537315,-7.05271009627891,4.9313963172404565,6.922983607046275,3.5202946564042175,588.9,incipient_degradation,253.10000000000002,3
6.044935369818237,6.397593499914969,-5.721438991663396,7.971407196857943,8.536393112457926,2.38826664096844,589.8,incipient_degradation,252.20000000000005,3
5.554690301161745,5.473031677226182,-5.264872503748695,6.060650367612059,6.342579361697365,4.562272772709505,590.6,incipient_degradation,251.39999999999998,3
6.281600687112565,8.398889440556673,-5.93483365068544,4.678396508031794,7.261752669340107,1.359411607369998,591.5,incipient_degradation,250.5,3
6.661250958373076,6.426162051449942,-9.384940212241762,4.292191578536728,3.4723988057520114,3.009487790692232,592.4,incipient_degradation,249.60000000000002,3
4.36670841605111,5.224460222284037,-6.034312760594415,5.673656914713074,8.283650742443855,7.304776142521861,593.2,incipient_degradation,248.79999999999995,3
6.165666792805224,4.552400101583338,-6.01872430643151,12.79156222904707,7.840174208986179,6.5362359004697295,594.1,incipient_degradation,247.89999999999998,3
8.181908908618787,6.970217360007041,-5.34448942567904,6.197474395310148,6.738010375688599,5.057980839479403,595.0,incipient_degradation,247.0,3
5.841316655435732,4.235238258092381,-8.261397343419961,5.540951192582469,6.933169682637709,3.0498346552345414,595.8,incipient_degradation,246.20000000000005,3
5.1955485076891215,7.799529797089359,-7.383953670173728,5.523878969200454,6.472212972683897,5.5856710984742985,596.7,incipient_degradation,245.29999999999995,3
6.164080380813098,6.501212594140614,-5.985209129981262,9.16416228198402,8.734539499200428,7.292549589091152,597.5,incipient_degradation,244.5,3
10.05466826532383,9.124186727669905,-6.536927622666823,8.48496280620893,9.269513960021845,4.663336642339238,598.4,incipient_degradation,243.60000000000002,3
4.604517044057025,6.757559674086758,-5.5585547507522834,4.541708051024213,2.7640553038428806,6.087768459894739,599.3,incipient_degradation,242.70000000000005,3
6.486898810052211,3.993951399860049,-5.583024998566146,6.10096466416816,9.591968642365304,4.911566063501728,600.1,incipient_degradation,241.89999999999998,3
5.876398242006431,7.938816135843493,-6.461967096863696,5.653124871974564,8.827436765681682,3.8925869025317903,601.0,incipient_degradation,241.0,3
9.591704012545792,7.051447180572512,-5.982422744149945,5.577686699584294,9.541808740655428,1.7754243834371979,601.9,incipient_degradation,240.10000000000002,3
8.699609845511391,6.725222530911331,-10.174371553844718,9.021666419275293,5.8674095843513605,5.255777272458806,602.7,incipient_degradation,239.29999999999995,3
3.5512817113258457,7.500746152509872,-7.99017536008882,6.192863608458807,6.401446192981036,5.051495052818404,603.6,incipient_degradation,238.39999999999998,3
7.066737863560567,4.618834411161459,-5.118061086926347,7.560484133711629,8.346822947670926,5.42528732649807,604.5,incipient_degradation,237.5,3
5.553667338946173,4.657223528579866,-5.659793100288034,7.478679672365527,4.75985728346584,3.633679540064374,605.3,incipient_degradation,236.70000000000005,3
7.612315888425135,5.482825974106228,-8.64373237793553,7.130777613059357,8.9137105762112,2.3618671040433825,606.2,incipient_degradation,235.79999999999995,3
3.703166983606485,5.710048812061031,-9.105084158756055,7.783726176355937,7.656337415828566,1.1829150239207125,607.0,incipient_degradation,235.0,3
7.909450854550393,7.0414972903646795,-4.92496162849857,6.619054974778882,6.549131418538933,4.635813904555581,607.9,incipient_degradation,234.10000000000002,3
8.312459674798419,5.437823129910771,-6.801989749789016,6.454932820186913,4.954254446899439,3.5629019732547307,608.8,incipient_degradation,233.20000000000005,3
6.930798766993886,4.517326940670027,-8.348953501307696,7.665955364170422,3.7285413071360387,4.375572413080369,609.6,incipient_degradation,232.39999999999998,3
9.331745790898067,6.924571935574752,-7.842793977823568,5.358716517065069,10.568141990993388,2.5007245241912646,610.5,incipient_degradation,231.5,3
9.01933203617279,6.512593134686998,-7.485652221489364,8.556134651971693,11.034249922527042,4.317081157034234,611.4,incipient_degradation,230.60000000000002,3
6.949988881712424,4.868393984769661,-7.436341147623142,8.369850839606453,6.714865459559333,5.363300351125605,612.2,incipient_degradation,229.79999999999995,3
9.62102528246923,8.939939979264247,-5.637050874912391,8.163593867757415,6.78807136119743,6.118339668072037,613.1,incipient_degradation,228.89999999999998,3
5.974148572652327,7.9125390496813095,-5.713088897224194,6.414697375971207,8.623721799461439,3.2240399766459706,614.0,incipient_degradation,228.0,3
9.464123666061752,4.250474280059684,-9.962483375922652,6.061097197540943,6.645173645319496,5.656712240828302,614.8,incipient_degradation,227.20000000000005,3
6.211246050454825,8.338820312569684,-3.667940103391677,5.823974376238902,10.28446267477529,5.2369565904606095,615.7,incipient_degradation,226.29999999999995,3
6.680845881668936,8.568932740897598,-4.726214879958023,8.435739578562963,5.350206138203179,6.336820940978027,616.5,incipient_degradation,225.5,3
9.84064487642749,4.231310031739,-7.077851010143964,6.063576204452912,6.344319966014802,8.460241220877332,617.4,incipient_degradation,224.60000000000002,3
8.698395419779478,7.7113831458615465,-7.83402094082956,8.136214121774353,5.902796715319449,3.8450212506174357,618.3,incipient_degradation,223.70000000000005,3
5.775918188656872,4.87221713510947,-6.124320978293952,8.482983197452784,7.893913126654224,2.2130026159896157,619.1,incipient_degradation,222.89999999999998,3
5.572698812465479,10.185761609973142,-6.850670437847362,5.590042999661129,6.604970647545458,3.6986767275947434,620.0,incipient_degradation,222.0,3
5.407624439105493,3.7164880825719537,-7.25185763324044,6.558846371079375,9.954776430078702,5.939847223564275,620.9,incipient_degradation,221.10000000000002,3
8.308220125509116,4.781302135062665,-7.087822384376595,5.829080411122864,9.492618934718287,4.7139307891082245,621.7,incipient_degradation,220.29999999999995,3
10.202368692176965,5.952845127642099,-5.853728373764607,2.6824501003005286,8.314487308297581,1.3934423080486449,622.6,incipient_degradation,219.39999999999998,3
7.209553235555198,9.070496926121997,-8.408813970898112,11.748977967761185,7.449537767041897,4.661490428539102,623.5,incipient_degradation,218.5,3
5.346815626331408,6.046552724818723,-6.3574650406133415,3.471571121956162,9.32777383684508,2.078345476128655,624.3,incipient_degradation,217.70000000000005,3
10.042556830321905,3.650542780595439,-9.218804348689043,6.422321152250148,4.716812361224777,6.135337497493674,625.2,incipient_degradation,216.79999999999995,3
7.908542770444525,5.589635741897694,-5.7816901796139755,6.428657006969348,9.042546753378888,3.657909191743671,626.0,incipient_degradation,216.0,3
6.696321604171456,6.259234659049833,-7.554581787862158,9.58722583880188,7.759158599824244,6.696247585710885,626.9,incipient_degradation,215.10000000000002,3
3.657702604066639,7.652829537300995,-9.740795014802053,6.886743453290688,7.5673541971052805,6.503449608157569,627.8,incipient_degradation,214.20000000000005,3
9.22821873244638,6.13245236591024,-10.848782660661692,7.96007182708302,10.215258895932246,4.475039593863327,628.6,incipient_degradation,213.39999999999998,3
7.085096479579773,6.8132641061255725,-8.121144557215375,5.985076624531294,9.486826652613045,6.507271368908714,629.5,incipient_degradation,212.5,3
3.615969027901339,6.297831907802802,-6.46033474000335,6.043468857653005,4.922955134520951,5.429972775384958,630.4,incipient_degradation,211.60000000000002,3
13.173308074465957,4.832171049784805,-5.005051843287866,8.375609827203837,6.812038946188558,6.849166769614745,631.2,incipient_degradation,210.79999999999995,3
9.901880379323533,5.6715121840851195,-9.931505854801259,6.909549763531031,4.70001433832537,4.6743643248610365,632.1,incipient_degradation,209.89999999999998,3
6.383442866620901,8.13722389776995,-6.587955641904347,5.907496988580912,7.295519740690705,3.876734450202745,633.0,incipient_degradation,209.0,3
5.9945093500133,5.383407899730725,-5.027121388600151,8.107629456695134,8.782414509873643,4.130958564478255,633.8,incipient_degradation,208.20000000000005,3
9.908767595523853,9.93570494599307,-9.787375088171517,8.793712603448983,7.132991002297304,4.593785709052051,634.7,incipient_degradation,207.29999999999995,3
7.712648241347831,8.043219258785754,-7.637471479561847,5.891426328259305,8.721459177337758,4.027595984304589,635.5,incipient_degradation,206.5,3
8.956548413987887,9.306849253101785,-7.93636901106864,10.92179616643539,6.610828805601308,4.344139378893857,636.4,incipient_degradation,205.60000000000002,3
7.879642720256938,8.453987664824904,-4.827714044069242,4.863249911274833,7.576436099609243,7.555508769576772,637.3,incipient_degradation,204.70000000000005,3
9.069336836241876,8.409279841744457,-11.55164571734421,10.147315395979163,7.261899234986714,6.579806952435256,638.1,incipient_degradation,203.89999999999998,3
7.977032005414941,6.136610951216431,-7.4636632366637,6.645304503882992,9.601054980380239,5.181048781031386,639.0,incipient_degradation,203.0,3
9.30819577839426,6.060158047883156,-8.465348299396805,7.824052923281578,7.474970577866946,6.156579282533275,639.9,incipient_degradation,202.10000000000002,3
8.735462756533465,4.544165779366261,-8.722505428768429,8.53157353131404,8.647011870917074,3.7878431323347117,640.7,incipient_degradation,201.29999999999995,3
5.7853764863616215,7.127590917942776,-8.468176979483594,8.037235067341161,10.375955305363792,7.212886123823482,641.6,incipient_degradation,200.39999999999998,3
7.929718635346351,4.624989440725449,-7.737313111660658,7.611570074977572,6.941749048207786,5.713579722551041,642.5,incipient_degradation,199.5,3
10.275004479871617,6.055599365448384,-10.205568602292187,7.718536041467824,9.502003345530166,4.682917410525095,643.3,incipient_degradation,198.70000000000005,3
7.204908877688574,5.225197775071579,-3.244692425741063,8.549188729145245,11.467769433625046,4.656650761719708,644.2,incipient_degradation,197.79999999999995,3
8.839553264761657,4.813307884656852,-7.575248573701001,7.797522569175712,8.844511329771361,4.435550831077198,645.0,incipient_degradation,197.0,3
7.754403699057871,9.364634998486265,-6.377037210840096,8.466811550800502,13.221079003102362,6.612672808334993,645.9,incipient_degradation,196.10000000000002,3
6.21651950273212,6.463769160844312,-5.932718937911402,8.247635245496753,8.89343089251318,4.946346354745843,646.8,incipient_degradation,195.20000000000005,3
10.069000677114763,6.545005043487467,-6.985568972709298,8.624485797347441,6.384543268093931,5.131810262367254,647.6,incipient_degradation,194.39999999999998,3
10.834701571466141,4.855954601317318,-7.816965278803903,8.116287997019915,8.313997614967079,5.768142907350292,648.5,incipient_degradation,193.5,3
11.10187523248492,9.918436107301757,-6.378172106695499,8.29681005503897,8.896223950998866,8.343145965488626,649.4,incipient_degradation,192.60000000000002,3
7.1823271235385935,6.379435556493466,-7.11143969803826,11.237507103620196,10.6525465027924,7.017927910225449,650.2,incipient_degradation,191.79999999999995,3
5.491365110745029,5.006469928675191,-5.760433288210563,6.281598775513042,7.671145498405295,3.949637380505948,651.1,incipient_degradation,190.89999999999998,3
7.955391157687887,6.043036719749345,-10.43281160896593,6.336509055287977,9.510194076365645,3.8777176530040696,652.0,incipient_degradation,190.0,3
7.886770633449137,3.8728856459970546,-8.21312449282518,4.170779724949259,9.259143767661772,6.592335170361823,652.8,incipient_degradation,189.20000000000005,3
6.244637287696013,4.596784613852807,-8.664374995628389,5.621404097146778,10.170080535975845,5.507740765141879,653.7,incipient_degradation,188.29999999999995,3
8.548441193820278,9.432043281882441,-9.330844852475805,9.337540594638465,6.851413278548277,4.062007066645528,654.5,incipient_degradation,187.5,3
6.984693011636751,3.13394868404572,-4.942785636165458,5.093406059134544,8.45819417118839,4.8286467546600464,655.4,incipient_degradation,186.60000000000002,3
11.50997151188011,9.689534073822427,-6.3160579574916005,10.946778524595665,8.111346719216884,5.7475339067582345,656.3,incipient_degradation,185.70000000000005,3
8.780423860544765,5.600137281176752,-3.9475433983505943,8.120017574383002,6.752399302478271,4.700533127382135,657.1,progressive_degradation,184.89999999999998,3
6.27869044166493,8.15381782514336,-7.999597916006283,6.108802863477978,10.602687892854664,5.123093140285414,658.0,progressive_degradation,184.0,3
7.779758939000992,8.524216835046868,-9.573009675285588,10.332055362522,11.328575520131746,5.334553857651382,658.9,progressive_degradation,183.10000000000002,3
4.31101441435514,5.560095237237228,-11.010779729213795,10.891280310703761,9.690205984148509,5.4817361683227945,659.7,progressive_degradation,182.29999999999995,3
11.514407995071913,6.253176622729132,-8.452882571096891,7.124696299228445,9.203008543658349,1.9110427191497241,660.6,progressive_degradation,181.39999999999998,3
6.730593573587563,3.8187937266280048,-6.8362098304972765,10.603283896105086,8.906727025669504,4.742794765837281,661.5,progressive_degradation,180.5,3
11.402013440622827,6.441440507961196,-10.388986704239208,6.646337884554444,9.554444219524283,4.79639607764805,662.3,progressive_degradation,179.70000000000005,3
6.095640379318269,6.294315902733425,-8.35778595166059,9.88472534379216,7.550814596549132,8.754339896696584,663.2,progressive_degradation,178.79999999999995,3
6.825072613297931,1.2176107417585498,-10.775614605686073,8.05159380185163,12.321945484761919,5.444735206564256,664.0,progressive_degradation,178.0,3
11.62225118821939,8.473923817706801,-7.01838226591978,5.521603318324235,9.222159788148183,6.0378854761712795,664.9,progressive_degradation,177.10000000000002,3
7.6723807286787435,6.752730218847786,-10.292975723279659,8.935673100267666,11.165873420007236,3.3107961125351686,665.8,progressive_degradation,176.20000000000005,3
6.38430718763729,6.214545022202492,-9.909798831678799,7.934393631603149,6.685083748647994,4.819891035774019,666.6,progressive_degradation,175.39999999999998,3
13.773480553404388,8.580460792001505,-7.994581011701398,6.86803677306353,5.2201436176117735,8.393891113789763,667.5,progressive_degradation,174.5,3
9.418287300261643,8.932556368618567,-6.954615619733888,9.942657604928254,10.481015065910173,7.870025324093677,668.4,progressive_degradation,173.60000000000002,3
8.622800153161602,6.327687640503982,-8.605548721285079,9.786139167686528,8.272480317156068,7.692563989824012,669.2,progressive_degradation,172.79999999999995,3
10.052584048189368,9.028902990289785,-7.654054855734631,9.179370408371684,9.232291055034837,4.9665011657518265,670.1,progressive_degradation,171.89999999999998,3
9.350465452405166,3.390010846339697,-10.061403597455632,8.816786596634335,11.215843445243687,6.069528761370056,671.0,progressive_degradation,171.0,3
9.247715188791013,3.2603894801412103,-7.276316803987386,8.906393981243239,7.54554385302066,6.979826431694979,671.8,progressive_degradation,170.20000000000005,3
7.009829436132683,6.0804356978091345,-8.567419442963095,9.491111752736238,6.397574067261254,1.8453142237505984,672.7,progressive_degradation,169.29999999999995,3
9.283343813979686,4.29005964747871,-8.058787719545508,5.810037570918249,7.9228884465983445,5.31841429927016,673.5,progressive_degradation,168.5,3
10.573802443395538,3.78090776165917,-8.755396261447293,7.945349956794431,6.909947338850854,3.882282063667304,674.4,progressive_degradation,167.60000000000002,3
10.643385755601903,8.495504814339531,-8.694085703097528,5.788972237351301,8.242128556958132,2.405705625090533,675.3,progressive_degradation,166.70000000000005,3
11.187218727275113,4.9074398272728645,-4.829653537784864,10.717619097985992,11.536895332646761,6.986526701473965,676.1,progressive_degradation,165.89999999999998,3
9.989215094683173,7.3803431858093775,-8.04423144661755,3.371009487217558,8.761153200227518,5.193385369210866,677.0,progressive_degradation,165.0,3
8.317886297888736,8.808837445412976,-9.361705560891588,10.804541352898402,10.506549010691762,3.551546387181601,677.9,progressive_degradation,164.10000000000002,3
10.052666103982064,6.000256637379339,-8.307027810053274,9.133867074468052,7.640474725922927,5.242793172103867,678.7,progressive_degradation,163.29999999999995,3
6.837397393360888,9.596509470734008,-12.426164037919682,10.044628898173166,8.643405316033972,0.6870578177451651,679.6,progressive_degradation,162.39999999999998,3
7.369436212430585,5.116925025860433,-10.310515755231174,8.05246532771912,8.600170764932962,8.426767465311693,680.5,progressive_degradation,161.5,3
9.25529714403612,6.735249207436767,-12.217720827807137,11.536405200121646,10.455177719258996,10.026509183872044,681.3,progressive_degradation,160.70000000000005,3
8.97455692529157,8.999695899903122,-9.069662719790928,7.99056278207558,8.73607417523167,5.939199711388817,682.2,progressive_degradation,159.79999999999995,3
8.974097412852503,9.219666472229203,-10.274582757175946,11.635721106219501,9.711333194948292,10.73069839629543,683.0,progressive_degradation,159.0,3
10.469580645899013,10.409082490577973,-13.778818916705047,11.163888760243715,8.836823071274951,4.020882171787288,683.9,progressive_degradation,158.10000000000002,3
7.835217714091244,10.011167709967728,-12.030530481073669,5.495514260649689,8.75246850203761,8.302255190718926,684.8,progressive_degradation,157.20000000000005,3
6.358224386332274,9.256186449021648,-10.072759605052216,9.845090975750145,7.969559797395472,5.462205677552919,685.6,progressive_degradation,156.39999999999998,3
12.139798954298971,8.449521934248281,-8.887076404868356,7.3600788355442965,10.26725691860617,5.9604345557750396,686.5,progressive_degradation,155.5,3
7.531058772111172,6.230953045859587,-12.714159721573274,8.381294112584015,10.75657054999472,3.7546314287553746,687.4,progressive_degradation,154.60000000000002,3
9.116568150517768,8.941988961528823,-7.465004568766091,4.68597463295576,10.520568993401135,3.552585623062685,688.2,progressive_degradation,153.79999999999995,3
9.350323222364512,8.552912690213677,-10.14851063063041,8.613815138968286,9.863132216979238,7.332590726316115,689.1,progressive_degradation,152.89999999999998,3
10.102594318644613,8.402567101031538,-9.285930367167412,6.75925996949306,14.692696849739134,6.056837861299532,690.0,progressive_degradation,152.0,3
8.441549847868048,8.710057909889164,-8.843488146571111,9.711029546714556,7.7090662319986905,6.133145266729704,690.8,progressive_degradation,151.20000000000005,3
9.463434397403125,8.397840701113577,-10.145544997716343,8.60258421396002,8.230814623511892,6.1513842881174705,691.7,progressive_degradation,150.29999999999995,3
9.4129864960535,7.675564349390412,-8.811035361538305,9.421028622620653,9.24512274066948,5.4668533760567595,692.5,progressive_degradation,149.5,3
7.708222698928447,12.13380623935433,-5.817529526103497,6.634889078079305,9.079711006269326,5.59646720017099,693.4,progressive_degradation,148.60000000000002,3
13.82467242727449,6.372947112655655,-11.31132270866,7.661976779416624,8.721446409095005,4.370087773348956,694.3,progressive_degradation,147.70000000000005,3
10.68712696349513,5.80543156337702,-10.563501865407527,10.794583824018753,10.71003578494451,6.735382713742893,695.1,progressive_degradation,146.89999999999998,3
12.36613071209979,8.514008296190259,-9.95505569905537,9.501015330014573,5.933392665468635,6.308462446956399,696.0,progressive_degradation,146.0,3
7.187726394698013,7.370500392307696,-11.180518660531039,10.158905306642374,8.888635265417504,4.646067958151405,696.9,progressive_degradation,145.10000000000002,3
6.793579600061125,10.66643991680842,-6.352164160593084,9.243904132110405,14.320253872590962,7.304475324447145,697.7,progressive_degradation,144.29999999999995,3
11.746335957934603,9.342100234961148,-9.177554358516236,10.186868836619203,11.033363326324976,6.517836397632988,698.6,progressive_degradation,143.39999999999998,3
11.924944066703299,8.041746173903231,-14.733419396021164,10.065952231064369,7.739956562274276,7.676340805033726,699.5,progressive_degradation,142.5,3
11.108029416937134,5.273047775096211,-7.891919762570537,8.812119783120087,10.112332486974772,7.304195328332589,700.3,progressive_degradation,141.70000000000005,3
8.105629843728444,9.430756100716234,-11.670511708360689,6.778253699906732,12.573119600204146,4.661788538066153,701.2,progressive_degradation,140.79999999999995,3
8.765932807554648,9.818995805307988,-10.542262093107526,9.99661058962334,6.574540576894059,6.499850625451622,702.0,progressive_degradation,140.0,3
11.45833653672952,5.696174736884978,-7.618484379869239,6.6633824404486015,6.066199130950913,2.833922609070233,702.9,progressive_degradation,139.10000000000002,3
12.333149753822084,9.016324179050201,-12.252535042104293,8.084711093128977,7.867942940755697,5.185792463692999,703.8,progressive_degradation,138.20000000000005,3
13.30772093328852,9.49850183977139,-12.274202791989516,7.775648653276161,9.928289464088474,6.917551503849189,704.6,progressive_degradation,137.39999999999998,3
11.01926146039839,10.17245534940886,-5.849306610054697,8.95625217773554,11.199647101561082,6.2960456180524265,705.5,progressive_degradation,136.5,3
12.058651245708603,6.684170140687485,-8.739828954412125,9.030070418711787,11.303244715293294,4.723294915512832,706.4,progressive_degradation,135.60000000000002,3
10.537161796763613,7.273571811176722,-13.74786254271139,12.929286833474892,9.125511726550736,8.169586971263056,707.2,progressive_degradation,134.79999999999995,3
9.343167957241416,7.944253819545609,-7.594024202116205,10.936524953595944,6.704085122389597,6.86840626079518,708.1,progressive_degradation,133.89999999999998,3
9.845546342444521,8.258006754673339,-8.943775882364633,7.930766423945137,6.760706153268522,5.800387151561593,709.0,progressive_degradation,133.0,3
9.454665368356952,6.173589625221953,-9.545232419495559,7.924538472428576,9.352554789043989,7.811583329758148,709.8,progressive_degradation,132.20000000000005,3
7.13186281103044,10.16238017626179,-8.692100894108185,8.45560621821851,7.688365702282492,8.239686724020263,710.7,progressive_degradation,131.29999999999995,3
9.620264898790223,10.885428432546165,-14.774247450645243,12.501695492269274,10.46835406132161,7.102218082752591,711.5,progressive_degradation,130.5,3
10.680338214246087,5.049266176585743,-11.694659714228031,7.402136183835374,7.642146978154989,1.3476011545738718,712.4,progressive_degradation,129.60000000000002,3
11.089730975165885,10.923229528427095,-11.98013385465011,11.789698976388774,7.547700297257726,7.6326859573749095,713.3,progressive_degradation,128.70000000000005,3
14.414205005093315,10.23466439082603,-11.716136132957509,9.031202018965127,11.401072127582903,8.545009452066813,714.1,progressive_degradation,127.89999999999998,3
8.267421985380583,9.615463567027549,-9.229904576740582,11.564708348511926,15.191154233171806,6.607787096205341,715.0,progressive_degradation,127.0,3
8.664500907009794,7.830951566531209,-10.021112277073724,9.55459203687482,13.581684053624357,7.592327920073491,715.9,progressive_degradation,126.10000000000002,3
11.96708792183203,8.892395103817487,-10.98643737117245,10.37370323199279,10.165455040870274,7.8799220186823415,716.7,progressive_degradation,125.29999999999995,3
9.820442740265648,8.435942880187238,-8.36058744258315,9.252088175018432,16.293748483286727,8.10381615480671,717.6,progressive_degradation,124.39999999999998,3
11.283081774688997,5.752897597978359,-11.515085354499345,16.555196886316864,10.48003221266049,9.937583162737084,718.5,progressive_degradation,123.5,3
8.758279737289165,6.628938550709732,-10.207605775597841,11.183473883210326,11.376720504855204,8.781132680885325,719.3,progressive_degradation,122.70000000000005,3
11.182410257823147,6.882988103205384,-8.837079559859701,10.274013123121675,9.431716699124452,4.202014095991715,720.2,progressive_degradation,121.79999999999995,3
10.04330080284233,11.844588553394638,-9.825577877937548,7.527581957152367,11.139398737798615,7.358156876982407,721.0,progressive_degradation,121.0,3
10.785555622027285,7.732673162764409,-8.227000029641118,10.07377936337906,9.906826187971777,8.69805796912153,721.9,progressive_degradation,120.10000000000002,3
10.239890070983861,7.320696382569216,-12.217388515799788,12.013291012754479,13.38237731783258,9.093851944744234,722.8,progressive_degradation,119.20000000000005,3
10.471905560025405,7.953371184415171,-12.234933582781718,11.088927160331782,10.478576568391533,6.537290710499869,723.6,progressive_degradation,118.39999999999998,3
12.853979751609513,10.008074029645197,-10.516551213799568,10.53486773213286,12.82927912232325,5.450210535663084,724.5,progressive_degradation,117.5,3
10.540115805300674,8.622291148864246,-12.40283069997339,12.908402030266206,10.820782215065414,7.393858243715849,725.4,progressive_degradation,116.60000000000002,3
10.506062651331758,10.182124363349649,-8.728355127103853,9.130442531158582,12.293764358129843,7.208423452981799,726.2,progressive_degradation,115.79999999999995,3
8.127582503467753,8.203933021537393,-8.800707507152334,11.136439153853818,13.391770330521318,2.9696557194899427,727.1,progressive_degradation,114.89999999999998,3
12.604984183866017,9.786454572183139,-12.008431732584977,10.338945950372723,13.389983573204983,4.577075493535283,728.0,progressive_degradation,114.0,3
15.085547208230237,8.298034653764898,-10.280245152379951,8.859450554596666,13.743427254411595,4.145570671262319,728.8,progressive_degradation,113.20000000000005,3
10.142413259646952,6.772910875530475,-10.911444621174669,10.80160168231362,14.236123727289947,5.3662404796127605,729.7,progressive_degradation,112.29999999999995,3
13.320587281583242,11.378550164218925,-10.081109699491417,11.902904653077934,13.450166620838617,7.48562756275904,730.5,progressive_degradation,111.5,3
12.184946051440402,6.717454988677596,-12.931173560457175,8.579499845466735,15.125388050694324,5.791313686177961,731.4,progressive_degradation,110.60000000000002,3
8.626892002024043,8.928052244883132,-10.574364440023501,11.934989255371034,14.164358365498728,7.276994061299559,732.3,progressive_degradation,109.70000000000005,3
9.706658707726938,10.07111357570804,-10.754629605925038,9.159999708435963,16.54519785878863,9.42583981667095,733.1,progressive_degradation,108.89999999999998,3
12.86374439094036,7.895811756598378,-9.923100375027499,7.820077105276555,12.305903016706385,9.562040659415056,734.0,progressive_degradation,108.0,3
11.805716999915742,11.180394988863545,-12.776271856765005,10.685185193658686,9.561960192869924,6.8791492072440015,734.9,progressive_degradation,107.10000000000002,3
9.486043503484003,11.343280996126438,-11.692277137835953,11.74999751468871,11.023713204720982,10.428182062195223,735.7,progressive_degradation,106.29999999999995,3
12.244250508015057,9.922622982303896,-13.854609215520467,10.606125347107968,13.336637887269557,3.9775664004389193,736.6,progressive_degradation,105.39999999999998,3
9.64787393783941,10.364966730420123,-10.587859328540107,8.294301997264757,14.412370359951135,4.555020974912834,737.5,progressive_degradation,104.5,3
9.394102722961007,9.817949086557453,-10.813595854113872,10.149586896732206,9.51400330826234,6.744607688511366,738.3,progressive_degradation,103.70000000000005,3
10.291453931114123,9.802787830215193,-11.649476358295518,10.078006955523568,12.521459849836823,7.441142375957574,739.2,progressive_degradation,102.79999999999995,3
9.651380455380608,10.264023033155322,-9.689937179592532,16.803538873944827,13.938876043046585,11.19971135587665,740.0,progressive_degradation,102.0,3
8.761835488306,10.932365079529783,-8.33008019330245,13.754928939101461,16.088267311668716,4.97184597671019,740.9,progressive_degradation,101.10000000000002,3
10.872906748545505,6.170574751909586,-9.54439861845894,6.319839393854274,13.146981046999905,6.45424562347613,741.8,progressive_degradation,100.20000000000005,3
12.263905605558872,8.499992772534402,-12.223971314563544,12.236306181998355,14.552689332190376,7.207363395140572,742.6,progressive_degradation,99.39999999999998,3
14.428400657229755,8.857972605911254,-10.324046895966767,16.18470708992443,10.737064453861157,7.499346356667307,743.5,progressive_degradation,98.5,3
10.493251006898783,9.391591037351493,-10.519139219432557,7.3460943038071,12.280490768565702,8.700974059248185,744.4,progressive_degradation,97.60000000000002,3
13.703585429185818,11.286394458935007,-12.444880252976002,9.614120020373047,16.286905867876495,7.233630721082875,745.2,progressive_degradation,96.79999999999995,3
12.561658725322431,10.65683556502983,-9.207709155667928,9.735390769772442,12.102258243523888,6.1306727012827125,746.1,progressive_degradation,95.89999999999998,3
12.35411227366288,6.653578875891343,-13.048621686908966,10.489827828650826,14.536059621860312,4.984195938343752,747.0,progressive_degradation,95.0,3
8.943452309473557,8.678878623555546,-10.831851867390307,10.593305616609545,15.155096769459048,10.6847531330199,747.8,progressive_degradation,94.20000000000005,3
10.058070845527643,7.1140906708919145,-12.098364424828297,11.823642833865854,11.377589811177113,13.411542694286661,748.7,progressive_degradation,93.29999999999995,3
14.185734326296235,9.197826826947693,-9.590440950580154,9.379874617808097,12.592846696748579,6.409601478783752,749.5,progressive_degradation,92.5,3
9.562437446484152,11.77367234769935,-12.558542036556185,13.480135449708028,15.220416817046317,8.833249370008831,750.4,progressive_degradation,91.60000000000002,3
12.674649551865079,7.592841237016751,-10.271958499323969,12.49230376351629,14.882699530675124,6.89014438719385,751.3,progressive_degradation,90.70000000000005,3
12.519788389502637,12.272846053615108,-8.630148872883627,11.173075057899357,14.655469692259803,10.457024201258761,752.1,progressive_degradation,89.89999999999998,3
14.459384924551804,10.022934202794728,-12.784267485063033,11.265913313402747,8.563536652496158,11.988383386279633,753.0,progressive_degradation,89.0,3
13.572919784896381,13.491259010323398,-12.343819136510835,10.001426115884819,11.199164879698092,4.876866520834787,753.9,progressive_degradation,88.10000000000002,3
13.771352573180497,12.366911313376361,-10.256425430495621,11.43914775512033,14.66255689595601,7.2456895138427635,754.7,progressive_degradation,87.29999999999995,3
9.92000376873702,9.364966392067506,-12.214748145850487,11.805452843974429,12.242870583904017,9.014231139102241,755.6,progressive_degradation,86.39999999999998,3
12.564426740729361,10.152650541543943,-11.48948826687875,10.851439128190012,16.207738122730625,10.071088492704758,756.5,progressive_degradation,85.5,3
11.55018979107361,10.12175213147735,-12.070424034052841,8.811195689025674,15.518337547016788,4.216580665318204,757.3,progressive_degradation,84.70000000000005,3
13.532138055926378,7.19080828495167,-8.379230146195413,12.689567418437491,12.725711911219657,9.468027477918081,758.2,progressive_degradation,83.79999999999995,3
13.505546508706654,12.807022196204276,-9.910132150692236,7.85053762603247,15.979233613200414,4.0168086853878,759.0,progressive_degradation,83.0,3
12.679862829894367,12.708070901812114,-10.472391983053331,10.23596756056983,16.206372577469782,6.0255605686035905,759.9,progressive_degradation,82.10000000000002,3
12.530559579890577,12.417184123790761,-13.470109117926716,10.81538147464068,12.94151406471069,9.450552266971014,760.8,progressive_degradation,81.20000000000005,3
11.37850172082229,13.357551803751184,-11.715556097453776,13.441620923237005,14.870993431310788,5.73816520967944,761.6,progressive_degradation,80.39999999999998,3
12.394505605214091,10.01672259383884,-15.36956225767671,13.092044980915514,8.76401013222439,10.320206148216167,762.5,progressive_degradation,79.5,3
14.063514958268346,5.406247787833695,-9.812252166442866,11.718002831731145,15.49572997366359,5.90505609812951,763.4,progressive_degradation,78.60000000000002,3
16.152830492670994,9.230416556694196,-12.51962628648348,11.077999886002745,14.609045222864761,10.07775998416484,764.2,progressive_degradation,77.79999999999995,3
13.69684044302615,6.206338989681384,-13.212434387428491,11.041722275924943,14.856988068562345,10.395542200741033,765.1,progressive_degradation,76.89999999999998,3
10.01466880157752,11.856021631947819,-11.713432321624989,10.916954356060455,12.57412209027912,8.346670970986551,766.0,progressive_degradation,76.0,3
10.50967310621039,9.302187515346004,-12.903343940350835,11.250050159240065,12.992289781137147,6.614429132209601,766.8,progressive_degradation,75.20000000000005,3
13.863036245553035,9.575696337277348,-12.213473276149571,10.989259185450946,12.456452473475819,6.262719309050147,767.7,progressive_degradation,74.29999999999995,3
19.676940795842032,7.807101332143936,-11.829107110364841,9.90947875349041,11.064084848804267,9.35157347118837,768.5,progressive_degradation,73.5,3
11.223011464049229,11.280635485114475,-11.866795320022527,11.288441565390121,11.482589337053835,8.069384081221395,769.4,progressive_degradation,72.60000000000002,3
14.107507803925872,11.029285577890475,-11.984641213877055,12.841889389458533,13.45326383480013,11.94510892028311,770.3,progressive_degradation,71.70000000000005,3
9.557032704938575,8.293209239911066,-10.969748259360964,14.104651519108588,15.743445725505621,8.705737548164585,771.1,progressive_degradation,70.89999999999998,3
11.103106069375363,13.546708835098558,-11.749995705488102,14.720684736732274,16.982304707810787,9.126295436492924,772.0,progressive_degradation,70.0,3
13.159736046354029,11.86826904960616,-13.004554093716276,9.467092223153386,15.848836825181252,5.211157335411152,772.9,progressive_degradation,69.10000000000002,3
10.679123788514172,5.557595640529856,-13.852282024462948,12.588871596382779,14.250479592297577,5.407816855509409,773.7,progressive_degradation,68.29999999999995,3
12.417153003998239,10.320022486309146,-15.84882062066292,13.220613030237132,9.996185994495734,6.9619872596558245,774.6,progressive_degradation,67.39999999999998,3
17.354942385283902,7.626004843452726,-14.200006259910102,10.108179734405763,15.153522916669472,10.471352926243672,775.5,progressive_degradation,66.5,3
14.22110584333445,11.063752531033222,-15.241083386593102,10.602511973193884,14.216142611615822,8.491667652978915,776.3,progressive_degradation,65.70000000000005,3
15.420712299077096,8.441115853162874,-10.714627296288915,12.213032291213237,16.39967038013,8.353690341536973,777.2,progressive_degradation,64.79999999999995,3
11.890765093852208,9.870947811246893,-14.63453844772541,13.712825939455422,15.584513013039665,6.99655797702459,778.0,progressive_degradation,64.0,3
13.686009078390255,12.4978360262816,-11.84617787748174,11.997409874724694,18.25332420216644,9.01974557285794,778.9,progressive_degradation,63.10000000000002,3
12.701005872479083,8.318560848876812,-12.251783815566473,11.134787404828764,14.76086345108886,7.45355107921856,779.8,progressive_degradation,62.200000000000045,3
10.648177813895341,9.768906877917342,-12.974673202219128,14.693480679297105,14.136057480070349,4.393553445303329,780.6,progressive_degradation,61.39999999999998,3
15.381921790676488,11.52262756505322,-13.483421738342324,10.327266120373991,16.383663525351896,5.781702404799191,781.5,progressive_degradation,60.5,3
13.891460372142975,11.046457423338518,-12.979793828150548,8.94805430108357,14.804526524225825,10.547243215333888,782.4,progressive_degradation,59.60000000000002,3
13.99094481520786,13.08255373139679,-14.778705466574133,17.01593941147247,13.935493438404459,4.208105958252114,783.2,progressive_degradation,58.799999999999955,3
14.93229433940466,10.342440049665287,-14.14688266101411,11.204545441962031,14.219543808800308,5.418743813915022,784.1,progressive_degradation,57.89999999999998,3
12.03655635592864,9.912598326471041,-15.611351467217581,16.536901759971578,18.008571554673775,3.3727434753980785,785.0,progressive_degradation,57.0,3
15.990792183640714,9.15130240124806,-12.150541438006377,13.775679554994039,16.331465194141117,7.460852477294295,785.8,progressive_degradation,56.200000000000045,3
10.477080545351424,12.21856216845202,-13.403137171379035,13.096258739316106,14.422581541395946,7.802045009882017,786.7,progressive_degradation,55.299999999999955,3
11.815033067579838,9.128567589158662,-13.663517727221938,11.300173963615778,14.952929021430933,9.522721688710488,787.5,progressive_degradation,54.5,3
13.767999226452323,9.83509466300209,-10.406330370004563,13.596113408680429,15.83219653206651,11.610993314883627,788.4,progressive_degradation,53.60000000000002,3
13.310472537536922,14.600306023140934,-13.286322451753366,15.19360510666803,15.242075836999256,8.147350472094564,789.3,progressive_degradation,52.700000000000045,3
14.221012846769383,5.879196945594047,-12.077730870190187,10.527693552531604,15.722031961318462,7.263026927427529,790.1,progressive_degradation,51.89999999999998,3
9.890458212980233,7.5318385490630435,-11.141161841794037,13.567733483011349,14.71570439421784,10.246106039846344,791.0,progressive_degradation,51.0,3
9.728841123685807,13.619288070777808,-14.224595334441743,14.261541392374799,16.025186615769996,8.283636126237326,791.9,progressive_degradation,50.10000000000002,3
12.820730744408978,9.70310504511319,-10.746393303173209,14.77391421661991,12.344928903075356,9.860065375070443,792.7,progressive_degradation,49.299999999999955,3
13.558319324182671,11.762615117963923,-12.510788801100173,12.301261143239698,15.14463385123485,10.512464616932055,793.6,progressive_degradation,48.39999999999998,3
13.467155338497209,14.830578086181776,-12.669586611326979,10.733920090143998,16.603999976828455,9.659648930080703,794.5,progressive_degradation,47.5,3
13.958614832885562,7.710296013259639,-13.738170109163718,10.264588193383268,15.849825567325363,5.182548808583471,795.3,progressive_degradation,46.700000000000045,3
12.925789510990993,11.272667894316438,-16.011870010571627,13.316280286373877,13.318585346839102,5.635171838408958,796.2,progressive_degradation,45.799999999999955,3
14.387848684479309,13.23136763561191,-10.855952543971762,9.554163190813039,15.325127625609197,4.469283930081477,797.0,progressive_degradation,45.0,3
16.142037420738365,10.422138185263739,-17.271118026127752,15.529156399394928,17.186393139748727,12.838240661947125,797.9,progressive_degradation,44.10000000000002,3
17.07381923950677,12.501099444779902,-12.331110719744952,14.226028788336235,11.928427618618178,8.481440346291256,798.8,progressive_degradation,43.200000000000045,3
10.944021768882198,12.283881055732268,-11.406253172092628,19.50005927519492,17.77229196044325,11.079110901244805,799.6,progressive_degradation,42.39999999999998,3
13.44282853115587,10.23688917334406,-15.481426535398969,12.976519385369572,16.639261223258142,10.569032127001227,800.5,progressive_degradation,41.5,3
13.962635566727675,9.965997148289063,-15.166650531977394,14.586536155109938,16.20651030439185,12.636340779259724,801.4,progressive_degradation,40.60000000000002,3
13.119774875310988,12.276944018144242,-14.798452855859312,15.08061523638416,15.507739840934832,9.523464507906802,802.2,progressive_degradation,39.799999999999955,3
17.942002348549522,13.495900541153494,-13.788729870572705,15.957137852179327,16.636491720350154,5.970046175722268,803.1,progressive_degradation,38.89999999999998,3
16.64612256642956,9.028939362756017,-13.349966243197146,12.077803294190101,15.145853412202468,7.748829666113093,804.0,progressive_degradation,38.0,3
9.725028264518565,9.705996656178879,-15.398437150097072,17.313752250762732,13.624441884187876,5.946269867207903,804.8,progressive_degradation,37.200000000000045,3
14.233003933275397,8.596252504425173,-8.367356537472237,9.219650812255159,20.813401789592877,10.974205126040685,805.7,progressive_degradation,36.299999999999955,3
15.934600376802408,10.745859196832425,-17.11378440274544,9.785663978582592,17.21074221098104,11.721816758876631,806.5,progressive_degradation,35.5,3
10.96079397290928,10.792638229795696,-16.478709974543822,10.354763453180444,11.175712341504324,11.84136714343676,807.4,progressive_degradation,34.60000000000002,3
13.493927408460854,10.299071945757824,-11.831641744675439,15.517892965088436,17.050369173984272,6.836037084822969,808.3,progressive_degradation,33.700000000000045,3
14.624426475594731,10.373077790390521,-17.06318335408706,15.59179974202583,14.452173860295009,11.051881533029787,809.1,progressive_degradation,32.89999999999998,3
15.720555106361276,12.667440836335114,-13.202009860458576,13.079145014702295,15.565129033413331,5.51757008460745,810.0,progressive_degradation,32.0,3
15.49850119055308,13.774952122800508,-11.2477151694352,10.404498529351763,17.637828239492958,7.5762186635692395,810.9,progressive_degradation,31.100000000000023,3
12.924077280116745,9.423946366760026,-11.700053238807914,14.154567817325388,13.749016816440035,6.158122138995271,811.7,progressive_degradation,30.299999999999955,3
12.60299296329657,10.944402345160983,-13.769058006743741,14.918482374169105,15.151988875820626,6.505950951923466,812.6,progressive_degradation,29.399999999999977,3
15.64307255651139,15.851173323193628,-15.503413506212455,17.152116019954697,19.12100134582353,9.027984297708974,813.5,progressive_degradation,28.5,3
16.98905560565161,14.710425685359777,-15.069016257212247,14.091231404123667,15.291614928659804,9.993781463903073,814.3,progressive_degradation,27.700000000000045,3
10.194064645956121,14.624198692072142,-12.248062928090249,13.616630234300612,16.931838658951467,12.232581303531397,815.2,progressive_degradation,26.799999999999955,3
13.077182448515456,12.209159885930294,-13.629200973929725,10.97385392821229,17.718639201499293,7.7411602441237815,816.0,progressive_degradation,26.0,3
15.727748664187642,11.439653886801063,-16.192197610850304,12.519185494717929,14.014738255936404,7.89123155944522,816.9,progressive_degradation,25.100000000000023,3
13.039721243956567,10.56124872376442,-16.299198049192274,16.59825579766835,17.39634505881517,13.220435358327142,817.8,progressive_degradation,24.200000000000045,3
11.919063401560074,13.11533340624475,-16.30018088712916,17.072101645072923,16.591367404726498,14.537155176016414,818.6,progressive_degradation,23.399999999999977,3
13.428282774303906,9.237828457035846,-14.630588969868382,12.986677503536184,15.531798902956899,8.0706960339952,819.5,progressive_degradation,22.5,3
14.60918597969798,13.002683836929988,-11.58030913848716,12.333586452677144,16.37739776321597,7.845603196246143,820.4,progressive_degradation,21.600000000000023,3
14.191336001744263,10.688394741566343,-13.757455282656855,14.502143400274829,18.399265281457605,9.547794375849602,821.2,progressive_degradation,20.799999999999955,3
13.993592482118826,8.216667426104765,-13.475639595333869,10.397386601598186,18.832288101452928,8.787382823899726,822.1,progressive_degradation,19.899999999999977,3
17.194802300258058,13.688373529005947,-16.003099994595864,10.014283197491853,18.59932657087354,9.294481180009678,823.0,progressive_degradation,19.0,3
11.216479822950593,13.335687910158848,-14.340521874702315,15.090473162307536,15.072415249123216,7.174813592896149,823.8,progressive_degradation,18.200000000000045,3
15.088851321482823,14.959417444356207,-14.066693759628695,13.56631552425869,18.706322937952883,9.595236450276872,824.7,progressive_degradation,17.299999999999955,3
13.327058748433922,11.761823006477044,-11.64132867207897,16.22602986641292,16.907454329713232,12.89612198691661,825.5,progressive_degradation,16.5,3
14.726263184716908,12.866458847417295,-13.877103717399727,12.872712354305374,17.718489341516868,12.071020836880233,826.4,progressive_degradation,15.600000000000023,3
18.06255324879259,12.581811968047798,-13.955418580464917,15.201069794891794,16.552404864344354,6.088538533851908,827.3,progressive_degradation,14.700000000000045,3
18.721324504488464,16.624987438879135,-13.16809993762384,12.396343232008261,21.921070468812452,10.829557677412486,828.1,progressive_degradation,13.899999999999977,3
14.451988962436827,11.667090918168132,-15.496627292219967,10.671383267341348,20.044343807700074,11.781079104585311,829.0,progressive_degradation,13.0,3
17.14027896120452,15.961777951628955,-16.73278365128968,14.615907960218687,16.95356273665396,8.625981822992173,829.9,progressive_degradation,12.100000000000023,3
14.773636729033505,13.860625446324356,-13.583390253207574,11.775155561396865,18.00684193147574,10.489542008783925,830.7,progressive_degradation,11.299999999999955,3
14.120248333338468,12.491553693085791,-12.212763336861146,16.796692554074678,18.098487791743114,9.909570516395048,831.6,progressive_degradation,10.399999999999977,3
16.112924025489747,14.096535241631592,-15.424903283967195,16.05932356845513,14.881155585287212,8.542759495380794,832.5,progressive_degradation,9.5,3
16.27332668905226,10.699326688362511,-21.308142977996532,13.453329804097995,17.038890534512806,11.36143484324022,833.3,progressive_degradation,8.700000000000045,3
14.428006789424803,14.249976531828825,-16.194006193775152,17.340447226421325,20.831650988952855,6.68822808393625,834.2,progressive_degradation,7.7999999999999545,3
14.85612468223786,10.38743481109048,-11.621657815256096,14.557550311456797,16.168210560692035,11.235052147202586,835.0,progressive_degradation,7.0,3
14.016119532407009,12.57673194693031,-11.408913682163586,13.526222567605442,16.527451411678605,12.283053057802897,835.9,progressive_degradation,6.100000000000023,3
15.224905296159259,13.225325764831773,-19.393537417717518,16.545961478870268,13.202777385045945,6.696397571537668,836.8,progressive_degradation,5.2000000000000455,3
18.89071501254429,15.121115284388763,-18.321696255202678,15.684438791616659,17.003589433079167,11.315937167465842,837.6,progressive_degradation,4.399999999999977,3
16.93139226493093,14.49725474352708,-16.913945052604983,12.940183673567283,15.61991216941008,8.057853285971367,838.5,progressive_degradation,3.5,3
19.53419106848157,11.594986545242504,-12.984271984201085,11.052970493113122,17.800133888909645,11.113461210547571,839.4,progressive_degradation,2.6000000000000227,3
14.818849470809104,14.4225133667994,-18.30989515091747,16.118657879538357,19.542072746093925,8.423184903175951,840.2,progressive_degradation,1.7999999999999545,3
13.320313762274255,12.24053315875049,-17.255032110959903,15.115223113569803,18.98372888061209,10.372783967579142,841.1,progressive_degradation,0.8999999999999773,3
18.155741277364555,14.868718658414247,-19.603132642788875,13.680840940118596,16.1812760257461,9.191786256834705,842.0,critical,0.0,3
14.142332282346112,10.919879220148347,-16.952712772783503,16.105291716154763,15.856732928276854,10.405301605820078,842.8,critical,-0.7999999999999545,3
20.067695951047476,17.327671155457082,-15.10413861537077,14.296749654046925,20.17354173739143,5.652872874517353,843.7,critical,-1.7000000000000455,3
15.874305780329241,12.70805069488643,-14.532768398977904,17.588176379193275,19.20835862680071,10.54165700506514,844.5,critical,-2.5,3
15.941493063388886,9.847202652873191,-14.681071191808986,13.18761263409597,14.137906786704063,15.688520359632683,845.4,critical,-3.3999999999999773,3
15.785975454684877,17.714169023054694,-13.931097369551328,15.012567050000436,14.939816488284686,13.659693906135407,846.3,critical,-4.2999999999999545,3
16.217419342295262,7.448288973428814,-15.31549610108715,17.852909970001985,20.004940235418495,11.349395687450876,847.1,critical,-5.100000000000023,3
14.501747595127775,10.581087883403006,-13.374693277562141,16.39636060527994,23.757563783351188,8.818853100616595,848.0,critical,-6.0,3
10.794877160077592,13.81209649359666,-15.517349463393368,14.84608762544308,18.90013394645809,9.670283196054585,848.9,critical,-6.899999999999977,3
15.8254771132888,13.116675146110293,-14.989433573488725,11.407807408250575,19.843449880288386,12.268188040380899,849.7,critical,-7.7000000000000455,3
14.341979496362143,13.435174688081691,-17.74873295518671,17.349844488671888,14.703981650921547,14.782697040761233,850.6,critical,-8.600000000000023,3
17.274396419173357,15.16406510493452,-14.829974160265467,15.34246864170699,20.627927216305483,10.32687526969705,851.5,critical,-9.5,3
20.329612570947493,16.13863502731121,-13.848462450390604,14.590297550084072,20.03180036568393,13.39851576502182,852.3,critical,-10.299999999999955,3
17.501313508295368,15.102967444430103,-11.542384282400008,15.870306208289646,18.40549941366333,13.376747336746174,853.2,critical,-11.200000000000045,3
18.815294798284125,12.814658393421034,-17.408303471803894,18.341790330307923,16.380504160407728,10.304219284209394,854.0,critical,-12.0,3
15.395898627365739,15.62636117147317,-17.992981273581954,13.795784135045157,18.369808880825648,9.056113580884709,854.9,critical,-12.899999999999977,3
16.16039603675757,12.221797297254355,-13.114066005228933,15.471361784010925,11.211741878723231,11.287804160037076,855.8,critical,-13.799999999999955,3
14.793587227431049,10.74992887166559,-18.806212196947573,12.087059452252591,14.143232554253379,11.46809321806591,856.6,critical,-14.600000000000023,3
20.064512186290855,10.692126960740564,-14.15043739248666,17.61706400326453,15.252895501648574,8.422487960005654,857.5,critical,-15.5,3
16.07783696853284,10.518967752458863,-20.087509617694337,16.431891193185596,14.108692401331082,11.312281305258994,858.4,critical,-16.399999999999977,3
13.739378165959884,11.267994032405253,-17.37441771711515,16.667853363372053,21.11299158511762,7.921231433350056,859.2,critical,-17.200000000000045,3
16.0270444328539,12.609058986642914,-21.162962911028444,13.6498948549508,19.997957115508935,8.919490712558016,860.1,critical,-18.100000000000023,3
16.505145244191304,7.075794505331656,-13.80786399315341,18.428597073458533,15.22607733648454,14.875406733695847,861.0,critical,-19.0,3
19.616055397661462,17.059315099575688,-15.030160927504516,19.844682737190052,18.24862040737321,7.583944118638311,861.8,critical,-19.799999999999955,3
18.969040001865878,12.940163608857263,-17.521859519745384,17.169691791615712,20.155267432178075,11.558132452289975,862.7,critical,-20.700000000000045,3
17.138036102870824,14.14539962932567,-12.944589902499317,14.014794435421766,20.983526900351222,10.325837557374024,863.5,critical,-21.5,3
14.009489424357199,10.722469680350791,-17.68333596615264,12.212415306234035,20.10176652489016,13.428490246292316,864.4,critical,-22.399999999999977,3
17.526581222059633,15.836979978591739,-16.595475350871425,21.112061187189013,14.962256373485136,14.139223140582986,865.3,critical,-23.299999999999955,3
18.736154721421734,12.101275109692324,-17.4794907458145,15.472808793625829,23.144966480928307,12.222925838968884,866.1,critical,-24.100000000000023,3
19.766594954941905,13.884997019394326,-12.054911105346152,19.103535756103668,15.957861717222427,11.284201791646549,867.0,critical,-25.0,3
14.412459951901955,16.615692253063536,-17.766852015635877,18.437411935089703,19.172740117187338,10.727259217901544,867.9,critical,-25.899999999999977,3
19.202707547533716,12.913346997779277,-14.332717577560032,12.881511998818215,18.150827973178636,12.636260707819465,868.7,critical,-26.700000000000045,3
18.90835700797397,13.440537606158763,-18.355092604935148,16.471596805008847,19.39190284848688,8.292584490575814,869.6,critical,-27.600000000000023,3
17.07808614072697,18.258531476882226,-14.618602576463914,19.45662823613176,20.69710823624028,6.349321396291064,870.5,critical,-28.5,3
13.813392490971843,14.887268616194067,-16.538374077948077,15.571235881676285,20.429395984391157,7.700956594039094,871.3,critical,-29.299999999999955,3
18.2378025404469,11.606886403779043,-17.75601058814764,16.313347074714482,15.414335602008714,10.664778948286134,872.2,critical,-30.200000000000045,3
19.723592249182893,9.648493807754004,-18.174618988774455,16.978824859887,18.747027159232797,9.064014414414897,873.0,critical,-31.0,3
17.4906681367896,13.32752229148911,-18.60813510745215,17.105550254517354,16.029195198047052,12.58682700443944,873.9,critical,-31.899999999999977,3
16.781082463870046,15.09992630211435,-19.861877820753197,12.76173114363991,18.796152585665997,9.19374876890009,874.8,critical,-32.799999999999955,3
15.606410028334723,13.474711558879063,-13.391476040939342,13.0519852252477,22.058029196983092,12.668819143559556,875.6,critical,-33.60000000000002,3
15.796697411597178,17.84874310673883,-17.680314947904016,9.958830634954923,14.553810418354889,14.27367697008506,876.5,critical,-34.5,3
17.266540944619212,17.69277797152342,-19.454691890124437,20.245574952613886,17.61149523525623,6.884326765384236,877.4,critical,-35.39999999999998,3
18.49963163416806,11.339536652796811,-17.542347058501477,15.724432145313619,19.024869267648334,16.190973217933767,878.2,critical,-36.200000000000045,3
17.622001168192927,15.82870322183071,-18.12693120871382,18.794315611570063,19.316266717467098,12.00613012912983,879.1,critical,-37.10000000000002,3
13.635298598504011,17.29485106675775,-15.759187009226215,19.655958652395853,19.980026422440627,13.78528316699229,880.0,critical,-38.0,3
18.14937374785131,12.206096515996272,-18.767174599138848,15.842114421537985,20.89765303941561,14.370079598472644,880.8,critical,-38.799999999999955,3
17.99668979918845,18.107644342091703,-14.42949287613649,19.89420892382807,21.024965424779225,14.496163338562077,881.7,critical,-39.700000000000045,3
20.455748735480057,16.536489187144394,-21.046799724338396,18.17422910697536,22.351235054148702,9.005385022437993,882.5,critical,-40.5,3
20.060852497936583,15.311830269706526,-15.936665789296443,13.046989860315165,18.103890696273325,12.511356032384164,883.4,critical,-41.39999999999998,3
22.072165795802217,13.18279422764772,-18.09835136907575,18.219020003066685,19.592286562946903,13.44343482730189,884.3,critical,-42.299999999999955,3
14.327838548087499,10.420495362205465,-16.45833219945076,16.539239662695472,18.33444961175659,10.268249094120495,885.1,critical,-43.10000000000002,3
14.918459732756062,13.979941280422924,-16.60148617018011,15.929979446099122,21.249235431649396,13.981892240390339,886.0,critical,-44.0,3
19.079421454200777,16.182775035779883,-14.699057327455213,19.588855310722437,18.907249991741427,7.627043883310636,886.9,critical,-44.89999999999998,3
16.315826119282676,15.536377710700505,-16.391250489240043,17.235951274909496,14.541138055843806,15.281333216838036,887.7,critical,-45.700000000000045,3
20.030699729313817,14.77659932559654,-17.736315563178774,15.094018059189183,14.020930153895646,11.740571758594024,888.6,critical,-46.60000000000002,3
18.51120697132443,12.060754161614035,-10.875780493743571,16.144939226253513,16.724284768748934,14.360539416469997,889.5,critical,-47.5,3
18.415114167690987,16.353636716611078,-20.238503130778863,17.829723923490818,14.820057724280971,12.248431047312778,890.3,critical,-48.299999999999955,3
16.708588906216047,13.829270359737265,-16.951912202947618,14.163659353835113,15.6495466364292,9.755694368745345,891.2,critical,-49.200000000000045,3
20.971950786559443,13.350509690149586,-20.38069138267473,16.839826859330575,13.945092164063333,8.198887024165705,892.0,critical,-50.0,3
20.3102528742574,14.67888469505639,-12.999893669564733,16.313643808521746,13.89068644483411,8.741251178688197,892.9,critical,-50.89999999999998,3
16.7092344117853,15.32601149015303,-21.617614073373513,18.814530169885415,15.712895131685885,8.860783788404287,893.8,critical,-51.799999999999955,3
18.49836797496056,15.402363358857874,-14.0159517301187,16.758999751993002,17.10539965431265,14.719876848414236,894.6,critical,-52.60000000000002,3
18.60587747455109,11.168733572050098,-17.062084710450637,15.443733722324348,12.782166685797677,12.899785974766443,895.5,critical,-53.5,3
17.068064393245717,17.296885904174346,-20.779907867163615,19.46404727300055,12.882712840232545,15.040395036697555,896.4,critical,-54.39999999999998,3
18.5110209781943,19.215949760736553,-15.30731921169421,14.82847796110944,17.863430331507207,11.734453826562369,897.2,critical,-55.200000000000045,3
16.37103872699484,13.173822352643102,-16.97972470395054,14.436723625237498,13.465579795391799,13.086370205414571,898.1,critical,-56.10000000000002,3
19.470570477211126,18.92652192274974,-19.083572889359928,19.784481050362512,12.405337052890921,8.622128744658676,899.0,critical,-57.0,3
21.944300989236872,14.54729113291093,-19.64963920471429,22.31747068957358,17.522512081127758,13.62186853018223,899.8,critical,-57.799999999999955,3
16.425354191373554,13.700501725802734,-16.138187846601387,16.01196236274192,9.205225297925699,11.176146314079924,900.7,critical,-58.700000000000045,3
19.824734219260232,13.721329004107378,-18.782718745034106,17.542554766779045,10.778458149484074,17.65308651984789,901.5,critical,-59.5,3
16.487273492542116,16.622746490820557,-18.789357936138497,17.76936660704408,15.771501688908124,11.775819105025612,902.4,critical,-60.39999999999998,3
17.022534369071654,13.63605375701955,-18.901229262903335,17.655362723330263,15.00389235351211,9.82617348745948,903.3,critical,-61.299999999999955,3
24.219779235722424,12.431260268223676,-18.012707515739397,16.749962167084593,16.968626087193567,15.808628535726958,904.1,critical,-62.10000000000002,3
20.88769042823278,18.532529306415157,-11.48167389967564,19.56327464313727,13.833757856485503,13.020131656633838,905.0,critical,-63.0,3
15.58800764922604,14.024994641932615,-13.27835199860741,15.657404197544613,14.950653711959244,10.560869918621647,905.9,critical,-63.89999999999998,3
19.683040276432447,18.83285676011705,-22.028991163319198,18.59466148569804,15.959311838634274,14.243155700755283,906.7,critical,-64.70000000000005,3
20.301762834906427,14.608055379141545,-14.32353569609638,16.434778295543452,14.838439601401253,15.09962479519217,907.6,critical,-65.60000000000002,3
19.799001522670686,12.971676309464701,-17.278825650686077,20.384365447011387,18.727527630239265,11.843298168635567,908.5,critical,-66.5,3
19.6094252896116,14.345098613803474,-20.96024855852137,17.19089062081156,18.24780609277473,10.57196920837226,909.3,critical,-67.29999999999995,3
19.409499085900475,20.002217404722405,-18.533693189781694,13.68659024409524,12.766640717922945,16.030878075567774,910.2,critical,-68.20000000000005,3
26.527932098859587,16.90027447027085,-17.76607158592165,14.777371269227617,13.492528689705734,14.098909794317986,911.0,critical,-69.0,3
22.96467571218631,17.365650072284065,-22.22268173431763,17.29082558695021,19.178117700548107,12.134634633692217,911.9,critical,-69.89999999999998,3
19.326075696659352,17.99685583063264,-16.821456578923325,18.70945804293895,18.56421966300046,9.487170138519604,912.8,critical,-70.79999999999995,3
18.629722887908624,12.966927681928473,-19.33577655580989,17.721746710319394,17.81807534778129,13.939600977195132,913.6,critical,-71.60000000000002,3
19.104902513026023,16.376185624984178,-17.299714984869237,14.304077388205794,14.907980059212,15.096590290747413,914.5,critical,-72.5,3
15.15516881313987,14.190604542778006,-18.624200882498336,21.348488862858662,11.18286845710768,11.653595722491511,915.4,critical,-73.39999999999998,3
21.277132690755085,17.473223661866463,-19.485434778828523,18.186830956006926,13.95766628861898,15.342133001913382,916.2,critical,-74.20000000000005,3
17.527822999722446,18.73847021023738,-17.9872453669339,13.724240161570727,18.522836711649276,13.309199205170835,917.1,critical,-75.10000000000002,3
16.594246894287043,15.819074621741294,-20.379277546134375,17.349404575614955,14.25366796031593,11.005130053614216,918.0,critical,-76.0,3
20.62436791908456,16.10632415313917,-19.27667335479379,13.183396108946601,19.17450103657567,13.910243029086208,918.8,critical,-76.79999999999995,3
21.402606938559924,14.952142951109218,-19.901318220995073,18.099954352449465,14.420610484292315,7.424940267053784,919.7,critical,-77.70000000000005,3
24.60640424936211,16.79258570121204,-22.0076869426299,20.524974387048278,13.037663120557747,15.189186901817132,920.5,critical,-78.5,3
19.241410529755417,15.612373937513281,-19.790963445391053,17.922828478564828,15.46811119876873,12.50354576591642,921.4,critical,-79.39999999999998,3
21.382109401544405,14.324285480346814,-20.466145918867504,19.730718971333634,20.72164855120304,13.375679322546185,922.3,critical,-80.29999999999995,3
21.347115341152563,14.731432805303035,-20.007542257647145,19.240910366810105,14.7696757563457,11.604951137544404,923.1,critical,-81.10000000000002,3
20.422734954885293,17.598896594785902,-18.86430033583214,19.39894359901199,15.326690744892849,11.853499236267753,924.0,critical,-82.0,3
18.773227528561883,18.928522408392663,-19.42251502475833,18.52926868646137,16.80101249839789,12.327152022636174,924.9,critical,-82.89999999999998,3
17.723575298778435,18.932317269036503,-19.473153332641782,20.461695383883864,20.355118303967824,9.143675340419135,925.7,critical,-83.70000000000005,3
21.059449613504476,12.144243116471188,-19.79305298301302,18.80293956753501,20.40545406507518,10.80068210471375,926.6,critical,-84.60000000000002,3
23.079444414237372,14.300968708797642,-20.844542552592948,22.416234629288684,13.158515690180323,13.900250011771313,927.5,critical,-85.5,3
21.908546545166022,19.688860525338114,-21.495002019728737,23.81124112570934,17.460842136098087,16.309465068210717,928.3,critical,-86.29999999999995,3
19.128567403639632,19.36119108049038,-23.522221070255664,15.785466623525652,19.917924962481674,15.935457211065575,929.2,critical,-87.20000000000005,3
17.00409916764591,14.95859098109564,-19.6404532952263,16.305795925591177,17.71183843276662,13.447930931778778,930.0,critical,-88.0,3
15.299909761069731,17.421273676620135,-18.91917411130017,21.024908600440188,17.29463049174432,13.871293775137508,930.9,critical,-88.89999999999998,3
22.964221670133348,17.752275243513495,-14.37686774525152,18.018812527437525,15.524267652936329,7.661752059473253,931.8,critical,-89.79999999999995,3
18.30042752143262,19.6245115704908,-20.6088910451272,14.751675089880642,18.821418806450236,11.698332211730742,932.6,critical,-90.60000000000002,3
17.16268019261058,20.126417252759303,-16.973277851007975,14.033016242924237,15.871269863330781,11.884075946182486,933.5,critical,-91.5,3
18.30064086649365,18.160325818047887,-18.163193497758154,20.630208368798694,18.323502533824794,10.560306456065822,934.4,critical,-92.39999999999998,3
24.510174686074226,18.580926914125875,-19.55497459088754,17.003075412993457,18.434854529617507,12.066856444849837,935.2,critical,-93.20000000000005,3
20.525266403052306,15.373140102930666,-20.77799656961832,17.862096959344818,17.55855899435324,10.400324649491068,936.1,critical,-94.10000000000002,3
17.863026383272523,15.526876414242906,-15.730182213021168,21.926574045825195,18.78191188245664,9.624747685255047,937.0,critical,-95.0,3
25.364479425378953,18.85534100632795,-20.347199367364393,18.968388378169703,20.695023653740478,15.308092482749458,937.8,critical,-95.79999999999995,3
22.462237152735195,19.81309270445612,-18.59631789106961,18.41220132015461,16.613450371248977,17.63826263849351,938.7,critical,-96.70000000000005,3
15.649478378727851,14.547610402336785,-19.647814509692118,21.647382809236923,17.367153130907948,12.120102090495738,939.5,critical,-97.5,3
16.902207754661987,19.291646925049182,-14.905374747726812,16.971279935948456,19.32183178729295,13.727092559736645,940.4,critical,-98.39999999999998,3
22.913467427157677,17.96736988467153,-17.744879142907546,16.579448822797712,16.823142436120314,15.174285319001694,941.3,critical,-99.29999999999995,3
16.066885255400976,12.28508336781059,-20.48945408166173,20.760285679582907,22.071677576458747,11.968498329692375,942.1,critical,-100.10000000000002,3
22.880377061156427,20.329333179806333,-18.620941203808066,16.01188489377591,16.097401492913676,9.259861962709342,943.0,critical,-101.0,3
19.481823061582872,18.08323033447778,-17.91514272439397,16.505234936745104,20.423125732915242,15.841821533399004,943.9,critical,-101.89999999999998,3
21.866107289183567,15.912941853630846,-22.29991406584373,18.821444966788015,18.506155616139893,16.99556896932616,944.7,critical,-102.70000000000005,3
23.147392080975976,12.738882422098243,-20.86613981205237,19.51607183379203,16.15816885452333,13.779552387992087,945.6,critical,-103.60000000000002,3
23.28214957412785,15.573657467898757,-21.4093632014228,18.084854820951634,15.115329980504548,11.47680703910529,946.5,critical,-104.5,3
21.825905421148647,19.579355153660117,-22.028429253924955,19.954463178882538,11.103021981890544,14.50130560094059,947.3,critical,-105.29999999999995,3
22.548537965106842,18.744641405341916,-16.45063967998368,18.965860953153996,23.71519833402182,11.392711712725598,948.2,critical,-106.20000000000005,3
21.440784763708336,17.098110376200395,-21.15724915851421,20.179552026341284,18.121843351580434,12.544532948054464,949.0,critical,-107.0,3
22.456290842957802,20.109148414067988,-23.282886941544845,24.197886659948534,18.16818129621407,11.203868553327323,949.9,critical,-107.89999999999998,3
25.089220533586467,17.051299012156036,-22.31181687774331,18.570574170769934,17.98143534614761,12.177749803229373,950.8,critical,-108.79999999999995,3
17.621990227420557,16.378701387232095,-19.117155535217726,12.453933107982126,20.597975868630996,14.869353045029058,951.6,critical,-109.60000000000002,3
19.29232888431648,18.108054542683124,-20.16820101511511,21.97963752078569,13.182347841365493,12.523693636269018,952.5,critical,-110.5,3
22.7519597455869,17.90346952357443,-22.674785171273026,14.237192619686441,18.74918928781402,12.353788726765892,953.4,critical,-111.39999999999998,3
21.75737789347496,19.326455375236012,-23.316272214210397,21.088844014754006,16.194564213739568,13.490089983991222,954.2,critical,-112.20000000000005,3
22.029453020510772,18.80682417775568,-19.905952462988466,17.096476701874735,16.119108259204406,15.628293347745744,955.1,critical,-113.10000000000002,3
19.66644859514929,18.17160936535098,-16.861274606446283,17.482056346144237,17.43952612540521,19.180906733421967,956.0,critical,-114.0,3
24.22352097986939,16.61520526615451,-23.85075378377539,16.07666693321815,15.869583820104646,16.9832161298607,956.8,critical,-114.79999999999995,3
19.06452012224713,13.609340201262556,-23.55454797952812,22.474453940611294,15.488109711981043,14.170569839812767,957.7,critical,-115.70000000000005,3
17.002009480125288,16.70952109179428,-20.19702455022524,21.661316156121597,19.43803044008915,13.906326299882657,958.5,critical,-116.5,3
21.359812107475733,15.31879559699052,-21.53460756896821,23.404958591963805,21.937548026043977,16.904811885329543,959.4,critical,-117.39999999999998,3
20.005344489370696,16.605423093429888,-23.254052329367802,22.398624273267853,19.691840368693548,9.311335794973683,960.3,critical,-118.29999999999995,3
19.36373383512069,17.91836404849765,-19.72815244797781,17.496166764951187,17.289244866328467,12.921683651550834,961.1,critical,-119.10000000000002,3
16.247686989027784,14.859031458240334,-23.120439741273692,18.501043007037083,20.75602884271161,15.982107797080728,962.0,critical,-120.0,3
26.8970299951794,22.668143379490033,-20.07002295706521,19.441732060669676,19.76000913396975,18.124114554247562,962.9,critical,-120.89999999999998,3
25.24942079286032,21.18245139603941,-25.98309218528147,24.120040032740324,20.999077102049256,11.238231897515714,963.7,critical,-121.70000000000005,3
20.14502533008434,18.638702556047512,-25.707720329882804,24.09116624241301,21.746454801527538,16.164229780097745,964.6,critical,-122.60000000000002,3
25.107535386516297,18.569233166231356,-20.372374519436267,17.752376002751237,18.10647837552878,20.572294692711065,965.5,critical,-123.5,3
24.804262647097353,16.762907789456897,-23.25624156059197,16.88072286481886,17.96024374507808,15.677274723666212,966.3,critical,-124.29999999999995,3
22.845508819646707,13.12886396368414,-20.93970966245505,19.123327693542013,20.829099192119912,16.013414206664038,967.2,critical,-125.20000000000005,3
24.564402624274035,20.707251186757624,-20.692894485554554,19.46102321657781,18.1258726364973,11.648570858725726,968.0,critical,-126.0,3
20.72564117843018,20.013416082937614,-24.755219458249485,22.46310058696928,18.917557214917796,16.012598172038732,968.9,critical,-126.89999999999998,3
21.543617083115187,14.55155075284557,-24.51644723893291,25.407185519438556,21.43312355615731,17.227969637951638,969.8,critical,-127.79999999999995,3
20.494085201827755,17.445934208727415,-21.78386775663793,20.025759528340643,20.809172303797187,15.332539580020754,970.6,critical,-128.60000000000002,3
21.784636827808622,18.629649853340148,-17.860788564064705,21.894382923703844,26.126151835508804,18.0385568660567,971.5,critical,-129.5,3
24.944857042302978,19.418625225367915,-20.78902630724405,20.389407154986092,17.83699303893356,16.496396754738615,972.4,critical,-130.39999999999998,3
20.128247655671053,18.081116690051022,-23.882670841572114,22.476511018333447,21.059309047961637,17.47138960952959,973.2,critical,-131.20000000000005,3
23.429877352911884,15.871515635281806,-23.904262058995037,19.956221447735828,15.002880163448337,13.409052184711406,974.1,critical,-132.10000000000002,3
18.10273323528282,16.775547221473538,-24.056679478680746,21.090523431266917,20.495484107451578,15.886353611931863,975.0,critical,-133.0,3
21.21444753552136,16.993586011704018,-25.843338874093995,18.125866338201728,12.842288142270425,15.886415400675402,975.8,critical,-133.79999999999995,3
23.882021181826396,23.154586722223545,-24.2071130963832,23.000130676392345,19.979343935103994,17.732519927848518,976.7,critical,-134.70000000000005,3
17.676048583648814,22.011153583966006,-17.74140396491554,20.332890777541074,17.69239716830074,16.820763027470672,977.5,critical,-135.5,3
20.824288652409525,20.891134210500933,-20.006900794772356,13.73333584820364,17.03183876107537,8.188126556799192,978.4,critical,-136.39999999999998,3
26.48879148574351,14.541542262553241,-26.668322565452854,21.159902423816543,24.983325896753954,12.241827523470594,979.3,critical,-137.29999999999995,3
22.05228641242505,20.62518682016134,-26.1852446283943,18.925312866325502,22.042509871609028,15.906141330087516,980.1,critical,-138.10000000000002,3
27.613081664563424,15.518132877498537,-23.921425470671558,15.186206820415133,19.785163681075996,15.036231406446186,981.0,critical,-139.0,3
24.6686189513844,21.73634747740563,-19.819155587687224,24.30008136815788,21.38654546951447,12.159523647442997,981.9,critical,-139.89999999999998,3
24.095524884035658,21.756970665760836,-21.265962514203146,19.92745002711358,21.149866980738775,11.680922429138134,982.7,critical,-140.70000000000005,3
25.967802846756896,19.550059152800447,-24.404809537579304,22.93464034926097,24.85344385408966,13.388840494204528,983.6,critical,-141.60000000000002,3
23.17309742563462,18.30980453011807,-21.747428234523014,18.956768724957065,25.158468948446856,13.386906929742281,984.5,critical,-142.5,3
22.715614499808645,17.934232547238924,-19.777711245340416,26.058939538946913,20.21685080938313,12.44354203992737,985.3,critical,-143.29999999999995,3
26.64772808580986,19.106187761102362,-23.243556304965992,25.37284809194671,17.238651888647823,14.988987055998242,986.2,critical,-144.20000000000005,3
22.159970964373347,21.133926484696875,-19.600877956169313,23.567236016802916,18.91645430142931,13.04443249233138,987.0,critical,-145.0,3
24.247689146011496,17.00512214557821,-21.865031439911572,21.665789988908042,18.678109201702497,11.486296351197161,987.9,critical,-145.89999999999998,3
21.937599766166684,23.06964691010212,-21.444976978549757,25.096211947862027,16.55147637840151,10.287019244776367,988.8,critical,-146.79999999999995,3
26.535689106462506,18.081419793936313,-26.631588997561735,21.3187532302846,19.572212818300883,15.132741022466417,989.6,critical,-147.60000000000002,3
24.089649689278644,16.36152347970635,-18.130586640794665,24.27783394117225,26.251879871424592,17.53099348617003,990.5,critical,-148.5,3
21.00664944609756,17.75385138371701,-25.651321947205307,21.22696633931977,20.801806330389418,8.962997521158677,991.4,critical,-149.39999999999998,3
22.528324888172683,19.20244143091541,-29.873684354615065,21.750161993127257,21.620262339621668,12.523803755659902,992.2,critical,-150.20000000000005,3
20.992601494387984,26.365572289754876,-22.448500834390185,20.51562554290148,21.38635379515189,16.945287659812145,993.1,critical,-151.10000000000002,3
21.931286940515236,20.48813536738808,-26.89857047827789,17.314425954092034,23.312577442867976,13.946653612096535,994.0,critical,-152.0,3
25.418411962725035,17.178471298961366,-24.983052570487793,19.09305738676511,25.07296761660405,18.630840738980325,994.8,critical,-152.79999999999995,3
24.6886296240299,13.005227888873872,-23.436616490156542,18.90383044537912,25.891806113297193,16.157922080445527,995.7,critical,-153.70000000000005,3
24.72821880881273,19.00837815801146,-20.233070332961752,22.21289242728536,23.21031154824253,16.65823654036742,996.5,critical,-154.5,3
23.232762927697067,17.151432411700814,-23.856189602610748,17.1679169222697,22.25845457510203,18.183946372102188,997.4,critical,-155.39999999999998,3
27.30340310292802,23.648413675602757,-24.284311189702482,18.23002682142331,22.322362526094825,12.570554981149119,998.3,critical,-156.29999999999995,3
22.0697150627937,17.910721789203173,-25.678862556565857,24.110416588776552,21.821345497558575,16.90530746490958,999.1,critical,-157.10000000000002,3
